SEQUENCE,AF1,AF2,AF3,AF4,AF5,BLOSUM1,BLOSUM2,BLOSUM3,BLOSUM4,BLOSUM5,BLOSUM6,BLOSUM7,BLOSUM8,BLOSUM9,BLOSUM10,PP1,PP2,PP3,F1,F2,F3,F4,F5,F6,KF1,KF2,KF3,KF4,KF5,KF6,KF7,KF8,KF9,KF10,MSWHIM1,MSWHIM2,MSWHIM3,E1,E2,E3,E4,E5,PD1,PD2,PRIN1,PRIN2,PRIN3,ProtFP1,ProtFP2,ProtFP3,ProtFP4,ProtFP5,ProtFP6,ProtFP7,ProtFP8,SV1,SV2,SV3,SV4,ST1,ST2,ST3,ST4,ST5,ST6,ST7,ST8,SVGER1,SVGER2,SVGER3,SVGER4,SVGER5,SVGER6,SVGER7,SVGER8,SVGER9,SVGER10,SVGER11,T1,T2,T3,T4,T5,VHSE1,VHSE2,VHSE3,VHSE4,VHSE5,VHSE6,VHSE7,VHSE8,VSTPV1,VSTPV2,VSTPV3,VSTPV4,VSTPV5,VSTPV6,Z1,Z2,Z3,Z4,Z5,ACTIVITY
TIVVKVERRFTHPVMKK,0.1254670788235294,-0.2767403017647059,0.6630355058823529,0.2873326588235294,0.4969938711764705,0.02,-0.3370588235294117,-0.5535294117647059,-0.1623529411764706,0.0341176470588235,0.0088235294117647,0.1058823529411764,-0.1558823529411765,0.0711764705882352,-0.0447058823529411,-0.0947058823529411,-0.1194117647058823,0.2135294117647058,-0.6105882352941178,0.3375294117647059,0.1327058823529412,0.2118823529411765,0.1648235294117646,0.714,-0.3035294117647058,0.1258823529411764,0.6235294117647059,0.3688235294117647,0.3458823529411765,-0.2976470588235294,0.0047058823529411,-0.1652941176470588,-0.0776470588235294,0.348235294117647,-0.4311764705882352,0.5488235294117647,-0.1547058823529411,-0.0231176470588235,-0.0685294117647058,-0.0431764705882352,-0.129,-0.1005294117647058,0.3523529411764706,-0.0370588235294117,-0.0213235294117646,1.2149647058823532,1.1910235294117646,0.3123529411764706,0.8488235294117648,-0.4470588235294117,1.1923529411764706,-0.17,-0.0017647058823529,0.2764705882352941,0.0741176470588235,0.2318823529411764,0.0446470588235294,-0.0056470588235294,-0.1036470588235294,-0.6872941176470588,-0.2444117647058823,-0.0727058823529411,-0.0370588235294117,-0.2361764705882352,0.2355882352941176,0.2864117647058823,-0.0648823529411764,0.3133294117647058,-0.5777176470588234,-0.2992941176470587,-0.4860529411764706,0.6599588235294118,0.2670058823529412,-0.1649235294117647,0.2727411764705882,-0.3342470588235294,0.4603882352941175,-0.1501588235294118,-3.512941176470588,0.3841176470588236,-0.4223529411764706,0.2641176470588235,0.0917647058823529,-0.0988235294117646,0.0129411764705882,0.2623529411764705,-0.3635294117647058,0.4647058823529411,-0.1252941176470587,0.25,0.3488235294117647,-0.6605882352941177,0.3199999999999999,0.2864705882352941,-0.008235294117647,-0.0617647058823529,-0.0576470588235294,-0.1170588235294116,-0.2811764705882353,-1.2388235294117649,0.3135294117647059,0.0123529411764705,0
AGHIRPDRFIVILNDNEMSISPN,-0.0143971234782608,0.1241227104347825,-0.0955771608695652,0.2596280391304347,-0.0977649286956521,0.228695652173913,-0.2765217391304347,-0.2030434782608695,0.1943478260869565,-0.2026086956521738,0.1191304347826087,0.0378260869565217,-0.0091304347826086,-0.138695652173913,-0.0226086956521739,-0.0999999999999999,-0.3117391304347826,-0.0234782608695652,-0.1480434782608695,-0.1222608695652173,-0.0945652173913043,0.2199999999999999,0.1930434782608695,-0.1213043478260869,0.1082608695652173,-0.1756521739130435,0.1013043478260869,0.0613043478260869,-0.168695652173913,-0.0408695652173912,-0.3408695652173913,0.1143478260869565,0.313913043478261,-0.3117391304347827,-0.3278260869565217,0.3782608695652174,-0.4213043478260869,0.0176521739130434,0.0364782608695652,-0.0147391304347826,-0.0344782608695652,0.0055652173913043,-0.3121739130434782,-0.108695652173913,-0.5117086956521739,-0.9322304347826088,0.4444956521739129,-0.52,-0.5047826086956523,-0.5265217391304348,0.1295652173913043,-0.0656521739130435,-0.3656521739130435,0.2256521739130434,-0.3852173913043478,0.230086956521739,0.0098260869565217,-0.0369565217391304,-0.0319565217391304,-0.8452608695652174,-0.255695652173913,-0.2854782608695652,-0.0895652173913043,0.0003913043478261,-0.0636086956521739,0.1258260869565217,-0.0023913043478261,-0.755491304347826,-1.020573913043478,0.5922913043478261,-0.2348913043478261,0.0069043478260869,-0.1226695652173912,-0.485986956521739,-0.1896043478260869,-0.0565565217391304,-0.6954869565217389,0.3985086956521739,-4.452173913043478,-0.0517391304347825,0.0647826086956521,0.2008695652173912,0.5004347826086957,-0.0452173913043478,-0.0713043478260869,-0.1443478260869565,-0.1865217391304348,-0.2004347826086956,-0.1669565217391304,0.1917391304347826,0.1965217391304347,-0.7973913043478261,0.0165217391304348,0.3795652173913044,-0.2891304347826087,0.2608695652173912,-0.1299999999999999,0.1730434782608695,-0.138695652173913,-0.0552173913043479,-0.3617391304347825,0.5369565217391304,0
QLNYAQQLKERLEAFTQDFIP,0.2250910257142857,-0.341118230952381,-0.2748450190476191,0.2371272809523809,-0.3239482657142857,0.1757142857142857,-0.0552380952380952,-0.4376190476190475,-0.1228571428571428,0.0095238095238095,0.0380952380952381,-0.109047619047619,-0.0009523809523809,0.1976190476190476,-0.0366666666666666,0.0409523809523809,-0.1976190476190475,-0.1823809523809524,-0.1532857142857143,0.3175714285714285,0.1448571428571428,0.3305238095238095,0.2076190476190476,-0.0445714285714285,-0.3271428571428573,0.0976190476190475,-0.2014285714285714,0.18,-0.0928571428571428,-0.3666666666666666,0.339047619047619,-0.1428571428571428,0.3223809523809524,-0.4499999999999999,-0.0909523809523809,0.4809523809523809,-0.2666666666666666,0.0149523809523809,-0.0615238095238095,-0.0693333333333333,-0.0632380952380952,0.0559999999999999,0.2147619047619048,0.02,-1.0841714285714286,0.5959857142857145,0.4949190476190476,-0.5128571428571428,0.7114285714285714,-0.7804761904761903,0.1333333333333333,-0.3785714285714286,0.1404761904761904,-0.0114285714285714,0.1604761904761905,0.2266666666666666,-0.0693809523809523,-0.0295714285714285,-0.0848571428571428,-0.6890952380952381,-0.1642857142857142,-0.0898571428571428,-0.1241904761904761,-0.0549047619047619,0.1585238095238094,0.0111904761904761,0.1871428571428571,-0.3945904761904761,-0.6961619047619048,0.2300285714285714,0.3624857142857142,-0.1510095238095238,0.4161333333333333,-0.0084571428571427,-0.2041666666666667,-0.0550999999999999,-0.3351952380952381,-0.4568,-3.491428571428572,0.4261904761904763,0.0414285714285714,0.0119047619047618,0.3661904761904762,-0.0857142857142856,0.1947619047619048,0.1333333333333333,-0.1204761904761904,-0.0971428571428571,-0.1161904761904762,0.0433333333333333,-0.038095238095238,-0.650952380952381,0.1861904761904761,0.1642857142857142,-0.4242857142857142,0.1523809523809524,-0.0842857142857142,-0.099047619047619,0.1238095238095237,-0.51,-0.6900000000000001,0.4242857142857142,0
FSLHNGFGGNLYATEEKRMF,0.042421045,-0.067078153,0.73025568,0.2180017799999999,0.575364831,0.1365,0.1735,-0.0909999999999999,0.1855,-0.0265,0.3565,0.1955,0.0084999999999999,0.0815,-0.144,-0.103,-0.2435,0.032,-0.0590499999999999,-0.0600499999999999,-0.0511499999999999,0.32825,-0.1649999999999999,-0.1797,0.0004999999999999,-0.0939999999999999,-0.2035,0.0164999999999999,-0.0095,-0.2815,0.3055,0.5419999999999999,0.0395,0.083,-0.0549999999999999,0.3555,-0.358,0.02085,0.03065,-0.04565,-0.01335,0.05675,-0.204,-0.0659999999999999,-0.5555549999999998,-0.651105,-0.0143299999999999,-0.5645,-0.595,0.2964999999999999,-0.123,-0.2145,0.497,-0.1885,-0.1115,0.227,0.0144999999999999,0.0495,0.0248,-0.7702,-0.063,0.0184,-0.06495,-0.1480999999999999,-0.3539,0.07395,0.5059,-0.2353399999999998,0.20596,-0.28219,0.4564449999999999,0.34913,0.18438,-0.6653249999999999,-0.06378,-0.3430149999999999,0.1113899999999999,0.26758,-4.115499999999999,0.08,-0.1289999999999999,-0.045,0.7180000000000001,0.0015,-0.0665,-0.1945,0.3729999999999999,-0.086,-0.0479999999999999,0.3224999999999999,-0.3495,-0.7529999999999999,0.1609999999999999,0.2685,-0.3989999999999999,0.4465,-0.421,0.176,-0.1604999999999999,-0.053,-0.2145,0.0375,0
LIKICGLTDEDGVDAAVEAG,-0.189689069,-0.217122147,-0.208652775,0.635380125,-0.2827135049999999,0.1325,-0.504,0.1399999999999999,0.0755,-0.2064999999999999,0.25,-0.106,0.203,0.2295,0.109,-0.2935,-0.5469999999999999,-0.107,-0.2112,0.09055,-0.45655,0.68355,-0.1857,-0.4122999999999999,-0.322,-0.6840000000000002,-0.1475,0.0109999999999999,-0.416,-0.304,-0.0044999999999999,0.3355,-0.0689999999999999,0.1645,-0.4680000000000001,0.0925,-0.4804999999999998,0.021,0.08945,-0.1619,-0.0148,0.043,-1.233,-0.1565,-0.7928449999999996,-3.470205,0.066265,-0.7520000000000001,-2.2995,-1.0815,-0.4125,-0.2899999999999999,0.5785,0.2035,0.0724999999999999,0.22545,0.083,-0.11025,-0.08685,-1.1248,-0.4508500000000001,-0.3644,0.09895,-0.1078999999999999,-0.59545,0.0601499999999999,0.41545,-3.5831550000000005,-0.459075,0.190435,0.1687949999999999,0.1784899999999999,0.362475,-4.54758,-0.14399,-0.221335,-4.256095,0.5104599999999999,-6.204000000000001,-0.1824999999999999,0.2545,0.6214999999999999,1.142,-0.0254999999999999,-0.4284999999999999,-0.615,-0.236,-0.5415,-0.479,0.3804999999999999,-0.2485,-1.068,0.13,0.6755,-0.6620000000000001,0.152,-0.386,0.3694999999999999,-1.5064999999999995,-0.0445,-1.0475,0.1965,0
FQLVDWCDTLHFRRRDDGV,0.0527863026315789,-0.0426342863157894,-0.6188129105263159,0.0703190157894737,-0.3574355426315789,0.0578947368421053,0.0478947368421052,-0.1036842105263158,0.0663157894736842,-0.0047368421052631,0.1110526315789473,-0.2342105263157894,0.1163157894736842,-0.0473684210526315,-0.0905263157894736,0.0726315789473684,-0.1594736842105263,-0.1252631578947368,-0.3260526315789473,0.0741578947368421,0.087578947368421,0.0206315789473684,-0.1684210526315789,0.1593157894736842,0.0136842105263157,0.1463157894736842,0.061578947368421,0.1168421052631579,-0.4000000000000001,-0.0357894736842105,-0.0321052631578947,0.0731578947368421,0.2547368421052631,0.4378947368421053,-0.0836842105263157,0.2636842105263158,-0.34,0.0007894736842105,-0.0375263157894736,-0.0033684210526315,0.0016315789473684,-0.0324210526315789,0.3199999999999999,0.161578947368421,-0.4498368421052622,1.0003105263157892,-0.6586473684210526,0.0410526315789473,0.6526315789473681,-0.3489473684210526,-0.6894736842105263,0.4036842105263158,0.0052631578947368,0.0542105263157894,0.2521052631578946,0.2118421052631579,-0.0633684210526315,-0.0132105263157894,-0.052,-0.6303157894736842,-0.0651578947368421,-0.1258947368421052,-0.1141052631578947,0.0123684210526315,-0.0064736842105263,0.2433684210526316,0.183578947368421,0.125936842105263,-0.2592421052631579,0.1919842105263157,0.2306947368421052,-0.1483842105263158,-0.0146368421052631,0.441026315789474,-0.3822421052631579,0.0077473684210526,0.2776999999999999,0.2237263157894737,-3.1389473684210523,0.3431578947368421,0.0673684210526315,-0.1321052631578947,0.4684210526315789,-0.1042105263157894,0.2510526315789473,0.1621052631578947,0.0073684210526316,-0.2068421052631579,0.3289473684210526,0.0194736842105263,0.0673684210526315,-0.6042105263157895,0.1105263157894737,0.1726315789473684,-0.433157894736842,0.3089473684210526,-0.0578947368421052,0.4105263157894737,0.3,-0.2273684210526315,-0.1068421052631579,-0.0726315789473684,0
SEACESLQDYCTKTSDPFIPGWSG,-0.0277184158333333,0.37561413125,-0.7586791750000001,0.1742939958333333,-0.5830721091666667,0.2583333333333333,-0.1516666666666666,0.2575,-0.0008333333333333,-0.0491666666666666,-0.0041666666666666,-0.12875,-0.1441666666666666,0.20875,-0.0574999999999999,-0.0025,-0.4266666666666666,-0.02,-0.1451666666666666,-0.3364166666666666,-0.3667499999999999,0.1319166666666666,0.1304583333333333,-0.3170833333333333,0.27625,-0.3479166666666667,-0.21,0.0033333333333333,-0.22,-0.0520833333333333,-0.0816666666666666,-0.2437499999999999,-0.1495833333333333,-0.01625,-0.2633333333333333,0.3374999999999999,-0.53,0.063,0.0854166666666666,0.0059166666666666,0.0062916666666666,0.0155416666666666,-0.7933333333333331,0.1199999999999999,-1.7275541666666665,-1.8933,0.0487791666666666,-1.4570833333333333,-1.1541666666666668,0.02375,-0.345,-0.0895833333333333,-0.1954166666666666,0.09125,0.2862499999999999,0.2141666666666667,0.0292499999999999,-0.0533333333333333,0.0906666666666666,-0.9204583333333334,-0.2797916666666667,-0.2683333333333333,-0.0314166666666666,0.03875,-0.6216666666666667,0.0853333333333333,0.1556666666666666,-0.2627541666666668,-0.2661125,-0.4232749999999999,0.2373625,0.0692416666666666,0.0913666666666667,-0.4086458333333331,-0.3908875,-0.0356624999999999,0.1908291666666666,0.5533375,-4.92625,-0.4820833333333332,0.1970833333333333,-0.0262499999999999,0.8300000000000001,-0.1391666666666666,-0.2145833333333333,-0.3779166666666667,-0.0025,-0.3483333333333333,-0.0708333333333333,-0.1429166666666667,0.14,-0.8775000000000001,-0.1274999999999999,0.3958333333333333,-0.4554166666666666,0.3891666666666666,-0.3745833333333332,0.52875,-0.5341666666666667,0.5604166666666667,-0.70375,0.02125,0
GLEFNISENTDSFYS,0.0363773726666666,0.2228797673333333,-0.08890478,0.2413579399999999,-0.3583068113333333,0.256,0.0513333333333333,-0.0526666666666666,0.3353333333333334,-0.2019999999999999,0.3613333333333333,-0.172,-0.2053333333333333,0.128,-0.1793333333333333,0.136,-0.3899999999999999,-0.1433333333333333,-0.1459333333333333,-0.2242666666666666,-0.1151999999999999,0.3253333333333333,-0.1235333333333333,-0.3870666666666666,0.22,-0.1733333333333333,-0.13,0.0806666666666666,-0.2973333333333333,-0.2546666666666667,-0.3046666666666666,0.2953333333333333,0.1073333333333333,-0.2826666666666667,-0.1053333333333333,0.3286666666666667,-0.55,0.0479333333333333,0.0578666666666666,-0.0185333333333333,-0.0074666666666666,0.0213333333333333,-0.4033333333333331,0.064,-1.6062999999999998,-1.2412466666666664,-0.5977933333333334,-1.2653333333333332,-0.5926666666666665,-0.5626666666666668,-0.5446666666666665,-0.0466666666666667,-0.148,0.32,-0.0733333333333333,0.2323333333333333,-0.0436666666666666,-0.0120666666666666,0.1159333333333333,-0.8143999999999999,-0.2399333333333333,-0.2493333333333333,-0.1403333333333333,0.1757333333333333,-0.2888,-0.1226,0.1864666666666666,0.6393866666666667,-0.7390733333333332,0.1162466666666666,0.4378466666666666,-0.10806,0.2570866666666667,1.1191533333333334,-0.8277333333333333,-0.1777666666666666,1.44366,0.3946533333333332,-4.294666666666667,-0.0279999999999999,0.3953333333333333,-0.1873333333333333,0.7526666666666667,-0.1173333333333333,-0.0266666666666666,-0.2393333333333333,-0.0073333333333333,-0.5399999999999999,0.008,-0.0726666666666667,-0.2193333333333333,-0.7740000000000001,-0.088,0.2133333333333333,-0.6173333333333334,0.4693333333333333,-0.266,0.4746666666666667,-0.0979999999999999,0.3886666666666666,-1.1820000000000002,0.206,0
ARRGIAVAGAHGKTTTSA,-0.0980845844444444,-0.0606020366666666,0.314289961111111,0.8414194944444443,0.7597499733333333,0.3138888888888889,-0.4,0.2272222222222222,0.0266666666666666,0.13,0.3527777777777777,0.4505555555555555,-0.2049999999999999,0.4155555555555555,0.13,-0.2722222222222222,-0.4872222222222222,0.4294444444444444,-0.2274444444444444,-0.1043888888888889,-0.5995,0.6809444444444446,-0.1856111111111111,0.1928888888888889,-0.2005555555555555,-0.7999999999999999,0.2394444444444444,0.2794444444444444,-0.2861111111111111,-0.25,0.0572222222222222,0.1255555555555555,-0.2927777777777777,0.1266666666666666,-0.5077777777777778,0.3461111111111111,-0.446111111111111,0.0598888888888889,0.1113333333333333,-0.1428333333333333,-0.0865,-0.0542777777777777,-1.451111111111111,-0.0827777777777777,-2.519316666666666,-3.487144444444444,0.7850444444444444,-1.4972222222222225,-2.3894444444444445,-0.0744444444444445,1.0522222222222222,0.2377777777777777,0.6533333333333334,-0.0866666666666666,0.4188888888888888,0.2185,0.1710555555555555,-0.0651666666666666,-0.0009444444444444,-1.1435,-0.3855,-0.4256111111111111,0.0876666666666666,-0.2007777777777777,-1.230777777777778,0.318,0.7213888888888889,-2.6082555555555555,-0.4387666666666666,-0.4355166666666665,0.4871833333333333,1.180761111111111,-0.2640833333333333,-4.3453388888888895,-0.0458833333333333,-0.688711111111111,-2.520172222222223,1.7244444444444444,-6.443888888888889,-0.3722222222222222,0.1627777777777778,0.4738888888888889,1.400555555555555,-0.2249999999999999,-0.5688888888888888,-0.7600000000000001,-0.085,0.21,-0.3316666666666667,0.5322222222222222,-0.1588888888888889,-1.1149999999999998,0.0622222222222222,0.7011111111111111,-0.8372222222222221,0.2494444444444444,-0.6344444444444445,0.9616666666666666,-1.551111111111111,-0.5894444444444445,-0.0694444444444444,0.285,0
SDIELVADATADMGPAEMSLLVK,-0.1585995786956522,-0.3488364295652174,-0.7412603956521737,0.6014085086956521,-0.6810231795652174,0.1217391304347826,-0.5530434782608694,-0.11,-0.057391304347826,-0.1891304347826086,0.1617391304347825,-0.0830434782608696,0.0134782608695652,0.2404347826086955,0.0895652173913043,-0.2656521739130435,-0.483913043478261,-0.0934782608695652,-0.1979565217391304,0.287,-0.3340434782608696,0.6547826086956521,0.175695652173913,-0.408608695652174,-0.4552173913043478,-0.5439130434782607,-0.3308695652173913,-0.0165217391304348,-0.1865217391304348,-0.4086956521739129,-0.2443478260869565,-0.1326086956521739,-0.1273913043478261,0.1434782608695652,-0.5247826086956522,0.2691304347826087,-0.5047826086956522,0.0131739130434782,0.0457391304347826,-0.1671739130434782,-0.0314782608695652,0.0722608695652173,-0.9439130434782608,-0.3099999999999999,-0.6020869565217388,-2.851813043478261,0.3655652173913043,-0.5182608695652173,-1.5904347826086953,-1.424782608695652,0.0204347826086956,-0.4860869565217391,0.0852173913043478,-0.2413043478260869,0.2295652173913044,0.2329999999999999,0.0602608695652174,-0.1042608695652173,-0.0453043478260869,-1.0541739130434784,-0.3814347826086957,-0.3425652173913043,0.0434347826086956,-0.0594347826086956,-0.377304347826087,0.055391304347826,0.1777391304347826,-2.1028652173913045,-0.8253391304347825,0.1138608695652173,-0.2522086956521739,-0.0133521739130434,0.2601521739130435,-2.6900347826086954,-0.2301826086956521,-0.1901826086956522,-2.382182608695653,0.4091043478260868,-5.778260869565217,-0.1878260869565216,0.0913043478260869,0.6,0.8321739130434781,0.0369565217391304,-0.3343478260869565,-0.4195652173913044,-0.4243478260869565,-0.4356521739130434,-0.421304347826087,0.1134782608695652,-0.0282608695652173,-0.9991304347826088,0.1413043478260869,0.6330434782608695,-0.4113043478260869,0.0326086956521739,-0.2360869565217392,-0.0121739130434782,-1.06695652173913,0.0234782608695651,-0.77,0.4608695652173913,0
IVAGVMTLSGLLLGRRVS,-0.507984426111111,-0.0103240972222222,-0.2413309222222223,0.8895525444444444,0.1363042927777777,-0.2738888888888888,-0.5838888888888888,-0.1177777777777777,-0.0538888888888888,-0.026111111111111,0.4505555555555555,0.3183333333333333,0.0238888888888888,0.0305555555555555,0.1183333333333333,-0.5077777777777777,-0.3316666666666666,0.2016666666666666,-0.0374444444444444,0.0447222222222222,-0.2071111111111111,0.9132222222222222,-0.1072777777777777,0.2539444444444445,-0.1872222222222222,-0.5544444444444444,0.5077777777777778,-0.1466666666666666,-0.2105555555555555,-0.5511111111111111,0.1177777777777777,0.0294444444444444,-0.3888888888888888,0.3694444444444445,-0.6583333333333334,0.5027777777777778,-0.3727777777777777,-0.0562222222222222,0.1183888888888889,-0.1245555555555555,-0.1292777777777777,-0.0554444444444444,-0.8083333333333333,-0.5272222222222221,1.6998999999999995,-3.021427777777778,0.7902611111111111,0.885,-2.2405555555555554,-0.3572222222222223,0.7183333333333332,-0.0983333333333333,0.5872222222222223,0.2622222222222222,0.035,0.2356111111111111,0.1431111111111111,-0.0678888888888888,-0.0601666666666666,-1.0627777777777778,-0.3133333333333333,-0.2479999999999999,0.1464444444444444,-0.3517222222222222,-0.5383888888888889,0.1450555555555555,0.4081666666666667,-1.1649833333333333,-1.289438888888889,-0.1841277777777778,-0.3155777777777778,0.6670222222222223,-0.1759333333333333,-2.735683333333333,0.0467111111111111,-1.0517500000000002,-1.3025888888888888,1.283116666666667,-5.821666666666666,-0.0222222222222222,-0.1772222222222221,0.8122222222222223,0.9177777777777776,0.2738888888888888,-0.4544444444444444,-0.4327777777777777,-0.2305555555555555,0.1611111111111111,-0.6761111111111111,0.3055555555555555,-0.3116666666666667,-1.0088888888888887,0.3316666666666666,0.6977777777777777,-0.3622222222222222,0.0083333333333333,-0.3561111111111111,-0.7038888888888889,-1.605,-0.8866666666666666,-0.3994444444444444,0.1855555555555555,0
NNIDDLAGALSKLSDLH,-0.0075846882352941,-0.0625035970588235,-1.3559985176470588,0.477463894117647,-0.7436274964705882,0.3011764705882353,-0.3035294117647059,-0.0817647058823529,0.2717647058823529,-0.1005882352941176,0.3111764705882353,-0.07,0.0276470588235294,-0.0511764705882352,-0.0123529411764705,-0.0358823529411764,-0.4652941176470588,-0.028235294117647,-0.1191764705882352,0.0352941176470588,-0.2681176470588235,0.6543529411764705,-0.0584705882352941,-0.4581764705882353,-0.0976470588235294,-0.4164705882352941,-0.3829411764705882,0.0588235294117646,-0.2452941176470588,-0.5952941176470588,-0.3111764705882352,0.0958823529411764,0.2594117647058823,0.1088235294117647,-0.3705882352941176,0.188235294117647,-0.5447058823529412,0.0527058823529411,0.0492941176470588,-0.1154705882352941,-0.0365294117647058,0.0648823529411764,-0.8435294117647059,-0.0329411764705882,-1.6119823529411763,-2.076729411764706,-0.0588235294117647,-1.166470588235294,-1.1276470588235294,-1.0405882352941178,-0.1429411764705882,-0.1423529411764705,0.0794117647058823,0.0123529411764706,-0.1652941176470588,0.2324117647058823,0.0004117647058823,-0.0816470588235294,-0.046235294117647,-0.997,-0.2598823529411764,-0.3963529411764706,-0.0975294117647058,0.113,-0.2197058823529411,0.0427647058823529,0.2493529411764705,-1.704405882352941,-1.329170588235294,1.0267882352941176,-0.0633823529411765,-0.0491117647058823,-0.1559588235294117,-1.6629882352941174,-0.4645176470588236,-0.2586411764705882,-1.9678294117647064,0.4808823529411765,-5.4276470588235295,-0.0194117647058823,0.3058823529411764,0.3911764705882353,0.9052941176470588,-0.0917647058823528,-0.1688235294117647,-0.39,-0.1788235294117647,-0.4082352941176471,-0.1158823529411764,0.3364705882352941,-0.2252941176470588,-0.9417647058823532,0.0358823529411764,0.5270588235294118,-0.5617647058823528,0.3370588235294118,-0.1905882352941176,0.5352941176470587,-0.5235294117647058,0.1076470588235293,-0.6994117647058823,0.7676470588235295,0
LNKADLIDEQNAPALNA,0.1519000747058823,-0.3375141429411764,-0.6677906823529413,0.5412744529411765,-0.5069914211764707,0.4029411764705882,-0.4058823529411764,-0.1617647058823529,0.0635294117647058,-0.0805882352941176,0.1464705882352941,-0.0517647058823529,0.008235294117647,0.0535294117647059,0.018235294117647,-0.0888235294117646,-0.4488235294117647,-0.1199999999999999,-0.2172941176470588,0.2236470588235294,-0.250235294117647,0.6127058823529412,0.211235294117647,-0.5049411764705882,-0.3358823529411765,-0.3864705882352941,-0.5441176470588236,0.1247058823529411,-0.2941176470588235,-0.5241176470588235,0.0158823529411764,-0.01,0.4441176470588235,-0.4017647058823529,-0.3417647058823529,0.2241176470588235,-0.438235294117647,0.0608823529411764,0.0084705882352941,-0.1436470588235294,-0.0421764705882353,0.1135294117647058,-0.7776470588235295,-0.1088235294117646,-2.0811058823529405,-1.7998529411764703,0.4921882352941176,-1.3094117647058827,-0.7882352941176471,-1.298235294117647,0.1447058823529411,-0.4729411764705883,0.0758823529411765,-0.0694117647058823,-0.1535294117647059,0.2353529411764706,0.0027647058823529,-0.101235294117647,-0.0955882352941176,-0.9878235294117648,-0.3478823529411765,-0.3882941176470588,-0.0627058823529411,0.0425294117647058,-0.1733529411764706,0.0169999999999999,0.207,-3.1032,-1.1054588235294118,1.1688882352941177,-0.0019823529411764,-0.1645588235294116,0.0388941176470588,-2.8818941176470587,-0.1580705882352942,0.0748705882352941,-3.730723529411765,0.1474529411764705,-5.336470588235294,-0.0082352941176469,0.3370588235294117,0.4429411764705882,0.8258823529411764,-0.1417647058823529,-0.1164705882352941,-0.3217647058823529,-0.2623529411764706,-0.3770588235294118,-0.2711764705882353,0.348235294117647,-0.1111764705882352,-0.9288235294117646,0.07,0.4894117647058824,-0.6535294117647058,0.078235294117647,-0.1729411764705882,0.4017647058823529,-0.3688235294117646,0.0588235294117646,-0.8305882352941177,1.0017647058823531,0
GHTGPVFTVSFSKGGELFASGGA,-0.3143641104347827,0.3691461086956522,-0.0673505130434783,0.6338942956521739,0.170300447826087,0.167391304347826,-0.1243478260869565,0.3521739130434782,0.12,-0.2326086956521738,0.3756521739130434,0.3821739130434783,-0.0282608695652174,0.2882608695652174,-0.0304347826086956,-0.4008695652173912,-0.5043478260869565,0.1765217391304347,-0.1522173913043479,-0.5057826086956522,-0.5350434782608695,0.6723913043478261,-0.0873043478260869,-0.2748260869565216,0.2304347826086956,-0.7400000000000001,-0.0404347826086956,-0.1204347826086956,0.0756521739130434,-0.4282608695652173,0.1217391304347826,0.4078260869565216,-0.3421739130434783,0.1839130434782609,-0.3130434782608695,0.3560869565217391,-0.5947826086956521,0.0397826086956521,0.1895217391304348,-0.0653478260869565,-0.0527391304347826,0.0318695652173913,-1.4330434782608696,-0.2447826086956522,-0.7886217391304345,-4.189778260869565,0.8700695652173915,-1.2926086956521738,-3.0804347826086955,0.6760869565217391,0.1369565217391304,-0.2621739130434782,0.5295652173913045,-0.0260869565217391,0.2121739130434783,0.2140434782608695,0.1637826086956521,-0.0109130434782608,0.0451304347826087,-1.1250000000000002,-0.2940434782608696,-0.1901739130434782,0.0866086956521739,-0.3096521739130434,-1.183304347826087,0.102391304347826,0.7429565217391305,-1.6478913043478265,0.2806826086956521,-0.7585,0.7803652173913044,1.146465217391304,0.0437173913043478,-3.1227956521739126,0.4099695652173913,-0.6544173913043478,-1.4203652173913042,1.2112260869565217,-6.196956521739129,-0.8182608695652173,0.0556521739130435,0.1821739130434782,1.3060869565217388,0.0560869565217391,-0.6199999999999999,-0.8356521739130436,0.2082608695652173,-0.1230434782608695,-0.4782608695652174,0.3552173913043477,-0.2091304347826087,-1.083913043478261,-0.0747826086956521,0.5556521739130434,-0.6682608695652175,0.3782608695652174,-0.9213043478260872,0.2408695652173913,-1.4765217391304346,0.1165217391304347,-0.4365217391304348,0.1139130434782608,0
LEIKHSIITEAVVCDES,-0.1495413670588235,-0.3488660105882353,-0.3214900352941177,0.3562748470588235,-0.5619412888235293,0.0394117647058823,-0.4799999999999999,-0.2705882352941177,0.1552941176470588,-0.0670588235294117,0.0694117647058823,-0.2588235294117647,-0.0458823529411764,0.2458823529411765,0.1541176470588235,-0.0541176470588235,-0.4123529411764706,-0.0970588235294117,-0.2183529411764706,0.4280588235294118,-0.2008235294117646,0.3741176470588235,-0.0125882352941176,-0.046235294117647,-0.5170588235294117,-0.3311764705882353,0.1941176470588235,0.1317647058823529,-0.2958823529411765,-0.1094117647058823,-0.47,-0.078235294117647,0.0417647058823529,-0.0111764705882352,-0.4635294117647058,0.3470588235294117,-0.418235294117647,-0.0176470588235294,0.001235294117647,-0.1361764705882353,-0.0201176470588235,-0.0326470588235294,-0.5082352941176471,-0.0170588235294117,-0.0341882352941175,-1.5674764705882351,-0.3506058823529412,0.1311764705882353,-0.7641176470588235,-1.667058823529412,0.158235294117647,-0.158235294117647,0.0752941176470588,0.3311764705882353,-0.3088235294117647,0.2434117647058823,0.0214117647058823,-0.0729411764705882,-0.0281176470588235,-0.9144117647058824,-0.503235294117647,-0.3789411764705882,-0.0739411764705882,0.0724705882352941,0.0049999999999999,0.1431764705882352,-0.0739999999999999,-0.7712470588235292,-1.0797,0.2300176470588235,-0.2504294117647059,-0.127135294117647,0.2812705882352941,-0.8589823529411766,-0.4859235294117647,-0.1559647058823529,-0.9622117647058822,-0.1367470588235294,-4.912941176470588,0.0229411764705882,0.2135294117647059,0.36,0.5658823529411765,-0.0558823529411764,-0.2870588235294117,-0.1541176470588235,-0.6452941176470589,-0.3605882352941177,-0.3194117647058824,0.0658823529411764,0.0158823529411764,-0.8670588235294118,0.0305882352941176,0.5241176470588236,-0.3070588235294118,0.1970588235294117,0.0329411764705882,0.2088235294117646,-0.913529411764706,-0.2823529411764706,-0.9017647058823528,0.0923529411764706,0
YDVNTGQLVESIIDTFEFPSLITTP,-0.1632081132,0.1496375395999999,0.0208040279999999,0.4183453079999999,-0.3760989856,-0.0051999999999999,-0.3127999999999999,-0.1628,0.0964,-0.3452,0.092,-0.158,-0.2787999999999999,0.0784,-0.0332,-0.1044,-0.372,-0.1612,-0.08756,-0.15108,-0.0571199999999999,0.41024,0.24332,-0.16744,0.0951999999999999,-0.2372,0.21,-0.0464,-0.1368,-0.276,-0.1915999999999999,-0.1423999999999999,0.1144,-0.2091999999999999,-0.3068,0.4836,-0.5416000000000001,-0.01016,0.0718399999999999,-0.0188,-0.07136,-0.0018,-0.3759999999999999,-0.1964,0.1947720000000001,-1.7043799999999998,0.65224,-0.1892000000000001,-0.954,-0.73,-0.1027999999999999,-0.2824,-0.4672,0.5064000000000001,0.1204,0.2265599999999999,0.0336399999999999,-0.0558,0.0202399999999999,-0.85988,-0.4336,-0.29292,-0.0865199999999999,0.0058,-0.14544,-0.11536,-0.12808,-1.04612,-0.6428,0.638452,0.005916,0.132464,0.396556,-0.6716599999999998,0.054344,0.076116,-1.273136,0.0527359999999999,-4.510400000000001,-0.3623999999999999,0.312,0.138,0.5196000000000001,0.1052,-0.1067999999999999,-0.1764,-0.4615999999999999,-0.3504,-0.3748,-0.1928,0.196,-0.8140000000000001,-0.0991999999999999,0.308,-0.4712,-0.0251999999999999,-0.25,-0.436,-0.6652000000000001,-0.1416,-1.0428,0.2536,0
VYEPTIFENYIHDIFVDGNSIEL,-0.0955486273913043,-0.0133503465217391,0.4829734739130435,0.1698351086956522,-0.1822682347826086,-0.0430434782608695,-0.0578260869565217,-0.2834782608695652,0.3134782608695652,-0.3786956521739131,0.0930434782608695,-0.1673913043478261,-0.027391304347826,0.0539130434782608,-0.0052173913043478,-0.0647826086956522,-0.2930434782608696,-0.2608695652173913,-0.0993913043478261,-0.0201304347826086,0.1363043478260869,0.2606086956521738,0.0090869565217391,-0.2620869565217391,0.007391304347826,-0.0304347826086956,0.146086956521739,-0.0778260869565217,-0.1913043478260869,-0.1765217391304348,-0.3808695652173913,0.3665217391304348,0.297391304347826,-0.2330434782608696,-0.1295652173913043,0.3673913043478261,-0.4652173913043478,-0.0307391304347826,0.0257391304347826,-0.0148695652173913,-0.0261739130434782,0.0227826086956521,0.0204347826086956,-0.1504347826086956,0.9244521739130438,-0.663095652173913,0.1210391304347826,0.3373913043478262,-0.357391304347826,-0.8121739130434783,-0.4678260869565217,-0.3200000000000001,-0.2186956521739129,0.5869565217391305,-0.3947826086956522,0.2319999999999999,-0.0101304347826086,0.0065652173913043,-0.0180869565217391,-0.7240434782608695,-0.3353913043478261,-0.1587826086956521,-0.168391304347826,0.0250434782608695,0.0565652173913043,-0.1116521739130435,-0.0486086956521739,-0.6039695652173913,-0.3717043478260869,0.9099826086956522,0.1667565217391305,-0.1704869565217391,0.4535695652173912,0.0713652173913044,0.0585695652173913,0.139891304347826,-0.9048521739130432,-0.2929260869565218,-3.728260869565217,-0.1995652173913043,0.2665217391304347,-0.038695652173913,0.3952173913043477,0.1295652173913043,0.0569565217391304,-0.0069565217391304,-0.3126086956521739,-0.4317391304347827,-0.2921739130434783,-0.0021739130434782,0.0134782608695652,-0.6947826086956522,-0.0952173913043478,0.2191304347826087,-0.368695652173913,0.157391304347826,-0.1508695652173913,-0.3978260869565216,-0.1717391304347826,-0.0143478260869565,-0.8708695652173913,0.1569565217391304,0
AVEVAYALPEKQYLQRVTL,-0.0115506978947368,-0.3955890352631578,-0.1361226578947369,0.5932171578947368,-0.2552324878947369,-0.0684210526315788,-0.3026315789473685,-0.4357894736842105,-0.1752631578947368,0.0047368421052631,-0.0289473684210526,0.0705263157894737,-0.0536842105263157,0.3642105263157895,0.1363157894736842,-0.1857894736842105,-0.2436842105263157,-0.0557894736842105,-0.3489473684210527,0.4087368421052632,0.0785263157894737,0.6172105263157894,0.2079473684210526,0.1593157894736842,-0.468421052631579,-0.1189473684210526,0.1163157894736842,0.0821052631578947,-0.1442105263157894,-0.6157894736842104,0.1484210526315789,-0.2557894736842105,-0.0173684210526315,0.0473684210526315,-0.3226315789473684,0.505263157894737,-0.261578947368421,-0.025578947368421,-0.0234210526315789,-0.1139999999999999,-0.1192105263157894,0.0096315789473684,-0.0873684210526315,-0.2389473684210525,0.158621052631579,-0.5415631578947367,1.0133842105263158,0.3515789473684211,-0.1394736842105264,-0.93,0.6421052631578948,-0.5478947368421053,0.3263157894736841,0.2389473684210526,0.1073684210526315,0.2327368421052631,0.0402631578947368,-0.0409999999999999,-0.0956842105263157,-0.7985263157894738,-0.3017894736842105,-0.1253684210526315,-0.0377368421052631,-0.2125263157894737,-0.1696315789473685,0.0133157894736841,0.2112105263157894,-0.9800263157894736,-0.7935105263157894,0.2554105263157893,0.250878947368421,0.0678631578947368,0.3351368421052632,-1.226036842105263,0.1695210526315789,-0.2866631578947368,-1.282763157894737,0.1141842105263158,-4.18,0.0705263157894737,0.0373684210526316,0.2873684210526316,0.4994736842105262,0.0521052631578947,-0.0089473684210526,0.0163157894736841,-0.3857894736842104,0.0747368421052631,-0.4868421052631579,0.1078947368421053,-0.0157894736842105,-0.7615789473684211,0.1831578947368421,0.3368421052631579,-0.4610526315789474,-0.1736842105263157,-0.1689473684210526,-0.5447368421052632,-0.5736842105263158,-0.7789473684210527,-0.5836842105263159,0.3147368421052631,0
KDIILHLIATYGVAFGTGY,-0.3557435131578947,-0.0260327552631579,0.6885147210526315,0.4716828052631578,0.5080745110526316,-0.301578947368421,-0.1642105263157894,-0.0426315789473684,0.2326315789473684,-0.2147368421052631,0.2652631578947368,0.2052631578947368,-0.0163157894736841,0.181578947368421,0.0405263157894736,-0.3863157894736842,-0.3105263157894736,0.0557894736842105,0.2276315789473683,-0.123157894736842,0.0092105263157894,0.6287368421052633,-0.2534210526315789,-0.0694736842105263,-0.0447368421052631,-0.3552631578947368,0.3089473684210526,-0.2331578947368421,-0.0805263157894737,-0.4694736842105262,0.0121052631578947,0.4584210526315789,-0.0126315789473684,0.0799999999999999,-0.2957894736842105,0.4157894736842105,-0.4589473684210525,-0.0580526315789473,0.1012105263157894,-0.0593684210526315,-0.0858421052631579,0.0030526315789473,-0.5173684210526315,-0.4063157894736842,1.9534052631578944,-2.2441368421052625,0.8191999999999998,0.8742105263157897,-1.799473684210526,-0.0868421052631579,0.1457894736842105,-0.2184210526315789,0.4052631578947368,0.4636842105263158,0.0747368421052631,0.2233684210526315,0.1147894736842105,0.0137368421052631,-0.054,-0.891421052631579,-0.3399473684210526,-0.1078421052631578,-0.0282631578947368,-0.2616315789473684,-0.5033684210526316,-0.0627368421052631,0.3574736842105263,-1.8352473684210524,0.0706052631578947,0.6915105263157895,0.1473263157894736,0.7370789473684211,0.3268052631578947,-2.667931578947368,0.7162315789473684,-0.4619894736842105,-2.486694736842105,0.4576631578947369,-4.893157894736842,-0.4973684210526316,0.0626315789473684,0.3547368421052632,0.8184210526315789,0.3315789473684211,-0.2157894736842105,-0.3305263157894737,-0.1973684210526317,0.0352631578947368,-0.5426315789473684,0.2078947368421052,-0.303157894736842,-0.8821052631578946,0.0289473684210526,0.481578947368421,-0.4242105263157894,0.0889473684210526,-0.4947368421052632,-0.8026315789473683,-1.106315789473684,-0.4205263157894738,-0.3642105263157895,0.0363157894736842,0
ARARRMGVATTHEGVIGLMN,-0.0997973335,-0.232077321,0.7902262999999999,0.57933164,0.8448116339999998,0.143,-0.3385,-0.09,-0.0055,0.0925,0.357,0.3365,-0.0199999999999999,0.0925,0.1774999999999999,-0.2685,-0.3355,0.2324999999999999,-0.22705,0.1197999999999999,-0.3177999999999999,0.4409499999999998,-0.1648,0.20965,-0.2945,-0.453,0.2855,0.1855,-0.1699999999999999,0.0154999999999999,0.1605,0.277,-0.2625,0.1939999999999999,-0.4384999999999999,0.394,-0.329,0.0089999999999999,0.04795,-0.12,-0.03825,-0.0448499999999999,-0.7044999999999999,-0.1725,-0.8258700000000001,-1.9356250000000004,0.2032999999999999,-0.347,-1.4025,-0.2345000000000001,0.6195,0.181,0.605,-0.1705,-0.0194999999999999,0.2269999999999999,0.09315,-0.0505,-0.0344,-0.9746000000000002,-0.2177499999999999,-0.2445499999999999,0.0881499999999999,-0.18705,-0.6221500000000001,0.3076000000000001,0.4743,-2.01857,-0.4529249999999999,-0.44627,0.0464649999999999,0.4316849999999999,-0.20874,-3.300379999999999,-0.251545,-0.448175,-2.1495100000000003,0.9846299999999998,-5.38,0.158,-0.1404999999999999,0.5269999999999999,0.9295,-0.0834999999999999,-0.3705,-0.402,0.0294999999999999,0.1109999999999999,-0.275,0.486,-0.2245,-0.941,0.302,0.6105,-0.4594999999999999,0.2045,-0.2735,0.4254999999999999,-1.0459999999999998,-0.7004999999999999,0.0249999999999999,0.1,0
EIQAKGVHLVYLTLHVGLGTFRPVS,-0.2769790188,-0.0266070887999999,-0.104727404,0.545103784,0.0150586588,-0.1396,-0.2384,-0.2244,0.0628,-0.1176,0.1476,0.2343999999999999,-0.0427999999999999,0.1112,0.1339999999999999,-0.3128,-0.2935999999999999,0.076,-0.1674799999999999,0.02732,-0.0666399999999999,0.6043200000000001,0.0483199999999999,0.14216,-0.1331999999999999,-0.2935999999999999,0.3296,-0.0872,0.0868,-0.5048,0.0395999999999999,0.0492,-0.0883999999999999,0.3096,-0.348,0.5231999999999999,-0.4104,-0.0394799999999999,0.06908,-0.07136,-0.10144,-0.0186,-0.4216,-0.2855999999999999,1.188956,-1.7544400000000002,0.945484,0.544,-1.3088,-0.1388,0.5315999999999999,-0.2943999999999999,0.3272,0.2724,-0.1559999999999999,0.22744,0.1012,-0.01164,-0.06148,-0.8893599999999999,-0.29552,-0.13732,-0.03184,-0.26044,-0.34404,0.1050799999999999,0.2734,-1.127688,-0.4295279999999999,0.26746,0.2016919999999999,0.553584,0.031496,-1.751248,0.5150719999999999,-0.4349879999999999,-1.627344,0.32724,-4.740799999999999,-0.3148,-0.0379999999999999,0.2988,0.6507999999999999,0.1864,-0.2764,-0.2304,-0.2264,0.1184,-0.5099999999999999,0.2556,-0.0651999999999999,-0.8539999999999999,0.0635999999999999,0.4428,-0.3644,0.0384,-0.374,-0.556,-0.9888,-0.6772,-0.234,0.1684,0
ARDYFTYRDVLGFIYAQAK,0.0484321978947368,-0.1408785131578947,0.4064171263157895,0.3074019789473685,0.31827874,-0.1068421052631578,0.071578947368421,-0.2042105263157894,0.1068421052631578,-0.0284210526315789,0.131578947368421,0.0742105263157894,0.0173684210526315,0.3494736842105263,-0.1589473684210526,-0.1047368421052631,-0.1510526315789473,0.0036842105263158,-0.1086315789473684,0.044,0.2254736842105263,0.3567368421052632,-0.2110526315789473,0.1729473684210526,-0.0505263157894737,0.0536842105263158,0.1452631578947368,0.0531578947368421,-0.291578947368421,-0.4494736842105263,0.0642105263157894,0.2863157894736842,0.1999999999999999,0.0657894736842105,-0.0910526315789473,0.358421052631579,-0.2773684210526316,-0.0171052631578947,-0.0126315789473684,-0.0248947368421052,-0.0812631578947368,-0.0124736842105263,0.1789473684210526,-0.1510526315789473,0.0290842105263158,0.4116842105263157,0.3614315789473684,0.2410526315789474,0.2221052631578945,-0.2136842105263157,0.0168421052631578,0.021578947368421,0.2257894736842105,0.2705263157894737,0.5089473684210526,0.2171052631578947,0.0002631578947368,0.0335263157894736,-0.0462631578947368,-0.6587894736842105,-0.1062631578947368,0.0191578947368421,-0.069578947368421,-0.1948421052631579,-0.3406842105263157,-0.0427368421052631,0.4118421052631579,0.0542105263157895,-0.0379,0.1530999999999999,0.4591578947368421,0.3710526315789474,0.4031,-0.227094736842105,0.0836736842105263,-0.3937210526315789,0.5100736842105265,0.6356421052631579,-3.453684210526316,0.1257894736842105,0.0273684210526316,-0.051578947368421,0.6021052631578946,0.0421052631578947,0.2484210526315789,0.0647368421052631,-0.0368421052631579,0.0931578947368421,-0.0178947368421052,0.0278947368421052,-0.1384210526315789,-0.6568421052631579,0.1494736842105263,0.1705263157894736,-0.5310526315789473,0.1284210526315789,-0.3294736842105264,-0.2242105263157895,0.0305263157894737,-0.3873684210526316,-0.2473684210526315,0.0357894736842105,0
SFLLFGMALLYAESGSLSFV,-0.5678840924999999,-0.141817324,-0.672258855,0.62814638,-0.4726262024999998,-0.422,-0.221,-0.099,0.1195,-0.104,0.373,0.1784999999999999,-0.0085,0.2739999999999999,-0.1165,-0.483,-0.2864999999999999,-0.0235,0.31495,0.1377999999999999,-0.0212499999999999,0.84245,0.00595,-0.2377499999999999,-0.25,-0.375,-0.1615,-0.4745,-0.1699999999999999,-0.7875,0.0205,0.052,-0.0764999999999999,0.185,-0.3595,0.5245,-0.483,-0.07535,0.10115,-0.11995,-0.0752,0.0717,-0.5439999999999998,-0.6759999999999999,2.7690300000000003,-2.724105,0.26567,1.3695,-1.9224999999999997,-0.4455,0.1465,-0.4709999999999999,0.33,-0.209,0.2015,0.2405,0.09305,0.0207,0.0341999999999999,-0.9248999999999998,-0.24505,-0.0403499999999999,0.0199499999999999,-0.3209499999999999,-0.4669999999999999,-0.0675,0.41175,0.5166400000000001,-0.474865,-0.1327,-0.04023,0.51228,0.15531,-0.3767699999999997,0.293785,-0.9262899999999998,0.8977149999999998,0.80772,-5.0265,-0.4154999999999999,-0.104,0.3415,0.7945,0.489,-0.2995,-0.3015,-0.211,-0.0815,-0.5165000000000001,-0.128,-0.4054999999999999,-0.8954999999999999,0.1079999999999999,0.4875,-0.302,0.1325,-0.488,-1.2395,-0.8939999999999999,0.075,-0.5685,0.207,0
LHRCAFLVTACWTLTSLLAMTRT,-0.440494304347826,-0.3388003460869564,0.0187183260869563,0.4925960956521738,0.18732754,-0.4230434782608697,-0.433913043478261,-0.0708695652173913,-0.0039130434782608,0.3021739130434783,0.1426086956521739,0.0456521739130434,-0.3926086956521739,0.0934782608695652,0.0430434782608695,-0.278695652173913,-0.2113043478260869,0.1569565217391304,0.299,0.3640869565217392,-0.0765217391304347,0.3683478260869564,0.033391304347826,0.3182173913043478,-0.4152173913043478,-0.2504347826086956,0.2608695652173913,-0.2152173913043478,-0.3434782608695652,-0.2065217391304347,0.2573913043478261,-0.511304347826087,0.0278260869565217,0.4130434782608695,-0.4543478260869565,0.6265217391304347,-0.3973913043478261,-0.0786521739130434,0.0304347826086956,-0.1011304347826087,-0.0484782608695652,-0.0524782608695652,-0.2508695652173912,-0.3730434782608696,2.1563260869565224,-1.316704347826087,-0.2880478260869566,1.8260869565217388,-0.9517391304347828,-0.5278260869565216,0.6430434782608696,0.2730434782608694,0.0191304347826087,-0.2260869565217391,0.3656521739130435,0.2354347826086956,0.0950434782608695,-0.0312173913043478,0.0510869565217391,-0.8400434782608698,-0.3708695652173913,-0.2247391304347826,-0.0035652173913043,-0.1377391304347826,-0.2730434782608696,0.2179999999999999,-0.0395652173913043,-0.8879434782608695,-0.2360739130434782,0.3746521739130433,-0.6201347826086958,0.3540782608695652,-0.2363260869565216,-1.4700695652173912,0.2331913043478261,-0.2749826086956521,-1.361234782608696,0.5311173913043478,-4.586956521739129,-0.2634782608695652,-0.0026086956521738,0.4465217391304348,0.5891304347826085,0.2895652173913044,-0.2547826086956521,-0.0491304347826087,-0.4991304347826087,0.2434782608695652,-0.1691304347826087,-0.271304347826087,-0.1004347826086956,-0.8282608695652173,0.1043478260869565,0.54,-0.2878260869565217,-0.1152173913043477,-0.0778260869565217,-0.7552173913043481,-0.8173913043478261,-0.3808695652173913,0.0260869565217391,-0.0865217391304348,0
SGSSGNFTSGSQIHMSSITNT,-0.1825134995238095,0.6465742709523807,-0.7806400714285715,0.3628913142857142,-0.2480119052380952,0.3966666666666666,-0.2085714285714285,0.1952380952380952,0.2942857142857143,-0.029047619047619,0.5,0.1304761904761905,-0.4371428571428571,0.0971428571428571,0.0409523809523809,0.0461904761904761,-0.5619047619047619,0.2657142857142857,-0.103,-0.5838571428571427,-0.5735238095238095,0.317,-0.2018571428571428,-0.1069047619047618,0.4361904761904762,-0.6704761904761904,0.3052380952380952,0.1738095238095237,0.1304761904761905,0.019047619047619,-0.4985714285714286,0.0014285714285714,-0.3995238095238095,-0.3595238095238095,-0.41,0.5504761904761905,-0.7371428571428572,0.079,0.1659999999999999,-0.0112380952380952,-0.0160952380952381,-0.0975238095238095,-1.3438095238095238,0.0866666666666667,-2.622880952380952,-3.50172857142857,-0.4572523809523809,-2.076190476190477,-2.146190476190476,0.0614285714285713,0.4257142857142857,0.602857142857143,-0.2166666666666666,0.199047619047619,0.1357142857142856,0.2235238095238094,0.0435238095238095,-0.0815714285714285,0.1914285714285714,-1.0981428571428573,-0.2875238095238095,-0.48,-0.0161904761904761,0.1962380952380952,-0.8626666666666665,0.0919999999999999,0.2581904761904762,0.4659428571428569,-1.091776190476191,-0.7146904761904761,0.2240380952380951,0.4891666666666666,-0.4247047619047618,-0.1564571428571426,-1.0159380952380952,-0.5561666666666666,1.4971761904761909,1.2412047619047617,-6.055238095238095,-0.4204761904761904,0.3366666666666667,0.1199999999999999,1.142380952380952,-0.2195238095238095,-0.5938095238095238,-0.7252380952380952,-0.059047619047619,-0.1633333333333333,-0.0533333333333333,-0.0542857142857143,-0.2180952380952381,-1.0423809523809522,-0.1547619047619047,0.5671428571428572,-0.5842857142857143,0.6433333333333332,-0.3914285714285714,0.980952380952381,-1.0599999999999998,0.2276190476190475,-0.7385714285714284,0.2495238095238094,0
KLEAATGDVVEFDQVLMVSD,-0.112646686,-0.3584211114999999,-0.712155935,0.526562195,-0.8207586705000001,0.098,-0.4159999999999999,-0.211,-0.0215,-0.2355,0.218,-0.2285,0.0669999999999999,0.257,0.094,-0.1599999999999999,-0.454,-0.2004999999999999,-0.4986,0.3298999999999999,-0.2230499999999999,0.5839,-0.04,-0.22885,-0.4605,-0.399,-0.101,0.0979999999999999,-0.0845,-0.415,-0.2325,0.0605,-0.11,0.194,-0.3984999999999999,0.2665,-0.492,0.0022999999999999,0.01885,-0.15555,-0.0287,0.0216999999999999,-0.6485,-0.1794999999999999,-0.6369699999999996,-2.0538549999999995,-0.11345,-0.3944999999999999,-1.0505,-1.5295,-0.2375,-0.2865,0.2214999999999999,0.0569999999999999,0.2425,0.2302,0.0109,-0.1039499999999999,-0.0695,-0.96965,-0.3558,-0.28755,0.031,-0.0282,-0.21415,0.0208,0.1997499999999999,-1.7952400000000002,-0.6474300000000001,-0.027285,0.1052299999999999,-0.0946999999999999,0.4287850000000001,-2.1694,-0.3297150000000001,-0.128685,-2.05849,0.0334499999999999,-5.1835,0.0525,0.194,0.4149999999999999,0.7580000000000001,-0.0279999999999999,-0.2475,-0.2835,-0.4389999999999999,-0.485,-0.301,0.0824999999999999,-0.13,-0.9099999999999998,0.1564999999999999,0.4894999999999999,-0.53,0.0204999999999999,-0.1795,0.094,-0.9345,-0.219,-0.981,0.2604999999999999,0
DTRKSLVGSGDRSERIRTYN,0.3767336855,0.318500643,-0.1003002800000001,0.4444743449999999,0.290794299,0.5365,-0.138,-0.1045,0.024,0.1025,0.3365,0.0324999999999999,-0.1379999999999999,0.0525,-0.1285,0.265,-0.302,0.2329999999999999,-0.5747500000000001,-0.24415,-0.2041499999999999,0.3278999999999999,-0.18125,0.3454,0.3065,-0.1185,0.3595,0.6075,-0.4725,-0.1655,-0.103,0.036,-0.2019999999999999,0.2405,-0.3325,0.2469999999999999,-0.2725,0.10715,0.00805,-0.004,-0.09125,-0.1069,-0.3104999999999999,0.4275,-4.19103,0.17732,0.13198,-2.397,0.2645,-0.154,0.211,0.3964999999999999,0.1555,0.4554999999999999,0.2149999999999999,0.2189499999999999,-0.0272499999999999,-0.0605,0.0225499999999999,-0.8173,-0.0962,-0.3412499999999999,-0.04845,0.0964,-0.4052500000000001,0.20715,0.3713999999999999,0.786975,-1.6816250000000004,-0.538905,0.3117799999999999,0.2112449999999999,-0.0984999999999999,0.4586500000000001,-1.39227,-0.5890899999999999,2.04796,1.3418999999999996,-4.326,0.7430000000000001,0.0925,0.0569999999999999,0.8045,-0.5305,0.1094999999999999,-0.1669999999999999,0.217,-0.055,0.2075,0.3884999999999999,0.046,-0.7695000000000001,0.2615,0.275,-0.6435000000000002,0.4965,-0.1589999999999999,1.498,-0.2144999999999999,-0.7040000000000001,-0.538,0.1275,0
PSDPVVRVPDDTIPADDAFSL,-0.0667597447619047,0.3495295809523809,-1.4846179904761907,0.5335898333333333,-1.2676862795238095,0.3061904761904762,-0.5057142857142857,0.0238095238095238,-1.3216940769347099e-18,-0.5071428571428572,-0.219047619047619,-0.1433333333333333,-0.0819047619047619,0.0942857142857143,-0.0919047619047619,-0.1823809523809524,-0.4785714285714286,-0.1704761904761904,-0.4752380952380952,-0.3287619047619047,-0.3100476190476189,0.3930476190476191,0.6675714285714286,-0.3756190476190474,0.2819047619047619,-0.4123809523809523,-0.2014285714285714,-0.0309523809523809,-0.2157142857142857,-0.3838095238095237,-0.5633333333333335,-0.4676190476190475,0.3023809523809523,0.1304761904761905,-0.4247619047619048,0.2585714285714286,-0.6104761904761904,0.0518571428571428,0.0887142857142857,-0.0081904761904762,-0.0665714285714285,0.0503809523809523,-0.838095238095238,-0.1961904761904762,-1.4018523809523806,-2.3346142857142858,1.3245333333333331,-1.3447619047619048,-1.2176190476190476,-0.7938095238095237,-0.2595238095238095,-0.4238095238095237,-0.9976190476190476,0.1742857142857142,0.3423809523809523,0.2115238095238095,0.0614761904761904,-0.1037142857142856,-0.0322380952380952,-0.9842857142857142,-0.3972857142857143,-0.3995714285714284,-0.0359047619047619,-0.0399047619047618,-0.4234761904761904,0.0038571428571428,-0.1123809523809523,-1.8292666666666664,-0.7945809523809525,0.656352380952381,0.0104095238095238,0.1082571428571428,0.1199904761904761,-1.341147619047619,0.2127190476190475,0.3041333333333332,-1.8745380952380948,0.7431904761904763,-5.156190476190476,-0.7361904761904762,0.3319047619047618,0.1476190476190476,0.6414285714285715,-0.0614285714285714,-0.1214285714285714,-0.3376190476190476,-0.5138095238095238,-0.5295238095238096,-0.2633333333333333,-0.1328571428571428,0.7847619047619047,-0.9142857142857144,-0.2276190476190476,0.3638095238095238,-0.5547619047619048,-0.1166666666666666,-0.409047619047619,0.1252380952380952,-0.4638095238095239,0.4347619047619048,-0.742857142857143,0.74,0
NFHLPRSTLVMLVAAFVG,-0.4756014133333333,-0.1828181655555555,-0.1848413444444445,0.5948698555555555,-0.0936905544444444,-0.3144444444444444,-0.3561111111111111,-0.2255555555555556,0.1033333333333333,-0.1061111111111111,0.1755555555555555,0.2644444444444444,-0.105,0.0666666666666667,0.0227777777777777,-0.485,-0.2577777777777778,0.0544444444444444,-0.0138333333333333,0.1632777777777777,-0.0398888888888888,0.5828333333333333,0.1873333333333333,0.0968333333333333,-0.2633333333333333,-0.3155555555555555,0.1822222222222222,-0.3072222222222223,0.0661111111111111,-0.51,-0.0099999999999999,-0.0488888888888888,0.1416666666666666,0.23,-0.4011111111111111,0.5933333333333334,-0.4522222222222222,-0.0776111111111111,0.0708888888888889,-0.0943888888888889,-0.0793333333333333,0.0086666666666666,-0.3949999999999999,-0.6194444444444445,2.561500000000001,-2.0452611111111114,0.6374722222222223,1.5133333333333332,-1.4677777777777778,-0.3716666666666667,0.6533333333333333,-0.2205555555555555,-0.0016666666666666,-0.1261111111111111,-0.036111111111111,0.2358888888888889,0.1155,-0.0033888888888888,-0.0281666666666666,-0.8989444444444445,-0.3045,-0.1089444444444444,0.0150555555555555,-0.3226111111111111,-0.3045555555555556,0.1046111111111111,0.1543333333333333,-1.070633333333333,-0.208211111111111,0.3650388888888888,-0.2252444444444445,0.5656500000000001,-0.1352722222222222,-1.6552888888888888,0.76555,-0.40245,-1.4603222222222223,0.5239055555555556,-4.811111111111112,-0.4955555555555556,-0.1011111111111111,0.3855555555555555,0.5833333333333334,0.3794444444444445,-0.3305555555555555,-0.1827777777777778,-0.4044444444444444,0.1488888888888888,-0.4516666666666667,0.0038888888888888,-0.0327777777777777,-0.8661111111111112,0.0561111111111111,0.4816666666666667,-0.2811111111111111,-0.1322222222222222,-0.3533333333333334,-1.0472222222222225,-0.765,-0.2927777777777777,-0.011111111111111,0.3477777777777778,0
SAGNTGALMGLSRFTLKLLP,-0.2557474935,0.0522739914999999,-0.2137345250000001,0.7387380199999999,0.2191865405,-0.0159999999999999,-0.394,0.0219999999999999,-0.0595,0.0045,0.363,0.3325,-0.128,0.015,-0.0799999999999999,-0.385,-0.351,0.2024999999999999,0.1423,-0.11785,-0.2713499999999999,0.8184000000000001,0.14355,-0.1216499999999999,-0.0164999999999999,-0.4965,-0.0999999999999999,-0.1475,-0.0904999999999999,-0.6555,0.4135000000000001,-0.0905,-0.1669999999999999,0.217,-0.4905,0.4604999999999999,-0.4195,0.0071499999999999,0.1137,-0.09515,-0.1077499999999999,0.0496499999999999,-0.8939999999999999,-0.3955000000000001,0.138,-2.7965000000000004,1.12391,-0.3125000000000001,-2.008,0.1179999999999999,0.5860000000000001,-0.4009999999999999,0.3545000000000001,-0.1669999999999999,0.208,0.23005,0.1256999999999999,-0.0414,-0.0058,-1.0393,-0.2487499999999999,-0.1983999999999999,0.0735,-0.28805,-0.5840500000000002,0.0754999999999999,0.4168,-1.48286,-0.7586049999999999,0.0188399999999999,-0.196385,0.73774,-0.08728,-2.628965,0.2245849999999999,-0.7271099999999999,-1.547565,1.0094099999999997,-5.722499999999998,-0.2319999999999999,-0.1579999999999999,0.5835,0.9285,0.18,-0.3569999999999999,-0.4785000000000001,0.0354999999999999,0.0949999999999999,-0.483,0.2784999999999999,-0.212,-0.9955000000000002,0.2234999999999999,0.5885,-0.3994999999999998,0.1075,-0.514,-0.418,-1.1409999999999998,-0.3345000000000001,-0.3264999999999999,0.4175,0
EKRKDATEKAKKSLSINEFLKP,0.5831181986363636,-0.3254450213636363,-0.1187481045454546,0.3193902363636363,0.0774373731818181,0.5618181818181819,-0.2327272727272727,-0.3531818181818182,-0.2213636363636364,0.139090909090909,0.1122727272727272,-0.0363636363636363,-0.064090909090909,0.2199999999999999,-0.2772727272727273,0.179090909090909,-0.2527272727272728,0.1754545454545454,-0.5340454545454546,0.3243636363636362,-0.0758181818181818,0.4729090909090908,0.2025454545454545,0.0753181818181818,-0.3022727272727273,0.0345454545454545,-0.325,0.59,-0.0022727272727273,-0.6854545454545455,0.2022727272727272,-0.175,0.004090909090909,0.0577272727272727,-0.3640909090909091,0.2318181818181818,-0.1263636363636363,0.1040454545454545,-0.090590909090909,-0.0969545454545454,-0.1227272727272727,0.0489545454545454,-0.1081818181818181,0.3318181818181818,-3.7921954545454537,1.0141454545454545,1.2884681818181816,-2.264545454545455,1.017272727272727,-0.7331818181818182,0.792727272727273,-0.7095454545454546,0.329090909090909,-0.0122727272727272,0.1959090909090909,0.2352727272727272,-0.0175454545454545,-0.0261818181818181,-0.0916363636363636,-0.7782272727272727,-0.1983181818181818,-0.1846363636363635,-0.1015454545454545,-0.0600454545454545,0.1225,0.1983636363636364,0.2581363636363636,0.4198,-1.2965,-0.2943909090909091,-0.1897818181818181,0.5020545454545455,0.500809090909091,0.1016272727272727,-0.5121863636363636,-0.5252999999999999,1.224481818181818,-0.0349909090909091,-4.107727272727273,0.700909090909091,-0.2627272727272727,0.2013636363636363,0.44,-0.4463636363636363,0.1595454545454545,0.0477272727272727,0.0272727272727272,0.0909090909090908,0.02,0.5318181818181819,0.1395454545454545,-0.7399999999999999,0.3609090909090909,0.2772727272727273,-0.2486363636363635,0.3431818181818181,-0.1854545454545454,0.968181818181818,0.0040909090909091,-0.6913636363636363,-0.3345454545454546,0.4618181818181818,0
RACADGDLREERVSLLCSN,0.0669258384210526,-0.1105085821052631,-0.788962852631579,0.4939692157894737,-0.3453819789473684,0.3036842105263158,-0.3857894736842105,0.0078947368421052,0.0705263157894736,0.2578947368421053,0.1589473684210526,-0.1,0.1131578947368421,0.1073684210526315,-0.0352631578947368,0.0168421052631578,-0.3673684210526315,0.0410526315789473,-0.3425789473684211,0.1991052631578947,-0.3843157894736841,0.3389473684210525,-0.0791052631578947,0.0308421052631579,-0.1894736842105263,-0.3299999999999999,-0.1063157894736841,0.248421052631579,-0.743684210526316,-0.0957894736842105,0.0894736842105263,-0.1021052631578947,0.1357894736842105,0.3631578947368421,-0.4068421052631579,0.1599999999999999,-0.2763157894736842,0.0583684210526315,0.006578947368421,-0.1087368421052632,0.0012631578947368,-0.0306315789473684,-0.6526315789473685,0.1726315789473684,-2.3141578947368417,-1.0427894736842105,-0.9039631578947368,-1.0605263157894735,-0.5673684210526317,-0.8068421052631579,-0.1363157894736842,0.2794736842105262,0.3278947368421053,-0.0642105263157894,-0.0505263157894736,0.2311578947368421,-0.0082631578947368,-0.0920526315789473,0.0006315789473684,-0.9438947368421052,-0.2003157894736842,-0.3277368421052631,0.0559473684210526,0.0151578947368421,-0.373,0.2696315789473684,0.3206315789473684,-0.8189105263157895,-1.2559789473684213,-0.4204631578947369,0.0397947368421051,-0.2913473684210526,-0.2307842105263158,-1.277063157894737,-1.1583263157894736,-0.3591842105263158,-0.229542105263158,1.0714421052631578,-5.09,0.5200000000000001,0.1121052631578947,0.3257894736842105,0.9021052631578949,-0.3210526315789473,-0.1594736842105263,-0.25,0.0047368421052631,-0.3068421052631579,0.1036842105263157,0.2494736842105263,-0.0789473684210526,-0.8831578947368421,0.2615789473684211,0.4884210526315789,-0.59,0.3626315789473683,-0.0468421052631579,1.1236842105263158,-0.4852631578947368,-0.0247368421052631,-0.6689473684210526,0.1505263157894736,0
VNDSQPIPWFVRLRIAWEVASALVFLHKSKP,-0.1490150512903226,-0.0628349283870967,-0.650065887096774,0.3394303580645161,-0.4592109316129032,-0.0651612903225806,-0.2167741935483871,-0.2051612903225806,-0.1319354838709677,-0.0925806451612903,-0.0032258064516129,0.0919354838709677,-0.0712903225806451,0.1164516129032258,-0.0090322580645161,-0.2332258064516129,-0.1825806451612903,0.022258064516129,-0.2135806451612903,0.117,0.0921935483870967,0.3814193548387096,0.3123870967741936,0.101258064516129,-0.1380645161290322,-0.0451612903225806,0.0561290322580645,-0.094516129032258,-0.0983870967741935,-0.4706451612903226,-0.2093548387096774,-0.3003225806451612,0.0548387096774193,-0.0648387096774193,-0.33,0.5303225806451612,-0.3587096774193548,-0.0301290322580645,0.0076129032258064,-0.0361612903225806,-0.1016451612903225,0.026258064516129,-0.004516129032258,-0.2732258064516129,1.0280258064516132,-0.401058064516129,1.2556419354838708,0.5606451612903227,-0.1748387096774194,-0.3967741935483872,0.5919354838709677,-0.4525806451612903,-0.1203225806451613,0.1248387096774194,0.0087096774193548,0.2294516129032257,0.0625806451612903,0.007258064516129,-0.0656774193548387,-0.7477741935483871,-0.2932258064516129,-0.1740322580645161,-0.1242258064516129,-0.2023870967741935,-0.1456451612903225,0.2065483870967742,0.0953225806451612,0.4399096774193548,-0.7515548387096773,0.4723870967741934,-0.1600193548387097,0.4500193548387097,-0.0575258064516128,0.4339548387096777,0.5422032258064516,-0.3681741935483871,0.410251612903226,0.3158193548387096,-3.828709677419355,-0.3890322580645161,-0.0664516129032257,0.1051612903225806,0.3948387096774193,0.1551612903225806,0.0132258064516128,0.0480645161290322,-0.3474193548387096,0.1548387096774194,-0.3419354838709678,0.0364516129032258,0.2312903225806451,-0.72,-0.0374193548387096,0.3287096774193547,-0.2083870967741935,0.0490322580645161,-0.2729032258064516,-0.620967741935484,-0.1122580645161289,-0.3316129032258065,0.0354838709677419,0.4383870967741935,0
LMVSHSVEDAARIATRSVVVADGRIAWQGK,-0.1570418746666666,-0.1946960303333333,-0.5204947666666667,0.5550823799999999,-0.2234206256666668,0.095,-0.3763333333333332,-0.096,-0.045,0.0053333333333333,0.247,0.1009999999999999,-0.0066666666666666,0.2823333333333334,0.1699999999999999,-0.2026666666666666,-0.361,0.1243333333333333,-0.3914333333333333,0.1973333333333333,-0.2385333333333332,0.5019666666666668,-0.1318333333333333,0.1809000000000001,-0.3446666666666667,-0.422,0.256,0.1586666666666666,-0.249,-0.2363333333333334,-0.3386666666666666,-0.006,-0.2453333333333333,0.076,-0.4693333333333333,0.3866666666666666,-0.4093333333333334,0.0006,0.0330333333333333,-0.1226666666666666,-0.0637333333333333,-0.0503666666666666,-0.6566666666666664,-0.152,-0.66038,-1.826156666666667,0.26006,-0.217,-1.0736666666666668,-0.8786666666666669,0.5539999999999999,0.103,0.358,0.0963333333333333,0.1773333333333333,0.2276333333333333,0.0684999999999999,-0.0656333333333333,-0.0527999999999999,-0.9483333333333336,-0.3216666666666667,-0.3443333333333333,0.0106666666666666,-0.1055333333333333,-0.5528333333333335,0.2702333333333333,0.3738666666666667,-0.7627033333333334,-0.9565733333333336,-0.2001733333333333,0.08717,0.39301,-0.1377266666666666,-1.6342600000000005,-0.2707633333333332,-0.5621666666666666,-0.6380866666666666,0.9375466666666664,-5.129333333333334,-0.0689999999999999,0.089,0.3863333333333333,0.8806666666666665,-0.0746666666666666,-0.2773333333333334,-0.3063333333333334,-0.341,0.0096666666666666,-0.2833333333333333,0.2343333333333333,-0.0973333333333333,-0.909,0.108,0.5636666666666666,-0.5029999999999999,0.1826666666666666,-0.2423333333333333,0.3046666666666666,-0.8796666666666666,-0.5306666666666666,-0.2393333333333333,0.2613333333333333,0
LLQLLECRLDNVVYRMGFGATRAESRQLVSHK,-0.0132683134374999,-0.2213359040625,-0.342832496875,0.44823903125,-0.0328594156249999,0.036875,-0.2303124999999999,-0.305625,-0.024375,0.17,0.203125,0.0828125,0.0415624999999999,0.08625,0.0296874999999999,-0.0949999999999999,-0.2212499999999999,0.0684375,-0.24040625,0.28015625,-0.0419687499999999,0.44684375,-0.0440312499999999,0.24384375,-0.2774999999999999,-0.1096875,0.1396875,0.145625,-0.2275,-0.3434375,0.20375,-0.0578125,0.0034374999999999,0.271875,-0.3296874999999999,0.425625,-0.246875,-0.00309375,-0.0132187499999999,-0.092,-0.06575,-0.0298124999999999,-0.1184374999999999,-0.0546874999999999,-0.4073906249999999,-0.2611593749999999,0.0037406249999999,0.0312499999999999,-0.134375,-0.5078125,0.3796874999999999,0.0096875,0.4259374999999999,-0.0003125,-0.0278125,0.23203125,0.0042187499999999,-0.03628125,-0.05165625,-0.8098750000000001,-0.1354999999999999,-0.137375,-0.007625,-0.13659375,-0.12571875,0.1920625,0.30325,-0.1444843750000001,-0.99139375,-0.2134625,0.0346937499999999,0.0431593749999999,-0.0623499999999999,-0.6425999999999998,-0.4487281250000001,-0.5135406250000001,0.0917218749999999,0.484971875,-4.2828125,0.4703125000000001,-0.1259374999999999,0.2978125,0.5915625,-0.0599999999999999,-0.05875,-0.0340625,-0.0481249999999999,0.0703124999999999,-0.1171875,0.2378125,-0.1671875,-0.7681250000000001,0.3140625,0.3878125,-0.3628125,0.2021875,-0.0840625,0.1087499999999999,-0.41875,-0.6596875000000001,-0.2921875,0.1543749999999999,0
NPRHSWSLPKALERVQQAESGVVILLHRTE,0.0723187666666666,-0.101212522,-0.62977038,0.4087139999999999,-0.3180229296666666,0.2383333333333333,-0.1983333333333333,-0.293,-0.1173333333333333,0.0516666666666666,0.048,0.111,-0.0803333333333333,0.111,0.1366666666666666,-0.0243333333333333,-0.2553333333333333,0.0673333333333333,-0.3793333333333333,0.1859666666666667,-0.0895333333333333,0.3922999999999999,0.2569333333333333,0.1461,-0.2103333333333333,-0.1146666666666666,0.0653333333333334,0.2046666666666666,-0.1673333333333333,-0.3049999999999999,-0.089,-0.3036666666666666,-0.0663333333333333,0.0543333333333333,-0.317,0.486,-0.3173333333333333,0.0241333333333333,-0.0106,-0.0689666666666666,-0.0834,-0.0013333333333333,-0.1786666666666666,0.0483333333333333,-1.1484666666666663,-0.3900433333333333,0.7997700000000001,-0.6093333333333334,-0.053,-0.4959999999999999,0.6163333333333334,-0.2943333333333333,0.1653333333333333,0.042,-0.2339999999999999,0.2302666666666666,0.0263,-0.0299333333333333,-0.0481,-0.8000333333333335,-0.2350666666666666,-0.2635666666666666,-0.1277,-0.0622666666666666,-0.1784666666666667,0.2819333333333333,0.2048333333333333,0.1225366666666665,-1.216956666666667,0.0946833333333332,0.1879166666666666,0.11637,-0.1830166666666666,0.1014700000000002,-0.2351,-0.3196166666666666,0.1985166666666667,0.33409,-4.154,0.0726666666666666,-0.0003333333333333,0.111,0.5239999999999999,-0.1403333333333333,-0.0583333333333333,-0.054,-0.1549999999999999,0.0506666666666666,-0.2493333333333333,0.284,0.1449999999999999,-0.7566666666666667,0.0676666666666667,0.3526666666666667,-0.3586666666666667,0.2306666666666666,-0.1423333333333333,0.2553333333333333,-0.2923333333333334,-0.6256666666666667,-0.195,0.3986666666666666,0
MATKADYTLDEESRARIKTRLFTIRQEMASRGLW,0.2034560288235294,-0.3422655488235294,0.3020855705882352,0.3669489882352941,0.336336992352941,0.1811764705882353,-0.1894117647058823,-0.2514705882352941,-0.1744117647058823,0.1597058823529411,0.2299999999999999,-0.013235294117647,-0.1338235294117647,0.2014705882352941,-0.0502941176470588,0.0529411764705882,-0.1952941176470588,0.1017647058823529,-0.1793235294117647,0.316764705882353,0.0001176470588235,0.3427647058823529,-0.0179999999999999,0.2160882352941176,-0.3314705882352941,-0.0188235294117646,0.0370588235294117,0.3305882352941176,-0.4176470588235293,-0.1785294117647058,0.1217647058823529,-0.1444117647058823,-0.1435294117647059,0.078235294117647,-0.3158823529411765,0.3761764705882353,-0.2211764705882352,0.0272941176470588,-0.0532647058823529,-0.0872058823529412,-0.069735294117647,-0.0132647058823529,0.0423529411764706,0.078235294117647,-1.687511764705882,0.4020088235294117,0.280335294117647,-0.6397058823529411,0.4602941176470588,-0.7279411764705883,0.3602941176470588,-0.043235294117647,0.296470588235294,-0.1079411764705882,0.3873529411764705,0.2283823529411764,-0.0095294117647058,-0.0284411764705882,-0.0246764705882353,-0.7335294117647058,-0.175,-0.2165882352941176,-0.0718235294117647,-0.0252941176470588,-0.1547058823529412,0.2254117647058823,0.2646176470588235,0.2844764705882353,-0.992729411764706,-0.2546176470588235,-0.0826588235294117,0.1512705882352941,0.1849764705882353,-0.1048529411764704,-0.6973617647058825,-0.424914705882353,0.8222088235294117,0.528735294117647,-3.903823529411764,0.5723529411764708,-0.1020588235294117,0.2141176470588235,0.558235294117647,-0.1917647058823529,0.1388235294117646,0.0397058823529411,-0.0579411764705882,0.0352941176470587,0.0049999999999999,0.1841176470588235,-0.0397058823529411,-0.7129411764705883,0.3138235294117648,0.3347058823529412,-0.3720588235294118,0.2552941176470588,-0.0670588235294118,0.4285294117647057,-0.1841176470588235,-0.7258823529411764,-0.2467647058823529,0.0923529411764706,0
VTVQSLEIVRVDVERKLLLVKGSVPGATN,-0.1373341386206896,-0.0723458358620689,-0.3733223103448276,0.7244655413793105,-0.2927611679310345,0.0386206896551724,-0.5348275862068965,-0.2889655172413793,-0.0968965517241379,-0.1058620689655172,0.2189655172413793,0.0468965517241379,-0.06,0.0951724137931034,0.0993103448275862,-0.2127586206896551,-0.3586206896551724,0.0558620689655172,-0.5441724137931034,0.1478620689655172,-0.1591379310344827,0.7070344827586207,0.0654137931034482,0.2534137931034483,-0.2206896551724138,-0.3482758620689655,0.4379310344827586,0.1720689655172413,-0.0789655172413793,-0.556551724137931,-0.0548275862068965,-0.1227586206896551,-0.1917241379310345,0.2079310344827586,-0.5462068965517242,0.436206896551724,-0.3534482758620689,-0.0072758620689655,0.0429655172413793,-0.1056551724137931,-0.1294827586206896,-0.0595172413793103,-0.536206896551724,-0.1858620689655172,-0.2628724137931034,-1.655558620689655,0.8861034482758621,-0.1641379310344828,-0.9810344827586208,-0.8796551724137929,0.6534482758620688,-0.263448275862069,0.2637931034482759,0.5313793103448277,-0.0403448275862069,0.2347931034482758,0.0728620689655172,-0.091551724137931,-0.088551724137931,-0.9640689655172414,-0.3862068965517242,-0.3105862068965517,0.0434482758620689,-0.1703448275862069,-0.2073793103448276,0.1095862068965517,0.1639655172413793,-1.2217689655172417,-1.3605862068965515,0.0876,-0.0918689655172414,0.3653965517241379,0.1058137931034483,-1.852606896551724,-0.0966137931034483,-0.526810344827586,-1.419048275862069,0.5053931034482758,-5.109310344827586,0.1158620689655172,0.0496551724137931,0.5251724137931034,0.6686206896551723,-0.0262068965517241,-0.2582758620689655,-0.2179310344827586,-0.4110344827586207,-0.0058620689655172,-0.4986206896551723,0.2775862068965516,-0.0037931034482758,-0.8993103448275863,0.2141379310344827,0.4920689655172414,-0.4651724137931035,-0.0751724137931034,-0.2044827586206896,-0.1227586206896552,-1.0941379310344828,-0.8931034482758622,-0.7075862068965517,0.3227586206896551,0
VTPERTLFQDFIPKFVSLATSGDDFWACSSED,-0.0904560625,0.0726778053124999,-0.719462203125,0.311146775,-0.6853953643749999,0.1068749999999999,-0.1928125,0.0278124999999999,0.0156249999999999,-0.175,0.0799999999999999,-0.1859375,-0.148125,0.2109375,-0.1446875,-0.0671875,-0.3478124999999999,-0.1109374999999999,-0.1868125,-0.064375,-0.1556874999999999,0.2945,0.175125,-0.1932499999999999,0.0187499999999999,-0.21875,-0.1515624999999999,-0.0153125,-0.2540624999999999,-0.274375,-0.1793749999999999,-0.2053124999999999,0.0953125,0.0146874999999999,-0.2528125,0.3634374999999999,-0.5096875000000001,0.0193124999999999,0.0436874999999999,-0.0363437499999999,-0.03084375,0.02559375,-0.421875,-0.0759374999999999,-0.6903968749999998,-1.3072750000000002,0.173475,-0.5943750000000001,-0.6796875000000001,-0.5900000000000001,-0.273125,-0.15,-0.3046874999999999,0.025625,0.4253125,0.2207812499999999,0.0165625,-0.03803125,0.0339999999999999,-0.8410625,-0.3141875,-0.24921875,-0.07040625,-0.0154999999999999,-0.3326875,0.0595,0.1,-0.126825,-0.3659249999999999,0.003315625,0.1382375,0.216978125,0.244925,-0.0255656249999999,-0.1320156249999999,-0.084028125,0.2490531250000001,0.3842375,-4.4109375,-0.3221875,0.2078125,-0.0159375,0.6546875000000001,-0.0140624999999999,-0.0725,-0.1790625,-0.2715625,-0.3375,-0.0665625,-0.1978125,0.1871875,-0.8021875,-0.0849999999999999,0.3028125,-0.4828125,0.1834375,-0.3296875,0.0840625,-0.3259375,0.2299999999999999,-0.675625,0.193125,0
GAKYFKLAGESYKNKDMKQAFFYLGLSLHYLGDVN,0.0838264405714285,-0.0651900542857142,0.0162176914285713,0.23289038,0.1728509891428571,0.0534285714285714,0.0922857142857143,-0.1628571428571428,0.1074285714285714,-0.014,0.252,0.152,0.0874285714285714,0.1754285714285714,-0.1554285714285714,-0.1194285714285714,-0.2405714285714285,0.0602857142857142,-0.1321714285714285,-0.023,0.0572571428571428,0.4786285714285715,-0.2029428571428571,-0.1434,-0.0074285714285714,-0.0631428571428571,-0.2097142857142857,0.0148571428571428,0.1491428571428571,-0.6682857142857143,0.2062857142857142,0.3951428571428572,-0.0122857142857142,0.1837142857142857,-0.1411428571428571,0.3245714285714285,-0.3308571428571428,0.0176857142857142,0.0154285714285714,-0.0462857142857143,-0.0652285714285714,0.0537142857142857,-0.18,-0.0971428571428571,-0.4206342857142854,-0.3522342857142855,0.5097885714285714,-0.4931428571428572,-0.3268571428571429,0.1165714285714285,0.0768571428571428,-0.3788571428571428,0.5128571428571428,0.0594285714285714,0.1308571428571428,0.2242285714285714,0.0115142857142857,0.0309714285714285,-0.0428857142857142,-0.7750000000000001,-0.0516285714285714,0.0525428571428571,-0.0543714285714285,-0.1925999999999999,-0.2819142857142858,-0.0322571428571428,0.4890285714285714,-0.1223657142857142,-0.0776942857142857,-0.0268914285714286,0.2847399999999999,0.40824,0.33176,-0.6836399999999999,0.1245285714285714,-0.5202914285714286,0.1439685714285716,0.2096542857142858,-4.149714285714286,0.0702857142857143,-0.1685714285714286,0.0945714285714285,0.6705714285714286,0.0337142857142857,0.0305714285714285,-0.1285714285714285,0.2325714285714285,0.0542857142857142,-0.1148571428571429,0.3034285714285714,-0.3611428571428571,-0.7577142857142857,0.2114285714285714,0.2968571428571428,-0.331142857142857,0.3291428571428571,-0.4097142857142857,-0.0891428571428572,-0.1959999999999999,-0.168,-0.2131428571428571,0.17,0
RTMTDFHKRIEAADDKLIVLDFYAN,0.1388358543999999,-0.3815097472,0.103421952,0.248461408,0.0170292527999999,0.1048,-0.1567999999999999,-0.3076,0.1264,-0.0611999999999999,0.152,-0.1404,-0.0296,0.1208,-0.1232,0.0103999999999999,-0.2376,-0.0548,-0.1868,0.30176,0.07844,0.2967999999999999,-0.0608799999999999,-0.0023599999999999,-0.3008,0.0048,-0.0696,0.192,-0.23,-0.2996,-0.1392,0.1352,0.3116,0.138,-0.2264,0.2692,-0.3328,0.0058799999999999,-0.0512399999999999,-0.08084,-0.0402,0.0145999999999999,0.0692,-0.0223999999999999,-0.7795359999999998,0.3343679999999999,-0.013252,-0.1848,0.4108,-1.0344,-0.0508000000000001,-0.0372,-0.022,-0.0104,0.2388,0.22784,-0.0295999999999999,-0.01864,-0.06392,-0.7220800000000002,-0.2054,-0.1696,-0.11208,0.00596,0.0658799999999999,0.0823599999999999,0.11144,-0.710144,-0.4780879999999999,0.53416,-0.119748,0.062464,0.33236,-0.587264,-0.239736,-0.06118,-0.6604039999999999,0.0477439999999999,-3.816,0.3276,0.0448,0.1519999999999999,0.4628,-0.0811999999999999,0.1604,0.0743999999999999,-0.2496,-0.1631999999999999,0.0911999999999999,0.1267999999999999,0.0096,-0.7024000000000001,0.1768,0.2828,-0.3796,0.1571999999999999,-0.0703999999999999,0.2251999999999999,0.0164,-0.3372000000000001,-0.2968,0.2527999999999999,0
EAILEVPKEAAKGLVYGIPHFLIGSVVNSFTGV,-0.2913332118181818,-0.0432171463636363,0.1127457787878787,0.5963128727272727,-0.0475507969696969,-0.0733333333333333,-0.3348484848484848,-0.1042424242424242,0.059090909090909,-0.2484848484848485,0.1669696969696969,0.1954545454545454,0.026060606060606,0.2057575757575757,0.0603030303030302,-0.4,-0.3724242424242424,0.0109090909090909,-0.1757575757575757,-0.0108484848484848,-0.1638181818181817,0.676969696969697,0.093030303030303,-0.1176666666666666,-0.1572727272727272,-0.4333333333333333,0.1406060606060606,-0.1366666666666667,-0.0163636363636363,-0.5272727272727272,-0.0518181818181818,0.2003030303030303,-0.073030303030303,0.0199999999999999,-0.4015151515151515,0.419090909090909,-0.4327272727272727,-0.027090909090909,0.0918787878787879,-0.0924848484848484,-0.0912424242424242,0.0295454545454545,-0.7203030303030302,-0.3842424242424242,1.0251727272727276,-2.587242424242424,1.1400151515151515,0.2124242424242424,-1.8172727272727276,-0.3836363636363636,0.4024242424242424,-0.5806060606060606,0.3224242424242424,0.3184848484848485,-0.1784848484848484,0.2321212121212121,0.1232121212121212,-0.0189696969696969,-0.0619393939393939,-0.9731212121212124,-0.4,-0.1791515151515151,0.0113333333333333,-0.2900909090909091,-0.4641212121212121,0.0413939393939394,0.3130303030303031,-1.5730696969696971,-0.3994969696969697,0.2089,0.1458696969696969,0.6247878787878789,0.2420606060606061,-2.322757575757576,0.5817575757575758,-0.4592090909090908,-1.9537181818181812,0.4222121212121212,-5.24,-0.4936363636363637,0.013030303030303,0.3715151515151515,0.7727272727272727,0.1954545454545454,-0.3533333333333333,-0.3739393939393939,-0.2666666666666666,-0.0706060606060606,-0.6596969696969697,0.2806060606060606,-0.0672727272727272,-0.9315151515151516,0.026060606060606,0.5018181818181818,-0.4009090909090909,0.0403030303030303,-0.4948484848484849,-0.5418181818181819,-1.1157575757575755,-0.323030303030303,-0.5375757575757576,0.2842424242424243,0
ESSDVQIMLSAGNNGIEFELVSDVAKQFGD,-0.0547376263333333,-0.0458021913333333,-0.6769130733333335,0.4048084799999999,-0.6353284133333335,0.2723333333333333,-0.2549999999999999,-0.0839999999999999,0.0993333333333333,-0.1973333333333333,0.3389999999999999,-0.1206666666666666,0.0846666666666666,0.1786666666666666,0.0373333333333333,-0.0833333333333333,-0.469,-0.1273333333333333,-0.3485,0.026,-0.2911999999999999,0.4973666666666666,-0.1295666666666666,-0.3318999999999999,-0.1563333333333333,-0.426,-0.1269999999999999,0.1196666666666666,-0.1076666666666666,-0.2743333333333334,-0.2379999999999999,0.2606666666666666,-0.0853333333333333,-0.2213333333333333,-0.3216666666666666,0.2826666666666667,-0.5123333333333334,0.0376666666666666,0.0554333333333333,-0.1072333333333333,-0.0126,0.0235333333333333,-0.7963333333333333,-0.0533333333333333,-1.463003333333333,-2.2422066666666667,-0.2326099999999999,-1.1643333333333332,-1.2436666666666667,-0.9826666666666666,-0.2493333333333333,-0.1483333333333333,0.2599999999999999,0.1386666666666666,-0.0009999999999999,0.2296333333333333,-0.0066333333333333,-0.0822,-0.0190333333333333,-0.9857333333333334,-0.2845333333333334,-0.3042333333333333,0.0022,0.0265333333333333,-0.3499333333333333,0.0281666666666666,0.3366666666666667,-0.9926033333333334,-0.8837666666666666,-0.22607,0.2927633333333334,-0.0247499999999999,0.2221,-1.3502599999999998,-0.6226533333333334,-0.3216766666666667,-0.74147,0.3174233333333333,-5.288333333333333,0.0533333333333333,0.2156666666666667,0.2666666666666666,0.8909999999999999,-0.1149999999999999,-0.277,-0.4106666666666667,-0.1446666666666666,-0.4733333333333333,-0.2383333333333333,0.1766666666666666,-0.2586666666666666,-0.9236666666666667,0.0933333333333333,0.471,-0.5513333333333333,0.356,-0.2636666666666667,0.4649999999999999,-0.7573333333333332,0.0206666666666666,-1.0313333333333334,0.3470000000000001,0
GLDSSQARLTCSLHSDLKDFAGKCSDAAK,0.014730904137931,0.0235617396551724,-1.5140854758620683,0.408732648275862,-0.6614300579310343,0.3251724137931035,-0.3106896551724137,0.1206896551724138,0.1020689655172413,0.1634482758620689,0.1875862068965517,-0.0420689655172414,-0.0051724137931034,0.243103448275862,-0.099655172413793,-0.0224137931034482,-0.4537931034482759,0.1468965517241379,-0.1993103448275862,0.0057931034482758,-0.4508965517241379,0.4412413793103448,-0.0952413793103448,-0.1484482758620689,-0.0862068965517241,-0.4789655172413793,-0.296551724137931,0.1720689655172413,-0.2110344827586206,-0.4024137931034482,-0.0875862068965517,-0.1658620689655172,0.0279310344827586,0.2879310344827585,-0.4072413793103449,0.226551724137931,-0.4658620689655171,0.0742758620689655,0.0492068965517241,-0.1019310344827586,-0.0199310344827586,0.0004137931034482,-1.016206896551724,0.1196551724137931,-2.5240068965517244,-1.963368965517241,-0.3352551724137931,-1.5720689655172415,-1.133103448275862,-0.5393103448275862,0.1217241379310345,0.1737931034482759,0.1824137931034482,-0.2275862068965517,0.4017241379310345,0.2219999999999999,0.0202413793103448,-0.0814137931034482,0.0162068965517241,-1.0218275862068966,-0.2116551724137931,-0.3183448275862069,0.0214827586206896,0.007103448275862,-0.5612413793103448,0.1856206896551724,0.3889310344827587,-0.6422896551724138,-0.8324137931034483,-0.4136655172413793,0.0722344827586206,0.2960448275862069,-0.1221241379310344,-1.3802241379310345,-0.6710275862068965,-0.4907999999999999,-0.0146689655172414,0.9160275862068964,-5.610689655172414,-0.0010344827586206,0.1089655172413793,0.2858620689655172,1.0213793103448274,-0.2462068965517241,-0.2986206896551724,-0.4424137931034483,-0.07,-0.1779310344827586,0.1020689655172413,0.1475862068965517,-0.1041379310344827,-0.9724137931034482,0.0986206896551724,0.5451724137931034,-0.5337931034482758,0.4472413793103448,-0.3089655172413793,0.9872413793103448,-0.6962068965517241,0.2041379310344826,-0.4624137931034483,0.3220689655172414,0
DIDAGNALVDRIKGVVKQTRRPEVM,0.1343262419999999,-0.1117590647999999,-0.041726856,0.4802377479999999,0.0458948859999999,0.2864,-0.4108,-0.2248,-0.1012,-0.0928,0.1812,0.0119999999999999,0.102,0.0492,0.0332,-0.1019999999999999,-0.3324,0.0511999999999999,-0.56888,0.08872,-0.17028,0.4210399999999999,-0.01324,0.1714400000000001,-0.1519999999999999,-0.2448,0.2396,0.3428,-0.1328,-0.2311999999999999,-0.026,0.1079999999999999,-0.0531999999999999,0.0808,-0.4407999999999999,0.2696,-0.2884,0.03672,0.0012,-0.07948,-0.0781999999999999,-0.0394,-0.4123999999999999,0.012,-1.7516519999999998,-0.7307000000000001,0.6779279999999999,-1.0136,-0.3636000000000001,-0.7356,0.3116,-0.0636,0.2316,0.3004,0.1044,0.22296,0.0213599999999999,-0.08904,-0.12088,-0.90432,-0.24496,-0.27656,0.0424,-0.1103999999999999,-0.19236,0.18892,0.2499199999999999,-1.618844,-1.038088,-0.0756479999999999,-0.0525239999999999,0.216808,0.1508679999999999,-2.1969799999999995,-0.349016,-0.292224,-1.616432,0.5022639999999999,-4.802,0.396,-0.0459999999999999,0.4432000000000001,0.6659999999999999,-0.2239999999999999,-0.084,-0.18,-0.1496,-0.0756,-0.1936,0.4156,0.0748,-0.8488,0.2988,0.446,-0.444,0.114,-0.1628,0.5355999999999999,-0.6304000000000001,-0.7264000000000002,-0.42,0.3248,0
SERERKIISKHTKSIINQMLKDPIKQAKELSSD,0.3911190766666665,-0.1608552748484848,-0.5194235575757578,0.1858631848484848,-0.1865553663636363,0.4569696969696969,-0.2824242424242424,-0.4187878787878788,-0.1075757575757575,0.1045454545454545,0.1321212121212121,-0.0924242424242424,-0.0551515151515151,0.1112121212121212,-0.0848484848484848,0.1948484848484848,-0.2690909090909091,0.1406060606060606,-0.3716060606060606,0.2463030303030303,-0.0575454545454545,0.3027878787878788,0.1005757575757575,0.1653333333333333,-0.2218181818181818,-0.006060606060606,0.0318181818181818,0.5239393939393938,0.0321212121212121,-0.3133333333333333,-0.1672727272727272,-0.2133333333333333,-0.0396969696969697,-0.2045454545454545,-0.4075757575757575,0.3678787878787879,-0.2266666666666666,0.0712424242424242,-0.0669696969696969,-0.0669090909090909,-0.091060606060606,-0.0213333333333333,-0.0842424242424242,0.3063636363636363,-2.902642424242424,0.6828878787878788,0.7084666666666667,-1.6936363636363636,0.8333333333333335,-0.9142424242424242,0.7254545454545456,-0.2387878787878788,0.0733333333333333,0.1618181818181817,0.0245454545454545,0.2338484848484848,-0.0478181818181818,-0.0538787878787878,-0.0707575757575757,-0.7856666666666666,-0.1993030303030303,-0.2759090909090909,-0.1187878787878787,0.0653333333333333,0.2062121212121212,0.2179090909090908,0.0842424242424242,0.9500606060606062,-1.7058484848484845,-0.2490696969696968,-0.3353757575757574,0.177360606060606,0.2327212121212121,0.812530303030303,-0.8453151515151516,-0.4977727272727273,1.730978787878788,-0.024490909090909,-4.13878787878788,0.6869696969696969,-0.1781818181818181,0.2427272727272726,0.376060606060606,-0.3751515151515151,0.0742424242424242,0.043030303030303,-0.1509090909090909,0.0533333333333333,0.0133333333333332,0.3366666666666666,0.1242424242424242,-0.7403030303030304,0.2893939393939393,0.3503030303030303,-0.1409090909090909,0.4487878787878787,0.0215151515151515,0.8336363636363638,-0.106060606060606,-0.7266666666666668,-0.3818181818181818,0.4103030303030303,0
FQQEAPERASSVYTRSTGEQEISVGL,0.1108175315384615,0.0275976273076923,-0.4085585692307693,0.4954198846153846,-0.3587554069230769,0.376923076923077,-0.19,-0.1484615384615384,-0.098076923076923,-0.02,0.1634615384615384,0.008076923076923,-0.1226923076923077,0.3792307692307692,0.0953846153846153,0.0488461538461538,-0.3946153846153846,-0.0019230769230769,-0.4348076923076923,0.0199230769230769,-0.2813461538461538,0.428076923076923,0.1018461538461538,0.0145,-0.1242307692307692,-0.3234615384615384,0.0803846153846154,0.3226923076923077,-0.2703846153846154,-0.168076923076923,-0.0642307692307691,-0.1549999999999999,-0.2438461538461538,-0.2280769230769231,-0.2834615384615385,0.4357692307692308,-0.3942307692307692,0.0612307692307692,0.0311923076923076,-0.0787307692307692,-0.0590384615384615,-0.0233846153846153,-0.6042307692307692,0.1346153846153846,-2.6672192307692297,-1.4648923076923075,0.3008846153846154,-1.661923076923077,-0.6584615384615385,-0.6307692307692309,0.2665384615384615,-0.1357692307692307,0.24,0.1538461538461538,0.1461538461538461,0.2248846153846153,0.0059230769230769,-0.0675384615384615,0.0266538461538461,-0.9055,-0.2738846153846154,-0.3109615384615385,-0.0374230769230769,0.0053461538461538,-0.5232307692307693,0.1212692307692307,0.3693461538461538,0.0623423076923075,-1.1170230769230771,-0.7455115384615384,0.6765384615384615,0.0749192307692307,0.1599038461538461,-0.2514269230769229,-0.8390615384615386,-0.3775923076923077,0.7956615384615385,0.6457923076923076,-4.796538461538462,0.1488461538461538,0.2057692307692308,0.0384615384615384,0.8276923076923077,-0.2884615384615384,-0.1826923076923076,-0.3065384615384616,-0.0915384615384615,-0.2292307692307692,-0.238076923076923,0.123076923076923,0.0046153846153846,-0.8503846153846155,0.0688461538461538,0.3473076923076924,-0.6457692307692309,0.3342307692307692,-0.2726923076923077,0.7153846153846153,-0.6738461538461539,-0.4011538461538462,-0.9453846153846152,0.205,0
VSIYLVNGIKLQGQIESFDQFVILLKNTVSQMVY,-0.2256322408823529,-0.0611179511764705,-0.233998661764706,0.3332947529411764,-0.3077924738235293,-0.1914705882352941,-0.2688235294117647,-0.385,0.0602941176470588,-0.125,0.268235294117647,-0.0414705882352941,-0.0117647058823529,0.0723529411764705,0.0576470588235294,-0.1908823529411764,-0.2667647058823529,-0.0714705882352941,-0.1356470588235294,0.1147647058823529,0.1200588235294117,0.4821764705882352,-0.1424411764705882,0.1281470588235294,-0.158235294117647,-0.1329411764705882,0.4258823529411765,-0.0358823529411764,0.1664705882352941,-0.4258823529411765,-0.0776470588235294,0.1205882352941176,-0.031470588235294,-0.3023529411764706,-0.3420588235294117,0.5723529411764705,-0.3991176470588236,-0.0532941176470588,0.030735294117647,-0.0564411764705882,-0.0859705882352941,-0.0467941176470588,-0.1017647058823529,-0.2823529411764705,1.3586323529411766,-0.9237529411764704,0.2931941176470589,0.7385294117647059,-0.5349999999999999,-0.7414705882352941,0.3458823529411764,-0.1023529411764706,0.1605882352941176,0.5699999999999998,-0.0291176470588235,0.234470588235294,0.0003529411764705,-0.0449705882352941,-0.0650882352941176,-0.8226470588235294,-0.2761764705882353,-0.133,-0.0198823529411764,-0.1202941176470588,0.0569999999999999,-0.0636764705882352,0.0835294117647058,-0.1537000000000001,-0.9101970588235294,0.214614705882353,-0.1346764705882352,0.1464911764705882,0.2796941176470588,-0.4437147058823529,-0.0067999999999999,-0.4836205882352941,-0.2516088235294116,-0.1151529411764705,-4.306470588235293,0.1152941176470588,0.0073529411764705,0.3470588235294117,0.4617647058823529,0.186764705882353,-0.123235294117647,-0.043235294117647,-0.3697058823529411,0.0173529411764705,-0.3958823529411764,-0.023235294117647,-0.283235294117647,-0.7773529411764706,0.1802941176470588,0.3858823529411765,-0.26,0.0794117647058823,-0.1076470588235294,-0.741470588235294,-0.6494117647058824,-0.6129411764705882,-0.7305882352941178,0.205,0
ADAYRRIRNTARFMLANLNGFDPAKDLL,0.1090467174999999,-0.2217164474999999,0.1047480428571427,0.4730958857142857,0.2959448685714285,0.1514285714285714,-0.2082142857142857,-0.1764285714285714,0.0564285714285714,0.0464285714285714,0.2153571428571428,0.1260714285714285,9.912705577010326e-18,0.0292857142857143,-0.1742857142857142,-0.1278571428571428,-0.2185714285714285,0.0635714285714285,-0.0999999999999999,0.1233928571428571,-0.0085357142857142,0.4495714285714285,0.0548928571428571,0.0052857142857143,-0.1303571428571429,-0.1017857142857142,-0.1564285714285714,0.1103571428571429,-0.4125000000000001,-0.4078571428571429,0.1842857142857142,0.0992857142857143,0.3624999999999999,0.0378571428571428,-0.2746428571428571,0.2903571428571428,-0.2732142857142857,0.0228928571428571,-0.0098571428571428,-0.0731428571428571,-0.0686428571428571,0.0378571428571428,-0.1614285714285713,-0.1582142857142856,-0.9924464285714282,-0.2113749999999999,0.4350714285714286,-0.4017857142857144,-0.0842857142857144,-0.4642857142857143,0.2335714285714284,-0.0675,0.1039285714285714,-0.1296428571428571,0.185,0.2277142857142857,0.0124285714285714,-0.0199999999999999,-0.0611785714285714,-0.7982500000000001,-0.1386785714285714,-0.1652499999999999,-0.0352142857142857,-0.1338214285714285,-0.2171428571428572,0.1153214285714285,0.3186428571428572,-1.1406928571428572,-0.7287107142857143,0.5001321428571428,-0.073375,0.2289,-0.0197678571428571,-1.3532571428571427,-0.1411285714285714,-0.303725,-0.9475214285714284,0.8007249999999999,-4.2682142857142855,0.2885714285714286,-0.0253571428571428,0.2685714285714285,0.6624999999999999,-0.0596428571428571,0.1135714285714285,-0.0660714285714286,-4.7580986769649563e-17,0.0032142857142857,-0.0082142857142857,0.2721428571428571,-0.0453571428571428,-0.7700000000000001,0.2421428571428571,0.3367857142857143,-0.497142857142857,0.1278571428571428,-0.2214285714285714,0.177142857142857,0.005,-0.2910714285714286,-0.1542857142857142,0.5128571428571429,0
GKGISYCAICDAALYKGKTVGVVGGGNSAIQ,-0.2591078480645162,0.2540555725806451,0.098030529032258,0.5334836967741937,0.3525120887096774,0.0674193548387097,-0.3351612903225806,0.2954838709677419,0.1212903225806451,-0.0170967741935483,0.3293548387096774,0.2619354838709677,0.1274193548387096,0.2354838709677419,0.072258064516129,-0.3735483870967742,-0.4932258064516129,0.2129032258064516,-0.146741935483871,-0.354258064516129,-0.4745806451612904,0.570774193548387,-0.4102580645161289,-0.0850322580645161,0.1174193548387096,-0.7187096774193551,0.2409677419354838,-0.0238709677419355,-0.0209677419354838,-0.2974193548387097,0.1696774193548387,0.4880645161290322,-0.312258064516129,0.0087096774193547,-0.4548387096774194,0.2829032258064516,-0.4596774193548387,0.0247096774193548,0.1530967741935484,-0.0732903225806451,-0.0452903225806451,-0.0398064516129032,-1.3693548387096772,-0.1754838709677419,-0.5846612903225804,-3.5734935483870967,0.3815741935483869,-0.8293548387096773,-2.6825806451612904,0.2877419354838709,0.2699999999999999,0.0680645161290322,0.743225806451613,0.4361290322580645,0.1303225806451612,0.217516129032258,0.1301612903225806,-0.0664838709677419,-0.0295483870967742,-1.140258064516129,-0.3141935483870968,-0.2190645161290322,0.1737096774193547,-0.2646451612903225,-0.9864193548387098,0.0714516129032257,0.6278387096774194,-2.5161806451612905,-0.1142419354838709,-0.501716129032258,0.2961129032258063,0.7800548387096775,0.0464709677419354,-4.244070967741935,0.1228096774193548,-0.682816129032258,-2.632503225806451,1.1034967741935484,-6.350967741935485,-0.4129032258064516,0.0416129032258064,0.5422580645161289,1.2796774193548386,-0.0019354838709677,-0.5722580645161289,-0.7364516129032258,0.0887096774193548,0.0093548387096773,-0.4606451612903225,0.4074193548387096,-0.4345161290322581,-1.0961290322580644,0.1299999999999999,0.696451612903226,-0.5825806451612904,0.3129032258064516,-0.6119354838709677,0.3022580645161289,-1.5861290322580646,-0.087741935483871,-0.5280645161290324,0.0241935483870968,0
SSTAAGSGLREAANATSAPASTSGQPGASTGSSGT,-0.1461683425714285,0.4579618754285714,-0.9469026485714288,0.8969469285714285,-0.2456015891428571,0.5625714285714286,-0.4377142857142858,0.478,0.0222857142857143,-0.0088571428571428,0.3597142857142857,0.3462857142857142,-0.3588571428571429,0.4491428571428572,0.0828571428571428,-0.1842857142857143,-0.6917142857142857,0.3331428571428571,-0.2362857142857142,-0.5245428571428571,-0.9003142857142855,0.7455428571428572,0.0781999999999999,-0.3009999999999999,0.2111428571428571,-1.0677142857142858,-0.128,0.176,-0.2785714285714286,-0.3099999999999999,-0.1777142857142856,-0.2122857142857142,-0.4837142857142856,-0.1451428571428571,-0.541142857142857,0.3691428571428571,-0.6934285714285715,0.1250857142857143,0.2035428571428571,-0.1064571428571428,-0.0608,-0.0086857142857143,-2.124571428571429,-0.0448571428571428,-4.051074285714287,-5.32612,0.6650885714285714,-2.9922857142857144,-3.345714285714285,0.0179999999999999,0.6688571428571428,0.0785714285714286,0.1828571428571428,-0.1368571428571428,0.5085714285714285,0.2165428571428571,0.1581428571428571,-0.1184285714285714,0.1378857142857142,-1.3152571428571431,-0.4158857142857143,-0.5788857142857144,0.1030285714285714,-0.0273999999999999,-1.563114285714286,0.1512857142857142,0.6680285714285714,-1.84664,-0.9523285714285716,-0.8354114285714286,0.6883485714285714,0.8802857142857142,-0.3822028571428572,-3.239474285714285,-0.6096114285714286,-0.6521428571428572,-1.0973457142857144,2.119157142857143,-7.382000000000001,-0.7988571428571429,0.4351428571428572,0.3425714285714286,1.6462857142857144,-0.3008571428571428,-0.7614285714285715,-1.0985714285714288,-0.0254285714285714,-0.202,-0.3845714285714285,0.2191428571428571,-0.08,-1.252571428571429,-0.1648571428571428,0.7317142857142857,-0.9868571428571428,0.402,-0.7791428571428571,1.237428571428571,-1.695142857142857,0.2825714285714285,-0.8202857142857143,0.5382857142857145,0
EPGEFTRRAFLNDKLDLAQAEAVADLIEA,0.1007741444827586,-0.5045806389655173,-0.2193680999999999,0.5968272137931033,-0.3002747496551724,0.2503448275862069,-0.3010344827586207,-0.18,-0.053103448275862,-0.089655172413793,0.1389655172413793,-0.0634482758620689,0.0837931034482758,0.2958620689655172,-0.029655172413793,-0.1286206896551724,-0.356551724137931,-0.1424137931034483,-0.2393103448275862,0.3926896551724137,-0.1694137931034482,0.6289655172413794,0.1736896551724138,-0.2927931034482759,-0.5144827586206897,-0.2858620689655172,-0.4331034482758621,0.1424137931034483,-0.5200000000000001,-0.4593103448275861,0.113103448275862,0.0258620689655172,0.2458620689655172,-0.0268965517241379,-0.2851724137931034,0.2055172413793103,-0.3279310344827586,0.0322758620689655,-0.0160689655172413,-0.1626896551724138,-0.0496206896551724,0.0997931034482758,-0.4896551724137931,-0.1075862068965517,-1.5032793103448276,-1.2963241379310346,0.4526310344827586,-0.8127586206896554,-0.5903448275862072,-1.266896551724138,-0.056551724137931,-0.5431034482758621,0.3575862068965517,-0.2134482758620689,0.1244827586206896,0.232103448275862,0.0188275862068965,-0.0539655172413793,-0.0884827586206896,-0.8943103448275863,-0.3211724137931035,-0.2662758620689655,-0.0478620689655172,-0.0953103448275862,-0.2617931034482759,0.1028620689655172,0.3775172413793103,-1.930855172413793,-0.7482206896551724,0.3402586206896551,0.3040448275862069,0.0456689655172413,0.3531655172413793,-2.103548275862069,-0.2174448275862069,-0.1613793103448276,-2.0582758620689656,0.313355172413793,-4.787241379310344,0.1689655172413793,0.1651724137931034,0.2827586206896551,0.7841379310344828,-0.1082758620689655,-0.0379310344827586,-0.2113793103448276,-0.2027586206896551,-0.3786206896551724,-0.2686206896551724,0.3082758620689655,-0.0334482758620689,-0.8510344827586208,0.1582758620689655,0.3941379310344828,-0.6344827586206897,0.1093103448275861,-0.2668965517241379,0.3120689655172413,-0.4737931034482758,-0.2396551724137931,-0.7748275862068965,0.5127586206896552,0
GLDIIKFEKEIKNAIEKLHNNDIEV,0.2589981908,-0.4242952424,0.5017462319999999,0.19212652,0.1122693552,0.2756,-0.214,-0.4172,0.122,-0.1404,0.2284,-0.1776,0.1388,-0.0088,-0.0516,0.0439999999999999,-0.2904,-0.1131999999999999,-0.2759999999999999,0.35888,0.05484,0.4132,-0.09164,-0.1849599999999999,-0.3908,-0.01,-0.0883999999999999,0.3,-0.1072,-0.3568,-0.0764,0.4308,0.2652,-0.2836,-0.2764,0.2072,-0.252,0.02296,-0.0581199999999999,-0.10624,-0.0532,0.05212,-0.0203999999999999,0.1143999999999999,-1.0728439999999997,0.205272,0.424968,-0.7051999999999999,0.3303999999999999,-1.2496,0.0564,-0.556,0.3843999999999999,0.3987999999999999,-0.5032,0.24244,-0.03592,-0.02564,-0.13912,-0.7744,-0.31936,-0.21972,-0.14436,0.02416,0.3768399999999999,0.08068,0.1065199999999999,-1.15504,-1.039632,0.76528,-0.2115159999999999,0.0061799999999999,0.53454,-0.991148,-0.2589239999999999,-0.164952,-1.4897320000000005,-0.6715199999999999,-4.070400000000001,0.53,-0.0007999999999999,0.3027999999999999,0.4040000000000001,-0.1519999999999999,0.0792,0.0268,-0.1772,-0.2672000000000001,-0.222,0.5399999999999999,-0.1587999999999999,-0.7356,0.2375999999999999,0.3440000000000001,-0.2456,0.3215999999999999,-0.0176,0.3459999999999999,-0.2023999999999999,-0.5684,-0.7032,0.3968,0
PPAQPSFLQRYSAPQPAALTADDLMTFLRAY,-0.0448090625806451,0.032442059032258,-0.7992566580645163,0.4879401064516128,-0.4947229458064516,0.1035483870967742,-0.2745161290322581,-0.1187096774193548,-0.1483870967741935,-0.1038709677419354,-0.1803225806451613,0.1719354838709677,-0.1625806451612903,0.2567741935483871,-0.0661290322580645,-0.2499999999999999,-0.2887096774193549,-0.0119354838709677,-0.0226774193548387,-0.0683548387096773,-0.1049354838709676,0.414516129032258,0.6348387096774195,-0.1695483870967742,0.0016129032258064,-0.2358064516129032,-0.307741935483871,-0.12,-0.1129032258064516,-0.4529032258064515,0.1012903225806451,-0.5554838709677418,0.2464516129032257,-0.1264516129032258,-0.2841935483870968,0.5229032258064515,-0.4283870967741935,0.0191935483870967,0.0447419354838709,-0.032258064516129,-0.0851935483870967,0.079,-0.4435483870967743,-0.3235483870967742,-0.509074193548387,-1.3947258064516133,1.4579354838709675,-0.5012903225806451,-0.7193548387096775,-0.1806451612903226,0.4480645161290323,-0.4874193548387097,-0.4635483870967742,-0.3029032258064515,0.4683870967741936,0.2165483870967742,0.0629354838709677,-0.033774193548387,-0.0113225806451613,-0.8613548387096773,-0.2275161290322581,-0.1532258064516128,-0.0413548387096774,-0.2116774193548387,-0.4716129032258064,0.025774193548387,0.1403225806451613,-0.9676258064516128,-0.3929935483870968,0.2374225806451612,0.1469935483870967,0.2737548387096775,0.0466516129032258,-0.9575935483870964,0.4312064516129032,-0.0300032258064516,-0.8470225806451613,0.6591032258064515,-4.559032258064517,-0.5258064516129032,0.0190322580645161,0.1138709677419354,0.575806451612903,0.0829032258064516,-0.047741935483871,-0.1777419354838709,-0.2345161290322581,-0.0003225806451612,-0.2948387096774194,-0.1519354838709677,0.4151612903225807,-0.8241935483870967,-0.0448387096774193,0.3238709677419355,-0.427741935483871,-0.0751612903225806,-0.4177419354838709,-0.4458064516129032,-0.237741935483871,0.0932258064516129,-0.250967741935484,0.6348387096774194,0
LGVALLNINEDHNFFESAIFGFGAAVGFSLVLILFSA,-0.4896664975675676,-0.2210876981081081,-0.1087038054054054,0.5986391135135135,-0.1877091659459459,-0.2667567567567567,-0.237027027027027,-0.0662162162162162,0.2618918918918919,-0.2151351351351351,0.3778378378378378,0.1427027027027027,0.0662162162162162,0.1710810810810811,-0.0618918918918918,-0.4702702702702703,-0.3359459459459459,-0.0867567567567567,0.1809459459459459,0.1198108108108108,-0.0749189189189188,0.7512972972972973,-0.0825405405405405,-0.2795405405405405,-0.2905405405405405,-0.4240540540540541,-0.0767567567567567,-0.3664864864864864,-0.2262162162162162,-0.5962162162162162,-0.0235135135135135,0.3981081081081081,0.2581081081081081,-0.1297297297297297,-0.2986486486486486,0.4183783783783783,-0.4970270270270271,-0.0652702702702702,0.0957567567567567,-0.1284054054054053,-0.0535945945945946,0.0698108108108108,-0.6359459459459458,-0.5851351351351352,2.314483783783784,-2.8079297297297297,0.224272972972973,1.1267567567567565,-1.997567567567568,-0.6432432432432432,0.0564864864864864,-0.3554054054054054,0.3594594594594595,0.0224324324324324,-0.124054054054054,0.2394594594594594,0.0927027027027027,0.0083783783783783,-0.0336756756756756,-0.947108108108108,-0.3633243243243243,-0.1446216216216216,-0.0104054054054054,-0.2735675675675675,-0.4,-0.0141351351351351,0.4016756756756757,-1.3090648648648648,-0.242472972972973,0.5369756756756756,0.1259216216216216,0.5720837837837838,0.1394837837837838,-1.912835135135135,0.5663783783783785,-0.5801054054054053,-1.5838918918918918,0.5073081081081081,-5.124054054054054,-0.4729729729729729,0.1156756756756756,0.3308108108108107,0.86,0.3891891891891892,-0.3278378378378379,-0.3545945945945946,-0.2872972972972973,-0.1821621621621622,-0.5197297297297298,0.1132432432432432,-0.3778378378378378,-0.9145945945945948,0.004054054054054,0.4870270270270271,-0.4827027027027027,0.1154054054054053,-0.4875675675675676,-0.8662162162162161,-0.8664864864864864,0.0175675675675675,-0.6051351351351352,0.3837837837837838,0
KFGVIVLNSPGTIDSDYRGELKIIMINLGQKDFQLTPAM,-0.076970822051282,0.0332263551282051,0.0334991794871794,0.3390336256410255,0.0196289238461538,0.04,-0.2964102564102564,-0.1825641025641025,0.001025641025641,-0.1817948717948718,0.2210256410256409,0.0315384615384615,0.0256410256410256,-0.0207692307692307,-0.0492307692307692,-0.2069230769230768,-0.308974358974359,-0.0094871794871794,-0.0651538461538461,-0.0766410256410256,-0.0495128205128204,0.4494615384615384,0.0369230769230769,-0.0973333333333333,0.0061538461538461,-0.2192307692307692,0.1048717948717948,0.0038461538461538,0.0656410256410256,-0.3364102564102564,0.0725641025641025,0.1394871794871795,-0.0035897435897435,-0.1635897435897436,-0.3669230769230769,0.408974358974359,-0.388974358974359,-0.0015384615384615,0.0491538461538461,-0.042051282051282,-0.0721282051282051,0.0152564102564102,-0.3684615384615385,-0.203076923076923,0.1053871794871797,-1.2657666666666667,0.8184666666666666,-0.2853846153846154,-0.8492307692307693,-0.3515384615384614,0.1515384615384615,-0.2971794871794871,0.0769230769230768,0.2756410256410256,0.0607692307692307,0.2259743589743589,0.0313076923076923,-0.0455897435897435,-0.0678717948717948,-0.8837435897435896,-0.2471282051282052,-0.1628974358974358,0.0007435897435897,-0.1457948717948718,-0.1114871794871795,0.0101025641025641,0.1535897435897435,-1.0977564102564104,-0.6862487179487178,0.1976205128205127,-0.2263538461538461,0.3068487179487179,0.284325641025641,-1.538266666666667,0.0676615384615384,-0.333025641025641,-1.2188615384615384,0.1406051282051282,-4.716923076923077,0.0282051282051282,-0.103076923076923,0.3976923076923077,0.5725641025641025,0.0830769230769231,-0.1182051282051282,-0.1982051282051282,-0.1166666666666666,-0.0825641025641026,-0.3417948717948718,0.1823076923076922,-0.068974358974359,-0.83974358974359,0.1979487179487179,0.4307692307692308,-0.2492307692307692,0.1615384615384615,-0.2635897435897436,-0.3074358974358975,-0.648974358974359,-0.3694871794871795,-0.5241025641025642,0.2966666666666667,0
IVDGEAWLYDVHIAPYEQSGAYFNHEPTRPRKLLLHRREI,0.1217792754999999,-0.0864551475,0.06458116,0.2413679724999999,0.03685552225,0.14175,0.0102499999999999,-0.26875,0.02275,-0.076,-0.04,0.0992499999999999,0.0177499999999999,0.1147499999999999,0.0485,-0.0342499999999999,-0.19025,-0.026,-0.218625,0.076025,0.08585,0.266375,0.1918,-4.999999999999449e-05,-0.06925,0.04675,-0.022,0.09275,-0.25625,-0.25075,-0.07725,0.0107499999999999,0.1285,0.1224999999999999,-0.14375,0.3815,-0.29175,0.0103249999999999,-0.0187,-0.02345,-0.0623,0.034625,0.1127499999999999,0.0189999999999999,-0.47886,0.2576025000000001,0.8290425000000001,-0.28625,0.2142499999999999,-0.223,0.10825,-0.38475,0.0982499999999999,0.121,-0.24525,0.223375,0.01505,0.023875,-0.057,-0.6839250000000001,-0.1669,-0.115675,-0.1747,-0.0951999999999999,-0.1511,0.166525,0.2160749999999999,-0.10603,-0.5490524999999999,0.45247,0.333735,0.0400649999999999,0.077205,0.1434450000000003,0.0570374999999999,-0.0889725,-0.1715149999999999,0.1923524999999999,-3.5144999999999995,-0.0172499999999999,-0.0132499999999999,-0.06675,0.433,-0.0497499999999999,0.15075,0.0497499999999999,-0.011,-0.04225,-0.1865,0.27725,0.17275,-0.6635,0.0269999999999999,0.226,-0.33525,0.236,-0.2065,0.0447499999999999,0.0442499999999999,-0.39625,-0.1057499999999999,0.239,0
NLLGSGDRSDRIRTYNFPQGRVTDHRIGLTLYRLDEVIEGKL,0.139436675952381,0.1319596769047619,0.0548356499999999,0.4318073357142856,0.2330498754761905,0.2278571428571429,-0.1321428571428571,-0.1826190476190476,0.0507142857142857,-0.0492857142857143,0.2535714285714285,0.0619047619047618,0.0164285714285714,-0.0485714285714285,-0.0559523809523809,0.0173809523809524,-0.2566666666666667,0.0566666666666666,-0.2696190476190476,-0.1269047619047618,-0.0449523809523809,0.4364999999999999,-0.0614523809523809,0.1206190476190476,0.1476190476190476,-0.0902380952380952,0.2119047619047619,0.2480952380952381,-0.3554761904761904,-0.294047619047619,0.1071428571428571,0.1533333333333333,0.0173809523809524,0.2111904761904761,-0.2685714285714285,0.3011904761904762,-0.2921428571428571,0.0392857142857142,0.0212142857142857,-0.0223095238095238,-0.0852380952380952,-0.0281190476190476,-0.1623809523809523,0.1111904761904761,-1.5690261904761902,-0.2382547619047617,0.4925761904761905,-0.998809523809524,-0.1864285714285717,-0.150952380952381,-0.0188095238095238,-0.0088095238095238,0.2409523809523809,0.3757142857142857,-0.0388095238095238,0.2214047619047618,0.0004761904761904,-0.0336904761904761,-0.0498333333333333,-0.7982142857142859,-0.1362142857142857,-0.210095238095238,-0.0621428571428571,-0.0566428571428571,-0.2050714285714286,0.1163571428571428,0.3148809523809524,-0.4629928571428572,-1.1304166666666668,0.1701023809523809,0.2306071428571428,0.1497404761904762,0.0477952380952381,-0.6547380952380951,-0.5380785714285714,-0.3932809523809523,-0.1985690476190474,0.692895238095238,-4.195,0.4376190476190477,0.0185714285714285,0.17,0.6607142857142857,-0.1721428571428571,0.0869047619047619,-0.1169047619047619,0.1323809523809523,-0.0978571428571428,-0.0954761904761904,0.3819047619047618,-0.0269047619047619,-0.7559523809523809,0.2292857142857143,0.2959523809523809,-0.501904761904762,0.3030952380952381,-0.205,0.468095238095238,-0.3414285714285713,-0.6604761904761904,-0.4930952380952381,0.1957142857142857,0
AGEVIACHTVEDWNNKLKAAKESNKLIVIDFTAVWCP,-0.0745471375675675,-0.2439357972972973,-0.0027414297297298,0.2844029351351351,-0.125608584054054,0.0551351351351351,-0.2956756756756756,-0.0375675675675675,0.0178378378378378,0.0008108108108108,0.1116216216216216,-0.0756756756756756,-0.0686486486486486,0.1405405405405405,0.044054054054054,-0.1454054054054054,-0.3348648648648648,0.0005405405405405,-0.2446216216216216,0.2037297297297297,-0.1458918918918919,0.3116486486486486,-0.0502702702702702,-0.0875405405405405,-0.2997297297297297,-0.2518918918918919,-0.0283783783783783,0.0345945945945946,-0.1562162162162162,-0.2548648648648648,-0.09,0.0351351351351351,0.0386486486486486,-0.0678378378378378,-0.3502702702702702,0.3405405405405405,-0.4010810810810811,-0.0021351351351351,0.0114324324324324,-0.0904324324324324,-0.0295135135135135,0.0142432432432432,-0.4445945945945945,-0.0937837837837837,-0.0555675675675674,-1.1724108108108104,0.2086621621621621,0.0145945945945946,-0.6843243243243242,-0.7605405405405404,0.2497297297297297,-0.2213513513513513,0.2091891891891892,0.1902702702702703,-0.0627027027027027,0.2326756756756756,0.0514324324324324,-0.0391351351351351,-0.0467297297297297,-0.8683243243243244,-0.3977027027027027,-0.268,-0.0551621621621621,-0.0544324324324324,-0.2306216216216216,0.1725135135135135,0.119,-1.4759432432432436,-0.3218567567567568,0.4829432432432431,-0.1849054054054054,0.2437351351351351,0.1100243243243243,-1.7398999999999996,0.1941891891891892,-0.1006081081081081,-1.959294594594595,0.0233459459459459,-4.648918918918921,-0.2659459459459459,0.127027027027027,0.285945945945946,0.6659459459459459,-0.0013513513513513,-0.1786486486486486,-0.1608108108108108,-0.3243243243243243,-0.09,-0.2418918918918919,0.1616216216216215,-0.0910810810810811,-0.8389189189189189,0.0132432432432432,0.4778378378378378,-0.3716216216216216,0.1235135135135135,-0.1956756756756756,0.0459459459459459,-0.5318918918918918,-0.0937837837837838,-0.3335135135135135,0.2210810810810811,0
FGVQRNAVRQTYLKWEQARIPYTISSQYSSYSRSKIAEAIEE,0.1596895288095238,-0.0110580999999999,-0.10035235,0.2978570119047618,-0.0477880238095237,0.1978571428571428,-0.0695238095238095,-0.2566666666666667,-0.0678571428571428,0.0878571428571428,0.1311904761904762,0.0333333333333333,-0.1442857142857143,0.334047619047619,0.0192857142857142,0.0861904761904762,-0.2314285714285714,0.0769047619047618,-0.2950952380952381,0.071095238095238,0.025,0.2952857142857142,-0.0229761904761904,0.2267857142857142,-0.0835714285714285,-0.0366666666666666,0.2376190476190477,0.2938095238095238,-0.2673809523809524,-0.2242857142857143,-0.1471428571428571,-0.1202380952380952,-0.1452380952380952,-0.3133333333333333,-0.2371428571428571,0.4899999999999999,-0.2904761904761904,0.0295714285714285,-0.016595238095238,-0.033095238095238,-0.085,-0.0473809523809523,-0.0426190476190475,0.1064285714285714,-1.6555809523809526,0.1176523809523809,0.4317190476190476,-0.8273809523809522,0.3247619047619046,-0.4857142857142857,0.5111904761904763,-0.0307142857142857,0.1661904761904761,0.3464285714285715,0.1657142857142856,0.2269523809523809,-0.015095238095238,-0.0165714285714285,0.0051190476190476,-0.7319761904761906,-0.2016190476190476,-0.2083809523809524,-0.1108809523809523,-0.009047619047619,-0.2986190476190477,0.1136904761904761,0.2744761904761905,1.1948071428571427,-1.1392142857142855,-0.3212928571428571,0.3508642857142857,0.1432833333333333,0.1308095238095238,1.0669428571428572,-0.6360833333333333,-0.4981285714285715,2.0258547619047613,0.5826904761904762,-3.817142857142857,0.2485714285714286,0.0838095238095238,-0.0321428571428571,0.5821428571428571,-0.2007142857142857,0.088095238095238,-0.0069047619047619,-0.114047619047619,0.0745238095238095,-0.1178571428571428,0.0630952380952381,-0.0326190476190476,-0.704047619047619,0.1,0.2571428571428571,-0.4535714285714285,0.3266666666666666,-0.1509523809523809,0.3471428571428572,-0.1254761904761905,-0.5457142857142857,-0.5073809523809524,0.1661904761904761,0
TESRLAIAMAREGGLGVLHQNMDTDRVVAEVERVKRADE,0.1272414923076923,-0.3694900717948718,0.0104858820512819,0.5495095717948717,0.0221258479487179,0.3197435897435897,-0.3302564102564103,-0.2328205128205128,-0.0694871794871794,0.0148717948717948,0.2397435897435897,0.0128205128205128,0.0712820512820512,0.2002564102564102,0.1284615384615384,-0.0497435897435897,-0.3602564102564102,0.0148717948717948,-0.5187948717948718,0.3336153846153846,-0.2534102564102564,0.4771794871794871,-0.0549743589743589,0.0583846153846154,-0.4341025641025641,-0.3053846153846153,0.0248717948717948,0.3548717948717949,-0.3546153846153845,-0.1607692307692307,-0.024102564102564,0.1089743589743589,-0.1397435897435897,0.2115384615384615,-0.3812820512820513,0.2502564102564101,-0.2979487179487178,0.0401538461538461,-0.016076923076923,-0.144051282051282,-0.0397435897435897,-0.0103333333333333,-0.4917948717948717,0.0515384615384615,-2.1051948717948714,-1.055453846153846,0.0294333333333333,-1.021025641025641,-0.4907692307692309,-1.0538461538461537,0.1841025641025641,-0.0897435897435897,0.507948717948718,-0.0564102564102563,-0.0058974358974359,0.230025641025641,0.0146923076923077,-0.0775897435897435,-0.070051282051282,-0.9105384615384612,-0.242871794871795,-0.3011794871794871,0.0104871794871794,-0.0415897435897435,-0.3196153846153846,0.2446153846153846,0.3827948717948717,-1.4186769230769232,-1.000848717948718,-0.3145692307692307,0.229474358974359,-0.0289179487179487,0.0964487179487179,-2.005705128205128,-0.7196948717948717,-0.2931282051282051,-1.3266615384615388,0.5590538461538462,-4.893076923076924,0.4707692307692308,0.0376923076923077,0.3684615384615385,0.795897435897436,-0.2635897435897436,-0.1482051282051281,-0.2325641025641025,-0.1046153846153846,-0.2258974358974359,-0.172051282051282,0.4358974358974359,-0.0905128205128205,-0.8607692307692306,0.2889743589743589,0.4702564102564103,-0.5523076923076923,0.2158974358974359,-0.1223076923076923,0.7823076923076923,-0.6905128205128204,-0.6369230769230768,-0.5274358974358975,0.2248717948717949,0
TGHRVSQEVIPLLRDETRWQAASLATLAAGHRDAAEKIAE,0.0589905614999999,-0.35060274425,-0.3525813024999999,0.57022174,-0.1240495217499999,0.27225,-0.2827499999999999,-0.13225,-0.0895,0.0605,0.1359999999999999,0.0835,-0.0564999999999999,0.3145,0.14575,-0.0797499999999999,-0.3505,0.06375,-0.2703500000000001,0.301975,-0.2444499999999999,0.5297000000000001,0.0937249999999999,-0.0034499999999999,-0.4439999999999999,-0.34425,-0.1052499999999999,0.23575,-0.436,-0.27525,-0.05575,-0.14825,-0.0465,0.04025,-0.3485,0.3395,-0.3535,0.0354499999999999,-0.0009999999999999,-0.140475,-0.061675,0.0228499999999999,-0.575,0.00775,-1.7943725,-1.3899024999999998,0.5121575,-0.8719999999999999,-0.6897500000000002,-0.9115,0.44425,-0.20675,0.4042499999999999,-0.1529999999999999,0.09825,0.227725,0.0496,-0.0536,-0.054575,-0.903825,-0.319525,-0.350475,-0.074775,-0.0539499999999999,-0.47635,0.2700749999999999,0.398925,-1.271485,-0.9380125,0.1060199999999999,0.340815,0.2357199999999999,-0.0290625,-1.7122699999999995,-0.3193225,-0.312615,-1.3329625,0.6455499999999998,-4.8785,0.03375,0.1565,0.2555,0.8497499999999999,-0.1797499999999999,-0.149,-0.263,-0.2155,-0.1005,-0.25525,0.3389999999999999,-0.00225,-0.86875,0.083,0.4715,-0.601,0.2157499999999999,-0.242,0.554,-0.6599999999999999,-0.525,-0.36375,0.3915,0
IDDLVGGLAALSELHAFKLRVDPANFKILAHNVIVV,-0.2783353813888889,-0.2989019994444445,-0.4621008611111111,0.5877927805555555,-0.3279681397222222,-0.1119444444444444,-0.3933333333333333,-0.2302777777777777,0.1447222222222221,-0.1680555555555555,0.1816666666666666,0.0924999999999999,0.0897222222222222,0.0975,0.045,-0.36,-0.3311111111111111,-0.0286111111111111,-0.1243055555555555,0.2525277777777777,-0.0685833333333333,0.6935833333333333,0.0459722222222222,-0.0914444444444444,-0.3686111111111111,-0.3447222222222223,0.0241666666666666,-0.1311111111111111,-0.1352777777777777,-0.6124999999999999,-0.1630555555555555,0.1383333333333333,0.2488888888888888,0.1258333333333333,-0.4127777777777777,0.3616666666666666,-0.4191666666666667,-0.0416111111111111,0.0418055555555555,-0.1305,-0.0815277777777778,0.0372777777777777,-0.511111111111111,-0.4005555555555555,1.2778111111111112,-1.9172861111111112,0.6635805555555554,0.7113888888888888,-1.260833333333333,-0.9536111111111112,0.3563888888888888,-0.3724999999999999,0.2283333333333333,0.1341666666666666,-0.1813888888888888,0.2364444444444445,0.0803055555555555,-0.0329444444444444,-0.1127777777777778,-0.9304722222222224,-0.3653611111111112,-0.2238055555555555,-0.0331111111111111,-0.2145,-0.1805833333333333,0.0891944444444444,0.2288333333333333,-1.815425,-0.6977027777777778,0.8350333333333331,-0.1262166666666666,0.4028527777777777,0.0622555555555555,-2.235888888888889,0.4924361111111112,-0.3873361111111111,-2.426813888888889,0.3116361111111112,-4.9975000000000005,-0.2544444444444445,0.0636111111111111,0.4616666666666666,0.6844444444444444,0.2063888888888888,-0.2294444444444444,-0.2205555555555555,-0.4308333333333334,-0.0811111111111111,-0.4622222222222222,0.2780555555555555,-0.0994444444444444,-0.89,0.0736111111111111,0.5116666666666668,-0.3958333333333333,-0.0041666666666666,-0.2905555555555555,-0.5144444444444445,-0.7877777777777779,-0.365,-0.3608333333333333,0.5205555555555557,0
EGEPGFREREQAMIAELCALDGVVLATGGGAVMRDANRAALRAGGRVV,-0.081717738125,-0.2394454904166667,0.2264068645833332,0.7099880166666667,0.299099081875,0.21625,-0.3645833333333333,0.0470833333333333,-0.0829166666666666,-0.0054166666666666,0.2829166666666666,0.2310416666666667,0.199375,0.2483333333333333,0.1147916666666666,-0.324375,-0.4054166666666667,0.0677083333333333,-0.3154166666666667,0.1185416666666666,-0.4086458333333333,0.6243958333333333,-0.076,-0.0824999999999999,-0.3254166666666666,-0.55625,-0.0681249999999999,0.1179166666666666,-0.4339583333333334,-0.2020833333333333,0.2729166666666667,0.294375,-0.1777083333333333,0.16625,-0.4102083333333333,0.2245833333333333,-0.3164583333333333,0.0305833333333333,0.0625208333333333,-0.15,-0.0370833333333333,0.0265208333333333,-0.9635416666666666,-0.1745833333333333,-1.2943645833333333,-2.578095833333333,0.3762208333333333,-0.8372916666666667,-1.7908333333333335,-0.4347916666666667,0.1518749999999999,-0.19875,0.7945833333333333,-0.1499999999999999,0.0439583333333333,0.2246875,0.0936458333333333,-0.0676041666666666,-0.0729583333333333,-1.0443333333333331,-0.2598125,-0.2451875,0.127125,-0.256625,-0.7657916666666668,0.2359375,0.6590625,-2.5280791666666667,-0.5014625,-0.5362333333333335,0.4099375,0.3367604166666667,0.02700625,-3.829822916666666,-0.2382625,-0.4903625,-2.59473125,1.0780354166666666,-5.7245833333333325,0.085625,-0.0260416666666666,0.5035416666666667,1.1120833333333335,-0.1064583333333333,-0.3610416666666667,-0.5220833333333333,0.0891666666666666,-0.17625,-0.406875,0.5329166666666666,-0.2210416666666666,-0.9945833333333332,0.2764583333333333,0.598125,-0.6452083333333333,0.2043749999999999,-0.4341666666666667,0.5008333333333334,-1.1518749999999998,-0.3897916666666667,-0.4712499999999999,0.2093749999999999,0
ANKESLVIGGRLVTQAAASGQIVPVDSEHSAFAQCLRGGGRNEVRRLVLTASGG,-0.1205127127777777,0.0336131349999999,-0.3751388814814816,0.6810306796296295,-0.0044768385185184,0.2325925925925925,-0.352037037037037,0.0303703703703703,0.0009259259259259,0.022037037037037,0.3009259259259259,0.2283333333333333,0.039074074074074,0.2137037037037037,0.1088888888888889,-0.2301851851851852,-0.4264814814814815,0.1494444444444444,-0.3267037037037036,-0.055074074074074,-0.4088888888888888,0.6228518518518519,-0.0872037037037037,0.0463333333333333,-0.1175925925925926,-0.5624074074074074,0.149074074074074,0.1498148148148148,-0.2581481481481482,-0.304074074074074,0.0785185185185185,0.1174074074074074,-0.1809259259259259,0.0312962962962962,-0.4325925925925925,0.3533333333333332,-0.3998148148148149,0.037074074074074,0.0872037037037037,-0.1107222222222222,-0.0670185185185185,-0.0263333333333333,-1.0170370370370367,-0.0933333333333333,-1.492835185185185,-2.639153703703704,0.4160907407407407,-1.031111111111111,-1.7624074074074074,-0.2911111111111111,0.461111111111111,0.0018518518518518,0.5585185185185185,0.12,0.0192592592592592,0.2251296296296296,0.0859074074074074,-0.0740185185185185,-0.034074074074074,-1.0532407407407407,-0.2878148148148148,-0.3161111111111111,0.0759814814814814,-0.1748518518518519,-0.74,0.2061851851851852,0.5540185185185186,-1.5743,-0.9127444444444444,-0.4265777777777778,0.4101351851851851,0.488237037037037,-0.1587648148148148,-2.666061111111111,-0.3118351851851851,-0.6254407407407406,-1.4044981481481484,1.1260962962962962,-5.737222222222225,-0.0472222222222222,0.0946296296296296,0.4031481481481481,1.0907407407407408,-0.1344444444444444,-0.4088888888888889,-0.5296296296296296,-0.0274074074074074,-0.049074074074074,-0.3657407407407408,0.4075925925925924,-0.1925925925925926,-0.997222222222222,0.1453703703703703,0.5716666666666667,-0.6551851851851851,0.2707407407407408,-0.4235185185185186,0.5331481481481481,-1.1462962962962964,-0.4303703703703704,-0.5357407407407409,0.3090740740740741,0
NKDHRFIVNEQLAALNLETQAILMEPFGRNTAPAVALTAMKLVNEG,-0.0092461595652173,-0.3505044680434783,0.1710958652173912,0.5032263695652174,0.0711113689130434,0.1495652173913043,-0.3356521739130434,-0.2445652173913043,-0.0043478260869565,-0.0269565217391304,0.1891304347826087,0.0882608695652174,-0.0684782608695652,0.0865217391304347,0.0532608695652173,-0.1876086956521739,-0.3343478260869565,-0.0149999999999999,-0.1816086956521739,0.2646086956521739,-0.1491739130434782,0.5089347826086956,0.1446086956521739,-0.1231521739130434,-0.3771739130434782,-0.2854347826086956,-0.1239130434782608,0.0799999999999999,-0.11,-0.3419565217391304,0.1623913043478261,0.0308695652173912,0.15,-0.1565217391304347,-0.3417391304347826,0.4067391304347825,-0.3658695652173913,0.0084130434782608,0.0102826086956521,-0.1234565217391304,-0.0526086956521739,0.0475217391304347,-0.4663043478260869,-0.2076086956521738,-0.5657586956521738,-1.3983739130434785,0.5007282608695652,-0.301304347826087,-0.7621739130434783,-0.8143478260869565,0.4345652173913042,-0.3504347826086956,0.2326086956521739,-0.0967391304347825,-0.1119565217391304,0.2357826086956522,0.040195652173913,-0.0529999999999999,-0.060195652173913,-0.9069565217391304,-0.3093478260869565,-0.236695652173913,-0.0224347826086956,-0.1065,-0.1836304347826087,0.1055,0.208891304347826,-2.027382608695653,-0.6272347826086956,0.4149456521739129,-0.0410934782608695,0.1362434782608696,0.092045652173913,-2.2999499999999995,0.0369369565217391,-0.1264782608695652,-2.4518000000000004,0.1279499999999999,-4.875869565217392,0.0332608695652174,0.0478260869565217,0.3947826086956522,0.6652173913043478,-0.007391304347826,-0.1869565217391304,-0.2082608695652174,-0.2147826086956522,-0.0995652173913043,-0.3269565217391305,0.2730434782608695,-0.1128260869565217,-0.8639130434782608,0.1641304347826086,0.458695652173913,-0.447391304347826,0.0460869565217391,-0.1971739130434782,-0.0304347826086956,-0.5717391304347825,-0.3606521739130435,-0.4647826086956521,0.4984782608695652,0
GNAVNLTDGLDGLAIVPVMVAALSFALIAYLSGNINFADYLQIHYVSGT,-0.3895548157142857,-0.0204703744897959,-0.2008958918367346,0.599331518367347,-0.1670966446938775,-0.1610204081632652,-0.3338775510204081,-0.0455102040816326,0.213265306122449,-0.1983673469387754,0.2842857142857142,0.1475510204081632,-0.0332653061224489,0.1218367346938775,0.0812244897959183,-0.3840816326530612,-0.4022448979591836,-0.0177551020408163,0.032469387755102,-0.060204081632653,-0.150734693877551,0.6769591836734694,-0.0932857142857143,-0.2191224489795918,-0.0973469387755102,-0.4948979591836734,0.1085714285714286,-0.2432653061224489,-0.1297959183673469,-0.4942857142857143,-0.1408163265306122,0.2387755102040816,0.0642857142857143,-0.0724489795918367,-0.3818367346938776,0.4228571428571428,-0.5422448979591836,-0.0371020408163265,0.1100816326530612,-0.092938775510204,-0.0623061224489796,0.0183469387755102,-0.8053061224489795,-0.4763265306122448,1.2904428571428572,-2.958702040816327,0.3938816326530612,0.5312244897959184,-2.012448979591837,-0.559795918367347,0.1677551020408163,-0.1628571428571428,0.1753061224489796,0.2761224489795918,-0.0316326530612244,0.2307551020408163,0.0924897959183673,-0.0448979591836734,-0.0287551020408163,-0.9966938775510203,-0.357734693877551,-0.2376938775510204,0.0159591836734693,-0.168734693877551,-0.5247959183673468,-0.059204081632653,0.2844285714285714,-2.05644693877551,-0.4663142857142857,0.693469387755102,0.0521857142857142,0.3494265306122448,0.0161326530612244,-2.6249571428571428,0.3601897959183673,-0.3709551020408163,-2.5850979591836736,0.6723816326530612,-5.438775510204081,-0.5114285714285715,0.216734693877551,0.4457142857142857,0.9059183673469388,0.266530612244898,-0.336530612244898,-0.4253061224489796,-0.3212244897959184,-0.1444897959183673,-0.5185714285714286,0.1008163265306122,-0.2922448979591837,-0.9577551020408164,-0.0024489795918367,0.5516326530612246,-0.5361224489795917,0.0197959183673469,-0.3942857142857143,-0.6138775510204081,-1.0277551020408162,-0.066734693877551,-0.6204081632653061,0.4089795918367347,0
VIVNQPLV,-0.5254507825,0.0451177625,-0.5424120375000001,0.6417831375,-0.7742103387500001,-0.3475,-0.73,-0.50875,-0.0237499999999999,-0.37375,-0.0212499999999999,0.04875,-0.0387499999999999,-0.14375,0.28125,-0.50625,-0.3225,-0.15875,-0.446,0.087875,0.070375,0.592,0.365125,0.2615,-0.1575,-0.30625,0.8087500000000001,-0.2387499999999999,0.32125,-0.4925,-0.25375,-0.2312499999999999,0.1925,-0.405,-0.5800000000000001,0.7312500000000001,-0.46375,-0.108125,0.079625,-0.0525,-0.139875,-0.072625,-0.31125,-0.6612499999999999,3.3551875,-2.114375,1.4042249999999998,1.8512500000000005,-1.2975,-1.0387499999999998,0.905,-0.36875,-0.37125,0.98375,-0.52125,0.24,0.092625,-0.10875,-0.157875,-0.951125,-0.538,-0.274625,0.046,-0.2735,0.1673749999999999,-0.046875,-0.30975,-2.3257375,-1.2060875,1.1608125,-0.4868,0.1347,-0.0252874999999999,-2.25685,0.981975,-0.0885499999999999,-3.6376875,-0.2391499999999999,-4.87125,-0.4975,0.13875,0.6475,0.2775,0.3975000000000001,-0.36,-0.0675,-0.92875,0.08875,-0.90625,-0.0575,0.1887499999999999,-0.8700000000000001,0.00375,0.49875,-0.25125,-0.5225,-0.0775,-1.6,-1.07,-0.7975,-0.7375,0.6637500000000001,0
YAEIWLDQEKVATTD,0.1600114113333332,-0.3977861406666665,-0.0011516266666666,0.25467768,-0.4038243793333334,0.1406666666666667,-0.1173333333333333,-0.1753333333333332,-0.1279999999999999,-0.1246666666666666,0.104,-0.3386666666666666,-0.1459999999999999,0.318,0.1126666666666666,0.1113333333333333,-0.3259999999999999,-0.2153333333333333,-0.3097333333333333,0.3239333333333333,0.0317333333333333,0.349,-0.0702,-0.2254,-0.3986666666666666,-0.0686666666666666,-0.1593333333333333,0.2053333333333333,-0.3753333333333333,-0.2673333333333333,-0.1746666666666666,-0.0739999999999999,-0.1393333333333333,-0.0946666666666666,-0.1873333333333333,0.292,-0.4226666666666666,0.0174,-0.0435333333333333,-0.0958666666666666,-0.0364,0.0399333333333333,-0.0673333333333332,0.0993333333333333,-1.2908,-0.2942200000000001,0.1572733333333334,-0.5806666666666668,0.1946666666666665,-1.3546666666666665,-0.3533333333333333,-0.362,0.2013333333333333,0.2693333333333333,0.3393333333333333,0.2244,-0.0285333333333333,-0.055,-0.0470666666666666,-0.7364666666666667,-0.3684666666666666,-0.3046666666666667,-0.1686666666666667,0.1415333333333333,-0.1272,0.0234666666666666,0.1137333333333333,-1.07882,-0.53106,0.65418,0.26802,-0.2342399999999999,0.5583666666666667,-0.7207199999999999,-0.34418,0.14974,-1.5421933333333333,-0.3283066666666666,-3.853333333333333,0.0413333333333333,0.3673333333333333,0.072,0.5933333333333334,-0.1113333333333332,0.1593333333333333,-0.006,-0.3553333333333333,-0.4006666666666668,-0.1819999999999999,0.0106666666666666,-0.0966666666666666,-0.7153333333333334,0.0126666666666666,0.2973333333333334,-0.5666666666666667,0.1033333333333333,-0.0746666666666666,0.1693333333333333,-0.3013333333333333,-0.3366666666666668,-0.8653333333333334,0.1193333333333333,0
LNTDDP,0.36391886,0.4754881233333334,-1.15536445,0.3179275166666667,-1.09005937,0.7116666666666668,-0.3383333333333334,0.045,0.1566666666666666,-0.5083333333333333,-0.075,-0.435,-0.2783333333333333,-0.3683333333333333,-0.16,0.2516666666666666,-0.5599999999999999,-0.32,-0.474,-0.5311666666666667,-0.3445,0.2283333333333332,0.5738333333333333,-0.8001666666666667,0.5966666666666667,-0.2566666666666666,-0.5766666666666667,0.2016666666666666,-0.2383333333333333,-0.2699999999999999,-0.2716666666666666,-0.34,0.5416666666666666,0.085,-0.2316666666666666,0.0833333333333333,-0.705,0.1391666666666666,0.0625,0.0359999999999999,-0.0088333333333333,0.0954999999999999,-0.7399999999999999,0.2483333333333333,-4.099483333333333,-1.4720333333333333,0.5315166666666666,-3.026666666666667,-0.4533333333333333,-0.8166666666666665,-1.1083333333333334,-0.2783333333333334,-1.2166666666666668,0.2583333333333333,0.1299999999999999,0.2083333333333333,-0.0566666666666666,-0.1563333333333333,0.0093333333333333,-0.9396666666666668,-0.3131666666666667,-0.5255000000000001,-0.1496666666666667,0.3761666666666667,-0.0456666666666667,-0.1641666666666666,-0.3426666666666667,-3.499683333333333,-0.9364166666666666,1.74225,-0.0190499999999999,-0.6598833333333333,0.1274666666666666,-1.8312333333333333,-0.4894166666666668,1.0745000000000002,-4.215533333333333,-0.0187333333333333,-4.896666666666666,-0.2866666666666667,0.6716666666666665,0.0633333333333333,0.6183333333333333,-0.3416666666666665,0.1216666666666666,-0.3133333333333333,-0.19,-0.96,0.1249999999999999,-0.0183333333333333,0.6083333333333334,-0.8583333333333334,-0.21,0.2366666666666667,-0.7666666666666666,-0.0033333333333333,-0.1483333333333333,0.97,0.045,0.6883333333333334,-1.2583333333333333,0.9250000000000002,0
ERSYETM,0.51276896,-0.27563502,1.0322989428571427,0.0573633142857142,0.3731927228571429,0.4142857142857143,0.0885714285714285,-0.4499999999999999,-0.1142857142857142,0.1514285714285714,0.1214285714285714,-0.1928571428571428,-0.2714285714285714,0.3199999999999999,0.0171428571428571,0.4257142857142857,-0.2085714285714286,-0.0471428571428571,-0.4627142857142857,0.3349999999999999,0.0192857142857142,-0.053,0.0171428571428571,0.0935714285714286,-0.2328571428571428,0.2185714285714285,-0.0142857142857142,0.5671428571428572,-0.3757142857142855,0.2685714285714285,-0.0999999999999999,-0.1128571428571428,-0.4742857142857142,0.2071428571428571,-0.1214285714285714,0.3728571428571428,-0.2071428571428571,0.0714285714285714,-0.1048571428571428,-0.0404285714285714,0.0115714285714285,-0.0345714285714285,0.4071428571428572,0.4185714285714285,-3.439457142857143,1.5749285714285712,-0.7686285714285714,-1.615714285714286,1.4942857142857142,-0.8442857142857143,-0.2057142857142856,-0.07,0.0928571428571429,-0.1442857142857143,0.1142857142857142,0.2322857142857142,-0.108,-0.0108571428571428,0.1282857142857142,-0.5865714285714284,-0.0315714285714285,-0.1204285714285714,-0.1352857142857143,0.247,-0.0385714285714285,0.1105714285714285,0.0764285714285714,2.165714285714286,-0.8897,-1.2312571428571426,0.2610428571428572,-0.8072571428571429,0.4783285714285714,2.478042857142857,-1.844,0.0063,3.5350000000000006,0.1265857142857141,-3.0342857142857147,0.9671428571428572,-0.0885714285714285,-0.2057142857142856,0.3128571428571429,-0.4599999999999999,0.2785714285714286,0.2028571428571428,0.1785714285714285,-0.3414285714285715,0.2485714285714286,-0.0185714285714285,0.0242857142857142,-0.5657142857142857,0.3371428571428572,0.1228571428571428,-0.2857142857142857,0.4557142857142857,0.1957142857142857,1.07,0.2842857142857142,-0.3985714285714286,-0.7085714285714284,-0.4071428571428571,0
HGFRTRSETVGG,0.0818935733333332,0.34652614,0.6510045583333333,0.4988306249999999,0.8500436875,0.4366666666666666,0.045,0.1533333333333333,0.1016666666666667,0.0058333333333333,0.4041666666666666,0.3333333333333333,-0.1125,0.1475,0.0233333333333333,-0.0058333333333333,-0.37,0.285,-0.4446666666666667,-0.4134166666666666,-0.4379166666666665,0.34175,-0.2476666666666667,0.2494166666666667,0.2783333333333333,-0.4033333333333333,0.3683333333333332,0.3799999999999999,-0.2075,0.0308333333333333,0.1816666666666667,0.4049999999999999,-0.3816666666666666,0.4258333333333333,-0.2075,0.3274999999999999,-0.3975,0.081,0.096,-0.0243333333333333,-0.0462499999999999,-0.08025,-0.7899999999999999,0.2733333333333333,-3.00765,-1.7236916666666666,0.21785,-2.0316666666666667,-1.394166666666667,0.7583333333333333,0.1625,0.3425,0.6108333333333335,0.0975,0.0691666666666667,0.2098333333333333,0.0795,-0.0078333333333333,0.0561666666666666,-0.92675,-0.1380833333333333,-0.2385833333333333,0.0026666666666666,-0.1133333333333333,-0.9376666666666668,0.324,0.7044166666666666,-0.5854916666666666,-0.2361416666666666,-1.0605083333333332,0.9682583333333332,0.7983666666666666,-0.1651833333333333,-1.659516666666666,-0.5725416666666666,-0.5280083333333333,0.0953666666666667,1.3098666666666663,-5.014166666666666,0.0741666666666666,0.0325,-0.0533333333333333,1.1141666666666667,-0.3516666666666667,-0.3108333333333333,-0.5266666666666666,0.4441666666666666,-0.0091666666666666,-0.0299999999999999,0.5566666666666666,-0.0858333333333333,-0.8925,0.0975,0.3691666666666667,-0.7358333333333333,0.5716666666666667,-0.5775000000000001,1.3208333333333335,-0.925,-0.6116666666666667,-0.1866666666666665,-0.2008333333333333,0
IDELFDEIPPA,0.0088161745454545,-0.1919562536363636,-0.3362736090909091,0.3431971636363636,-0.9049244236363636,0.1772727272727272,-0.3554545454545454,-0.1927272727272727,-0.0245454545454545,-0.5909090909090909,-0.2545454545454546,-0.279090909090909,0.1527272727272726,0.1190909090909091,-0.1018181818181818,-0.2118181818181818,-0.3645454545454545,-0.4536363636363637,-0.0369090909090909,0.1023636363636364,-0.0336363636363635,0.4139090909090909,0.7493636363636363,-0.7498181818181817,-0.1718181818181817,-0.1572727272727272,-0.6063636363636364,-0.1709090909090909,-0.4581818181818182,-0.3072727272727272,-0.2354545454545455,-0.1472727272727272,0.5445454545454546,-0.2681818181818181,-0.2445454545454545,0.1918181818181818,-0.4381818181818182,0.009090909090909,0.0153636363636363,-0.0625454545454545,-0.0337272727272727,0.1879090909090909,-0.2872727272727272,-0.2545454545454545,0.1116545454545456,-1.4173818181818183,1.427909090909091,-0.4981818181818181,-0.6536363636363637,-1.2990909090909093,-0.7536363636363638,-1.1836363636363638,-0.5763636363636363,0.0190909090909091,-0.1518181818181818,0.2265454545454545,0.0214545454545454,-0.0376363636363636,-0.1045454545454545,-0.8306363636363635,-0.4425454545454546,-0.2420909090909091,-0.1450909090909091,-0.0857272727272727,0.0907272727272727,-0.0617272727272727,-0.1238181818181818,-2.0436636363636365,-0.5366272727272727,1.0958454545454546,-0.0235181818181817,-0.2530818181818181,0.7282363636363635,-1.1469090909090909,0.4246181818181817,0.4632545454545454,-2.605754545454545,-0.405309090909091,-4.28,-0.4354545454545453,0.1772727272727272,0.1218181818181818,0.3454545454545454,0.1227272727272727,0.0990909090909091,-0.0954545454545454,-0.4254545454545455,-0.7827272727272727,-0.5109090909090909,0.0263636363636363,0.610909090909091,-0.7790909090909092,-0.12,0.2709090909090909,-0.3163636363636364,-0.0236363636363636,-0.2927272727272727,-0.4709090909090909,-0.2018181818181817,0.37,-1.054545454545455,0.64,0
QPNSVPQCL,-0.0824868655555555,0.5811395655555556,-1.7375087222222223,0.2028135111111111,-1.1814366855555558,0.2966666666666666,-0.4655555555555556,-0.0622222222222222,-0.1277777777777777,0.0111111111111111,-0.3755555555555556,0.02,-0.1244444444444444,-0.1077777777777777,0.1066666666666666,-0.1422222222222222,-0.4066666666666667,-0.0555555555555555,-0.357,-0.3784444444444443,-0.3788888888888888,-0.0145555555555555,0.7353333333333334,-0.0755555555555555,0.3855555555555555,-0.3255555555555556,0.0144444444444444,-0.0688888888888888,0.3522222222222222,-0.0255555555555555,0.1899999999999999,-0.8144444444444443,0.2966666666666666,-0.5000000000000001,-0.3688888888888889,0.6711111111111111,-0.4966666666666667,0.0472222222222222,0.0897777777777777,0.0526666666666666,-0.0238888888888888,-0.0193333333333333,-0.76,-0.0499999999999999,-1.0322222222222222,-1.7672,0.7712888888888889,-1.0633333333333332,-0.9300000000000002,0.2455555555555555,0.5288888888888889,-0.0877777777777778,-0.8,0.1688888888888889,-0.1922222222222221,0.2161111111111111,0.0176666666666666,-0.1288888888888889,0.0111111111111111,-0.9875555555555556,-0.2665555555555555,-0.249,0.0553333333333333,-0.0784444444444444,-0.2301111111111111,0.0891111111111111,-0.2394444444444444,-1.4421333333333333,-0.7264666666666666,-0.1278000000000001,-0.0622666666666667,-0.2735777777777778,-0.4102,-1.0589666666666668,0.1479999999999998,0.3574111111111111,-1.6036777777777778,0.0313,-5.097777777777778,-0.5722222222222223,0.0888888888888888,0.1622222222222222,0.4522222222222222,-0.0933333333333333,-0.3866666666666666,-0.2611111111111111,-0.2466666666666666,-0.03,-0.2544444444444445,-0.2733333333333333,0.53,-0.8944444444444445,-0.1277777777777777,0.4044444444444445,-0.2833333333333333,0.0022222222222222,-0.1677777777777777,-0.0455555555555556,-0.3911111111111111,0.4122222222222222,-0.5788888888888889,0.6411111111111112,0
KGNDLVLGSHM,-0.0791042436363636,0.098175919090909,-0.6300124545454547,0.3045654363636363,-0.1029365254545454,0.2318181818181818,-0.1736363636363636,-0.0736363636363636,0.1718181818181818,-0.0818181818181818,0.3890909090909091,0.1763636363636363,0.1345454545454545,-0.1736363636363636,0.0909090909090909,-0.1709090909090908,-0.4209090909090909,0.1127272727272727,-0.265,-0.1352727272727272,-0.3118181818181817,0.4831818181818181,-0.210090909090909,-0.2645454545454545,0.0436363636363636,-0.4072727272727273,-0.1245454545454545,0.0336363636363636,0.3454545454545454,-0.3754545454545454,-0.0409090909090909,0.3918181818181818,-0.2372727272727272,0.4245454545454545,-0.3654545454545455,0.2936363636363636,-0.5018181818181818,0.0374545454545454,0.078,-0.0759090909090909,-0.0142727272727272,0.0235454545454545,-0.8163636363636364,-0.0627272727272727,-0.8375818181818185,-2.112563636363636,0.0627363636363636,-0.9645454545454544,-1.497272727272727,-0.0036363636363636,0.0172727272727272,-0.109090909090909,0.4609090909090909,-0.0954545454545455,-0.3081818181818181,0.2253636363636363,0.0378181818181818,-0.0511818181818181,-0.0413636363636363,-1.003,-0.0913636363636363,-0.1756363636363636,0.0159090909090909,-0.0664545454545454,-0.3344545454545455,0.1469090909090909,0.3898181818181817,-1.494590909090909,-0.5408272727272728,-0.0427636363636365,-0.0577454545454546,0.1796,-0.1941181818181818,-2.3038545454545454,-0.2069272727272727,-0.3906363636363636,-1.7952090909090908,0.2924,-5.476363636363636,-0.0027272727272727,-0.1572727272727272,0.45,0.8518181818181816,-0.029090909090909,-0.3736363636363636,-0.46,0.2099999999999999,-0.1427272727272727,-0.1836363636363636,0.5236363636363636,-0.3618181818181818,-0.950909090909091,0.2154545454545454,0.588181818181818,-0.2581818181818182,0.4345454545454545,-0.2990909090909091,0.389090909090909,-0.8418181818181819,-0.1309090909090909,-0.1454545454545454,0.3045454545454545,0
NVNPQSTLLL,-0.1643265549999999,0.204356137,-0.96389895,0.6198032299999999,-0.6709811259999999,0.066,-0.493,-0.3259999999999999,0.0289999999999999,-0.079,0.166,0.0399999999999999,-0.358,-0.2739999999999999,0.057,-0.128,-0.364,-0.033,-0.1564,-0.0902999999999999,-0.1015,0.6284,0.426,-0.0789,0.108,-0.272,0.1369999999999999,-0.068,0.088,-0.63,0.1119999999999999,-0.5069999999999999,0.227,-0.2669999999999999,-0.445,0.6539999999999999,-0.517,0.0023999999999999,0.0753,-0.0401,-0.1162,0.0011,-0.489,-0.2779999999999999,0.0442799999999998,-1.7868699999999995,0.8511200000000001,-0.1779999999999999,-0.902,-0.589,0.6639999999999999,-0.285,-0.43,0.4090000000000001,-0.3149999999999999,0.2397,0.0285,-0.1074,-0.0074,-0.9502,-0.3562,-0.3601,-0.0584999999999999,0.009,0.0503999999999999,-0.0775,-0.1952999999999999,-1.5567,-1.62438,1.20332,-0.36433,-0.0873,-0.2993,-1.04327,0.0374599999999999,-0.06604,-2.20596,0.1075,-4.977,-0.1869999999999999,0.267,0.44,0.4969999999999999,0.111,-0.213,-0.177,-0.4189999999999999,-0.052,-0.447,-0.036,0.0159999999999999,-0.873,0.0169999999999999,0.417,-0.4509999999999999,-0.1629999999999999,-0.076,-0.6100000000000001,-0.5780000000000001,-0.3500000000000001,-0.8800000000000001,0.865,0
PVQEVIAELTNGG,-0.1187204807692307,0.0047404376923076,0.2537414153846153,0.6681849,-0.100782266153846,0.2523076923076923,-0.42,-0.0469230769230769,-0.0615384615384615,-0.2915384615384615,0.1892307692307692,0.0876923076923076,0.0092307692307692,0.1284615384615384,0.2392307692307692,-0.2684615384615384,-0.51,-0.1115384615384615,-0.3976153846153846,-0.0871538461538461,-0.3937692307692307,0.6401538461538461,0.1498461538461538,-0.2974615384615384,-0.1384615384615384,-0.5884615384615384,0.0761538461538461,0.0669230769230769,-0.1061538461538461,-0.2399999999999999,0.1384615384615384,0.18,-0.1823076923076922,-0.2692307692307692,-0.3915384615384615,0.3669230769230769,-0.4784615384615384,0.0279230769230769,0.1035384615384615,-0.1077692307692307,-0.0572307692307692,0.034076923076923,-1.0530769230769228,-0.1684615384615385,-0.9906615384615384,-3.2773769230769227,0.949876923076923,-1.0715384615384616,-2.0946153846153845,-0.5899999999999999,0.1046153846153845,-0.5569230769230769,0.41,0.3976923076923078,-0.3084615384615384,0.2274615384615385,0.0918461538461538,-0.1009999999999999,-0.0653076923076923,-1.0796153846153844,-0.4573846153846154,-0.3490769230769231,0.0502307692307692,-0.1335384615384615,-0.5458461538461539,0.0356153846153846,0.3165384615384615,-3.2908153846153847,-0.6491846153846155,0.1573153846153845,0.4703538461538461,0.1630538461538461,0.238323076923077,-3.81826923076923,0.0796999999999999,-0.0606538461538461,-4.0860076923076925,0.2197384615384615,-5.804615384615384,-0.3130769230769231,0.2576923076923077,0.4438461538461538,0.9469230769230768,-0.0407692307692307,-0.4492307692307692,-0.5638461538461539,-0.1707692307692307,-0.3792307692307692,-0.7284615384615385,0.3992307692307691,-0.0915384615384615,-1.0092307692307694,0.0399999999999999,0.5446153846153846,-0.6615384615384615,0.04,-0.4138461538461539,0.0846153846153844,-1.3861538461538458,-0.3738461538461538,-1.1053846153846156,0.3823076923076923,0
ESLVNWDPVDNTV,-0.02668146,0.2154441261538461,-0.7597036000000001,0.3169479923076924,-1.00476411,0.2407692307692308,-0.2646153846153846,-0.0576923076923077,0.0369230769230769,-0.3607692307692307,0.1199999999999999,-0.3192307692307692,-0.2323076923076923,-0.1246153846153845,0.1076923076923076,0.0569230769230769,-0.4292307692307692,-0.2469230769230769,-0.6806923076923077,-0.1557692307692307,-0.1368461538461538,0.2681538461538461,0.1435384615384615,-0.3109999999999999,0.1661538461538461,-0.1946153846153846,0.0284615384615384,0.0646153846153846,-0.1869230769230769,-0.2415384615384615,-0.5584615384615385,-0.1384615384615384,-0.0499999999999999,-0.0169230769230769,-0.293076923076923,0.3284615384615384,-0.6261538461538461,0.0301538461538461,0.0456153846153846,-0.013,-0.027,0.0019230769230769,-0.3838461538461538,-0.0038461538461538,-1.0008461538461535,-1.3242769230769231,0.1083461538461538,-0.7892307692307691,-0.4930769230769231,-1.009230769230769,-0.4776923076923078,-0.1915384615384616,-0.4876923076923077,0.6023076923076922,-0.1823076923076923,0.2263846153846153,-0.0062307692307692,-0.0973846153846153,0.0062307692307692,-0.8495384615384616,-0.4059230769230769,-0.4473846153846155,-0.137,0.2180769230769231,-0.1427692307692308,0.0127692307692307,-0.1779230769230769,-1.3267461538461538,-0.936853846153846,1.0910153846153845,0.0212307692307692,-0.4106076923076923,-0.0268230769230768,-0.3787846153846154,-0.2426076923076923,0.4035076923076924,-1.9386846153846156,0.0146153846153845,-4.334615384615384,-0.4138461538461539,0.55,0.0576923076923076,0.5807692307692308,-0.0853846153846153,-0.033076923076923,-0.1492307692307692,-0.4215384615384615,-0.5676923076923077,-0.2023076923076923,-0.0646153846153846,0.1569230769230769,-0.7876923076923076,-0.2053846153846154,0.3176923076923076,-0.5992307692307692,-0.0146153846153846,-0.0876923076923077,0.1723076923076923,-0.223076923076923,0.1676923076923076,-0.9415384615384615,0.4561538461538462,0
GSGQV,-0.280338022,0.8489836040000001,-1.12966408,0.6999060000000001,-0.3270101239999999,0.5,-0.208,0.476,-0.0319999999999999,-0.2,0.6,0.3999999999999999,0.2319999999999999,0.254,0.3259999999999999,-0.314,-0.71,0.2059999999999999,-0.6234,-0.8718,-0.8812,0.7222,-0.4928,-0.1833999999999999,0.5039999999999999,-1.094,0.362,0.16,0.318,-0.174,0.104,0.584,-0.956,-0.198,-0.424,0.368,-0.6759999999999999,0.102,0.2628,-0.056,-0.0386,-0.079,-2.1460000000000004,0.044,-3.11644,-5.68824,0.4169,-2.976,-4.002000000000001,0.914,0.0619999999999999,0.266,1.086,0.492,0.138,0.1996,0.1196,-0.1399999999999999,0.0079999999999999,-1.3652000000000002,-0.2024,-0.3606,0.259,-0.21,-1.5736,0.1299999999999999,1.0842,-2.1931199999999995,-0.63554,-1.84304,1.3855,0.8144399999999999,-0.26698,-4.425520000000001,-0.5808800000000002,-0.98842,-1.7608600000000003,1.6131000000000004,-7.506,-0.458,0.2,0.408,1.778,-0.254,-0.944,-1.264,0.4799999999999998,-0.214,-0.614,0.5879999999999999,-0.6020000000000001,-1.27,0.0619999999999999,0.758,-0.9259999999999998,0.6700000000000002,-0.8960000000000002,1.1299999999999997,-2.266,-0.222,-1.044,0.11,0
IMFGFCYLHHWKC,-0.4488009269230769,-0.1700323969230769,0.5530798384615385,-0.5634290538461537,0.4856771253846155,-0.6553846153846153,0.3438461538461537,-0.0146153846153846,0.3092307692307692,0.2461538461538461,-0.0815384615384615,0.0738461538461538,0.1315384615384615,-0.033076923076923,-0.0469230769230769,-0.31,0.0253846153846153,0.0215384615384615,0.5491538461538462,0.1523076923076923,0.3096923076923076,-0.4290769230769231,-0.3195384615384616,0.0963846153846153,-0.1053846153846154,0.2830769230769231,0.0284615384615384,-0.5838461538461538,0.2792307692307692,0.2215384615384615,0.2115384615384615,0.3484615384615384,0.253076923076923,0.3838461538461538,0.0523076923076923,0.5807692307692307,-0.33,-0.1316153846153846,-0.0095384615384615,0.0464615384615384,0.0936923076923076,0.0066923076923076,0.6292307692307694,-0.2769230769230768,4.969776923076923,0.9958230769230768,-1.0497615384615386,3.102307692307692,0.0392307692307692,0.9276923076923076,-0.2692307692307692,0.2530769230769231,0.2046153846153846,-0.36,-0.2476923076923077,0.2222307692307692,0.0232307692307692,0.15,0.0312307692307692,-0.5023846153846153,-0.0067692307692307,0.338923076923077,-0.1241538461538461,-0.2682307692307692,0.0433846153846153,0.2663076923076923,0.0462307692307692,1.1164846153846153,1.8330076923076923,-0.015576923076923,-0.3963692307692307,0.1963461538461537,-0.0747230769230768,0.8129692307692309,1.0707307692307693,-0.0132538461538461,0.6931615384615384,-0.7046076923076924,-2.6030769230769235,-0.5576923076923077,-0.5146153846153846,-0.1953846153846153,0.1407692307692307,0.5323076923076924,-0.0299999999999999,0.2969230769230769,0.123076923076923,0.3584615384615385,0.173076923076923,-0.2530769230769231,-0.2684615384615385,-0.5399999999999999,-0.0123076923076922,0.2953846153846153,0.3676923076923077,0.4346153846153846,-0.1453846153846154,-1.1846153846153848,0.3384615384615385,0.4846153846153846,1.0592307692307692,-0.7207692307692308,0
QSDITALAGAT,-0.2479433045454545,-0.1467671372727272,-0.6577981909090909,0.8308636545454544,-0.325792129090909,0.1890909090909091,-0.5618181818181818,0.1736363636363636,0.0336363636363636,-0.059090909090909,0.3281818181818182,0.0472727272727272,-0.2654545454545454,0.4163636363636364,0.1636363636363636,-0.2372727272727272,-0.599090909090909,0.0845454545454545,0.0366363636363636,0.0089090909090909,-0.5543636363636364,0.7874545454545454,-0.056,-0.2664545454545454,-0.3227272727272728,-0.8718181818181818,-0.0472727272727272,0.0681818181818181,-0.3645454545454545,-0.34,-0.1127272727272726,-0.1654545454545454,-0.1163636363636363,-0.3009090909090909,-0.5181818181818181,0.3799999999999999,-0.6418181818181817,0.0371818181818181,0.1221818181818181,-0.1719090909090909,-0.0581818181818181,0.0043636363636363,-1.5463636363636362,-0.2309090909090908,-1.7834909090909092,-4.371927272727272,0.3044181818181818,-1.1627272727272728,-2.624545454545455,-1.1227272727272726,0.4145454545454544,0.0881818181818182,0.2127272727272728,-0.029090909090909,0.6272727272727273,0.2228181818181818,0.1047272727272727,-0.1372727272727272,0.0115454545454545,-1.1949999999999998,-0.5248181818181819,-0.5535454545454546,0.0545454545454545,0.0022727272727272,-0.9450909090909092,0.0405454545454545,0.4064545454545454,-3.1850545454545456,-0.8194636363636366,0.2688909090909091,0.2817363636363636,0.5409545454545455,0.0235727272727272,-4.145845454545454,-0.2570818181818182,-0.3436818181818182,-3.520890909090909,1.0877363636363635,-6.6909090909090905,-0.5018181818181818,0.5181818181818182,0.58,1.3363636363636362,-0.0527272727272727,-0.5472727272727274,-0.7654545454545455,-0.4963636363636364,-0.2709090909090909,-0.4463636363636363,0.0563636363636363,-0.2263636363636363,-1.1463636363636365,-0.0545454545454545,0.7209090909090909,-0.9,0.0909090909090909,-0.4509090909090909,0.3836363636363637,-1.6409090909090909,-0.1490909090909091,-0.9918181818181818,0.5363636363636363,0
NSDPDGVDYI,0.13566907,0.6872145310000002,-1.0041698599999995,0.19871033,-0.970174081,0.5000000000000001,-0.1329999999999999,0.1469999999999999,0.321,-0.576,0.0529999999999999,-0.27,0.071,-0.0699999999999999,-0.06,0.091,-0.5519999999999999,-0.251,-0.5489,-0.7152,-0.2887999999999999,0.2042,0.0191,-0.6459,0.712,-0.3490000000000001,-0.145,0.102,-0.185,-0.163,-0.713,0.315,0.164,-0.028,-0.201,0.054,-0.6880000000000001,0.0986,0.1103,0.0593,0.0041,0.021,-0.8480000000000001,0.1459999999999999,-2.780879999999999,-2.01305,0.1546000000000001,-2.404,-1.0990000000000002,-0.435,-1.1919999999999995,-0.021,-0.6719999999999999,0.714,0.0119999999999999,0.2044,-0.0328,-0.1006,0.0044999999999999,-0.9455,-0.2289,-0.3736,-0.0758,0.2178,-0.4711,-0.178,0.0603999999999999,-1.82926,-0.70007,0.76547,0.4444100000000001,-0.39868,0.1921,-1.0970799999999996,-0.5539600000000001,0.4028699999999999,-1.7830499999999998,0.60843,-4.977,-0.418,0.5559999999999999,-0.0369999999999999,0.8540000000000001,-0.245,-0.0009999999999999,-0.45,-0.04,-0.8400000000000001,-0.0229999999999999,0.0639999999999999,0.253,-0.8780000000000001,-0.214,0.298,-0.7110000000000001,0.306,-0.3380000000000001,0.875,-0.238,0.736,-1.169,0.4920000000000001,0
DEIIFASKADM,-0.0245141818181818,-0.52923105,-0.2867632,0.2285208636363636,-0.48683584,0.1109090909090909,-0.3563636363636363,-0.1954545454545455,0.0854545454545454,-0.2063636363636363,0.1981818181818182,-0.2663636363636363,0.1236363636363636,0.3109090909090909,-0.099090909090909,-0.1381818181818181,-0.3772727272727272,-0.1654545454545455,-0.0210909090909091,0.4161818181818182,-0.1009090909090908,0.371,-0.0431818181818181,-0.3967272727272727,-0.5463636363636364,-0.2736363636363636,-0.3618181818181818,0.0609090909090909,-0.2309090909090909,-0.1945454545454546,-0.4427272727272727,0.1963636363636363,0.1727272727272727,-0.2763636363636363,-0.37,0.2009090909090909,-0.4327272727272727,0.001,-0.0226363636363636,-0.1464545454545454,0.0059090909090909,0.075,-0.4327272727272727,-0.2036363636363637,-0.4424454545454542,-1.2941636363636364,-0.1718727272727273,-0.2772727272727274,-0.521818181818182,-1.728181818181818,-0.2454545454545454,-0.2945454545454546,-0.0154545454545454,-0.2372727272727272,0.3399999999999999,0.2342727272727272,-0.0176363636363636,-0.051090909090909,-0.0613636363636363,-0.8796363636363637,-0.3312727272727273,-0.2523636363636363,-0.0417272727272727,0.0129999999999999,-0.0407272727272727,0.0504545454545454,0.1330909090909091,-0.8052181818181818,-0.5678,0.0860818181818182,-0.3756363636363636,0.0122090909090909,0.5819727272727273,-1.0921363636363637,-0.3810727272727272,-0.2004181818181818,-0.5326545454545455,-0.0062545454545454,-4.788181818181818,0.1118181818181818,0.0245454545454545,0.3736363636363636,0.6154545454545454,0.0045454545454545,-0.0763636363636363,-0.1636363636363637,-0.4427272727272727,-0.4618181818181818,-0.1154545454545454,0.0154545454545454,-0.0654545454545454,-0.8490909090909091,0.1572727272727272,0.4881818181818183,-0.2518181818181818,0.2754545454545454,-0.1245454545454545,0.1254545454545454,-0.4036363636363637,0.1563636363636363,-0.6672727272727272,0.3409090909090909,0
MELEI,-0.041355166,-1.192501564,1.1599234199999997,0.1760319,-0.1116019539999999,-0.174,-0.424,-0.79,-0.208,-0.178,0.166,-0.396,0.256,0.064,0.2299999999999999,-0.156,-0.214,-0.496,0.1824,1.1572,0.2134,0.4301999999999999,0.239,-0.517,-1.214,0.08,-0.4180000000000001,-0.052,-0.342,0.06,0.094,0.124,-0.172,-0.1639999999999999,-0.374,0.354,-0.162,-0.0834,-0.1224,-0.2276,0.0331999999999999,0.1564,0.454,-0.3159999999999999,2.1520200000000003,-0.07136,-0.3092799999999999,1.4500000000000002,0.306,-2.48,-0.5299999999999999,-1.238,0.5660000000000001,-0.386,-0.71,0.2653999999999999,-0.0643999999999999,-0.0364,-0.1092,-0.7124,-0.3342,-0.0825999999999999,-0.0861999999999999,0.0024,0.8416,0.046,-0.1874,-0.6616200000000001,-1.07228,0.0730399999999999,-0.85052,-1.18186,1.0056600000000002,-0.5112400000000001,-0.7405200000000001,0.0498399999999999,-1.37846,-1.5856,-3.753999999999999,0.924,-0.3919999999999999,0.6659999999999999,-0.024,0.256,0.04,0.258,-0.376,-0.7140000000000001,-0.644,0.176,-0.278,-0.672,0.5599999999999999,0.4779999999999999,0.284,0.1219999999999999,0.42,-0.9600000000000002,-0.546,-0.5900000000000001,-1.14,-0.076,0
RLLGD,0.033183208,-0.0148318619999999,-0.76658828,0.75158612,-0.020818396,0.118,-0.2699999999999999,-0.114,-0.074,-0.0399999999999999,0.416,0.0939999999999999,0.376,-0.248,-0.12,-0.176,-0.24,0.0,-0.0664,-0.0058,-0.0636,0.9068,-0.0708,-0.0923999999999999,0.0359999999999999,-0.182,-0.184,0.0639999999999999,-0.724,-0.72,0.528,0.184,0.046,0.79,-0.3799999999999999,0.086,-0.206,0.0316,0.036,-0.0922,-0.1126,0.0619999999999999,-0.3019999999999999,-0.0499999999999999,-0.908,-0.8102799999999999,0.7215,-0.716,-0.7680000000000002,-0.214,-0.5200000000000001,-0.312,0.756,0.064,0.026,0.2208,0.0162,-0.059,-0.1582,-0.8924,-0.0198,-0.1804,0.0221999999999999,-0.2221999999999999,-0.1732000000000001,0.1437999999999999,0.6085999999999999,-1.5014600000000002,-1.6537200000000003,0.4638599999999999,0.0693999999999999,0.0782799999999999,-0.0257799999999999,-2.2038799999999994,-0.5512400000000001,-0.77752,-1.60928,1.08902,-4.758,0.798,-0.174,0.572,0.8560000000000001,-0.0199999999999999,0.146,-0.2159999999999999,0.3879999999999999,-0.244,-0.228,0.7,-0.238,-0.834,0.5159999999999999,0.43,-0.5279999999999999,0.284,-0.2720000000000001,0.1979999999999998,-0.646,-0.8380000000000001,-0.546,0.376,0
LKTVEVTVKGPGP,-0.0355901161538461,0.2861238376923076,0.2489937615384615,0.715206546153846,0.1331100553846154,0.2153846153846153,-0.5292307692307692,-0.0353846153846154,-0.2792307692307692,-0.3038461538461539,0.003076923076923,0.2361538461538461,-0.1576923076923077,0.0707692307692307,0.0315384615384615,-0.3338461538461538,-0.4369230769230769,0.1484615384615384,-0.6313076923076923,-0.3168461538461538,-0.3585384615384615,0.6726923076923078,0.4333076923076923,0.0484615384615384,0.1669230769230769,-0.483076923076923,0.2669230769230769,0.1315384615384614,0.3446153846153846,-0.6169230769230769,0.293076923076923,-0.1953846153846153,-0.3999999999999999,0.3615384615384615,-0.5507692307692307,0.4199999999999999,-0.4015384615384615,0.0412307692307692,0.1121538461538461,-0.0379230769230769,-0.1548461538461538,-0.0007692307692307,-0.9530769230769232,-0.1669230769230769,-1.0407846153846152,-2.576107692307692,2.463461538461539,-1.3261538461538462,-1.8023076923076924,0.2376923076923075,0.7576923076923077,-0.8507692307692307,0.1123076923076923,0.5115384615384616,0.0969230769230769,0.2183076923076923,0.1701538461538461,-0.0796923076923077,-0.0828461538461538,-1.059230769230769,-0.4356923076923076,-0.2343846153846154,0.0955384615384615,-0.3425384615384615,-0.5329230769230769,0.0781538461538461,0.1717692307692307,-2.6923153846153847,-0.4079307692307693,-0.1342076923076923,0.0320692307692307,0.9314076923076924,0.3583461538461539,-3.642607692307692,0.7754307692307693,-0.2194307692307691,-3.311746153846154,0.3404153846153846,-5.66,-0.5215384615384615,-0.123076923076923,0.4915384615384615,0.7146153846153847,-0.0399999999999999,-0.4084615384615385,-0.4623076923076923,-0.1561538461538462,0.0615384615384615,-0.7276923076923076,0.4299999999999999,0.3684615384615384,-0.9946153846153846,0.1038461538461538,0.4969230769230769,-0.3984615384615383,-0.1907692307692307,-0.616923076923077,-0.1600000000000001,-1.4707692307692306,-0.6953846153846156,-0.4992307692307692,0.2761538461538461,0
MSLTKELTTLS,-0.0984001954545454,-0.2476057254545454,-0.2875803181818183,0.6084224454545454,-0.1879989681818181,-0.029090909090909,-0.5518181818181819,-0.3363636363636363,-0.149090909090909,0.1209090909090909,0.33,-0.1172727272727272,-0.5754545454545454,0.069090909090909,-0.03,0.0036363636363636,-0.3527272727272728,0.1327272727272727,0.0603636363636363,0.3314545454545454,-0.1525454545454545,0.6847272727272727,0.2082727272727273,0.0691818181818181,-0.3554545454545455,-0.2790909090909091,0.0881818181818181,0.1427272727272727,-0.0127272727272727,-0.5527272727272726,0.1154545454545454,-0.6927272727272726,-0.3972727272727273,0.3318181818181818,-0.5936363636363636,0.6018181818181817,-0.4463636363636363,0.0023636363636363,0.0191818181818181,-0.1258181818181818,-0.1091818181818181,-0.0220909090909091,-0.4299999999999999,-0.1372727272727273,-0.6100090909090912,-1.4871272727272726,0.3533818181818182,-0.2581818181818182,-0.6372727272727273,-1.1345454545454543,0.7327272727272728,-0.289090909090909,-0.0954545454545455,-0.0836363636363636,0.4345454545454545,0.245,0.038,-0.092090909090909,0.0793636363636363,-0.924818181818182,-0.3809090909090909,-0.3525454545454545,-0.0398181818181818,0.0776363636363636,0.0248181818181818,0.0138181818181818,-0.1669090909090908,0.0602818181818182,-1.4865454545454546,0.0227090909090909,-0.789627272727273,0.176290909090909,0.2388363636363636,-0.3196090909090909,-0.6817363636363637,-0.4475,0.172890909090909,0.1185999999999999,-5.057272727272727,0.2563636363636364,-0.0272727272727272,0.5827272727272728,0.5,0.0345454545454545,-0.2245454545454545,-0.1345454545454545,-0.4763636363636363,-0.0409090909090909,-0.2727272727272727,-0.1572727272727272,-0.0909090909090909,-0.8809090909090909,0.2745454545454545,0.52,-0.22,-0.0063636363636363,0.0054545454545454,-0.2963636363636364,-1.0590909090909093,-0.6963636363636364,-0.8118181818181818,0.1581818181818181,0
GNCLLTYREYK,0.2177656481818181,0.0808186772727272,0.9707393181818182,0.1723417636363636,0.8147966009090909,-2.018587317500285e-17,0.0627272727272727,-0.1663636363636363,0.1127272727272727,0.2781818181818182,0.1172727272727272,0.0636363636363636,-0.0736363636363636,0.0099999999999999,-0.1409090909090909,0.0863636363636363,-0.1445454545454545,0.1081818181818182,-0.1050909090909091,-0.0644545454545455,0.1126363636363636,0.1964545454545455,-0.2482727272727272,0.2005454545454545,0.1899999999999999,0.1472727272727272,0.1781818181818181,0.1499999999999999,-0.2818181818181818,-0.3036363636363636,0.5818181818181819,0.1999999999999999,0.019090909090909,0.3954545454545454,-0.1309090909090909,0.3409090909090909,-0.15,0.0207272727272727,-0.0124545454545454,0.0196363636363636,-0.0542727272727272,-0.0413636363636363,0.2027272727272727,0.1718181818181818,-0.7596090909090911,1.0288818181818185,-0.1352636363636365,-0.2763636363636365,0.4636363636363635,0.4472727272727272,-0.0181818181818182,0.0027272727272727,0.4618181818181818,0.4754545454545455,-0.1063636363636364,0.2262727272727273,-0.016,0.0187272727272727,0.0205454545454545,-0.6633636363636363,-0.0398181818181818,0.0516363636363636,-0.038,-0.092,-0.1346363636363636,-0.0165454545454545,0.2383636363636363,-0.0555999999999999,-0.2949,0.003090909090909,0.111390909090909,-0.1011272727272727,0.2122909090909091,-0.2718818181818181,-0.4386272727272727,-0.2659,0.1872454545454545,0.3163181818181819,-3.5036363636363643,0.5127272727272728,-0.1236363636363636,0.0581818181818182,0.51,-0.1118181818181818,0.1981818181818181,0.099090909090909,0.3627272727272727,0.1263636363636363,0.0536363636363636,0.22,-0.2945454545454545,-0.6481818181818182,0.3254545454545454,0.2063636363636363,-0.3563636363636363,0.2554545454545455,-0.1045454545454545,0.179090909090909,-0.0327272727272727,-0.3809090909090909,-0.379090909090909,-0.29,0
KTVTAMDVVYAL,-0.3164048691666666,-0.3939688533333333,0.1681901166666666,0.630793325,-0.1028056,-0.3058333333333333,-0.5608333333333333,-0.2816666666666667,-0.0124999999999999,-0.1083333333333333,0.1633333333333333,-0.0208333333333333,-0.2658333333333333,0.2925,0.1308333333333333,-0.3274999999999999,-0.3666666666666666,0.0349999999999999,-0.3263333333333333,0.3434166666666666,-0.0597499999999999,0.6003333333333333,-0.08725,0.1955,-0.47,-0.3841666666666666,0.4108333333333334,-0.0299999999999999,0.1258333333333333,-0.5208333333333334,-0.2158333333333333,-0.1258333333333333,-0.2225,0.3666666666666667,-0.5408333333333334,0.4941666666666667,-0.48,-0.06425,0.0328333333333333,-0.1328333333333333,-0.0899166666666666,-0.0635,-0.4950000000000001,-0.4875,1.347625,-1.96645,0.3600166666666667,1.1108333333333331,-1.1441666666666668,-1.2625000000000002,0.6258333333333334,-0.0716666666666666,0.015,0.2791666666666667,0.5166666666666667,0.2329166666666666,0.0933333333333333,-0.0837499999999999,-0.0400833333333333,-0.93725,-0.4365000000000001,-0.22825,0.0731666666666666,-0.1496666666666666,-0.3071666666666667,-0.049,-0.0159999999999999,-2.074308333333333,-0.2459416666666666,0.3678583333333332,-0.4214583333333332,0.3360416666666667,0.343125,-2.8274916666666665,0.3478333333333334,-0.1846083333333333,-2.738158333333333,0.2835166666666666,-5.115833333333334,-0.2866666666666666,0.105,0.6191666666666666,0.6316666666666667,0.2133333333333333,-0.2908333333333334,-0.1716666666666667,-0.7475,0.0433333333333333,-0.4233333333333333,-0.1383333333333333,-0.1166666666666666,-0.9075,0.16,0.5599999999999999,-0.4091666666666667,-0.3833333333333333,-0.1608333333333333,-0.7658333333333335,-1.1816666666666669,-0.5675000000000001,-0.455,0.0991666666666666,0
RYSYGSNIALGAAA,-0.2031987378571428,0.1280843921428572,-0.0120399428571429,0.7118807214285713,0.3577914671428573,0.0764285714285714,-0.1671428571428571,0.1935714285714285,0.2092857142857143,0.0607142857142857,0.3507142857142858,0.4407142857142857,-0.0428571428571428,0.4314285714285715,0.0407142857142857,-0.3128571428571428,-0.4142857142857142,0.2535714285714286,0.0408571428571428,-0.2472142857142857,-0.3142857142857141,0.7232142857142857,-0.2734999999999999,-0.1314999999999999,0.0464285714285714,-0.6257142857142857,0.0271428571428571,-0.0621428571428571,-0.4678571428571428,-0.4821428571428572,-0.1142857142857142,0.3392857142857143,-0.1485714285714285,-0.1464285714285714,-0.3521428571428571,0.3428571428571429,-0.455,0.0278571428571428,0.1277142857142857,-0.0897857142857142,-0.0755,0.0029999999999999,-1.1528571428571428,-0.3085714285714286,-0.919042857142857,-3.160557142857143,0.460742857142857,-0.7135714285714286,-2.197857142857143,0.0392857142857142,0.5307142857142857,0.0385714285714285,0.5700000000000002,0.1585714285714286,0.1792857142857142,0.2248571428571428,0.1212142857142857,-0.0138571428571428,0.0374285714285714,-1.0374285714285714,-0.2427857142857143,-0.2489285714285714,0.0429999999999999,-0.2037857142857142,-1.196,0.0247142857142857,0.7576428571428572,-1.1182357142857142,-0.6292214285714287,-0.0583642857142857,0.5778642857142857,0.6571999999999999,-0.2249285714285714,-2.365164285714285,-0.1313785714285715,-0.8571857142857142,-0.6201214285714284,1.912785714285714,-5.814285714285714,-0.4735714285714286,0.2242857142857142,0.3014285714285714,1.3342857142857143,0.0178571428571428,-0.3314285714285714,-0.6378571428571428,0.0628571428571428,0.0685714285714285,-0.4014285714285714,0.3007142857142856,-0.4385714285714286,-1.0157142857142856,0.0085714285714285,0.5800000000000001,-0.784285714285714,0.3185714285714288,-0.6171428571428572,0.2257142857142857,-0.9692857142857144,0.0442857142857142,-0.4014285714285713,0.3842857142857143,0
VRIYDGEEKIKF,0.3349976183333332,-0.2716776991666667,0.9919374916666666,0.1409685083333333,0.4695232375,0.1533333333333332,0.0008333333333333,-0.3991666666666666,-0.0216666666666666,-0.1375,0.1641666666666667,-0.115,0.2358333333333333,0.2075,-0.1808333333333333,0.0483333333333333,-0.1475,-0.065,-0.4093333333333334,0.2239166666666666,0.2383333333333333,0.31725,-0.1966666666666666,0.1411666666666667,-0.1958333333333333,0.2116666666666666,0.1616666666666666,0.3608333333333334,-0.2016666666666667,-0.3483333333333333,0.0608333333333333,0.5208333333333334,0.0158333333333333,0.0191666666666666,-0.1708333333333334,0.1941666666666666,-0.0975,0.0141666666666666,-0.0746666666666666,-0.0429166666666666,-0.08625,0.0045,0.4125,0.1674999999999999,-0.9784249999999998,1.4404750000000002,0.7266416666666666,-0.5983333333333332,0.9441666666666668,-0.6133333333333334,-0.1008333333333333,-0.5058333333333334,0.5466666666666667,0.5625,-0.0499999999999999,0.2288333333333333,-0.03675,0.0292499999999999,-0.1325833333333333,-0.6241666666666666,-0.1625833333333333,0.0010833333333333,-0.1006666666666666,-0.1509166666666666,0.1964166666666666,0.0685833333333333,0.3118333333333333,0.5234499999999999,-0.638175,-0.1856999999999999,0.1633416666666666,0.2533333333333334,0.8443166666666665,0.2749000000000001,-0.3009083333333333,-0.4607416666666666,1.0325166666666667,-0.2257166666666667,-3.1725,0.7366666666666668,-0.2358333333333333,0.0483333333333333,0.3291666666666667,-0.1741666666666666,0.3166666666666666,0.1966666666666666,0.0766666666666666,-0.0916666666666666,-0.1241666666666666,0.4641666666666666,-0.055,-0.6041666666666667,0.36,0.1558333333333333,-0.2233333333333333,0.3491666666666667,-0.165,0.2683333333333332,-0.0041666666666666,-0.8233333333333333,-0.5283333333333332,-0.1058333333333333,0
VKISLYKEPLMA,-0.0522885566666666,-0.3241714858333333,-0.0569083166666667,0.3786723583333333,-0.1060757358333333,-0.1624999999999999,-0.4024999999999999,-0.47,-0.1908333333333333,-0.0383333333333333,-0.0133333333333333,0.1108333333333333,-0.0083333333333333,0.1658333333333333,-0.0508333333333333,-0.2891666666666667,-0.1908333333333333,0.0616666666666666,-0.0842499999999999,0.35775,0.1525833333333333,0.5746666666666665,0.3208333333333333,0.0368333333333333,-0.3658333333333334,-0.0383333333333333,-0.025,-0.0575,0.1974999999999999,-0.7116666666666668,0.0433333333333333,-0.2599999999999999,-0.1291666666666666,0.1349999999999999,-0.4883333333333333,0.5025,-0.2241666666666666,-0.0378333333333333,-0.02125,-0.0850833333333333,-0.1274166666666666,0.0508333333333333,0.0049999999999999,-0.3783333333333333,1.2901416666666667,-0.2852916666666669,1.561891666666667,0.6516666666666667,-0.0924999999999999,-0.6924999999999999,0.8466666666666667,-0.9025,0.1083333333333333,0.0825,0.0191666666666666,0.241,0.0616666666666666,-0.0065,-0.0955833333333333,-0.7946666666666666,-0.25025,-0.0197499999999999,-0.0244166666666666,-0.2876666666666666,0.1299999999999999,0.0189166666666666,0.0109166666666666,0.1473083333333333,-0.8880999999999998,0.1282833333333333,-0.6998749999999999,0.3032749999999999,0.4451916666666667,-0.3997083333333333,0.3984916666666667,-0.5388333333333333,0.1168333333333332,-0.1135999999999999,-4.229166666666667,0.0441666666666666,-0.4341666666666666,0.51,0.2275,0.2125,-0.0158333333333333,0.0858333333333332,-0.3249999999999999,0.2108333333333333,-0.5175000000000001,0.1366666666666667,0.0724999999999999,-0.765,0.3141666666666667,0.4341666666666667,0.1066666666666666,-0.0625,-0.155,-0.9808333333333332,-0.4858333333333333,-0.5691666666666667,-0.17,0.3174999999999999,0
IHAQVP,-0.285346585,-0.1070355266666667,-0.90870235,0.2749611166666666,-0.6523326816666667,0.03,-0.3516666666666666,-0.3583333333333333,0.0666666666666667,-0.225,-0.3766666666666667,0.2683333333333333,-0.0099999999999999,0.1933333333333333,0.4183333333333334,-0.3766666666666666,-0.3416666666666666,-0.015,-0.1929999999999999,0.1176666666666666,-0.1338333333333333,0.1928333333333333,0.5743333333333333,0.0551666666666666,-0.3083333333333333,-0.3516666666666666,0.25,-0.1349999999999999,0.4366666666666667,-0.0683333333333333,-0.4683333333333334,-0.3416666666666666,0.375,-0.4316666666666666,-0.3216666666666666,0.7033333333333335,-0.5216666666666666,-0.0456666666666666,0.0443333333333333,-0.0553333333333333,-0.0549999999999999,0.0043333333333333,-0.5166666666666667,-0.3366666666666666,1.3514833333333336,-1.96695,1.50975,0.6533333333333334,-1.1433333333333335,-0.515,1.0666666666666669,-0.305,-0.4183333333333333,0.0133333333333333,-0.4633333333333333,0.2206666666666666,0.1011666666666666,-0.0343333333333333,-0.1245,-0.901,-0.4186666666666667,-0.247,-0.1275,-0.2085,-0.2426666666666667,0.2541666666666666,-0.0568333333333333,-2.1315,-0.17125,0.8054499999999999,0.2066166666666666,0.3420333333333333,-0.2809333333333332,-1.9901666666666664,1.1921,0.2700666666666667,-3.265933333333333,-0.3012499999999999,-4.725,-0.9966666666666666,0.0866666666666666,0.1633333333333333,0.3933333333333333,0.1683333333333333,-0.4116666666666666,-0.195,-0.7050000000000001,0.1883333333333333,-0.5933333333333334,0.0833333333333333,0.5266666666666667,-0.86,-0.3083333333333333,0.4833333333333333,-0.2066666666666666,-0.06,-0.2633333333333333,-0.6133333333333333,-0.6616666666666667,-0.3316666666666666,0.2383333333333332,0.715,0
ADMKASED,0.4018963649999999,-0.5172538062500001,-1.1635292125,0.2655030625,-0.92496786875,0.72,-0.33375,-0.04,-0.0549999999999999,-0.065,0.1662499999999999,-0.33125,0.1075,0.42875,-0.0275,0.15125,-0.56625,-0.11,-0.5658750000000001,0.401625,-0.508,0.3298749999999999,-0.0118749999999999,-0.6503749999999999,-0.5425,-0.45875,-0.8999999999999999,0.4549999999999999,-0.21,-0.17375,-0.485,0.0049999999999999,-0.14125,0.1199999999999999,-0.37625,-0.0375,-0.49,0.13075,-0.046,-0.188375,0.057125,0.103875,-1.0,0.2337499999999999,-4.8271625,-1.623375,-0.6323750000000001,-2.8712500000000003,-0.3949999999999999,-1.865,-0.4699999999999999,-0.25875,0.1175,-0.71,0.56625,0.224625,-0.0601249999999999,-0.12525,-0.016375,-1.010875,-0.206,-0.39475,-0.0056249999999999,0.2355,-0.4,0.14875,0.33925,-1.4204625,-0.7557375,-0.6214875,0.036275,-0.4195374999999999,0.416525,-1.7744125,-1.3233875,0.0465374999999999,-0.7647875,0.3093125,-5.5825,0.34125,0.15,0.3225,0.95375,-0.50125,-0.14625,-0.42,-0.13875,-0.74125,0.20875,0.2274999999999999,-0.0324999999999999,-0.95875,0.20625,0.55,-0.52125,0.4612499999999999,-0.1187499999999999,1.6725,-0.3649999999999999,0.5099999999999999,-0.7749999999999999,0.48125,0
DNPNPVIYVD,0.071567151,0.614976368,-0.38294613,0.20248536,-0.7596987420000001,0.302,-0.275,-0.1299999999999999,0.251,-0.614,-0.224,-0.147,-0.0789999999999999,-0.255,-0.026,-0.061,-0.421,-0.276,-0.6239,-0.6073999999999999,-0.0531999999999999,0.0907,0.4608999999999999,-0.4157999999999999,0.6729999999999999,-0.134,0.0969999999999999,-0.0389999999999999,0.0739999999999999,-0.213,-0.5900000000000001,0.046,0.489,-0.257,-0.23,0.293,-0.601,0.0419999999999999,0.0819999999999999,0.0982999999999999,-0.0427,0.0174,-0.374,-0.128,-0.7968400000000001,-1.11544,1.0808600000000002,-1.0819999999999996,-0.506,-0.352,-0.4859999999999999,-0.33,-1.141,0.906,-0.398,0.2145999999999999,0.0033,-0.0801999999999999,-0.0411,-0.8431000000000001,-0.3262999999999999,-0.2897,-0.1011,0.0779999999999999,-0.0863,-0.2006,-0.3494,-2.41531,-0.5427500000000001,1.5475800000000002,0.00361,-0.4029899999999999,0.09293,-1.08161,0.3813099999999999,0.7820699999999999,-3.0951700000000004,0.0552699999999999,-4.267,-0.6890000000000001,0.4519999999999999,-0.0029999999999999,0.378,-0.0439999999999999,0.0619999999999999,-0.143,-0.3429999999999999,-0.5210000000000001,-0.252,-0.0459999999999999,0.593,-0.775,-0.278,0.205,-0.498,-0.163,-0.217,-0.0869999999999999,0.107,0.5259999999999999,-0.8320000000000001,0.7470000000000001,0
TVARL,-0.2882586879999999,-0.4593182299999999,0.1867745999999999,1.08528638,0.3782481059999999,-0.2519999999999999,-0.71,-0.332,-0.146,0.194,0.254,0.228,-0.332,0.22,0.092,-0.332,-0.234,0.258,-0.2372,0.4843999999999999,-0.0741999999999999,0.866,0.087,0.7204,-0.5720000000000001,-0.362,0.682,0.146,-0.556,-0.594,0.1699999999999999,-0.4640000000000001,-0.026,0.444,-0.6540000000000001,0.5660000000000001,-0.2499999999999999,-0.0588,0.0148,-0.167,-0.1798,-0.11,-0.362,-0.422,0.7122999999999999,-1.40542,0.84968,1.182,-0.868,-1.124,1.36,0.1399999999999999,0.282,0.218,0.41,0.2397999999999999,0.1328,-0.0804,-0.0714,-0.9262,-0.452,-0.3676,0.0644,-0.2724,-0.3708000000000001,0.2285999999999999,0.1836,-1.6007400000000005,-1.41088,0.4375599999999999,-0.33566,0.71378,-0.1805199999999999,-2.57566,0.07538,-0.71086,-1.88884,1.30162,-5.02,0.196,0.074,0.702,0.7299999999999999,0.092,-0.204,-0.094,-0.6839999999999999,0.39,-0.4439999999999999,0.142,0.0179999999999999,-0.89,0.294,0.546,-0.632,-0.392,-0.14,-0.4720000000000001,-1.1880000000000002,-1.41,-0.236,0.3099999999999999,0
SDTEREEPT,0.7285336133333334,0.0022658088888888,0.0350147999999998,0.3807555555555555,-0.4742556455555555,1.011111111111111,-0.1888888888888888,-0.1544444444444444,-0.1966666666666666,-0.1722222222222222,-0.0833333333333333,-0.4144444444444444,-0.3644444444444444,0.2711111111111111,-0.0233333333333333,0.5577777777777778,-0.4866666666666666,-0.1933333333333333,-0.8377777777777778,0.0347777777777777,-0.446,0.1413333333333333,0.5641111111111111,-0.3294444444444444,-0.0177777777777777,-0.1322222222222222,-0.4011111111111111,0.7911111111111111,-0.6755555555555556,0.15,-0.1766666666666667,-0.5033333333333333,-0.1566666666666666,0.1266666666666666,-0.1977777777777777,0.1266666666666666,-0.3844444444444445,0.1827777777777778,-0.0488888888888889,-0.0544444444444444,-0.0121111111111111,0.0378888888888888,-0.4466666666666666,0.7422222222222223,-6.810244444444444,-0.1546333333333335,0.2496999999999999,-4.121111111111111,0.637777777777778,-1.2466666666666666,-0.571111111111111,-0.4866666666666667,-0.3844444444444443,-0.0022222222222222,0.1088888888888888,0.221,-0.0716666666666666,-0.1102222222222222,0.0898888888888888,-0.8185555555555555,-0.3407777777777778,-0.5266666666666667,-0.1869999999999999,0.3982222222222222,-0.2255555555555555,0.1587777777777778,-0.0186666666666666,-0.4498000000000001,-1.3942444444444444,-0.4784111111111111,0.7054555555555556,-0.652,0.5227555555555556,0.5967888888888891,-1.7619777777777776,0.5806333333333333,0.3613333333333332,0.1402555555555554,-4.222222222222222,0.518888888888889,0.4588888888888889,-0.2711111111111111,0.6077777777777778,-0.8099999999999999,0.1411111111111111,-0.1711111111111111,-0.0155555555555555,-0.8955555555555557,0.1311111111111111,0.1833333333333332,0.6555555555555554,-0.7511111111111111,-0.0066666666666666,0.1277777777777777,-0.7855555555555556,0.3666666666666666,-0.0511111111111111,2.117777777777778,-0.1055555555555555,-0.1277777777777778,-1.4666666666666666,0.1888888888888889,0
KVADNSGAKEIMC,0.0491780407692307,-0.2215939561538461,-0.1357290615384614,0.2767057692307692,-0.0164781046153846,0.3107692307692307,-0.4461538461538461,0.0315384615384615,0.0438461538461538,0.1146153846153846,0.2176923076923076,-0.0384615384615384,0.1046153846153846,0.1907692307692307,0.0023076923076923,-0.1338461538461538,-0.4661538461538461,0.1153846153846153,-0.357,0.1671538461538461,-0.4507692307692307,0.2814615384615384,-0.2217692307692308,-0.159076923076923,-0.3084615384615384,-0.4938461538461538,-0.1476923076923077,0.2276923076923077,0.0238461538461538,-0.0976923076923076,-0.0276923076923077,0.2276923076923077,-0.123076923076923,-0.0338461538461538,-0.49,0.1984615384615384,-0.3746153846153846,0.0538461538461538,0.0254615384615384,-0.1268461538461538,0.0166923076923076,-0.0062307692307692,-0.9930769230769232,0.0176923076923076,-1.918915384615384,-1.9421076923076923,-0.3749923076923077,-1.206923076923077,-1.167692307692308,-0.7799999999999999,0.2723076923076923,0.0099999999999999,0.4138461538461539,-0.0738461538461538,0.0676923076923076,0.2316153846153847,0.0323076923076923,-0.0934615384615384,-0.0319230769230769,-1.0469230769230768,-0.2867692307692308,-0.2657692307692307,0.1201538461538461,-0.0456153846153846,-0.4036153846153846,0.1896923076923076,0.2896923076923076,-1.856107692307692,-0.4305307692307693,-0.6195923076923078,-0.3238846153846154,0.1601846153846155,0.1362692307692307,-2.947746153846154,-0.5109,-0.3053153846153846,-1.6813000000000002,0.3695230769230769,-5.792307692307692,0.13,-0.0799999999999999,0.5553846153846153,0.9076923076923076,-0.2315384615384615,-0.4153846153846154,-0.4292307692307693,-0.0961538461538461,-0.166923076923077,-0.0853846153846153,0.3192307692307691,-0.2446153846153846,-0.996923076923077,0.2661538461538461,0.6600000000000001,-0.3223076923076921,0.3438461538461538,-0.19,0.8576923076923074,-0.88,0.1199999999999999,-0.4407692307692308,0.1715384615384614,0
NAFLHHMVR,-0.1623350166666667,-0.5267890666666666,0.0870277555555554,6.647777777777734e-05,0.3310622611111111,-0.1199999999999999,0.1022222222222222,-0.53,0.3866666666666666,0.1622222222222222,0.0888888888888888,0.3077777777777778,-0.0133333333333333,-0.0844444444444444,0.1455555555555555,-0.1744444444444444,-0.09,0.1133333333333333,-0.0633333333333333,0.4993333333333333,0.1528888888888889,-0.0178888888888889,-0.0222222222222222,0.2753333333333334,-0.49,0.1133333333333333,0.0822222222222222,-0.0766666666666666,0.3266666666666667,-0.0088888888888888,-0.25,0.2455555555555555,0.47,0.3766666666666667,-0.09,0.5966666666666666,-0.36,-0.0698888888888888,-0.0614444444444444,-0.0782222222222222,0.0255555555555555,-0.0097777777777777,0.3888888888888889,-0.2433333333333333,1.9095444444444445,0.7006444444444444,-0.6550444444444443,1.6933333333333336,0.3988888888888888,-0.2788888888888888,0.6766666666666666,0.3144444444444444,0.0388888888888888,-0.6833333333333333,-0.6188888888888888,0.2368888888888889,0.004,0.0785555555555555,-0.0306666666666666,-0.6244444444444445,-0.0161111111111111,0.0353333333333333,-0.1851111111111111,-0.1127777777777778,0.1405555555555555,0.384111111111111,0.1074444444444444,0.1099333333333333,0.3247222222222222,0.4737888888888888,-0.1222111111111111,0.0669777777777778,-0.5554222222222222,0.2361777777777779,0.436,0.0120888888888889,-0.2628777777777777,-0.2319666666666666,-3.2622222222222224,-0.0355555555555555,-0.281111111111111,-0.0299999999999999,0.22,0.1644444444444444,-0.1033333333333333,0.2044444444444444,-0.1611111111111111,0.3288888888888889,0.1755555555555555,0.2111111111111111,-0.0755555555555555,-0.6255555555555555,0.0577777777777778,0.3233333333333334,-0.0099999999999999,0.2677777777777778,0.0266666666666666,-0.2433333333333332,0.3866666666666666,-0.3155555555555555,1.0455555555555556,0.2377777777777777,0
LRWSWEAA,-0.0906939574999999,-0.46021870875,-0.425970225,0.1718752249999999,-0.26964711375,-0.135,0.2287499999999999,0.17625,-0.5050000000000001,0.24375,0.2325,0.00125,-0.12625,0.34375,0.16125,-0.0687499999999999,-0.0274999999999999,0.00125,0.0286249999999999,0.4423749999999999,0.2373749999999999,0.303125,-0.068875,-0.0929999999999999,-0.4974999999999999,0.155,-0.4624999999999999,-0.165,-0.99375,-0.255,-0.16625,-0.36,-0.6024999999999999,-0.0812499999999999,-0.1225,0.44625,-0.2975,-0.0314999999999999,-0.061125,-0.0824999999999999,-0.044375,0.1131249999999999,0.4362500000000001,-0.1062499999999999,0.9200750000000002,0.5819000000000001,0.528225,0.97,0.5174999999999998,-0.435,0.0162499999999999,-0.515,0.75,-0.33875,0.2837499999999999,0.229,0.044875,0.077125,-0.00125,-0.531875,-0.231625,-0.25075,-0.3027499999999999,-0.0369999999999999,-0.5695,0.4942499999999999,0.5255000000000001,2.2338999999999998,-0.6651499999999999,0.5054,0.1876,0.1444624999999999,-0.3188749999999999,2.2054500000000004,0.0517374999999999,-0.606425,2.2411375,0.7259625,-2.6724999999999994,-0.4074999999999999,0.0825,-0.1912499999999999,0.6762499999999999,0.1675,0.37,0.18875,0.0099999999999999,0.10375,-0.235,0.04375,-0.29,-0.56,-0.1124999999999999,0.3225,-0.35375,0.39375,-0.225,-0.4375000000000001,0.4537500000000001,-0.19625,0.4299999999999999,0.0637499999999999,0
AMVVAAER,-0.2769812124999999,-0.9367993225,0.2388783249999999,0.8429630749999999,0.038883375,-0.0612499999999999,-0.67375,-0.27125,-0.1725,0.095,0.1725,0.21375,0.08,0.57125,0.29375,-0.495,-0.3775,0.07125,-0.466875,0.8331249999999999,-0.3171249999999999,0.648125,0.0137499999999999,0.1795,-1.09875,-0.59875,0.06375,0.0875,-0.35,-0.1975,-0.19,-0.0025,-0.21,0.1175,-0.6087499999999999,0.3825,-0.2975,-0.046375,-0.0134999999999999,-0.27025,-0.036125,-0.0048749999999999,-0.81375,-0.5575000000000001,0.3716250000000003,-2.5726875,0.055,0.875,-1.45375,-1.79625,0.9775,-0.17375,0.64375,-0.4987499999999999,0.2075,0.243875,0.11975,-0.083625,-0.090625,-1.037875,-0.415,-0.28325,0.1639999999999999,-0.29425,-0.6448750000000001,0.311,0.4355,-2.3587375,-0.5034624999999999,-0.5959375,-0.1150625,0.2232749999999999,0.0217375,-3.83855,-0.0443749999999999,-0.4750749999999999,-2.5405,0.9695375,-5.74375,-0.0099999999999999,-0.0674999999999999,0.74875,0.915,0.0412499999999999,-0.48125,-0.3275,-0.61875,0.0149999999999999,-0.51625,0.2437499999999999,-0.16625,-1.0,0.30875,0.7375,-0.4962499999999999,-0.19625,-0.17625,-0.085,-1.2125,-0.5525,-0.15375,0.3075,0
ATAIAHVCHNFNV,-0.4234242423076922,-0.3065812361538462,0.1029329076923075,0.2918548846153845,0.0797496599999999,-0.1176923076923077,-0.2799999999999999,-0.0538461538461538,0.5415384615384615,0.0892307692307692,0.0669230769230769,0.1592307692307692,-0.2069230769230768,0.156923076923077,0.2146153846153846,-0.2953846153846154,-0.3984615384615384,0.0946153846153846,-0.0665384615384615,0.2305384615384615,-0.2889999999999999,0.1210769230769231,-0.1700769230769231,0.0688461538461538,-0.4046153846153846,-0.4846153846153846,0.2661538461538462,-0.1576923076923077,0.0507692307692307,0.0492307692307692,-0.3861538461538462,0.2346153846153846,0.546923076923077,-0.0976923076923076,-0.2784615384615384,0.5161538461538462,-0.5884615384615385,-0.0549230769230769,0.0588461538461538,-0.111076923076923,0.0402307692307692,-0.058,-0.773076923076923,-0.3161538461538462,1.4428846153846158,-2.3981,-0.9570307692307692,1.2553846153846158,-1.6061538461538465,-0.6992307692307692,0.6715384615384615,0.5561538461538461,-0.0838461538461538,-0.0676923076923076,-0.4430769230769231,0.2365384615384615,0.0927692307692307,-0.0173076923076923,0.0251538461538461,-0.9453076923076922,-0.4512307692307693,-0.2862307692307692,-0.0543076923076923,-0.0409230769230769,-0.4613076923076923,0.2262307692307692,0.0497692307692308,-2.647038461538461,0.5262538461538461,0.8634076923076924,0.0229153846153846,0.3388538461538462,-0.488476923076923,-2.828376923076924,0.6397153846153846,0.2102076923076923,-3.5623615384615377,0.2237384615384616,-5.185384615384614,-0.8284615384615385,0.3684615384615385,0.1923076923076923,0.8046153846153845,0.1353846153846153,-0.5676923076923077,-0.3184615384615385,-0.6192307692307693,0.0699999999999999,-0.1084615384615384,0.0023076923076922,-0.1484615384615384,-0.9269230769230768,-0.2669230769230769,0.5723076923076923,-0.5169230769230769,0.0576923076923077,-0.1899999999999999,0.0046153846153846,-0.6723076923076923,0.2538461538461538,0.1384615384615384,0.2961538461538461,0
VTGFD,-0.3416521399999999,0.282227586,0.2469207399999999,0.5078452600000001,-0.142970826,-0.0319999999999999,-0.154,0.258,0.25,-0.534,0.4059999999999999,-0.144,-0.0879999999999999,0.138,-0.132,-0.266,-0.4960000000000001,-0.172,-0.324,-0.4549999999999999,-0.297,0.4790000000000001,-0.2948,-0.2615999999999999,0.27,-0.522,0.216,-0.1099999999999999,-0.04,-0.274,-0.0719999999999999,0.568,-0.0419999999999999,0.312,-0.204,0.242,-0.704,-0.0028,0.153,-0.0336,-0.0174,-0.0206,-0.916,-0.244,0.0415000000000002,-3.2205,-0.1246599999999999,-0.5020000000000001,-2.314,-0.1920000000000001,-0.93,0.16,-0.0139999999999999,0.416,0.63,0.2065999999999999,0.0738,-0.0566,0.0227999999999999,-0.9928,-0.3738,-0.2242,0.0689999999999999,-0.1136,-0.7192000000000001,-0.1206,0.3394,-2.6249,0.7093400000000001,0.0174799999999999,0.63,0.6683199999999999,0.5301400000000001,-3.1695800000000003,0.30762,0.01234,-2.92022,0.5366,-5.322,-0.592,0.4059999999999999,0.098,1.0579999999999998,0.118,-0.336,-0.56,-0.172,-0.56,-0.1999999999999999,-0.064,-0.124,-0.95,-0.098,0.364,-0.836,0.052,-0.668,-0.0059999999999999,-1.202,0.1379999999999999,-1.01,-0.1339999999999999,0
IIMDL,-0.622130554,-0.660218906,0.2643630599999999,0.15768178,-0.26183208,-0.748,-0.74,-0.6100000000000001,0.1099999999999999,-0.384,0.256,-0.3419999999999999,0.258,-0.3179999999999999,0.096,-0.5199999999999999,-0.186,-0.3359999999999999,0.7672000000000001,0.6204000000000001,0.4027999999999999,0.4568,-0.0215999999999999,-0.2628,-0.6639999999999999,-0.072,0.268,-0.512,-0.11,-0.0639999999999999,-0.392,0.168,0.252,-0.3319999999999999,-0.6300000000000001,0.476,-0.388,-0.1818,-0.0076,-0.122,-0.0236,0.045,0.308,-0.8460000000000001,5.84864,-1.10954,0.05244,3.4840000000000004,-0.732,-2.15,-0.324,-0.354,-0.292,0.2079999999999999,-0.182,0.2502,-0.0072,-0.0663999999999999,-0.1768,-0.7992,-0.391,-0.1566,-0.0087999999999999,-0.108,0.8744,-0.1008,-0.502,-1.46822,-1.15634,1.46788,-1.89608,-0.47868,0.58998,-1.60196,0.25766,-0.20334,-2.7112000000000003,-0.87582,-4.322,0.29,-0.348,1.098,-0.0279999999999999,0.752,-0.014,0.196,-0.882,-0.326,-0.636,-0.2139999999999999,-0.2,-0.768,0.424,0.6759999999999999,0.4620000000000001,-0.13,0.364,-2.186,-0.8099999999999999,-0.502,-0.584,0.2259999999999999,0
VPADDLTDPAPATTF,-0.1010113606666666,0.157647072,-0.7712803066666667,0.6687403866666667,-0.8106108973333334,0.2626666666666667,-0.536,0.1606666666666667,-0.044,-0.4686666666666667,-0.2353333333333333,-0.0753333333333333,-0.348,0.204,-0.0846666666666666,-0.2573333333333333,-0.5326666666666667,-0.1419999999999999,-0.2316666666666667,-0.2911333333333333,-0.4155333333333333,0.4786,0.7748666666666668,-0.5197999999999999,0.1353333333333333,-0.566,-0.402,-0.1113333333333333,-0.2026666666666667,-0.4186666666666667,-0.1986666666666666,-0.5853333333333333,0.3433333333333334,0.1019999999999999,-0.3913333333333334,0.3133333333333333,-0.6859999999999999,0.0524,0.1107333333333333,-0.0447333333333333,-0.0636666666666666,0.0970666666666666,-1.112666666666667,-0.3079999999999999,-1.4409133333333335,-3.251266666666666,1.5823533333333335,-1.3353333333333337,-1.8393333333333333,-0.6913333333333331,-0.1126666666666666,-0.5559999999999999,-0.982,-0.1239999999999999,0.6626666666666667,0.2089333333333333,0.1172,-0.1054666666666666,0.0073999999999999,-1.0456666666666663,-0.5192,-0.4243333333333332,-0.0264,-0.0647333333333333,-0.6639333333333333,-0.0579999999999999,-0.1037999999999999,-3.6323066666666666,-0.0031066666666665,0.9850333333333332,0.09918,0.3743733333333333,0.2542133333333333,-3.264706666666667,0.7028866666666665,0.6106333333333333,-4.31428,0.60178,-5.618666666666667,-1.1146666666666667,0.464,0.2033333333333332,0.7979999999999999,0.0186666666666666,-0.24,-0.4853333333333333,-0.5793333333333334,-0.5,-0.356,-0.2173333333333333,0.7493333333333335,-0.9926666666666664,-0.314,0.4126666666666667,-0.7313333333333334,-0.3286666666666666,-0.5666666666666667,-0.0773333333333333,-0.7933333333333333,0.5186666666666666,-0.7406666666666669,0.7433333333333334,0
NPSVKPIC,-0.12405730625,0.68351263625,-0.6823194000000001,0.2100907125,-0.4438896375,0.1975,-0.6375000000000001,0.0625,-0.00125,-0.08875,-0.3974999999999999,0.12875,-0.1674999999999999,-0.1662499999999999,-0.125,-0.285,-0.38,0.1649999999999999,-0.3145,-0.5235,-0.366375,-0.0072499999999999,0.724625,0.0293749999999999,0.5475000000000001,-0.34375,0.22375,-0.09875,0.315,-0.11875,-0.0762499999999999,-0.5899999999999999,0.3075,-0.2437499999999999,-0.575,0.52875,-0.42,0.0355,0.1112499999999999,0.083375,-0.066375,-0.03625,-0.8312499999999999,-0.165,-0.1604749999999999,-1.75705,1.573375,-0.7300000000000002,-1.19125,0.47375,0.8975,-0.3075,-0.985,0.48625,-0.31875,0.223875,0.11525,-0.07625,0.0065,-1.003375,-0.4051249999999999,-0.2431249999999999,0.075625,-0.21325,-0.24275,0.134125,-0.381625,-1.28565,-0.5735750000000001,0.1226875,-0.7953625,0.4231625,-0.2583,-1.337575,0.6903,0.1344,-1.3024749999999998,0.4162999999999999,-5.2925,-0.8512500000000001,-0.1387499999999999,0.325,0.37125,-0.0225,-0.40375,-0.25875,-0.3425,0.15875,-0.3375,-0.08375,0.77625,-0.93125,-0.1349999999999999,0.4862499999999999,-0.0199999999999999,-0.04875,-0.3149999999999999,-0.1537499999999999,-0.5075,0.485,-0.1449999999999999,0.5225000000000002,0
TPYTFTKDQ,0.3510276333333333,0.3177214655555555,0.4303132444444444,0.0967818,0.1138459455555555,0.2744444444444444,0.0166666666666666,-0.1466666666666666,-0.0677777777777777,-0.1688888888888889,-0.1155555555555555,-0.1866666666666666,-0.6133333333333332,0.1755555555555555,-0.2355555555555555,0.2477777777777778,-0.2788888888888888,-0.0133333333333333,-0.2768888888888889,-0.3826666666666666,0.0391111111111111,0.0103333333333333,0.323,0.0774444444444444,0.42,0.0966666666666666,0.1311111111111111,0.3066666666666666,0.28,-0.2433333333333333,0.2055555555555555,-0.4377777777777776,0.1077777777777777,-0.0722222222222222,-0.06,0.541111111111111,-0.4922222222222221,0.0668888888888889,0.0074444444444444,0.0856666666666666,-0.086,-0.0337777777777777,0.0566666666666667,0.2333333333333333,-2.6102333333333334,0.5316000000000002,1.0365777777777776,-1.7188888888888891,0.63,0.1688888888888889,0.0677777777777777,-0.0488888888888889,-0.8144444444444445,0.3544444444444444,0.9388888888888888,0.2018888888888889,-0.0251111111111111,-0.0336666666666666,0.0742222222222222,-0.6684444444444444,-0.242111111111111,-0.1441111111111111,-0.1507777777777778,0.0967777777777778,-0.157,-0.1582222222222222,-0.1909999999999999,-0.548211111111111,0.2854777777777777,0.2505444444444444,0.3182888888888889,0.3692777777777778,0.6438444444444444,0.174,0.0768999999999999,0.5180333333333333,-0.3563,-0.2989333333333333,-3.41,-0.2222222222222222,0.2466666666666667,-0.3055555555555556,0.3266666666666666,-0.2166666666666666,0.2222222222222222,0.0499999999999999,-0.1788888888888889,-0.04,0.1733333333333333,-0.3766666666666667,0.4766666666666667,-0.65,-0.1022222222222222,0.01,-0.5333333333333334,-0.0388888888888888,-0.3066666666666666,0.2055555555555555,0.0477777777777777,-0.2255555555555556,-0.601111111111111,0.0477777777777777,0
AIAEDAGAVSVM,-0.4288194375,-0.4945951383333333,-0.4398468916666667,0.8102555916666666,-0.4784139783333334,0.03,-0.6583333333333333,0.0775,0.0425,-0.1849999999999999,0.2825,0.0983333333333333,0.1008333333333333,0.5341666666666667,0.2699999999999999,-0.5108333333333334,-0.5975,-0.0191666666666666,-0.2310833333333333,0.3445,-0.5476666666666666,0.7725000000000001,-0.1091666666666666,-0.3700833333333333,-0.7041666666666667,-0.9291666666666666,-0.1408333333333332,-0.095,-0.3,-0.265,-0.4633333333333334,0.2066666666666666,-0.2425,-0.1099999999999999,-0.6075,0.2625,-0.5800000000000001,-0.0139166666666666,0.1000833333333333,-0.2404166666666666,-0.0075,0.03875,-1.5524999999999995,-0.5416666666666666,-0.0008249999999996,-4.754716666666666,0.0131749999999999,-0.0508333333333331,-2.935833333333333,-1.6441666666666668,0.31,-0.2191666666666667,0.4791666666666667,-0.2399999999999999,0.2391666666666666,0.2349166666666666,0.1361666666666666,-0.1139999999999999,-0.0462499999999999,-1.2229166666666669,-0.5195833333333333,-0.4259166666666666,0.152,-0.1685833333333333,-0.9455,0.1219166666666666,0.4845,-3.195133333333334,-0.4520666666666668,-0.2186916666666667,0.0760166666666666,0.3226333333333332,0.11015,-4.627383333333333,-0.0231583333333333,-0.4295166666666667,-3.5617500000000004,1.0544333333333336,-6.853333333333333,-0.5824999999999999,0.2541666666666667,0.75,1.2758333333333336,0.1,-0.6891666666666666,-0.7516666666666666,-0.5900000000000001,-0.3866666666666667,-0.6433333333333334,0.1874999999999999,-0.2866666666666666,-1.1725,0.0483333333333333,0.85,-0.6525,0.02,-0.4266666666666666,0.0474999999999999,-1.7041666666666666,0.1175,-0.7391666666666667,0.4358333333333333,0
LKSSNRPLDDREK,0.6796902969230769,0.1271747676923076,-1.1247858307692309,0.311169723076923,-0.446730633076923,0.7792307692307693,-0.1946153846153846,-0.3030769230769231,-0.143076923076923,0.0984615384615384,0.0853846153846153,-0.1115384615384615,-0.0138461538461538,-0.0669230769230768,-0.2876923076923077,0.3669230769230769,-0.2623076923076923,0.123076923076923,-0.7063846153846154,-0.0011538461538461,-0.1285384615384615,0.3323076923076923,0.3010769230769231,0.0624615384615384,0.1699999999999999,0.1053846153846153,-0.3015384615384616,0.6638461538461538,-0.3023076923076923,-0.5123076923076922,-0.0392307692307692,-0.3469230769230769,0.113076923076923,0.2869230769230769,-0.3361538461538461,0.1461538461538461,-0.18,0.1497692307692307,-0.0736923076923077,-0.0194615384615384,-0.103076923076923,0.0139999999999999,-0.0484615384615384,0.533076923076923,-5.152607692307693,1.447630769230769,0.8151615384615385,-3.0923076923076924,1.386153846153846,-0.5399999999999999,0.2353846153846154,-0.2853846153846154,-0.1338461538461538,0.07,0.0761538461538461,0.2252307692307691,-0.0814615384615384,-0.0657692307692307,-0.0551538461538461,-0.7572307692307692,-0.03,-0.2961538461538461,-0.1292307692307692,0.119,0.1227692307692307,0.2309230769230769,0.1748461538461538,1.0906538461538458,-2.102423076923077,-0.1542,-0.0838846153846153,-0.0774846153846154,0.0167307692307692,1.4454615384615386,-1.2771384615384618,-0.3701538461538461,2.326584615384616,0.6107923076923079,-3.878461538461538,0.9353846153846154,-0.1076923076923076,0.0492307692307692,0.4484615384615384,-0.6269230769230768,0.3299999999999999,0.0669230769230769,0.2153846153846153,-0.1461538461538462,0.3107692307692308,0.4807692307692308,0.3692307692307691,-0.6938461538461538,0.3223076923076923,0.1861538461538461,-0.3807692307692308,0.4699999999999998,-0.0369230769230769,1.5615384615384615,0.4653846153846154,-0.4638461538461539,-0.436153846153846,0.6276923076923077,0
NLIQAKMDELT,0.1410182254545454,-0.5529586709090909,-0.0481547090909091,0.3003449181818181,-0.1798711572727273,0.1636363636363637,-0.3972727272727272,-0.440909090909091,-0.0845454545454545,0.0118181818181818,0.2436363636363636,-0.2163636363636364,-0.059090909090909,-0.0154545454545454,0.0563636363636363,0.0018181818181818,-0.3236363636363636,-0.1281818181818182,-0.0852727272727272,0.4969999999999999,-0.0235454545454545,0.4432727272727273,0.0436363636363636,-0.2046363636363636,-0.55,-0.1263636363636363,-0.2127272727272728,0.2045454545454545,-0.0072727272727272,-0.2936363636363636,0.1645454545454545,-0.0763636363636363,0.0854545454545454,-0.2563636363636364,-0.3745454545454545,0.3827272727272727,-0.3418181818181818,0.011,-0.0522727272727272,-0.1408181818181818,-0.0348181818181818,0.0503636363636363,-0.1618181818181818,-0.0609090909090908,-0.9364363636363636,-0.4535181818181817,0.0373545454545454,-0.4018181818181818,0.0836363636363635,-1.489090909090909,0.16,-0.3363636363636364,0.1863636363636363,-0.0863636363636363,0.0345454545454544,0.2395454545454545,-0.051,-0.0962727272727272,-0.0879090909090909,-0.8484545454545455,-0.2742727272727273,-0.2600909090909091,-0.0529090909090909,0.0815454545454545,0.315,0.0249090909090909,-0.0189999999999999,-1.737427272727273,-1.0778545454545454,0.5389090909090909,-0.5027636363636363,-0.3491272727272726,0.3811363636363637,-1.7151727272727273,-0.5197636363636364,-0.0132090909090909,-2.2519454545454547,-0.6209454545454546,-4.550909090909091,0.5727272727272728,-0.0072727272727272,0.5554545454545454,0.4345454545454545,-0.0581818181818181,-0.0236363636363636,-0.0227272727272727,-0.3072727272727273,-0.2481818181818182,-0.19,0.1645454545454545,-0.2399999999999999,-0.8009090909090909,0.35,0.4627272727272728,-0.2490909090909091,0.0981818181818181,0.1327272727272727,-0.0118181818181818,-0.4409090909090908,-0.5281818181818182,-0.7672727272727272,0.449090909090909,0
EERLSQLV,0.1975474299999999,-0.49915273375,-0.8577912750000001,0.5759304375000001,-0.79540691125,0.24375,-0.3062499999999999,-0.63,-0.25125,0.11,0.1674999999999999,-0.195,0.0774999999999999,0.21125,0.14875,0.1337499999999999,-0.2425,-0.1775,-0.52925,0.686125,0.0132499999999999,0.6323749999999999,0.20425,0.151875,-0.645,0.0124999999999999,-0.0074999999999999,0.39125,-0.50375,-0.4362499999999999,0.1,-0.3687499999999999,-0.1287499999999999,0.08,-0.34,0.41625,-0.16,0.0191249999999999,-0.086875,-0.160625,-0.090125,0.0058749999999999,0.14,0.15875,-1.6953375,0.3628375000000001,0.0562125,-0.6187499999999998,0.72125,-1.6475,0.2274999999999999,-0.5075000000000001,0.56125,0.1025,-0.30125,0.246375,-0.0709999999999999,-0.078125,-0.083875,-0.7633749999999999,-0.222875,-0.2665,-0.099625,0.021625,0.2679999999999999,0.1832499999999999,0.213375,0.8783749999999999,-2.215875,-0.3545625,0.2719249999999999,-0.5879375,0.2447,1.0388000000000002,-1.2554125,-0.5165375000000001,1.34015,-0.07005,-3.8625,1.0275,0.015,0.23625,0.40375,-0.2474999999999999,0.09125,0.1374999999999999,-0.22125,-0.2925,-0.29,0.275,-0.0875,-0.6925000000000001,0.385,0.28375,-0.4225,0.2224999999999999,0.17375,0.3412499999999999,-0.3487500000000001,-1.06625,-1.13875,0.29,0
QCICSK,-0.23175977,0.1737766216666666,-1.1373201666666668,-0.2927536666666666,-0.4244857666666666,-0.0916666666666667,-0.59,0.185,0.125,0.7633333333333333,-0.21,-0.305,0.0816666666666666,0.12,-0.0499999999999999,-0.0416666666666666,-0.3349999999999999,0.2316666666666666,0.1259999999999999,0.114,-0.4778333333333333,-0.4943333333333333,-0.328,0.4875,-0.0816666666666666,-0.3266666666666667,0.4483333333333334,0.0583333333333333,0.0783333333333333,0.565,0.3849999999999999,-0.4683333333333332,0.2399999999999999,-0.2566666666666666,-0.54,0.5066666666666666,-0.2483333333333333,-0.0043333333333333,0.0223333333333333,-0.0061666666666666,0.0961666666666666,-0.1983333333333333,-0.725,0.2799999999999999,0.0148500000000003,-0.6706833333333334,-2.1088166666666672,0.385,-0.5800000000000001,-0.0483333333333333,0.5333333333333333,1.143333333333333,-0.0033333333333333,0.2083333333333333,0.13,0.2273333333333333,-0.0274999999999999,-0.1195,0.061,-0.9743333333333334,-0.2749999999999999,-0.149,0.2336666666666667,-0.0356666666666666,-0.0661666666666666,0.3336666666666666,-0.2061666666666667,0.0502500000000001,-0.1874666666666666,-1.579983333333333,-0.9721166666666666,-0.1196,-0.2580666666666666,-1.1056,-0.7863000000000001,-0.2993333333333334,0.7786833333333334,0.0054833333333333,-5.33,0.2349999999999999,-0.2566666666666666,0.4750000000000001,0.5750000000000001,-0.1949999999999999,-0.5866666666666666,-0.135,-0.2783333333333334,0.285,0.3583333333333333,-0.4316666666666666,-0.1133333333333333,-0.9183333333333332,0.2516666666666666,0.6866666666666666,0.105,0.5183333333333334,0.2166666666666667,0.7033333333333333,-0.7916666666666669,0.5016666666666666,-0.2866666666666667,-0.5666666666666667,0
LEKKE,1.071728812,-1.002928578,0.50303018,0.1874996399999999,0.141826062,0.7659999999999999,-0.096,-0.764,-0.518,0.2219999999999999,0.0759999999999999,-0.298,0.2259999999999999,0.292,-0.2239999999999999,0.4359999999999999,-0.17,-0.044,-0.8544,1.0096,0.1101999999999999,0.5992000000000001,0.2091999999999999,-0.0865999999999999,-0.924,0.404,-0.784,0.928,-0.018,-0.898,0.6679999999999999,-0.032,-0.242,0.378,-0.256,0.0199999999999999,0.192,0.1321999999999999,-0.244,-0.1966,-0.122,0.1516,0.536,0.724,-5.048780000000001,3.1671,1.3857199999999998,-2.884,2.614,-1.4979999999999998,0.422,-1.6880000000000002,1.246,-0.114,-0.278,0.2514,-0.1058,-0.0088,-0.2112,-0.6184000000000001,-0.1338,-0.0256,-0.1841999999999999,-0.0258,0.8150000000000001,0.2342,0.3422,0.74068,-1.6092399999999998,-0.6307400000000001,-0.0646799999999999,-0.11534,1.26812,0.6176,-1.02934,-0.4786399999999999,1.26254,-1.51664,-3.124,1.72,-0.57,0.2219999999999999,0.092,-0.6679999999999999,0.454,0.392,0.304,-0.1640000000000001,-0.074,1.032,-0.0639999999999999,-0.576,0.75,0.148,-0.02,0.47,0.09,1.3039999999999998,0.2,-1.338,-0.7639999999999999,0.192,0
SSFRISDILEQ,-0.0283482445454545,0.0128479809090909,-1.210155518181818,0.3143369454545455,-0.8949272027272727,0.1545454545454545,-0.2481818181818181,-0.3209090909090908,0.0881818181818181,-0.0554545454545454,0.26,-0.2318181818181818,-0.0436363636363636,0.1990909090909091,-0.1009090909090909,0.1018181818181818,-0.2863636363636364,-0.0772727272727272,-0.0678181818181818,0.1504545454545454,-0.0048181818181817,0.3951818181818181,0.0303636363636363,0.0510909090909091,-0.1272727272727272,-0.1,0.1554545454545454,0.1945454545454545,-0.4427272727272726,-0.2263636363636363,-0.4927272727272727,-0.2127272727272727,0.1072727272727272,-0.4163636363636364,-0.3427272727272727,0.449090909090909,-0.3909090909090909,0.0126363636363636,-0.0028181818181818,-0.0605454545454545,-0.0646363636363636,-0.0368181818181818,-0.1190909090909089,0.049090909090909,-1.0506090909090906,-0.4391363636363637,-0.2298454545454546,-0.5890909090909092,0.0963636363636364,-1.2781818181818183,0.07,0.0918181818181818,-0.1918181818181818,0.2654545454545455,0.1127272727272727,0.2361818181818182,-0.0661818181818181,-0.0496363636363636,0.0133636363636363,-0.791,-0.2539090909090908,-0.3361818181818182,-0.1304545454545454,0.1091818181818182,0.0515454545454545,0.0901818181818181,0.0922727272727272,2.165927272727273,-1.9872818181818184,-0.2313818181818181,-0.0349818181818182,-0.0632909090909091,0.1324727272727272,2.3667,-1.1476818181818182,-0.6771272727272728,3.429881818181819,0.5378363636363634,-4.1054545454545455,0.4554545454545454,0.1490909090909091,0.0645454545454545,0.5136363636363636,-0.1227272727272727,0.0418181818181818,-0.0163636363636363,-0.3645454545454544,-0.280909090909091,-0.0427272727272727,-0.1318181818181818,0.0227272727272727,-0.7381818181818183,0.0936363636363636,0.3009090909090909,-0.349090909090909,0.4872727272727272,-0.0054545454545454,0.2954545454545454,-0.1672727272727273,-0.32,-0.989090909090909,0.34,0
ILSYNLPLELE,-0.1304009509090909,-0.2056223681818181,-0.2659268181818182,0.524219209090909,-0.55450914,-0.1863636363636363,-0.2981818181818181,-0.4954545454545455,0.0172727272727272,-0.1890909090909091,0.0318181818181818,-0.0581818181818181,-0.0409090909090908,-0.0663636363636363,-0.0081818181818181,-0.1754545454545454,-0.2163636363636363,-0.2545454545454545,0.1858181818181818,0.2856363636363636,0.2346363636363636,0.7594545454545453,0.4821818181818182,-0.3849999999999999,-0.2181818181818182,0.0199999999999999,-0.2454545454545454,-0.2645454545454546,-0.41,-0.7781818181818181,0.1,-0.2690909090909091,0.2345454545454545,-0.0009090909090908,-0.3190909090909091,0.4663636363636363,-0.3081818181818181,-0.0448181818181818,0.0079999999999999,-0.0767272727272727,-0.1125454545454545,0.124090909090909,0.1245454545454545,-0.3645454545454544,1.810209090909091,-0.6722727272727271,1.1045545454545451,0.8445454545454546,-0.2827272727272726,-1.0127272727272727,-0.019090909090909,-1.1345454545454543,-0.0218181818181818,0.33,-0.6245454545454546,0.2509090909090909,0.0161818181818181,-0.008090909090909,-0.0540909090909091,-0.7562727272727272,-0.3192727272727272,-0.1356363636363636,-0.1689090909090909,-0.1020909090909091,0.3278181818181817,-0.1597272727272727,-0.1058181818181818,-0.2549818181818182,-1.5633727272727271,1.3334181818181818,-0.3331909090909091,-0.4395909090909091,0.3399727272727273,0.4387909090909093,0.0730727272727272,-0.2264090909090909,-0.7989090909090906,-0.2769818181818182,-3.901818181818183,0.0436363636363636,0.0263636363636363,0.329090909090909,0.2363636363636364,0.32,0.1372727272727273,0.1063636363636363,-0.2927272727272728,-0.3172727272727273,-0.6727272727272727,0.0836363636363636,-0.02,-0.7090909090909091,0.1281818181818182,0.2972727272727273,-0.1772727272727272,-0.0554545454545454,-0.0409090909090908,-1.231818181818182,-0.2863636363636364,-0.3118181818181818,-1.054545454545455,0.5390909090909091,0
ATSTSSSFHG,-0.262044262,0.5589050870000001,-1.37969913,0.52413549,-0.571059408,0.377,-0.145,0.3189999999999999,0.352,0.0329999999999999,0.38,0.195,-0.628,0.4389999999999999,-0.0129999999999999,0.042,-0.595,0.361,-0.1065,-0.4932,-0.6889,0.4192999999999999,-0.0665,-0.071,0.304,-0.785,0.122,0.136,-0.0039999999999999,-0.199,-0.7139999999999999,-0.3049999999999999,-0.361,0.0629999999999999,-0.38,0.5579999999999999,-0.827,0.0852,0.1742,-0.0476,-0.0278999999999999,-0.0858,-1.5710000000000002,0.074,-2.96449,-4.05104,-0.4368600000000001,-2.115,-2.438,0.0059999999999999,0.642,0.605,-0.344,-0.187,0.502,0.2208,0.0971,-0.0452999999999999,0.2627,-1.1134,-0.3524,-0.5142,-0.0769,0.1714,-1.2385,0.1669999999999999,0.3706,1.1596599999999997,-0.7128500000000001,-0.8784599999999999,0.59276,0.89939,-0.5099899999999999,0.4759100000000004,-0.80149,-0.6298199999999999,2.55844,1.7276,-6.194,-0.893,0.483,-0.135,1.308,-0.232,-0.674,-0.8030000000000002,-0.2369999999999999,-0.1149999999999999,0.053,-0.217,-0.015,-1.076,-0.388,0.538,-0.768,0.618,-0.6060000000000001,1.16,-1.113,0.4639999999999999,-0.4999999999999998,0.227,0
GAKRYDDKDR,0.917313664,0.08554632,-0.32026833,0.1326697899999999,0.2794697309999999,0.874,0.132,-0.068,-0.0609999999999999,0.08,0.1529999999999999,-0.1009999999999999,0.2779999999999999,0.155,-0.326,0.427,-0.255,0.158,-0.8795,-0.1688,-0.1061999999999999,0.1621999999999999,-0.3106,0.1027,0.2779999999999999,0.1369999999999999,-0.2859999999999999,0.8580000000000002,-0.391,-0.3440000000000001,0.0389999999999999,0.378,0.028,0.567,-0.12,-0.172,-0.121,0.1822,-0.0931999999999999,0.0009999999999999,-0.0608,-0.0118,-0.0289999999999999,0.757,-6.55359,2.1374500000000003,0.3744700000000001,-3.8050000000000006,1.5949999999999998,-0.0799999999999999,-0.4519999999999999,0.1559999999999999,0.4090000000000001,0.16,0.6359999999999999,0.1983,-0.1053,-0.0400999999999999,-0.1172,-0.6935,0.1549999999999999,-0.1485999999999999,-0.072,0.0747,-0.2975,0.2177,0.6494000000000001,-0.0032399999999999,-0.94052,-0.5317999999999999,0.5982000000000001,0.1172299999999999,0.3483,-0.2876299999999999,-1.31712,-0.31715,1.31103,0.95686,-3.631,1.14,-0.095,-0.104,0.777,-0.817,0.5269999999999999,-0.0159999999999999,0.6200000000000001,-0.1640000000000001,0.637,0.736,0.126,-0.6629999999999999,0.43,0.1249999999999999,-0.6499999999999999,0.6469999999999999,-0.234,2.331,0.5630000000000002,-0.4800000000000001,-0.1339999999999999,0.198,0
EGVKDAVC,-0.094036065,-0.1816471687499999,-0.3748817874999999,0.4570109249999999,-0.411578215,0.22,-0.515,0.17625,0.0375,-0.01625,0.0849999999999999,-0.15875,0.2825,0.31875,0.1075,-0.23125,-0.5525,-0.0349999999999999,-0.7123750000000001,0.153625,-0.58575,0.369875,-0.2891249999999999,-0.1344999999999999,-0.33375,-0.64375,-0.0112499999999999,0.1749999999999999,-0.15375,-0.14625,0.0212499999999999,0.31,-0.1637499999999999,0.445,-0.4825,0.0562499999999999,-0.4,0.0391249999999999,0.05825,-0.147,0.0261249999999999,-0.031625,-1.24625,0.0412499999999999,-1.5157999999999996,-2.778725,-0.5681875000000001,-0.975,-1.8575,-0.87,-0.2487499999999999,-0.025,0.655,0.235,0.0462499999999999,0.2235,0.0705,-0.1225,-0.07475,-1.12225,-0.399375,-0.273875,0.1994999999999999,-0.142375,-0.62375,0.187875,0.388625,-3.1829625,0.0163374999999999,-0.7466375,0.1965125000000001,0.1103375,0.299325,-4.43355,-0.268425,-0.1353625,-3.50085,0.3958625,-6.135,-0.0837499999999999,0.11875,0.5275000000000001,1.09,-0.2312499999999999,-0.5475,-0.5487500000000001,-0.19,-0.40875,-0.2349999999999999,0.3562499999999999,-0.1699999999999999,-1.05625,0.1875,0.66625,-0.5862499999999999,0.1625,-0.32,0.91625,-1.40625,0.12,-0.81125,-0.12,0
TLGLWALRF,-0.4586559755555555,-0.3245875555555556,0.2624052222222221,0.5818812333333333,0.4024540377777777,-0.5888888888888889,-0.0644444444444444,-0.0222222222222222,-0.2255555555555556,0.0722222222222222,0.3899999999999999,0.2222222222222222,-0.09,0.0066666666666666,-0.0822222222222222,-0.4588888888888889,-0.0222222222222222,0.0433333333333333,0.4924444444444444,0.2368888888888888,0.3061111111111111,0.7727777777777778,-0.0196666666666666,0.0823333333333333,-0.2944444444444445,0.0022222222222222,-0.0466666666666666,-0.47,-0.58,-0.7344444444444443,0.5944444444444446,-0.0933333333333333,-0.1133333333333332,0.3166666666666666,-0.2555555555555555,0.5588888888888888,-0.2833333333333333,-0.1067777777777777,0.0363333333333333,-0.0823333333333333,-0.128,0.0857777777777777,0.2600000000000001,-0.5866666666666666,3.7174666666666663,-0.6700999999999999,1.1021444444444444,2.308888888888889,-0.8211111111111112,0.1211111111111111,0.1999999999999999,-0.5155555555555555,0.6833333333333333,-0.1244444444444444,0.3266666666666667,0.2314444444444444,0.1138888888888889,0.0661111111111111,-0.0628888888888889,-0.6844444444444444,-0.2311111111111111,-0.0312222222222221,-0.1009999999999999,-0.3951111111111111,-0.2864444444444445,0.1693333333333333,0.4406666666666666,-0.0670666666666666,-0.2989555555555556,0.8995555555555556,-0.1966222222222222,0.7600888888888888,-0.0163555555555555,-0.7455333333333333,0.9196444444444444,-0.8165888888888889,-0.7027333333333335,0.6142444444444445,-3.597777777777777,-0.26,-0.1899999999999999,0.3144444444444444,0.6088888888888888,0.5822222222222222,0.131111111111111,0.06,-0.0266666666666667,0.2933333333333333,-0.51,0.0866666666666666,-0.39,-0.6922222222222224,0.1766666666666666,0.3744444444444444,-0.2955555555555555,-0.0188888888888888,-0.42,-1.651111111111111,-0.4533333333333333,-0.7200000000000001,0.1544444444444445,0.0733333333333333,0
RAKEIIAS,0.1046022274999999,-0.5458891537499999,0.1936369249999999,0.6091793124999999,0.3002540275,0.21375,-0.52125,-0.29625,-0.0924999999999999,0.1625,0.2125,0.11625,0.0212499999999999,0.45375,-0.015,-0.1312499999999999,-0.28125,0.22875,-0.12475,0.525625,-0.129875,0.63025,-0.0035,0.271,-0.6675,-0.3075,0.16625,0.385,-0.5775,-0.33625,-0.23,-0.0475,0.02125,-0.4174999999999999,-0.57125,0.32875,-0.1475,0.018,-0.0414999999999999,-0.1741249999999999,-0.12025,-0.017,-0.45625,-0.0625,-1.5180625,-0.7814125000000001,0.918575,-0.56125,-0.26125,-1.44875,1.1875,-0.27125,0.5075000000000001,0.12625,0.07875,0.2448749999999999,0.059375,-0.03875,-0.104375,-0.901125,-0.415875,-0.370625,-0.037,-0.14775,-0.248,0.3012499999999999,0.371,0.0112749999999999,-1.7709,-0.1615624999999999,-0.2895249999999999,0.6459875,0.204875,-0.9697374999999998,-0.5165875,-0.9438,0.7351749999999999,0.910225,-4.94375,0.4475,-0.0875,0.51875,0.73,-0.20625,-0.10125,-0.14125,-0.4274999999999999,0.1687499999999999,-0.35,0.45,-0.01625,-0.8725,0.28375,0.5537500000000001,-0.3562499999999999,0.3,-0.1475,0.50125,-0.69,-0.89625,-0.36375,0.4600000000000001,0
KVAINEAIELA,-0.1015621336363636,-0.8093592245454545,0.4364288272727272,0.7077531454545454,-0.0064794736363636,0.0354545454545455,-0.5881818181818181,-0.33,0.0081818181818181,-0.0609090909090909,0.2181818181818181,0.0,0.0636363636363636,0.3609090909090909,0.1463636363636363,-0.3054545454545454,-0.3936363636363636,-0.07,-0.1415454545454545,0.6924545454545454,-0.1401818181818181,0.8109999999999999,0.0221818181818181,-0.1911818181818181,-0.910909090909091,-0.4463636363636363,-0.1,0.0909090909090908,-0.4381818181818182,-0.5081818181818183,-0.1118181818181818,0.1809090909090909,0.1690909090909091,-0.4354545454545453,-0.5127272727272728,0.2972727272727273,-0.2945454545454545,-0.0257272727272727,-0.0148181818181818,-0.2372727272727272,-0.079090909090909,0.069090909090909,-0.6590909090909091,-0.3472727272727273,0.1944272727272727,-2.1129545454545453,0.6530727272727272,0.3263636363636364,-1.1181818181818182,-1.973636363636364,0.6936363636363637,-0.7063636363636363,0.6245454545454545,0.1654545454545454,-0.3190909090909091,0.2541818181818182,0.0769090909090909,-0.0647272727272727,-0.1395454545454545,-0.985,-0.568818181818182,-0.3618181818181818,-0.0227272727272727,-0.143,-0.132,0.096090909090909,0.256,-2.607618181818182,-1.1391909090909091,0.7888818181818181,-0.2159,0.2224272727272727,0.4022272727272728,-3.1874454545454545,0.1011818181818181,-0.4060727272727273,-3.3030090909090912,0.0513090909090909,-5.3954545454545455,0.0481818181818182,0.17,0.6818181818181818,0.7672727272727272,0.0536363636363636,-0.2690909090909091,-0.2481818181818182,-0.6236363636363635,-0.1936363636363636,-0.6854545454545454,0.4345454545454545,-0.2709090909090909,-0.9445454545454546,0.1818181818181818,0.6218181818181819,-0.4809090909090909,-0.0309090909090909,-0.1454545454545454,-0.2154545454545455,-1.03,-0.5745454545454547,-0.8554545454545456,0.6054545454545454,0
DHEATGIASKIWD,0.0557460838461538,-0.1644122876923077,-0.363286253846154,0.1743484307692307,-0.2971562992307692,0.3061538461538461,-0.0823076923076923,0.1084615384615384,0.0669230769230768,-0.1553846153846154,0.1953846153846153,-0.1492307692307692,-0.0399999999999999,0.2438461538461538,0.1253846153846153,0.0307692307692307,-0.4161538461538461,-0.0307692307692307,-0.156,0.0504615384615384,-0.2264615384615383,0.294076923076923,-0.177,-0.374153846153846,-0.2146153846153846,-0.3238461538461538,-0.2476923076923077,0.1546153846153846,-0.3315384615384615,-0.09,-0.5053846153846153,0.1715384615384615,-0.1484615384615384,-0.0915384615384615,-0.2446153846153846,0.1984615384615384,-0.5376923076923077,0.0455384615384615,0.020076923076923,-0.0874615384615384,-0.0003846153846153,0.0498461538461538,-0.6169230769230769,0.1469230769230769,-1.6922461538461535,-1.543153846153846,0.1604615384615384,-1.1630769230769231,-0.8161538461538462,-0.8792307692307693,-0.2892307692307692,-0.1576923076923077,0.2346153846153846,0.05,0.1176923076923076,0.2193076923076923,0.025076923076923,-0.0328461538461538,-0.0299230769230769,-0.8646923076923078,-0.3624615384615385,-0.4053846153846154,-0.1835384615384615,0.1422307692307692,-0.4694615384615385,0.2231538461538461,0.3048461538461537,-1.1162230769230772,-0.4406384615384615,0.5638923076923077,0.2530461538461538,0.2103230769230769,0.1433769230769231,-1.2100923076923076,-0.2376076923076923,-0.0591153846153845,-1.4256692307692305,0.2061307692307692,-4.687692307692307,-0.3553846153846154,0.3207692307692307,0.0792307692307692,0.8807692307692307,-0.1499999999999999,-0.0884615384615385,-0.3238461538461538,-0.1961538461538461,-0.3761538461538463,-0.13,0.2692307692307691,-0.0761538461538461,-0.8484615384615386,-0.1446153846153846,0.4738461538461538,-0.5061538461538462,0.4746153846153846,-0.2823076923076923,0.7199999999999999,-0.5007692307692307,0.0215384615384614,-0.3661538461538461,0.2361538461538462,0
LSASAHASQTRYALE,-0.046506746,-0.2622589146666667,-1.1072707733333331,0.63136094,-0.4929116599999999,0.2246666666666667,-0.2313333333333333,-0.132,0.0813333333333333,0.2246666666666666,0.1473333333333333,0.18,-0.2566666666666666,0.5346666666666667,0.1426666666666666,-0.0339999999999999,-0.3986666666666666,0.1753333333333333,-0.1125333333333333,0.2865999999999999,-0.3091333333333332,0.5991333333333332,0.0696,-0.0013999999999999,-0.424,-0.4613333333333332,-0.1546666666666666,0.1646666666666666,-0.39,-0.4346666666666666,-0.3113333333333333,-0.3773333333333333,-0.0533333333333333,0.0053333333333333,-0.35,0.4753333333333333,-0.4646666666666667,0.0390666666666666,0.0249333333333333,-0.1508,-0.0614666666666666,-0.0007333333333333,-0.8213333333333334,-0.0566666666666666,-1.9950533333333336,-2.02958,-0.0030533333333333,-0.8746666666666666,-0.9620000000000002,-0.9473333333333334,0.812,0.04,0.226,-0.3319999999999999,0.2413333333333333,0.233,0.0483333333333333,-0.0437333333333333,0.0587999999999999,-0.9478,-0.2855999999999999,-0.3667333333333333,-0.0965333333333333,0.021,-0.7355333333333333,0.1824666666666666,0.4359333333333334,0.0805999999999999,-1.14952,-0.14008,0.4805733333333333,0.23012,-0.2837599999999998,-0.3779266666666663,-0.6265933333333333,-0.5555666666666668,0.6916666666666665,1.1546533333333333,-5.214666666666667,-0.1919999999999999,0.2933333333333333,0.1346666666666666,0.9939999999999998,-0.164,-0.2713333333333332,-0.3586666666666666,-0.324,0.0013333333333333,-0.1553333333333333,0.058,-0.1246666666666666,-0.9180000000000004,-0.0479999999999999,0.4960000000000001,-0.6839999999999998,0.2993333333333333,-0.2639999999999999,0.5753333333333333,-0.6413333333333334,-0.174,-0.4053333333333333,0.49,0
PKYFTAGEVITQALP,-0.0983235613333333,0.0063513,0.3406919866666668,0.52283674,0.0759438259999999,0.0066666666666667,-0.298,-0.106,-0.1306666666666666,-0.2206666666666667,-0.0786666666666666,0.1733333333333333,-0.1959999999999999,0.2833333333333332,-0.0133333333333333,-0.312,-0.3259999999999999,-1.1102230246251566e-17,-0.0878,-0.1045333333333333,-0.1007999999999999,0.5119333333333334,0.4294666666666666,-0.1034,-0.0413333333333333,-0.3013333333333333,0.0139999999999999,-0.082,0.0506666666666666,-0.4733333333333334,0.2299999999999999,-0.2113333333333333,0.038,-0.176,-0.312,0.5213333333333332,-0.4133333333333333,-0.0023333333333333,0.0692,-0.0414666666666666,-0.11,0.0512666666666666,-0.5286666666666665,-0.3206666666666666,0.1482533333333333,-1.8621466666666664,1.809586666666667,-0.2866666666666667,-1.2113333333333334,-0.0966666666666666,0.5373333333333332,-0.6940000000000001,-0.0979999999999999,0.186,0.2846666666666667,0.2203333333333333,0.1118666666666666,-0.0232,-0.0392,-0.8945333333333334,-0.3917333333333334,-0.1417333333333333,-0.0189333333333333,-0.2801999999999999,-0.4632666666666667,-0.0328,0.1537333333333333,-1.8662200000000004,-0.02308,0.2883933333333333,0.2055,0.6383133333333332,0.4251466666666667,-2.218293333333333,0.8105133333333332,-0.0680866666666666,-2.27162,0.2120733333333333,-4.769333333333333,-0.6173333333333333,0.032,0.212,0.6093333333333334,0.138,-0.178,-0.2553333333333333,-0.28,0.0306666666666666,-0.5753333333333334,0.0333333333333333,0.256,-0.8626666666666665,-0.034,0.3613333333333332,-0.4319999999999999,-0.1406666666666666,-0.5233333333333333,-0.6439999999999999,-0.8106666666666668,-0.2860000000000001,-0.4893333333333333,0.3419999999999999,0
INFALNIQGEVHP,-0.1624869492307692,-0.0699963861538461,0.1900454538461538,0.2871098461538461,-0.0387749369230769,0.08,-0.173076923076923,-0.2415384615384616,0.2292307692307692,-0.2353846153846153,0.1092307692307692,0.1315384615384615,0.0369230769230769,-0.053076923076923,0.1284615384615384,-0.25,-0.3284615384615384,-0.1192307692307692,-0.0583846153846153,-0.0035384615384615,-0.0636923076923076,0.3397692307692307,0.156076923076923,-0.2351538461538461,-0.1184615384615385,-0.2461538461538461,0.0469230769230769,-0.1138461538461538,0.0692307692307692,-0.1699999999999999,-0.0638461538461538,0.3076923076923076,0.4046153846153846,-0.5384615384615383,-0.2007692307692307,0.4884615384615384,-0.4607692307692307,-0.021076923076923,0.053076923076923,-0.0552307692307692,-0.03,0.0486153846153846,-0.3915384615384615,-0.2569230769230769,0.8213769230769233,-1.638376923076923,0.5991384615384616,0.1892307692307692,-1.0723076923076924,-0.4253846153846154,0.2392307692307692,-0.3346153846153846,0.0253846153846153,0.2338461538461538,-0.6507692307692309,0.2330769230769231,0.0403076923076923,-0.0143846153846153,-0.0735384615384615,-0.868076923076923,-0.3383846153846154,-0.1983846153846154,-0.1047692307692307,-0.1133846153846154,-0.0957692307692308,0.0662307692307692,0.1231538461538461,-2.0247384615384614,-0.3469384615384615,0.9109,0.1852153846153846,0.1375923076923077,-0.0157461538461537,-1.8124615384615383,0.5270923076923076,0.0601846153846154,-2.8086153846153845,-0.2488153846153846,-4.566923076923077,-0.3838461538461538,0.1507692307692308,0.176153846153846,0.5592307692307692,0.1384615384615384,-0.2353846153846154,-0.2169230769230769,-0.2284615384615385,-0.1453846153846154,-0.4546153846153845,0.2669230769230769,-0.0546153846153846,-0.8246153846153847,-0.0838461538461538,0.3915384615384615,-0.3730769230769231,0.1592307692307693,-0.2607692307692307,-0.37,-0.4323076923076922,-0.1384615384615384,-0.4423076923076922,0.5661538461538462,0
TLGEVGNSEMR,0.1046744127272727,0.0097857109090909,0.5490393909090908,0.5153199545454545,0.3625345645454546,0.4281818181818181,-0.2409090909090909,-0.0609090909090908,-0.0427272727272727,-0.0336363636363636,0.4581818181818182,0.0836363636363636,-0.0281818181818181,0.0145454545454545,0.1181818181818182,-0.0154545454545454,-0.4409090909090908,0.0445454545454545,-0.4653636363636364,-0.0455454545454545,-0.4205454545454545,0.4635454545454545,-0.137,-0.1485454545454544,-0.0663636363636363,-0.4227272727272728,0.029090909090909,0.32,-0.209090909090909,-0.0136363636363636,0.1863636363636364,0.3118181818181817,-0.4999999999999998,0.1536363636363636,-0.3672727272727272,0.2818181818181818,-0.3809090909090909,0.0719090909090909,0.058090909090909,-0.0991818181818181,-0.0126363636363636,-0.0079090909090909,-0.7990909090909092,0.1136363636363636,-2.642027272727273,-2.0221818181818176,-0.1689454545454545,-1.8118181818181816,-1.2718181818181822,-0.3509090909090909,-0.0909090909090909,-0.1327272727272727,0.6272727272727272,0.0363636363636363,-0.2318181818181819,0.2307272727272727,0.0239090909090909,-0.082,0.0303636363636363,-0.9953636363636362,-0.1959090909090909,-0.2953636363636364,0.063,0.0134545454545454,-0.5032727272727272,0.165090909090909,0.4373636363636363,-1.3014636363636365,-0.9462999999999998,-0.818118181818182,0.2985545454545454,-0.0968181818181818,0.0601636363636363,-2.090872727272727,-1.0646909090909091,-0.341090909090909,-1.0304818181818185,0.6403272727272727,-5.400909090909091,0.4381818181818182,0.0018181818181818,0.3690909090909091,0.951818181818182,-0.2818181818181818,-0.3236363636363636,-0.4718181818181818,0.2781818181818181,-0.3718181818181819,-0.2536363636363636,0.4927272727272727,-0.3127272727272727,-0.9327272727272728,0.3172727272727273,0.5081818181818182,-0.5418181818181819,0.4063636363636363,-0.2281818181818182,0.9372727272727271,-0.99,-0.4081818181818182,-0.8509090909090908,0.0263636363636363,0
WGQLC,-0.4820554099999999,0.192063074,-0.6738994000000001,-0.26787758,-0.2279481899999999,-0.426,0.1559999999999999,0.542,-0.32,0.386,0.1279999999999999,-0.08,0.24,-0.104,0.258,-0.298,-0.148,-0.0819999999999999,0.3912,-0.1528,-0.0693999999999999,-0.1524,-0.4456,-0.1519999999999999,0.074,-0.1019999999999999,-0.1339999999999999,-0.556,-0.2439999999999999,0.282,0.8320000000000001,-0.0399999999999999,-0.4819999999999999,-0.088,-0.082,0.5359999999999999,-0.39,-0.0656,0.0768,0.0279999999999999,0.0853999999999999,0.0246,-0.1539999999999999,-0.0659999999999999,3.0031600000000003,-1.03022,-0.83528,1.6119999999999997,-1.2320000000000002,1.182,-0.774,0.216,0.974,-0.0099999999999999,0.076,0.2062,0.0306,-0.0036,-0.007,-0.751,-0.1062,0.011,0.0209999999999999,-0.1941999999999999,-0.548,0.3515999999999999,0.4277999999999998,-0.6239600000000001,0.8403,-0.30648,0.0849199999999998,-0.14896,-0.3889999999999999,-1.4821999999999995,0.45504,-0.22188,-1.6450000000000002,-0.1837199999999999,-3.922,-0.548,-0.146,0.1299999999999999,0.808,0.376,-0.19,-0.152,0.4359999999999999,0.1059999999999999,-0.212,-0.146,-0.682,-0.74,0.036,0.5359999999999999,-0.1219999999999999,0.5,-0.244,-0.8000000000000002,-0.518,0.354,0.148,-0.624,0
TRPSDRFDV,0.3068454533333333,0.3812922833333333,-0.7927957333333333,0.3563042333333333,-0.4738707444444445,0.4755555555555555,-0.1866666666666666,-0.1155555555555555,-0.0133333333333333,-0.1766666666666666,-0.0255555555555555,-0.1522222222222222,-0.1744444444444444,0.0322222222222222,-0.2944444444444445,0.1944444444444444,-0.2588888888888889,0.0144444444444444,-0.6747777777777778,-0.2921111111111111,-0.1137777777777777,0.0876666666666666,0.3511111111111111,0.2617777777777778,0.4199999999999999,0.0288888888888888,0.1644444444444445,0.4255555555555556,-0.4388888888888889,-0.1188888888888888,-0.3277777777777777,-0.3644444444444444,0.2711111111111111,0.35,-0.2522222222222222,0.2633333333333333,-0.37,0.0872222222222222,-0.0057777777777777,0.0497777777777777,-0.0754444444444444,-0.0658888888888888,-0.0277777777777776,0.2622222222222222,-3.3597111111111118,0.6556555555555552,0.4832999999999999,-1.9322222222222225,0.7144444444444444,-0.3311111111111111,-0.1811111111111112,0.2999999999999999,-0.8144444444444444,0.1788888888888888,0.5766666666666667,0.2074444444444444,-0.0368888888888888,-0.0562222222222222,0.0168888888888888,-0.7263333333333333,-0.129,-0.3031111111111111,-0.087,0.0566666666666667,-0.2223333333333333,0.1872222222222222,0.0215555555555555,0.7545999999999998,-1.0860888888888889,-0.2082555555555555,0.2198,0.1491777777777778,0.0032,1.307,-0.7773555555555558,0.0127111111111111,1.9826222222222225,1.114888888888889,-3.637777777777777,0.2877777777777778,0.1522222222222222,-0.2188888888888889,0.4733333333333333,-0.4166666666666667,0.2655555555555556,0.0366666666666666,-0.1077777777777777,-0.2422222222222222,0.3733333333333333,-0.0588888888888888,0.7344444444444443,-0.6744444444444444,0.03,0.0833333333333333,-0.5977777777777779,0.1877777777777777,-0.2044444444444444,1.0744444444444443,0.3533333333333333,-0.1944444444444444,-0.3777777777777777,0.3099999999999999,0
GHDLNLDVCSKC,-0.12152784,0.182060785,-1.3216417583333333,0.0842319333333333,-0.6800062808333335,0.1708333333333333,-0.3083333333333333,0.1558333333333333,0.37,0.1733333333333333,0.0524999999999999,-0.2024999999999999,0.1408333333333333,-0.1458333333333333,-0.0066666666666666,-0.0233333333333333,-0.4575,0.0174999999999999,-0.2416666666666667,-0.0847499999999999,-0.4560833333333332,0.0553333333333333,-0.255,-0.1880833333333333,0.1033333333333333,-0.3916666666666668,-0.1166666666666666,-0.0025,-0.0533333333333333,-0.0474999999999999,-0.0424999999999999,0.0775,0.2783333333333334,0.5699999999999998,-0.3516666666666666,0.1691666666666667,-0.4958333333333333,0.0393333333333333,0.0606666666666666,-0.0441666666666666,0.0715833333333333,-0.043,-0.88,0.1875,-0.9376666666666664,-1.6515083333333334,-1.4578166666666668,-0.6158333333333335,-1.1733333333333336,-0.27,-0.4758333333333333,0.5,0.0391666666666666,0.0616666666666667,-0.2749999999999999,0.2230833333333333,-0.0070833333333333,-0.0918333333333333,0.0138333333333333,-0.99625,-0.1950833333333333,-0.24325,0.05125,0.0796666666666666,-0.2304166666666666,0.18625,0.0629166666666666,-1.819975,-0.2304499999999999,0.0480583333333333,-0.24405,-0.2962833333333333,-0.32155,-2.10705,-0.5058166666666667,0.071975,-2.071283333333333,0.21465,-5.408333333333332,-0.0641666666666666,0.1216666666666666,0.3133333333333333,0.8266666666666667,-0.1599999999999999,-0.3933333333333333,-0.3491666666666666,-0.0333333333333333,-0.3291666666666666,0.2308333333333333,0.1183333333333333,-0.1483333333333333,-0.9366666666666668,0.0625,0.5691666666666667,-0.3466666666666667,0.4191666666666667,-0.0633333333333333,0.8949999999999999,-0.6158333333333333,0.5966666666666667,-0.4016666666666666,0.0133333333333333,0
FYVNQRWL,-0.0354422724999999,-0.0528098674999999,0.4259985125,-0.1356781249999999,0.19295110375,-0.40875,0.45625,-0.37625,-0.0837499999999999,0.0975,0.1875,-0.00125,-0.07125,-0.055,-0.055,0.0024999999999999,0.1575,-0.125,-0.10375,0.106625,0.7417499999999999,-0.014375,-0.2446249999999999,0.414875,0.0724999999999999,0.66125,0.355,-0.1599999999999999,-0.1762499999999999,-0.295,0.18,0.1449999999999999,0.0812499999999999,-0.2574999999999999,0.15125,0.68375,-0.20875,-0.0915,-0.077375,0.0785,-0.07375,-0.0262499999999999,1.40125,-0.1637499999999999,2.6874375,3.011825,0.0942125,2.05125,1.885,0.32875,-0.0425,0.0662499999999999,0.20625,0.50375,0.00875,0.224125,-0.0755,0.1057499999999999,-0.0396249999999999,-0.30325,0.0327499999999999,0.162,-0.25225,-0.128125,0.22525,0.074125,0.161375,2.5186625,-0.1227875,0.7327874999999999,0.2494499999999999,-0.083975,-0.0222499999999999,3.2708,0.3667624999999999,-0.289775,2.5879000000000003,-0.2179749999999999,-1.1675,0.1912500000000001,-0.07,-0.4187499999999999,0.04625,0.29125,0.62375,0.645,0.0912499999999999,0.3825,0.04625,-0.20375,-0.325,-0.3175,0.0775,-0.0824999999999999,-0.21,0.1425,-0.0125,-1.2087500000000002,1.125,-0.60625,0.2437499999999999,-0.0949999999999999,0
YPFGIDPIWNIANN,-0.1265287928571428,0.422027375,0.6883150642857142,0.0363302071428571,0.2058569785714285,0.0035714285714285,0.0142857142857143,0.0849999999999999,0.1978571428571428,-0.412142857142857,0.0521428571428571,0.0821428571428571,-0.0721428571428571,-0.2207142857142857,-0.0814285714285714,-0.2357142857142856,-0.2435714285714285,-0.1478571428571428,0.1325,-0.5547857142857142,0.1374285714285714,0.0950714285714285,0.1817857142857142,-0.4545714285714286,0.5214285714285712,-0.0457142857142857,-0.0249999999999999,-0.3257142857142856,-0.1435714285714285,-0.0971428571428571,-0.1914285714285714,0.3642857142857143,0.3878571428571428,-0.7800000000000001,-0.0978571428571428,0.4257142857142857,-0.5164285714285715,-0.0132142857142857,0.0908571428571428,0.091,-0.0337142857142857,0.0813571428571428,-0.1157142857142856,-0.3207142857142857,1.35155,-0.9958857142857142,1.1948214285714285,0.1628571428571429,-0.7914285714285716,0.3549999999999998,-0.2985714285714285,-0.4014285714285713,-0.5007142857142858,0.6164285714285713,-0.3885714285714285,0.2197142857142857,0.0469285714285714,0.0290714285714285,-0.0224999999999999,-0.7341428571428572,-0.3032857142857143,-0.1632857142857142,-0.1678571428571428,-0.0764999999999999,-0.2461428571428572,-0.0740714285714285,-0.0196428571428571,-1.4617,0.0128785714285713,1.5894,-0.0652714285714285,0.1856071428571429,0.0191428571428571,-0.7299714285714284,0.8958642857142858,0.2695214285714286,-2.1585857142857146,0.1212714285714285,-3.778571428571428,-0.865,0.2314285714285714,-0.0492857142857142,0.4864285714285713,0.2649999999999999,0.1099999999999999,-0.12,-0.04,-0.1735714285714286,-0.3814285714285715,0.0307142857142856,0.1071428571428571,-0.7157142857142856,-0.2721428571428571,0.2521428571428571,-0.3278571428571428,0.135,-0.3985714285714285,-0.7635714285714287,0.22,0.4742857142857142,-0.2835714285714285,0.5428571428571429,0
QGLLHDRMVE,0.0790240659999999,-0.392489389,-0.5359057,0.2131667,-0.29224542,0.179,-0.1089999999999999,-0.4509999999999999,-0.037,0.0009999999999999,0.1659999999999999,-0.025,0.259,-0.059,0.2329999999999999,-0.031,-0.255,-0.122,-0.3277,0.4091999999999999,-0.0440999999999999,0.2997999999999999,-0.0191,-0.0417999999999999,-0.429,-0.0489999999999999,-0.1119999999999999,0.174,0.028,-0.089,0.086,0.123,-0.075,0.4050000000000001,-0.2219999999999999,0.35,-0.305,0.0037999999999999,-0.0465999999999999,-0.1106999999999999,0.0034,0.0258,0.011,0.058,-0.6108199999999998,-0.07414,-0.28301,-0.231,0.0670000000000001,-0.76,-0.21,-0.145,0.508,-0.322,-0.321,0.2264,-0.0507,-0.0484,-0.1079,-0.7804,-0.0295,-0.1063,-0.0637,-0.0281999999999999,0.1284,0.2502,0.2728,-0.8428600000000003,-0.7420199999999999,-0.16842,0.1562999999999999,-0.4993999999999999,0.01551,-1.01595,-0.58392,-0.0932799999999999,-1.1936,-0.33211,-4.077999999999999,0.6260000000000001,-0.213,0.282,0.4519999999999999,-0.0899999999999999,-0.045,-0.0169999999999999,0.074,-0.233,-0.0909999999999999,0.404,-0.164,-0.732,0.352,0.397,-0.201,0.338,0.0609999999999999,0.2879999999999999,-0.3379999999999999,-0.655,-0.2120000000000001,0.1379999999999999,0
NIPIVLCGNK,-0.2650039069999999,0.2935579739999999,0.4185457599999999,0.31250025,0.338987259,-0.0649999999999999,-0.557,-0.026,0.185,-0.0669999999999999,0.0939999999999999,0.1329999999999999,0.046,-0.3379999999999999,-0.028,-0.378,-0.341,0.091,-0.0104,-0.2796999999999999,-0.186,0.2958,0.0600999999999999,-0.0053999999999999,0.2339999999999999,-0.3530000000000001,0.398,-0.1679999999999999,0.1039999999999999,-0.1829999999999999,0.2339999999999999,0.207,0.324,-0.356,-0.519,0.436,-0.358,-0.0235,0.1055,0.0014999999999999,-0.0581,-0.0328,-0.6729999999999999,-0.298,1.4552800000000004,-1.92731,0.77294,0.431,-1.5640000000000005,0.1129999999999999,0.5299999999999999,-0.1349999999999999,-0.0629999999999999,0.74,-0.638,0.2353,0.0945,-0.0657,-0.0805999999999999,-0.9978,-0.3987,-0.2106999999999999,0.0923,-0.2279999999999999,-0.0556,0.0544,-0.0976,-2.72058,-0.6107199999999999,0.8061,-0.7710400000000001,0.36284,-0.1255799999999999,-3.2029000000000005,0.6184799999999999,-0.16415,-3.5614599999999994,0.13242,-5.364999999999999,-0.317,-0.086,0.651,0.567,0.1709999999999999,-0.38,-0.284,-0.201,0.1039999999999999,-0.4940000000000001,0.2819999999999999,-0.035,-0.938,0.121,0.5890000000000001,-0.1449999999999999,0.025,-0.212,-0.5030000000000001,-0.873,-0.091,-0.4,0.384,0
TSEAGE,0.2466040166666666,-0.138529635,0.1673637166666665,0.7365550166666667,-0.1816782649999999,0.82,-0.245,0.2533333333333333,-0.0533333333333333,-0.1083333333333333,0.3566666666666666,-0.0733333333333333,-0.2033333333333332,0.6133333333333334,0.1833333333333333,0.1416666666666666,-0.7166666666666667,-0.04,-0.5371666666666667,0.0134999999999999,-0.846,0.6608333333333334,-0.0086666666666666,-0.6405,-0.3216666666666666,-0.8383333333333333,-0.5083333333333334,0.4933333333333333,-0.6266666666666667,-0.0516666666666666,-0.0749999999999999,0.1233333333333333,-0.6133333333333334,-0.0499999999999999,-0.3233333333333333,0.0999999999999999,-0.5566666666666668,0.1558333333333333,0.0868333333333333,-0.1931666666666666,0.0154999999999999,0.0705,-1.6949999999999996,0.3666666666666667,-5.663683333333334,-4.082116666666667,-0.1888499999999999,-3.7616666666666663,-2.2633333333333336,-1.0833333333333333,-0.34,-0.4883333333333334,0.7416666666666668,-0.1866666666666666,0.0899999999999999,0.2279999999999999,0.0583333333333333,-0.1129999999999999,0.1148333333333333,-1.1763333333333332,-0.4713333333333333,-0.5665,-0.0056666666666666,0.1946666666666666,-1.1376666666666666,0.1363333333333333,0.6733333333333333,-2.1050833333333334,-0.8304166666666667,-1.0769,1.1733,0.0089833333333333,0.4027166666666666,-2.8418,-1.4394166666666666,-0.1621833333333333,-1.5866500000000003,0.8846166666666666,-6.531666666666666,-0.0783333333333333,0.5533333333333332,0.1283333333333333,1.4833333333333334,-0.57,-0.535,-0.9,0.1016666666666666,-0.8683333333333333,-0.3616666666666666,0.4599999999999999,-0.2133333333333333,-1.1133333333333333,-0.03,0.5650000000000001,-1.0599999999999998,0.5583333333333333,-0.515,1.9416666666666664,-1.5183333333333335,0.1283333333333333,-1.6483333333333334,0.115,0
PAQKFCQKRTTMF,0.19824163,-0.1803333469230769,0.2895169307692307,-0.0100177692307692,0.4120473084615384,0.1176923076923076,-0.1561538461538461,-0.2276923076923076,-0.2399999999999999,0.3023076923076922,-0.0715384615384615,0.03,-0.2069230769230769,0.1784615384615384,-0.2346153846153846,-0.0369230769230769,-0.13,0.1661538461538461,-0.1269230769230769,0.1630769230769231,-0.0203846153846153,-0.1289230769230769,0.2235384615384615,0.4234615384615385,-0.16,0.0953846153846153,0.0507692307692307,0.2361538461538462,0.3892307692307692,-0.0076923076923077,0.6615384615384615,-0.3869230769230768,0.1784615384615384,-0.1861538461538461,-0.2153846153846153,0.6169230769230768,-0.2053846153846154,0.0186923076923077,-0.0543076923076923,-0.0061538461538461,-0.0364615384615384,-0.0389230769230769,0.1469230769230769,0.0484615384615385,-1.0879923076923077,1.0672692307692309,0.393976923076923,-0.4107692307692311,0.7676923076923077,0.2407692307692307,0.8076923076923077,0.1492307692307692,-0.1492307692307692,-0.4007692307692307,0.7446153846153847,0.2163076923076923,-0.0163076923076923,-0.0158461538461538,-0.0056923076923076,-0.7016153846153845,-0.0947692307692307,0.0485384615384615,0.0373076923076923,-0.2069230769230769,0.0065384615384615,0.2179230769230769,0.0453846153846154,0.1147307692307693,0.3914307692307692,-1.025246153846154,-0.2716153846153846,0.5290846153846154,0.2823076923076923,-0.4116923076923077,0.1170230769230768,-0.0769461538461538,0.7500846153846152,-0.2517615384615385,-3.658461538461538,0.2953846153846153,-0.4299999999999999,0.0653846153846153,0.2584615384615384,-0.1392307692307691,-0.0146153846153846,0.1492307692307692,-0.0253846153846153,0.4330769230769231,0.2492307692307693,-0.1830769230769231,0.22,-0.6807692307692306,0.2999999999999999,0.24,-0.0823076923076922,0.1392307692307692,-0.1646153846153846,0.0946153846153847,0.0661538461538461,-0.3707692307692308,0.2407692307692307,-0.0461538461538461,0
RLDNIKLICNIKAG,0.0048099164285714,-0.1439763107142856,0.33078345,0.3282769,0.50758482,0.0364285714285714,-0.4578571428571428,-0.1757142857142856,0.1357142857142857,0.1392857142857143,0.2799999999999999,0.0257142857142856,0.1378571428571428,-0.1928571428571428,-0.1228571428571428,-0.1692857142857142,-0.2514285714285714,0.1428571428571428,0.0465714285714285,0.1204999999999999,-0.0432142857142857,0.4225,-0.221,0.1303571428571429,-0.1321428571428571,-0.175,0.2307142857142857,0.1221428571428571,-0.2457142857142857,-0.3128571428571428,0.2564285714285714,0.2842857142857142,0.3421428571428571,-0.2164285714285714,-0.4828571428571427,0.2814285714285715,-0.1992857142857143,-0.0020714285714285,0.0070714285714285,-0.0702857142857142,-0.074,-0.0262857142857142,-0.3064285714285714,-0.0749999999999999,0.0372071428571429,-0.4285928571428569,0.3227357142857143,0.0671428571428571,-0.4207142857142858,-0.5350000000000001,0.4878571428571429,0.0214285714285713,0.37,0.4850000000000001,-0.2878571428571428,0.2382857142857143,0.0225714285714285,-0.0542857142857142,-0.1292857142857142,-0.8877857142857142,-0.2817857142857142,-0.225,0.0255714285714285,-0.1367142857142857,0.1291428571428571,0.1424285714285714,0.1349285714285714,-1.7035357142857142,-1.1778857142857144,0.7068357142857141,-0.7436642857142858,0.3323142857142857,0.0286642857142857,-2.3304071428571427,-0.0999428571428571,-0.5295857142857143,-1.9902357142857143,0.2691571428571429,-4.815714285714285,0.4757142857142857,-0.1485714285714286,0.6628571428571429,0.595,-0.0199999999999999,-0.0764285714285714,-0.095,-0.115,0.1342857142857142,-0.1885714285714286,0.4635714285714286,-0.2564285714285714,-0.8464285714285714,0.365,0.5385714285714286,-0.2099999999999999,0.2385714285714285,-0.0471428571428571,0.0771428571428571,-0.5278571428571428,-0.5621428571428573,-0.3235714285714285,0.3678571428571428,0
GSDFFDSLLQKLQ,-0.0089080576923077,-0.0005463915384615,-1.669957176923077,0.2760952153846154,-1.052663225384615,0.1138461538461538,-0.0546153846153846,-0.1992307692307692,0.0115384615384615,-0.1015384615384615,0.2946153846153846,-0.1838461538461538,0.1161538461538461,0.11,-0.21,-0.023076923076923,-0.2976923076923076,-0.1546153846153846,-0.0649230769230769,0.0386923076923077,-0.0003076923076922,0.5481538461538461,-0.0138461538461538,-0.2532307692307691,-0.0446153846153846,-0.1,-0.3538461538461538,0.003076923076923,0.0284615384615384,-0.683076923076923,0.1192307692307692,-0.0446153846153845,0.1653846153846154,-0.0576923076923077,-0.1769230769230769,0.3753846153846153,-0.4484615384615384,0.0233846153846153,0.0173076923076923,-0.0643846153846154,-0.0576153846153846,0.0622307692307692,-0.2276923076923076,-0.0384615384615384,-0.8037230769230767,-0.6971384615384613,0.0625923076923076,-0.7807692307692309,-0.2623076923076924,-0.5807692307692307,-0.3538461538461538,-0.2215384615384615,0.1376923076923077,-0.0861538461538461,0.4453846153846154,0.2220769230769231,-0.0658461538461538,-0.0415384615384615,-0.0475384615384615,-0.8221538461538463,-0.0873846153846153,-0.1073076923076923,-0.0702307692307692,-0.053076923076923,-0.0005384615384615,-0.0403076923076923,0.3438461538461538,0.5975615384615384,-0.9056307692307692,-0.1189,0.2597230769230769,0.1263923076923076,0.3206769230769231,0.5338076923076925,-0.4070461538461539,-0.5368307692307692,1.1970538461538465,0.0072615384615384,-4.272307692307693,0.2869230769230769,0.0123076923076922,0.0807692307692307,0.6261538461538461,0.0146153846153846,0.0353846153846153,-0.1176923076923077,-0.0123076923076923,-0.2730769230769231,-0.0046153846153846,-0.0307692307692308,-0.2269230769230769,-0.7692307692307693,0.1738461538461538,0.2653846153846154,-0.4023076923076923,0.3953846153846154,-0.2800000000000001,-0.0538461538461539,-0.1899999999999999,-0.0923076923076922,-0.8300000000000001,0.413076923076923,0
DAVEGDKAKEEDSG,0.5264431999999999,-0.1966566742857143,-0.6843493714285714,0.4393176285714285,-0.6438964985714285,0.9242857142857144,-0.1814285714285715,0.1185714285714285,-0.0535714285714285,-0.2278571428571428,0.2464285714285714,-0.265,0.2707142857142857,0.4164285714285715,-0.0014285714285714,0.1964285714285714,-0.6328571428571428,-0.1385714285714286,-0.8955714285714286,0.0627142857142857,-0.6174999999999998,0.5442857142857143,-0.1529285714285714,-0.6716428571428571,-0.2442857142857143,-0.5357142857142857,-0.7307142857142858,0.6071428571428571,-0.3557142857142857,-0.3292857142857142,-0.2042857142857142,0.4185714285714285,-0.29,0.2371428571428571,-0.275,-0.1978571428571429,-0.4371428571428571,0.1739285714285714,0.0054999999999999,-0.1625,0.0135714285714285,0.1001428571428571,-1.2378571428571428,0.5042857142857142,-6.035285714285713,-2.089728571428572,0.0076285714285713,-4.017142857142857,-0.9535714285714286,-1.2392857142857143,-0.8092857142857143,-0.5564285714285714,0.71,-0.0649999999999999,0.1871428571428571,0.217,-0.0255714285714285,-0.1165714285714285,-0.0681428571428571,-1.063142857142857,-0.2617142857142857,-0.4109285714285714,-0.007,0.1500714285714285,-0.6380714285714285,0.1345714285714285,0.6740714285714285,-2.274507142857143,-0.7960357142857143,-0.6755357142857142,0.8859785714285714,-0.1216357142857142,0.6145285714285713,-2.799278571428571,-1.2300642857142858,-0.0868571428571428,-1.8538142857142856,0.379,-5.783571428571429,0.3657142857142857,0.3071428571428571,0.1707142857142857,1.2214285714285715,-0.667142857142857,-0.175,-0.6235714285714286,0.2178571428571428,-0.8828571428571429,-0.0392857142857142,0.7099999999999999,-0.1114285714285714,-0.995,0.1642857142857142,0.4635714285714286,-0.847857142857143,0.5907142857142856,-0.4121428571428572,2.1592857142857143,-0.7942857142857143,0.1435714285714285,-1.262857142857143,0.3292857142857142,0
ELIQD,0.215946726,-0.57261085,-0.91146208,0.2020642399999999,-1.2054935539999998,0.25,-0.2899999999999999,-0.5720000000000001,-0.076,-0.2679999999999999,0.094,-0.618,0.288,0.0679999999999999,0.176,0.176,-0.35,-0.558,-0.1606,0.5978,0.1046,0.4442,0.093,-0.4747999999999999,-0.6220000000000001,0.01,-0.314,0.242,-0.444,-0.1759999999999999,-0.102,-0.022,0.298,-0.5199999999999999,-0.2,0.232,-0.3419999999999999,0.0105999999999999,-0.0864,-0.1424,-0.0104,0.0892,0.1259999999999999,0.176,-1.1933599999999998,0.0087999999999999,-0.25338,-0.664,0.592,-2.332,-0.92,-0.5599999999999999,0.204,0.298,-0.232,0.2344,-0.1512,-0.121,-0.1722,-0.7618,-0.321,-0.333,-0.175,0.2292,0.641,-0.0532,-0.0386,-1.38542,-1.71512,0.8541599999999999,0.13198,-1.0747,0.7659400000000001,-0.43014,-1.01892,0.2125199999999999,-1.99304,-1.2197,-3.862000000000001,0.858,0.308,0.296,0.324,-0.1319999999999999,0.224,0.106,-0.418,-0.8460000000000001,-0.2840000000000001,0.1319999999999999,-0.1159999999999999,-0.692,0.24,0.292,-0.398,0.262,0.286,0.1339999999999999,-0.2679999999999999,-0.5640000000000001,-1.6799999999999995,0.4519999999999999,0
APVEVAPQYSWA,-0.1954735574999999,0.0253326433333332,-0.7552034583333334,0.4459625249999999,-0.8128597141666668,0.0358333333333333,-0.2066666666666666,0.0466666666666666,-0.2699999999999999,-0.2116666666666666,-0.2508333333333333,0.1633333333333333,-0.1416666666666666,0.4891666666666667,0.225,-0.3333333333333333,-0.3483333333333333,-0.08,-0.3673333333333333,-0.0444999999999999,-0.1465833333333333,0.3715,0.5165833333333334,-0.24975,-0.1224999999999999,-0.3466666666666667,-0.2024999999999999,-0.2125,-0.1341666666666666,-0.3675,-0.3283333333333333,-0.4641666666666666,-0.2091666666666666,-0.2875,-0.2783333333333332,0.5416666666666667,-0.5158333333333333,-0.0038333333333333,0.0647499999999999,-0.0442499999999999,-0.069,0.0761666666666666,-0.6091666666666665,-0.3766666666666667,0.2928916666666669,-2.203066666666667,1.6216583333333334,-0.0841666666666665,-1.2141666666666666,-0.3283333333333332,0.4625000000000001,-0.7400000000000001,-0.1758333333333333,0.0408333333333333,0.2016666666666666,0.2179999999999999,0.1191666666666666,-0.022,-0.0125833333333333,-0.8744166666666667,-0.4031666666666667,-0.2329166666666666,-0.0801666666666666,-0.2094166666666666,-0.8264999999999999,0.10625,0.2220833333333333,-0.9146666666666664,-0.0971583333333333,0.2524249999999999,0.5002916666666667,0.2550666666666666,-1.6666666666650953e-05,-0.9688499999999998,0.8064083333333333,0.022925,-1.2532166666666669,0.591975,-4.579166666666666,-1.175,0.2383333333333333,-0.0141666666666666,0.7174999999999999,0.1425,-0.1824999999999999,-0.2683333333333333,-0.4075,-0.0525,-0.6308333333333335,-0.14,0.3308333333333333,-0.8450000000000001,-0.3125,0.3966666666666666,-0.5033333333333333,-0.1183333333333333,-0.5166666666666666,-0.6191666666666666,-0.4691666666666667,0.2516666666666666,-0.2508333333333333,0.49,0
MLYYPSVSRCERGLD,-0.0019174573333333,0.2413187333333333,-0.3329083466666667,0.2408936199999999,-0.1342077853333333,0.0126666666666666,-0.1306666666666666,-0.1386666666666666,0.018,0.0793333333333333,-0.0146666666666666,0.0533333333333333,0.0386666666666666,0.0746666666666666,-0.0673333333333333,-0.0586666666666666,-0.212,0.0426666666666666,-0.2065333333333333,-0.1199333333333332,-0.0327999999999999,0.1686666666666667,0.0829333333333333,0.1048,0.2246666666666667,-0.0266666666666666,0.112,0.0099999999999999,-0.292,-0.1526666666666666,0.014,-0.1433333333333332,-0.1193333333333333,0.4733333333333334,-0.2886666666666667,0.3753333333333332,-0.2773333333333333,0.0129333333333333,0.0237333333333333,0.0190666666666666,-0.0344666666666666,-0.0357999999999999,-0.0686666666666666,-0.0293333333333333,-0.3630466666666665,-0.0669666666666667,-0.0127466666666666,-0.2253333333333333,-0.1013333333333334,0.1166666666666667,-0.1226666666666666,0.0046666666666666,-0.0553333333333333,0.1386666666666666,0.0419999999999999,0.2217333333333333,0.0010666666666666,-0.0148666666666666,0.0404,-0.7580666666666667,-0.0296666666666666,-0.0352666666666666,0.0117333333333333,-0.1146666666666666,-0.3031333333333333,0.0781333333333333,0.1538666666666666,0.944753333333334,-0.71518,-0.57974,-0.0340133333333334,-0.2614866666666667,-0.0195533333333333,0.677086666666667,-0.6161066666666668,-0.3350933333333333,1.7386666666666668,0.8741800000000001,-3.9813333333333336,0.2066666666666667,-0.196,0.0926666666666666,0.4993333333333333,-0.0466666666666666,0.0513333333333333,-0.0159999999999999,0.1426666666666667,-0.0646666666666667,-0.016,-0.026,0.1,-0.7206666666666666,0.226,0.304,-0.2193333333333333,0.2553333333333333,-0.128,0.0706666666666665,-0.1326666666666666,-0.0079999999999999,-0.3006666666666666,-0.1193333333333333,0
FNALAGWTLIF,-0.5943698336363636,-0.3172948645454545,0.6320567272727271,0.4480819818181818,0.3320532481818181,-0.5809090909090909,-0.0663636363636363,0.0863636363636363,0.069090909090909,-0.1318181818181818,0.4145454545454545,0.1554545454545454,-0.1327272727272727,0.0990909090909091,-0.0990909090909091,-0.5418181818181818,-0.1599999999999999,-0.0718181818181818,0.5845454545454545,0.1215454545454545,0.204,0.6433636363636364,-0.120090909090909,-0.2399090909090909,-0.29,-0.1972727272727272,-0.1099999999999999,-0.6054545454545455,-0.3672727272727272,-0.5645454545454545,0.2745454545454545,0.2790909090909091,0.18,-0.3127272727272726,-0.1890909090909091,0.5563636363636363,-0.4781818181818181,-0.1167272727272727,0.0809090909090909,-0.087,-0.067090909090909,0.1051818181818181,-0.1309090909090909,-0.7472727272727273,4.190736363636364,-1.963763636363636,0.6275363636363637,2.3790909090909094,-1.6036363636363635,-0.1818181818181817,0.0572727272727272,-0.4181818181818181,0.3872727272727273,-0.0309090909090909,0.2081818181818182,0.2350909090909091,0.1188181818181818,0.0651818181818181,-0.0241818181818181,-0.7744545454545455,-0.3878181818181818,-0.0775454545454545,-0.0952727272727272,-0.3237272727272727,-0.3915454545454545,0.013090909090909,0.3463636363636364,-1.1573272727272723,0.3899090909090908,1.2113727272727273,-0.1297818181818182,0.8257454545454546,0.1324,-1.6181000000000003,1.2612363636363637,-0.4949909090909091,-1.998536363636364,0.3048909090909091,-4.156363636363636,-0.7909090909090909,0.0863636363636363,0.2472727272727272,0.7327272727272726,0.6636363636363636,-0.089090909090909,-0.1381818181818182,-0.2636363636363637,0.0809090909090909,-0.5527272727272727,-0.0909090909090909,-0.4845454545454546,-0.7836363636363636,-0.0727272727272727,0.4209090909090908,-0.3927272727272726,-0.0181818181818181,-0.5245454545454545,-1.7200000000000002,-0.5245454545454545,-0.0454545454545454,-0.1336363636363636,0.2309090909090909,0
LEARIAALEA,-0.139089219,-1.068900297,0.0645368099999999,0.98725955,-0.0366223369999999,0.001,-0.5879999999999999,-0.2599999999999999,-0.129,0.114,0.176,0.137,0.12,0.5660000000000001,0.157,-0.39,-0.348,-0.0409999999999999,0.0824999999999999,0.9229999999999998,-0.2026999999999999,1.0188,0.1923999999999999,-0.2132999999999999,-1.173,-0.5189999999999999,-0.442,0.0159999999999999,-0.968,-0.593,0.129,-0.096,0.193,-0.1149999999999999,-0.5050000000000001,0.256,-0.213,-0.0241999999999999,-0.0278,-0.3041,-0.0843,0.1271,-0.7319999999999999,-0.4369999999999999,-0.0212999999999997,-2.39924,0.6755799999999998,0.4710000000000001,-1.3150000000000002,-2.04,0.67,-0.7909999999999999,0.884,-0.4589999999999999,-0.036,0.2522,0.1042999999999999,-0.051,-0.1302,-0.9962,-0.4981000000000001,-0.3553999999999999,-0.0095,-0.2478999999999999,-0.4447000000000001,0.2141,0.545,-2.51356,-1.2541100000000005,0.5295500000000001,0.0737999999999999,0.19754,0.23125,-3.40102,-0.06577,-0.61673,-2.9434499999999995,0.7903899999999999,-5.5280000000000005,0.1290000000000001,0.125,0.691,0.967,0.0759999999999999,-0.219,-0.294,-0.509,-0.195,-0.6860000000000002,0.456,-0.242,-0.9650000000000002,0.2489999999999999,0.6520000000000001,-0.644,-0.035,-0.232,-0.1750000000000001,-1.059,-0.6010000000000001,-0.6929999999999998,0.647,0
IVAETVRVLD,-0.294639918,-0.455053788,-0.02019722,0.8157501499999998,-0.389588777,-0.195,-0.6900000000000001,-0.403,-0.0099999999999999,-0.2099999999999999,0.18,-0.16,-0.053,0.2,0.191,-0.2659999999999999,-0.3510000000000001,-0.1159999999999999,-0.4972999999999999,0.4992,-0.0448999999999999,0.7154,-0.0054,0.304,-0.594,-0.342,0.609,0.114,-0.4549999999999999,-0.4009999999999999,-0.36,-0.0839999999999999,0.002,0.232,-0.583,0.385,-0.366,-0.0671,0.008,-0.1626,-0.1104,-0.0795999999999999,-0.3359999999999999,-0.346,1.09809,-1.64727,0.3284,1.086,-0.873,-1.932,0.381,-0.118,0.133,0.629,-2.220446049250313e-17,0.2413,0.0678,-0.1062999999999999,-0.1193999999999999,-0.9218,-0.55,-0.3998,0.0216999999999999,-0.1131,-0.0498,0.0893999999999999,-0.0175999999999999,-1.93787,-1.33733,0.6526299999999999,-0.24013,0.0933599999999999,0.28488,-2.26655,-0.0887599999999999,-0.28784,-2.57425,0.3851099999999999,-4.877,0.139,0.268,0.613,0.5879999999999999,0.092,-0.193,-0.082,-0.869,-0.215,-0.549,0.101,0.048,-0.866,0.173,0.51,-0.5519999999999999,-0.311,-0.011,-0.434,-1.1760000000000002,-1.0020000000000002,-0.922,0.227,0
IRGATTHYD,0.1006136066666666,0.1239792722222222,0.7139531555555555,0.2993017555555555,0.7167609188888888,0.2211111111111111,0.0166666666666666,-0.0066666666666667,0.2922222222222222,-0.0388888888888888,0.151111111111111,0.12,-0.2799999999999999,0.1777777777777778,0.0933333333333333,0.0888888888888889,-0.3377777777777778,0.1688888888888889,-0.1117777777777778,-0.2472222222222221,-0.1572222222222222,0.1825555555555555,-0.2398888888888888,0.1398888888888888,0.1622222222222222,-0.2377777777777777,0.3688888888888889,0.2733333333333333,-0.2866666666666667,0.0555555555555555,-0.2211111111111111,0.23,0.0177777777777777,0.2633333333333333,-0.1566666666666666,0.3388888888888889,-0.4777777777777778,0.0405555555555555,0.0454444444444444,-0.0064444444444444,-0.0365555555555555,-0.0764444444444444,-0.4155555555555554,0.1922222222222222,-1.9498444444444445,-0.887433333333333,0.0641111111111111,-1.0344444444444445,-0.6288888888888889,-0.0022222222222222,0.0455555555555555,0.4811111111111111,0.0077777777777778,0.2911111111111111,0.2233333333333332,0.2086666666666666,0.0397777777777777,-0.0114444444444444,0.0375555555555555,-0.7984444444444444,-0.2297777777777777,-0.2885555555555555,-0.1397777777777777,0.0862222222222222,-0.6316666666666667,0.1262222222222221,0.276111111111111,-1.4081555555555552,-0.0774333333333334,0.4601222222222223,0.5611444444444444,0.3650555555555555,-0.0195999999999999,-1.5452,-0.2886333333333333,0.0526444444444444,-1.5206000000000002,0.7942666666666667,-4.362222222222222,-0.1666666666666666,0.3211111111111112,-0.0511111111111111,0.8477777777777777,-0.2111111111111111,-0.0366666666666666,-0.2677777777777778,-0.0422222222222222,-0.0466666666666666,0.0655555555555555,0.2144444444444444,0.0388888888888888,-0.7944444444444444,-0.081111111111111,0.3277777777777777,-0.6877777777777777,0.3133333333333333,-0.2922222222222223,0.8144444444444444,-0.5166666666666667,-0.4300000000000001,-0.1388888888888889,-0.0466666666666666,0
RTIVCP,-0.3707152816666666,0.332029725,0.4687713999999999,0.39733235,0.3529869733333332,-0.2649999999999999,-0.7816666666666666,-0.0216666666666666,-0.0399999999999999,0.115,-0.3416666666666666,0.0583333333333333,-0.255,-0.0966666666666666,-0.0066666666666666,-0.3499999999999999,-0.2266666666666666,0.1933333333333333,-0.0798333333333333,-0.1679999999999999,-0.2065,-0.0725,0.4479999999999999,0.694,0.1983333333333333,-0.2533333333333333,0.9516666666666668,-0.0783333333333333,-0.2783333333333333,0.3083333333333334,0.18,-0.66,0.29,0.135,-0.6333333333333334,0.6216666666666667,-0.2649999999999999,-0.0578333333333333,0.0755,0.0489999999999999,-0.0718333333333333,-0.1723333333333333,-0.3433333333333332,-0.2483333333333333,1.7779666666666665,-1.02885,0.71115,1.2716666666666665,-0.9416666666666668,0.1133333333333332,0.8833333333333333,0.4166666666666667,-0.7533333333333333,0.6116666666666667,0.0233333333333333,0.2228333333333333,0.133,-0.0805,0.0006666666666666,-0.8938333333333333,-0.4846666666666667,-0.2551666666666666,0.1399999999999999,-0.2811666666666667,-0.1948333333333333,0.2683333333333333,-0.4481666666666666,-1.58155,-0.4149166666666667,-0.0115166666666666,-0.9074,0.4195333333333333,-0.2302333333333333,-2.031416666666667,0.4892499999999999,0.0755999999999999,-1.8521166666666664,0.7607499999999999,-4.72,-0.3916666666666666,-0.1299999999999999,0.4766666666666666,0.3083333333333333,0.1033333333333333,-0.3266666666666666,-0.0233333333333333,-0.61,0.3333333333333334,-0.2816666666666667,-0.2816666666666667,0.7383333333333333,-0.8450000000000001,0.0533333333333333,0.4966666666666666,-0.12,-0.295,-0.0683333333333333,-0.505,-0.9083333333333335,-0.38,-0.0466666666666666,-0.1633333333333333,0
PQGEQSTGKIY,0.2937933145454545,0.4563907781818181,-0.025942590909091,0.2249567363636364,0.0758226527272727,0.5281818181818184,-0.0109090909090908,-0.0099999999999999,-0.1727272727272727,-0.1181818181818182,0.0854545454545454,0.1281818181818181,-0.0481818181818181,0.2336363636363636,0.0781818181818182,0.0645454545454545,-0.4118181818181818,0.0654545454545454,-0.3624545454545454,-0.4884545454545453,-0.2879090909090909,0.2858181818181818,0.0829999999999999,-0.1373636363636363,0.3609090909090909,-0.2927272727272727,0.0590909090909091,0.3381818181818181,0.2418181818181818,-0.1436363636363636,0.2745454545454545,0.0490909090909091,-0.399090909090909,-0.4390909090909091,-0.1854545454545454,0.4372727272727272,-0.4036363636363637,0.104,0.0747272727272727,0.0224545454545454,-0.0698181818181818,-0.0018181818181818,-0.7109090909090909,0.2936363636363636,-3.412154545454545,-1.4009636363636364,1.2808636363636363,-2.732727272727273,-0.8409090909090909,0.5318181818181817,0.1845454545454545,-0.3418181818181818,0.3045454545454545,0.4245454545454545,0.1818181818181818,0.2056363636363636,0.012,-0.0591818181818181,-0.0095454545454545,-0.9159090909090908,-0.1647272727272727,-0.180090909090909,-0.0212727272727272,-0.0585454545454545,-0.6020000000000001,0.0161818181818181,0.4406363636363635,-0.7565545454545454,-0.5455363636363636,-0.7970090909090909,0.819709090909091,0.3240363636363636,0.3580818181818181,-1.2739545454545451,-0.3916909090909092,-0.2371818181818181,-0.358509090909091,0.2217181818181818,-4.866363636363636,-0.0345454545454545,0.0290909090909091,0.0054545454545454,0.8236363636363635,-0.3254545454545454,-0.1636363636363636,-0.4318181818181818,0.3227272727272727,-0.0872727272727273,-0.3145454545454545,0.3109090909090908,0.0054545454545454,-0.8636363636363636,0.0754545454545454,0.32,-0.5109090909090909,0.4681818181818182,-0.480909090909091,0.7318181818181819,-0.7490909090909091,-0.3790909090909091,-0.8018181818181819,0.1527272727272727,0
DITDIKTIL,-0.0965455066666666,-0.2145920977777777,0.2820003222222221,0.3851060777777778,-0.0746742388888888,-0.13,-0.6366666666666666,-0.3288888888888889,0.12,-0.321111111111111,0.2288888888888889,-0.4344444444444444,-0.22,-0.1022222222222222,-0.0755555555555555,-0.0355555555555555,-0.3422222222222222,-0.1155555555555555,0.1916666666666666,0.1688888888888889,0.1141111111111111,0.5301111111111111,-0.0561111111111111,-0.0081111111111111,-0.21,-0.1666666666666666,0.4622222222222222,0.13,-0.2966666666666666,-0.3177777777777777,-0.3266666666666666,-0.0744444444444444,0.2611111111111111,-0.2255555555555556,-0.5466666666666666,0.3322222222222221,-0.4455555555555555,-0.0378888888888888,0.0079999999999999,-0.0701111111111111,-0.1108888888888888,-0.042,-0.1388888888888888,-0.1233333333333333,0.6144000000000003,-0.855,0.6838222222222221,0.3655555555555554,-0.3533333333333333,-1.7733333333333334,-0.0244444444444445,-0.0966666666666666,-0.4155555555555554,0.8588888888888888,0.3088888888888888,0.2328888888888889,0.0034444444444444,-0.1046666666666666,-0.1137777777777777,-0.8467777777777777,-0.5697777777777778,-0.4551111111111111,-0.1152222222222222,0.122,0.440111111111111,-0.1005555555555555,-0.3835555555555555,-1.9813555555555555,-1.4236444444444445,1.6391222222222224,-0.9748777777777776,0.2281666666666666,0.6923333333333334,-1.7290777777777775,-0.1099111111111111,-0.0511,-2.8090333333333333,-0.3943666666666667,-4.551111111111111,0.2266666666666666,0.2633333333333333,0.6533333333333333,0.3533333333333333,0.1133333333333333,0.0744444444444444,0.0044444444444444,-0.8377777777777777,-0.3022222222222223,-0.3255555555555556,-0.0322222222222222,0.1133333333333333,-0.8111111111111111,0.1411111111111111,0.4633333333333333,-0.2677777777777778,-0.0699999999999999,0.0855555555555555,-0.4666666666666667,-0.8999999999999999,-0.8322222222222222,-1.0655555555555556,0.2922222222222222,0
LQWHLLDSGA,-0.253853518,-0.149657349,-1.6338685800000003,0.27200028,-0.8820674970000001,-0.0679999999999999,0.0359999999999999,-0.014,-0.039,-0.004,0.2319999999999999,0.0269999999999999,0.0719999999999999,0.0359999999999999,0.226,-0.162,-0.279,-0.0829999999999999,0.1502999999999999,0.1462,-0.0217999999999999,0.5513,-0.0516999999999999,-0.3805,-0.241,-0.2069999999999999,-0.427,-0.269,-0.206,-0.515,-0.09,-0.132,-0.1509999999999999,0.194,-0.181,0.434,-0.536,-0.0197,0.0384,-0.0923,-0.0288,0.1028999999999999,-0.3189999999999999,-0.1549999999999999,0.92662,-1.52714,0.24379,0.3849999999999998,-0.969,-0.365,-0.241,-0.335,0.498,-0.271,-0.064,0.2224,0.024,-0.0078,-0.0558,-0.8158000000000001,-0.1683,-0.2248999999999999,-0.1969,-0.0249,-0.3358,0.2072999999999999,0.4163,-0.3783800000000002,-0.6600099999999999,0.8696699999999999,0.2816299999999999,-0.0075399999999999,-0.31074,-0.4382,0.17702,-0.36269,-1.12819,0.1120800000000001,-4.323,-0.416,0.1329999999999999,0.141,0.7779999999999999,0.232,-0.0689999999999999,-0.204,-0.036,-0.15,-0.305,0.172,-0.362,-0.7929999999999999,-0.075,0.4700000000000001,-0.366,0.386,-0.264,-0.432,-0.4029999999999999,-0.1019999999999999,-0.0969999999999999,0.4019999999999999,0
SYAGQHIPYIAKAI,-0.16410123,0.0063261364285714,0.0847818428571427,0.2926348928571429,0.1983483721428571,-0.0642857142857143,-0.1299999999999999,-0.1278571428571428,0.1542857142857142,-0.0885714285714285,-0.0435714285714285,0.3264285714285714,-0.0057142857142857,0.3871428571428571,0.1242857142857143,-0.3078571428571428,-0.2942857142857143,0.1407142857142857,0.1576428571428571,-0.0953571428571428,-0.0125714285714285,0.3970714285714286,0.0349999999999999,-0.038,-0.0714285714285714,-0.3085714285714286,0.1714285714285714,-0.1178571428571428,0.0435714285714285,-0.33,-0.2742857142857143,0.1385714285714286,0.0885714285714285,-0.4192857142857143,-0.2778571428571428,0.5157142857142858,-0.4114285714285715,-0.0222857142857142,0.0633571428571428,-0.036,-0.0835,0.0124285714285714,-0.5149999999999999,-0.2992857142857143,0.7474500000000001,-1.675735714285714,1.2993428571428571,0.2042857142857143,-1.170714285714286,-0.0664285714285714,0.7728571428571429,-0.2871428571428572,0.1207142857142856,0.2892857142857142,-0.0207142857142857,0.2216428571428571,0.0972142857142857,0.0225714285714285,-0.0539285714285714,-0.8587142857142858,-0.2976428571428571,-0.1223571428571428,-0.0897857142857142,-0.2335714285714285,-0.578857142857143,0.0351428571428571,0.3259285714285714,-0.7949571428571428,-0.2125928571428571,0.4343642857142857,0.2446642857142857,0.6379071428571427,0.1032428571428571,-1.3851714285714285,0.6648642857142857,-0.4181714285714286,-0.93255,0.5450928571428573,-4.691428571428571,-0.6657142857142856,0.015,0.1721428571428571,0.7071428571428571,0.1621428571428571,-0.1814285714285714,-0.2685714285714286,-0.2592857142857143,0.2428571428571428,-0.4957142857142858,0.1585714285714285,-0.0121428571428571,-0.8514285714285714,-0.1042857142857142,0.4592857142857142,-0.3064285714285714,0.2121428571428572,-0.4471428571428571,-0.4814285714285713,-0.6278571428571428,-0.1992857142857143,-0.0228571428571428,0.3635714285714285,0
TLAAAAFAATSE,-0.3756664391666667,-0.7327158183333333,-0.239007875,1.0742064749999998,-0.1859008958333333,0.0124999999999999,-0.5875,0.175,0.0325,0.0733333333333333,0.2491666666666666,0.2041666666666667,-0.3675,0.8199999999999998,0.08,-0.4466666666666666,-0.5575,0.1133333333333333,0.1484166666666666,0.4989999999999999,-0.55625,0.9730833333333332,0.1349166666666666,-0.3310833333333333,-0.8941666666666667,-0.9441666666666668,-0.4541666666666666,-0.1083333333333333,-0.6358333333333333,-0.5958333333333333,-0.0783333333333333,-0.2675,0.0816666666666666,-0.1966666666666666,-0.5066666666666666,0.3908333333333333,-0.5866666666666667,0.0006666666666666,0.0875833333333333,-0.2835833333333333,-0.0570833333333333,0.08825,-1.6033333333333333,-0.5691666666666666,-0.7319083333333332,-4.785675,0.3235,-0.1458333333333333,-2.8316666666666666,-1.6049999999999998,0.8833333333333332,-0.2966666666666667,0.3708333333333333,-0.6766666666666666,0.75,0.2392499999999999,0.1781666666666666,-0.0721666666666666,0.0482499999999999,-1.1875833333333332,-0.6381666666666667,-0.4802499999999999,0.0501666666666666,-0.1723333333333333,-1.1956666666666669,0.0965833333333333,0.5573333333333335,-3.164175,-0.1839166666666666,0.2280083333333333,0.3491083333333333,0.8523666666666667,0.0819166666666667,-4.3670833333333325,0.2840416666666668,-0.4427083333333333,-3.361358333333333,1.3881249999999998,-6.746666666666666,-0.8758333333333331,0.5058333333333332,0.5241666666666666,1.4208333333333332,0.1041666666666666,-0.6216666666666667,-0.7374999999999999,-0.7208333333333333,-0.1675,-0.5391666666666667,-0.0333333333333333,-0.2325,-1.1666666666666667,-0.1341666666666666,0.7408333333333332,-0.9883333333333332,-0.1249999999999999,-0.6141666666666665,-0.0049999999999999,-1.5375,0.1641666666666666,-0.6975000000000001,0.6366666666666666,0
RFAQLPLAN,-0.0694253622222222,-0.2770235377777778,-0.490707,0.6072706555555555,-0.1240743044444444,0.0233333333333333,-0.28,-0.2677777777777777,-0.1011111111111111,0.0722222222222222,0.0311111111111111,0.2844444444444444,-0.0266666666666666,0.09,-0.1066666666666666,-0.3311111111111111,-0.18,0.0133333333333333,0.0595555555555555,0.2192222222222222,0.0226666666666666,0.583111111111111,0.4917777777777778,-0.0085555555555555,-0.2733333333333334,-0.1388888888888889,-0.2899999999999999,-0.1266666666666666,-0.2533333333333333,-0.6111111111111112,0.4622222222222222,-0.3055555555555555,0.5633333333333334,-0.3277777777777777,-0.2655555555555555,0.5433333333333334,-0.2733333333333333,-0.011,0.0066666666666666,-0.0896666666666666,-0.1053333333333333,0.0927777777777777,-0.1888888888888888,-0.4199999999999999,0.3435111111111111,-0.7619888888888888,1.2487111111111109,0.2933333333333333,-0.408888888888889,-0.3133333333333332,0.7766666666666666,-0.4544444444444444,0.0122222222222222,-0.3522222222222221,0.0766666666666666,0.2317777777777778,0.051,-0.0129999999999999,-0.0887777777777777,-0.8258888888888889,-0.2023333333333333,-0.1135555555555555,-0.0383333333333333,-0.3155555555555555,-0.1988888888888889,0.1177777777777777,0.296,-1.3142111111111108,-0.7180000000000001,0.6411333333333332,0.0490333333333333,0.3782555555555557,-0.1644,-1.4050555555555553,0.5668888888888888,-0.3183333333333333,-1.4382444444444442,0.5566555555555556,-4.332222222222222,-0.101111111111111,-0.0666666666666666,0.261111111111111,0.5588888888888888,0.1488888888888889,-0.0077777777777778,-0.0522222222222222,-0.1588888888888889,0.2011111111111111,-0.32,0.1322222222222222,0.0866666666666666,-0.7866666666666666,0.13,0.3288888888888889,-0.4577777777777777,-0.0733333333333333,-0.3299999999999999,-0.6266666666666666,-0.0455555555555556,-0.3088888888888889,-0.1088888888888888,0.8622222222222223,0
QLRVHVRRHKGVR,0.3209143161538462,-0.1510072338461538,-0.124346876923077,0.3131215307692307,0.6610918746153847,0.2892307692307693,-0.0199999999999999,-0.5961538461538461,-0.0623076923076922,0.3707692307692308,0.0961538461538461,0.3907692307692307,0.1515384615384615,-0.0292307692307692,0.1361538461538461,0.0876923076923077,-0.0123076923076923,0.3961538461538462,-0.824923076923077,0.3023846153846154,0.107,0.151,-0.1293076923076923,1.1260769230769232,-0.1961538461538461,0.2376923076923077,0.8007692307692308,0.6446153846153846,0.0084615384615385,-0.1353846153846154,0.08,0.0284615384615384,0.0061538461538461,0.6607692307692308,-0.2661538461538461,0.4853846153846154,0.0069230769230769,0.0193076923076923,-0.1025384615384615,-0.0318461538461538,-0.1235384615384615,-0.1709230769230769,0.546923076923077,0.3584615384615385,-1.8168538461538464,2.467484615384615,0.5498153846153847,-0.3523076923076924,1.523846153846154,0.2084615384615384,1.28,0.5261538461538462,0.6230769230769232,0.1576923076923077,-0.35,0.2211538461538461,-0.0084615384615384,0.0163846153846153,-0.1559999999999999,-0.6093076923076923,0.0802307692307692,-0.070076923076923,-0.0926923076923077,-0.2216153846153846,0.0318461538461538,0.6164615384615385,0.4488461538461538,1.2579615384615386,-1.2746,-0.6202307692307691,0.3493076923076923,0.4781999999999999,-0.561876923076923,0.6425307692307693,-0.4551307692307693,-0.7217461538461537,1.8726230769230767,0.7172307692307691,-3.022307692307692,1.0192307692307694,-0.4461538461538461,0.0261538461538461,0.3207692307692308,-0.4176923076923077,0.1461538461538462,0.2923076923076924,0.1669230769230769,0.7153846153846154,0.2138461538461538,0.7584615384615385,0.1761538461538461,-0.5792307692307692,0.4238461538461538,0.22,-0.253076923076923,0.3792307692307692,0.0253846153846153,1.004615384615385,0.1546153846153845,-1.7815384615384615,0.9092307692307692,0.0669230769230769,0
SVIRFSSNAVVLIND,-0.354020946,0.0861694506666666,-0.7700230733333334,0.5870728599999998,-0.6146324653333333,-0.0773333333333333,-0.4953333333333333,-0.2299999999999999,0.2833333333333333,-0.1433333333333332,0.3566666666666667,-0.0313333333333333,-0.1446666666666666,0.05,-0.0133333333333333,-0.1946666666666666,-0.3666666666666667,0.0299999999999999,-0.2882666666666666,0.0309333333333333,-0.0950666666666666,0.5506666666666665,-0.1168,0.1842666666666666,-0.0653333333333333,-0.3646666666666667,0.544,0.0013333333333333,-0.2486666666666666,-0.3966666666666666,-0.6593333333333332,0.0366666666666667,0.1726666666666667,-0.2746666666666666,-0.5173333333333333,0.4866666666666666,-0.5093333333333334,-0.0356666666666666,0.0700666666666666,-0.0748666666666666,-0.0862666666666666,-0.0948,-0.536,-0.3393333333333334,0.7147733333333336,-1.9273866666666668,-0.1665466666666666,0.522,-1.0693333333333337,-1.2240000000000002,0.538,0.3,-0.2673333333333333,0.6313333333333334,-0.1426666666666666,0.2435333333333333,0.0355999999999999,-0.072,-0.0006666666666666,-0.9424666666666666,-0.4143333333333333,-0.4019333333333333,-0.0164,-0.0107999999999999,-0.1897999999999999,0.0391999999999999,0.0130666666666666,0.0914533333333334,-1.62446,0.5076933333333333,-0.32726,0.2677266666666666,-0.2168466666666666,-0.0447533333333331,-0.3512133333333334,-0.6105866666666666,0.4890133333333331,0.9406,-5.006,-0.1106666666666666,0.3093333333333333,0.3719999999999999,0.6966666666666667,0.0826666666666666,-0.2619999999999999,-0.204,-0.6533333333333334,-0.096,-0.2753333333333334,-0.0706666666666666,-0.102,-0.8839999999999999,-0.0059999999999999,0.4806666666666667,-0.4926666666666666,0.0779999999999999,-0.11,-0.2026666666666667,-0.6400000000000001,-0.2606666666666666,-0.7659999999999999,0.5193333333333334,0
IEVVLQITV,-0.5834929133333333,-0.4691031366666666,0.2012734222222221,0.6995983999999998,-0.4936429677777778,-0.551111111111111,-0.7788888888888889,-0.6277777777777778,-0.0355555555555555,-0.3033333333333333,0.1777777777777777,-0.2077777777777777,-0.0877777777777777,0.13,0.3622222222222222,-0.4066666666666667,-0.3155555555555556,-0.2244444444444444,-0.2232222222222222,0.5726666666666667,0.1547777777777778,0.7276666666666666,-0.0046666666666666,0.3895555555555556,-0.7088888888888889,-0.3022222222222221,1.0144444444444445,-0.1044444444444444,-0.0488888888888889,-0.3577777777777778,-0.31,-0.1155555555555555,-0.0611111111111111,-0.3266666666666666,-0.6222222222222222,0.69,-0.4033333333333333,-0.1507777777777778,0.0278888888888888,-0.1513333333333333,-0.1324444444444444,-0.1097777777777777,-0.12,-0.5777777777777777,3.8241888888888886,-1.9686333333333332,0.5934555555555555,2.554444444444444,-1.1311111111111112,-2.075555555555556,0.6922222222222223,-0.2644444444444444,0.1211111111111111,1.0522222222222222,-0.2788888888888889,0.2502222222222222,0.0705555555555555,-0.1102222222222222,-0.1532222222222222,-0.9052222222222224,-0.6853333333333333,-0.3465555555555555,0.0135555555555555,-0.169,0.3216666666666666,-0.0407777777777777,-0.2813333333333333,-1.8411777777777776,-1.3891555555555557,0.9084,-0.5196666666666666,0.0823,0.484411111111111,-2.1008000000000004,0.3978666666666666,-0.3217666666666667,-3.1107333333333336,-0.5503666666666667,-4.72111111111111,-0.0199999999999999,0.2166666666666666,0.7655555555555557,0.3055555555555556,0.4111111111111111,-0.3288888888888889,0.0199999999999999,-1.1855555555555557,-0.0722222222222222,-0.95,-0.1155555555555555,-0.1077777777777777,-0.8444444444444446,0.1466666666666666,0.5522222222222222,-0.2766666666666666,-0.4444444444444444,0.1133333333333333,-1.5799999999999998,-1.5666666666666669,-1.3555555555555554,-1.198888888888889,0.1455555555555555,0
DHSLDYHLSQ,0.146952446,0.124578065,-2.3094592900000004,-0.0934426,-1.409909036,0.3350000000000001,0.2539999999999999,-0.3330000000000001,0.4410000000000001,-0.044,-0.0359999999999999,-0.188,-0.045,0.077,0.154,0.345,-0.346,-0.118,-0.2277,0.0118999999999999,-0.0259,0.0873999999999999,-0.0248999999999999,-0.291,0.079,0.0159999999999999,-0.301,0.1359999999999999,0.096,-0.273,-0.807,-0.1619999999999999,0.266,0.426,0.009,0.366,-0.626,0.0524,-0.0197,-0.0111,0.0265,0.0087,-0.0749999999999999,0.363,-1.9395199999999997,0.1094999999999999,-0.9244100000000002,-1.1310000000000002,0.487,-0.6819999999999999,-0.501,0.2699999999999999,-0.374,-0.147,-0.2479999999999999,0.2166,-0.1143,-0.0116999999999999,0.0402,-0.6956,0.0030999999999999,-0.2255,-0.3354999999999999,0.3498,-0.0148,0.0873,0.072,1.27252,-0.8669,0.6714599999999998,0.61717,-0.66291,-0.3088399999999999,2.42518,-0.84565,0.17333,1.52167,-0.1579999999999999,-3.588,-0.061,0.353,-0.3919999999999999,0.486,-0.2129999999999999,0.0979999999999999,-0.015,-0.117,-0.392,0.365,-0.0359999999999999,0.047,-0.6639999999999999,-0.233,0.198,-0.39,0.6359999999999999,0.037,0.833,0.3959999999999999,0.2689999999999999,-0.264,0.389,0
DYDAIPRR,0.47414961375,0.19469248375,-0.1800264249999998,0.238603425,0.0127354449999999,0.435,-0.07375,-0.18875,0.0025,-0.1424999999999999,-0.2012499999999999,-0.0375,0.12125,0.08625,-0.20125,0.15,-0.16375,-0.0199999999999999,-0.425125,-0.2088749999999999,0.106625,0.0635,0.2821249999999999,0.1175,0.34375,0.1775,0.00625,0.37625,-0.72875,-0.0825,-0.2799999999999999,-0.0849999999999999,0.4425,0.15625,-0.1649999999999999,0.12,-0.19375,0.079375,-0.0502499999999999,0.0568749999999999,-0.076375,-0.0061249999999999,0.26125,0.23875,-2.9827,1.5674625,0.9733125,-1.625,1.21125,-0.2975,-0.3125000000000001,0.0362499999999999,-0.51875,0.30125,0.32125,0.20425,-0.047875,-0.0194999999999999,-0.084875,-0.62625,-0.035625,-0.191375,-0.1347499999999999,-0.0107499999999999,-0.1975,0.136,0.160375,-0.0041624999999998,-1.0734,0.457275,0.26585,-0.1629625,0.1166999999999999,0.5998250000000003,-0.589725,0.0702875,0.8086625,1.1233125,-3.15375,0.42,0.06,-0.1462499999999999,0.4237499999999999,-0.3737499999999999,0.5525,0.1599999999999999,0.0725,-0.1775,0.2437499999999999,0.21375,0.65125,-0.59875,0.1175,0.0825,-0.5199999999999999,0.2225,-0.1374999999999999,0.89375,0.6900000000000001,-0.2475,-0.1474999999999999,0.4062499999999999,0
RCVAYP,-0.2140957333333333,0.29013661,0.1386711333333332,0.3025515333333333,0.2257081649999999,-0.2299999999999999,-0.335,0.0666666666666667,0.0233333333333333,0.2316666666666666,-0.5,0.28,-0.0116666666666666,0.26,-0.0383333333333333,-0.3683333333333333,-0.1683333333333333,0.18,-0.2391666666666666,-0.1884999999999999,-0.1156666666666666,-0.1003333333333333,0.3324999999999999,0.4748333333333334,0.2466666666666666,-0.1416666666666667,0.4233333333333334,-0.1933333333333333,-0.3266666666666667,0.0249999999999999,0.1933333333333333,-0.395,0.3,0.4083333333333334,-0.345,0.485,-0.205,-0.0325,0.052,0.0578333333333333,-0.0398333333333333,-0.0938333333333333,-0.2549999999999999,-0.2766666666666666,1.23635,-0.4154,0.5147166666666667,1.015,-0.5833333333333336,0.6983333333333334,0.6033333333333333,0.2216666666666666,-0.3783333333333333,0.26,0.1133333333333333,0.2138333333333333,0.1175,-0.0008333333333333,0.0205,-0.7934999999999999,-0.1986666666666666,0.0336666666666666,0.1288333333333333,-0.4046666666666667,-0.6779999999999999,0.1799999999999999,0.0291666666666666,-0.7780999999999999,0.4123333333333334,-0.4183,-0.0681,0.2039333333333333,-0.2713833333333332,-1.332533333333333,0.6131666666666667,-0.0020333333333333,-0.5038333333333332,1.2769833333333331,-4.188333333333333,-0.5916666666666667,-0.1733333333333333,0.0866666666666667,0.5033333333333333,0.075,-0.1366666666666666,-0.0116666666666666,-0.165,0.385,-0.1216666666666666,-0.2233333333333333,0.5283333333333333,-0.77,0.0083333333333333,0.3533333333333333,-0.2833333333333333,-0.1833333333333333,-0.3,-0.3649999999999999,-0.2366666666666666,0.2633333333333333,0.3199999999999999,-0.1683333333333333,0
ADKDRNEIKEQL,0.75346605,-0.471995165,-0.30016205,0.1793263249999999,-0.2604838233333333,0.7633333333333333,-0.15,-0.4325,-0.1291666666666666,0.0558333333333333,0.1516666666666666,-0.3341666666666667,0.1791666666666667,0.105,-0.0941666666666666,0.39,-0.3066666666666666,-0.1216666666666666,-0.6879166666666667,0.44475,-0.0644166666666666,0.2989166666666666,-0.0196666666666666,-0.1334999999999999,-0.405,0.0991666666666666,-0.4116666666666666,0.75,-0.3183333333333333,-0.2933333333333333,0.0783333333333333,0.1116666666666666,0.2066666666666667,-0.175,-0.2066666666666666,0.0499999999999999,-0.1491666666666666,0.12475,-0.1363333333333333,-0.1149999999999999,-0.0415833333333333,0.0510833333333333,0.045,0.5766666666666668,-4.959033333333333,1.51285,0.1254083333333333,-2.731666666666668,1.5475,-1.4725,-0.1508333333333333,-0.3675,0.4208333333333333,0.0958333333333333,-0.0366666666666666,0.2298333333333333,-0.1341666666666666,-0.0855,-0.1475,-0.7376666666666667,-0.1396666666666667,-0.2935833333333333,-0.141,0.1941666666666666,0.33975,0.1760833333333333,0.2595,-0.7506833333333333,-1.5729,0.1081416666666666,0.1866416666666667,-0.4309249999999999,0.51495,-0.3637666666666666,-1.2795583333333336,-0.0428833333333333,-0.3547166666666667,-0.4287,-3.805833333333334,1.205,0.0575,0.1458333333333333,0.4841666666666666,-0.6366666666666666,0.3274999999999999,0.095,0.075,-0.3975000000000001,0.2058333333333333,0.6041666666666666,-0.0158333333333333,-0.6825,0.3966666666666666,0.2249999999999999,-0.4875,0.465,0.1183333333333333,1.595833333333333,0.2858333333333334,-0.6533333333333334,-0.8516666666666667,0.51,0
HPTNVGRL,0.0295541525,0.3937740474999999,0.1243088499999999,0.459876375,0.4455620799999999,0.3275,-0.17125,-0.1162499999999999,0.13125,-0.0737499999999999,0.0362499999999999,0.39625,-0.2175,-0.2575,0.1149999999999999,-0.1124999999999999,-0.3112499999999999,0.22375,-0.4105,-0.39175,-0.25425,0.2799999999999999,0.32075,0.189,0.3687499999999999,-0.2475,0.325,0.1475,0.115,-0.1712499999999999,0.0912499999999999,-0.0599999999999999,0.12125,0.3475,-0.2875,0.49375,-0.4275,0.045875,0.081125,0.0226249999999999,-0.082375,-0.039625,-0.5062500000000001,0.02875,-1.29455,-1.1930999999999998,1.1922375,-1.0275,-0.9350000000000002,0.685,0.6649999999999999,-0.00625,-0.1637499999999999,0.20125,-0.5075,0.2173749999999999,0.095375,-0.0246249999999999,-0.01575,-0.885625,-0.19875,-0.25425,-0.082375,-0.119625,-0.4243749999999999,0.2643749999999999,0.14475,-1.8901375,-0.5175375,0.5812375,0.2614249999999999,0.4497625,-0.5487624999999999,-1.89545,0.3482625,0.0691749999999999,-2.4361875,0.651275,-4.6675,-0.3487499999999999,0.0325,0.10375,0.63375,-0.1362499999999999,-0.2325,-0.28125,0.0887499999999999,0.1687499999999999,-0.2125,0.47875,0.3299999999999999,-0.83875,-0.0524999999999999,0.36,-0.47,0.1225,-0.35375,0.41375,-0.4799999999999999,-0.51875,0.1987499999999999,0.44625,0
GRVGATAAVYSAAI,-0.4357002264285715,-0.129317345,0.1493984499999999,0.999959707142857,0.34048687,-0.0514285714285714,-0.5071428571428571,0.2321428571428572,0.0807142857142857,-0.0228571428571428,0.3264285714285715,0.4442857142857143,-0.0785714285714285,0.5971428571428571,0.1942857142857143,-0.5414285714285715,-0.5085714285714286,0.2714285714285714,-0.1387142857142857,-0.0345714285714285,-0.4935714285714285,0.8782142857142858,-0.236,0.0526428571428571,-0.3157142857142857,-0.92,0.2928571428571428,-0.0628571428571428,-0.4285714285714285,-0.4392857142857143,-0.1692857142857142,0.235,-0.2771428571428571,-0.0385714285714285,-0.5578571428571429,0.3742857142857144,-0.5042857142857143,-0.0091428571428571,0.1502857142857143,-0.1702142857142857,-0.0928571428571428,-0.0366428571428571,-1.5542857142857138,-0.5142857142857143,-0.1555785714285714,-4.571035714285714,0.7360142857142856,-0.1042857142857143,-3.128571428571429,-0.505,0.8985714285714285,0.0621428571428571,0.6607142857142859,0.1485714285714285,0.4192857142857143,0.2250714285714286,0.2052142857142857,-0.0647142857142857,-0.0147142857142857,-1.1895714285714285,-0.4804285714285715,-0.3744999999999999,0.1548571428571428,-0.3282142857142857,-1.3857142857142857,0.1245714285714285,0.7387142857142858,-2.8248928571428573,-0.3527214285714286,-0.1939214285714285,0.4950285714285713,1.042085714285714,-0.1335928571428571,-4.6867214285714285,0.3273928571428572,-0.8212571428571428,-2.9129928571428576,1.965514285714285,-6.704285714285715,-0.7557142857142857,0.2871428571428571,0.5985714285714286,1.476428571428571,0.0907142857142857,-0.6364285714285716,-0.8042857142857142,-0.3664285714285714,0.1057142857142857,-0.6671428571428571,0.2921428571428571,-0.3185714285714285,-1.16,-0.0085714285714285,0.7671428571428571,-0.89,0.0014285714285714,-0.6992857142857144,0.025,-1.7885714285714285,-0.2935714285714286,-0.4071428571428571,0.3278571428571428,0
RITFNIR,0.0719726371428571,-0.0912564742857142,1.810092214285714,0.2870606142857143,1.4408860542857145,-0.1171428571428571,-0.1971428571428571,-0.4885714285714286,0.1657142857142857,0.1357142857142857,0.3514285714285714,0.1014285714285714,-0.2385714285714285,-0.2142857142857142,-0.2842857142857143,0.0128571428571428,0.0614285714285714,0.2042857142857143,0.1137142857142857,0.1045714285714285,0.4211428571428572,0.1042857142857142,-0.1294285714285714,0.8952857142857144,0.0242857142857142,0.3471428571428571,1.0071428571428571,0.3157142857142857,-0.5971428571428572,0.1071428571428571,0.1428571428571428,0.2028571428571429,0.5757142857142857,-0.5257142857142857,-0.2771428571428571,0.5857142857142857,-0.0557142857142857,-0.0528571428571428,-0.0597142857142857,0.0302857142857142,-0.1317142857142857,-0.1518571428571428,0.8842857142857143,-0.0599999999999999,0.6865571428571428,2.2929,0.3505428571428571,1.0657142857142856,1.3799999999999997,-0.3185714285714286,0.8685714285714285,0.6371428571428571,-0.2057142857142857,0.6900000000000001,-0.0628571428571429,0.2377142857142857,-0.0231428571428571,0.0362857142857142,-0.052,-0.5222857142857144,-0.217,-0.1722857142857143,-0.1261428571428571,-0.1131428571428571,0.3915714285714285,0.2271428571428571,-0.0607142857142857,1.1655142857142855,-1.3670142857142855,0.6248285714285714,-0.5716142857142856,0.5964857142857144,-0.0333285714285714,1.3245,-0.3238571428571428,-0.5699142857142858,1.898585714285714,0.6896571428571429,-2.591428571428571,0.9028571428571428,-0.1399999999999999,0.1199999999999999,0.1285714285714285,-0.0299999999999999,0.3885714285714285,0.4457142857142857,-0.2271428571428571,0.4771428571428571,0.1199999999999999,0.1271428571428571,0.1128571428571428,-0.5142857142857143,0.3257142857142857,0.1185714285714285,-0.26,0.1642857142857143,0.1085714285714285,-0.1657142857142856,0.4171428571428571,-1.3485714285714283,0.0328571428571428,0.11,0
AKPVVVHGGGP,-0.291641479090909,0.5456609218181817,-0.2519638272727272,0.6837911545454545,0.0950589918181818,0.26,-0.3590909090909091,0.2718181818181818,-0.0536363636363636,-0.4109090909090909,-0.0445454545454545,0.6263636363636363,0.1790909090909091,0.1172727272727272,0.22,-0.6318181818181817,-0.5327272727272728,0.2354545454545454,-0.625,-0.6585454545454545,-0.6142727272727272,0.6201818181818182,0.3233636363636363,-0.1649090909090908,0.3609090909090909,-0.8181818181818182,0.15,-0.1336363636363636,0.5254545454545453,-0.4590909090909091,0.0409090909090909,0.2699999999999999,-0.3654545454545454,0.4109090909090909,-0.4718181818181817,0.3581818181818181,-0.5445454545454544,0.041090909090909,0.2076363636363636,-0.027,-0.0952727272727272,0.0292727272727272,-1.6109090909090908,-0.3372727272727273,-0.3650454545454543,-4.475127272727272,2.5043818181818183,-1.3218181818181818,-3.389090909090909,1.1218181818181818,0.6818181818181818,-0.6954545454545454,0.3618181818181818,0.2327272727272727,-0.2745454545454545,0.2042727272727272,0.2510909090909091,-0.0415454545454545,-0.1032727272727272,-1.21,-0.3392727272727272,-0.1738181818181818,0.1482727272727272,-0.5248181818181817,-1.200090909090909,0.2269090909090908,0.6016363636363636,-3.718381818181818,0.4291545454545454,-0.3486090909090908,0.6419909090909091,1.2372,-0.1769545454545454,-5.295463636363635,1.421072727272727,-0.292190909090909,-4.578245454545455,0.9994636363636364,-6.579090909090908,-1.2845454545454549,-0.1481818181818182,0.4063636363636363,1.1318181818181818,0.0609090909090909,-0.759090909090909,-0.88,0.1163636363636363,0.1109090909090909,-0.8527272727272727,0.7136363636363635,0.3009090909090909,-1.1481818181818182,-0.1272727272727272,0.6636363636363636,-0.4754545454545453,0.0436363636363636,-0.9954545454545456,0.0054545454545454,-1.7309090909090907,-0.1354545454545454,0.1490909090909091,0.4090909090909091,0
STIRRRRECES,0.5268400009090909,-0.0074923154545454,0.2659402727272725,0.3280448636363636,0.5904564554545455,0.5754545454545454,-0.2409090909090909,-0.269090909090909,-0.1218181818181817,0.5645454545454546,0.1209090909090909,-0.0481818181818181,-0.14,0.1554545454545454,-0.1427272727272727,0.4372727272727273,-0.1236363636363636,0.3181818181818181,-0.555909090909091,0.2455454545454545,-0.185090909090909,-0.0660909090909091,-0.0152727272727272,0.8796363636363637,-0.0681818181818181,0.1409090909090909,0.5481818181818182,0.860909090909091,-1.0172727272727276,0.4027272727272729,0.0827272727272728,-0.4027272727272727,-0.0445454545454545,0.2299999999999999,-0.3772727272727272,0.3145454545454545,0.0463636363636363,0.1006363636363636,-0.1032727272727272,-0.024090909090909,-0.056,-0.1815454545454545,0.2427272727272728,0.6972727272727274,-4.706945454545455,2.220254545454545,-0.7245272727272728,-1.936363636363636,1.696363636363636,-0.4881818181818182,0.620909090909091,0.7609090909090909,0.1709090909090909,0.1418181818181818,0.0418181818181817,0.231090909090909,-0.0735454545454545,-0.0468181818181818,0.0582727272727272,-0.6638181818181818,-0.0742727272727273,-0.3429090909090909,-0.0468181818181818,0.1178181818181818,-0.1129090909090908,0.5508181818181819,0.2156363636363637,2.704818181818182,-2.1925818181818184,-1.4913181818181818,0.0281636363636363,-0.1433545454545455,-0.3019636363636364,2.445209090909092,-2.209563636363636,-0.6668999999999999,4.863954545454546,1.4862181818181817,-3.417272727272727,1.4672727272727273,-0.1481818181818181,-0.05,0.5,-0.77,0.2327272727272727,0.21,0.1736363636363636,0.1345454545454545,0.5145454545454545,0.2890909090909091,0.3318181818181818,-0.62,0.4472727272727272,0.2090909090909091,-0.4436363636363637,0.6327272727272727,0.2363636363636363,2.070909090909091,0.2545454545454544,-1.0,-0.2745454545454545,-0.239090909090909,0
VKSVNT,-0.026017445,0.2391137733333333,-0.3003084000000001,0.60268895,-0.2129312549999999,0.2366666666666666,-0.5766666666666667,-0.2516666666666667,0.0983333333333333,-0.0066666666666666,0.3616666666666666,-0.0149999999999999,-0.5266666666666667,0.0416666666666666,0.0266666666666666,0.0383333333333333,-0.465,0.28,-0.9311666666666666,-0.0956666666666666,-0.2956666666666667,0.4851666666666666,-0.169,0.5228333333333334,0.0649999999999999,-0.4083333333333334,0.85,0.4599999999999999,0.4016666666666666,-0.515,-0.4549999999999999,-0.1716666666666666,-0.305,0.0216666666666666,-0.625,0.5533333333333333,-0.5183333333333334,0.0361666666666666,0.0593333333333333,-0.0551666666666666,-0.1331666666666666,-0.1916666666666666,-0.7683333333333332,0.0233333333333333,-1.9672333333333332,-1.5961999999999998,0.2873333333333333,-1.06,-0.7183333333333333,-0.8516666666666669,1.2916666666666667,0.3616666666666666,-0.2166666666666666,0.94,0.0783333333333333,0.2393333333333333,0.0566666666666666,-0.1263333333333333,0.0315,-1.0103333333333333,-0.4728333333333334,-0.472,0.0358333333333333,0.0825,-0.2471666666666666,0.0606666666666666,-0.1119999999999999,-0.58645,-1.448783333333333,0.0229166666666666,-0.3565666666666667,0.6194000000000001,-0.1236833333333333,-1.0185000000000002,-0.4237833333333333,-0.4300833333333332,-0.34925,0.5581166666666667,-5.393333333333334,-0.025,0.3033333333333334,0.4216666666666667,0.7016666666666667,-0.275,-0.4183333333333333,-0.2716666666666666,-0.6333333333333333,0.1916666666666666,-0.1699999999999999,0.0749999999999999,-0.0383333333333333,-0.9416666666666668,0.06,0.4883333333333333,-0.5616666666666666,-0.075,-0.1166666666666666,0.55,-1.0033333333333336,-0.75,-0.7016666666666667,0.3583333333333333,0
ARQDARTLK,0.5170655277777778,-0.4236451255555555,-0.4311816000000001,0.5729359999999999,0.2731394633333333,0.5266666666666667,-0.3088888888888889,-0.3011111111111111,-0.2755555555555555,0.38,0.17,0.0666666666666666,-0.0766666666666666,0.2666666666666667,-0.0888888888888888,0.1733333333333333,-0.2177777777777777,0.2611111111111112,-0.4934444444444445,0.3983333333333333,-0.1373333333333333,0.4517777777777778,0.023,0.4991111111111111,-0.41,-0.0733333333333333,0.0033333333333333,0.7044444444444445,-0.4655555555555555,-0.3733333333333333,0.3455555555555555,-0.3522222222222222,0.1133333333333333,0.11,-0.3688888888888888,0.2877777777777778,-0.1055555555555555,0.0948888888888888,-0.0965555555555555,-0.1226666666666666,-0.1183333333333333,-0.0463333333333333,-0.1433333333333332,0.3322222222222223,-4.416377777777778,0.9824,0.599811111111111,-1.9522222222222223,1.0044444444444445,-0.8244444444444445,0.9033333333333332,0.2299999999999999,0.4222222222222222,-0.2088888888888888,0.6855555555555556,0.2199999999999999,-0.0313333333333333,-0.0844444444444444,-0.112,-0.798,-0.112,-0.3144444444444444,-0.0286666666666666,-0.0404444444444444,-0.2246666666666666,0.3504444444444444,0.4655555555555556,-0.6325222222222222,-1.5187777777777778,-0.3046444444444444,0.1716444444444443,0.3649555555555556,-0.0336222222222222,-1.220022222222222,-0.9343666666666668,-0.5282777777777778,0.1039444444444443,0.9382555555555554,-4.26111111111111,0.9988888888888888,-0.051111111111111,0.2977777777777778,0.7266666666666667,-0.5444444444444444,0.1922222222222221,0.0066666666666666,-0.0233333333333333,0.261111111111111,0.2377777777777777,0.4522222222222222,0.0833333333333333,-0.7611111111111112,0.44,0.3344444444444445,-0.6566666666666667,0.23,-0.0655555555555555,1.3344444444444443,-0.0888888888888888,-1.1566666666666667,-0.0877777777777777,0.4911111111111111,0
IPFGAGL,-0.6335728228571428,0.27983648,0.4023706857142857,0.7633454285714285,0.4152660314285715,-0.2614285714285714,-0.32,0.3457142857142857,0.0199999999999999,-0.4599999999999999,0.2085714285714285,0.5557142857142857,0.2557142857142857,0.1042857142857143,-0.0842857142857143,-0.8885714285714286,-0.3857142857142857,0.0314285714285714,0.4801428571428571,-0.5282857142857144,-0.2909999999999999,0.9041428571428572,0.2902857142857143,-0.5327142857142857,0.2057142857142857,-0.7285714285714285,-0.1985714285714285,-0.6628571428571429,-0.1028571428571428,-0.6114285714285713,0.5057142857142857,0.4557142857142858,0.0642857142857143,-0.1614285714285714,-0.3814285714285714,0.3957142857142856,-0.4957142857142857,-0.0474285714285714,0.23,-0.0567142857142857,-0.0984285714285714,0.1548571428571428,-1.282857142857143,-0.8342857142857143,2.9097428571428567,-4.8177,2.357614285714285,0.5399999999999998,-3.838571428571428,0.9099999999999998,0.0857142857142856,-0.9657142857142856,0.46,-0.0085714285714285,0.01,0.216,0.2438571428571428,0.0227142857142857,-0.0901428571428571,-1.1312857142857144,-0.3712857142857143,-0.0418571428571428,0.1344285714285714,-0.6705714285714286,-1.0095714285714286,-0.0127142857142857,0.6794285714285715,-3.337757142857143,0.4952857142857143,0.2862714285714285,0.2819428571428571,1.335942857142857,0.2162571428571428,-4.910871428571427,1.7015285714285715,-0.6667714285714286,-4.099971428571428,1.0690142857142857,-6.225714285714285,-1.2185714285714284,-0.2014285714285714,0.5371428571428571,1.12,0.5885714285714284,-0.5428571428571429,-0.7842857142857141,0.1328571428571427,-0.04,-1.0442857142857145,0.3971428571428571,-0.0785714285714286,-1.0957142857142856,-0.03,0.6314285714285715,-0.4071428571428571,0.0514285714285714,-1.0785714285714287,-1.3871428571428572,-1.6085714285714283,0.1457142857142857,-0.2999999999999999,0.4314285714285714,0
EAEEVGLKGEKSEM,0.4174142778571427,-0.5553113250000001,0.4134357285714284,0.4174373928571428,-0.0370037328571428,0.6285714285714287,-0.1885714285714285,-0.2157142857142857,-0.26,-0.0535714285714285,0.2699999999999999,-0.0971428571428571,0.2378571428571428,0.3899999999999999,0.1021428571428571,0.0621428571428571,-0.4607142857142857,-0.1107142857142857,-0.6759285714285715,0.4742142857142856,-0.4018571428571427,0.5839285714285715,-0.0025714285714285,-0.4663571428571428,-0.6385714285714286,-0.3292857142857143,-0.6000000000000002,0.4892857142857142,-0.1757142857142857,-0.2864285714285714,0.2285714285714285,0.3314285714285714,-0.5764285714285713,0.19,-0.315,0.0692857142857142,-0.2271428571428571,0.1038571428571428,-0.0406428571428571,-0.2005714285714285,-0.0060714285714285,0.1172857142857142,-0.7078571428571429,0.2957142857142857,-3.787335714285714,-1.3230285714285712,0.2926285714285714,-2.545714285714286,-0.5692857142857145,-1.143571428571429,-0.2164285714285713,-1.0492857142857144,1.1371428571428572,-0.2657142857142857,-0.2714285714285714,0.2385714285714286,-0.0032857142857142,-0.0607142857142857,-0.0637142857142857,-0.9562857142857142,-0.2408571428571428,-0.2033571428571428,0.0053571428571428,-0.0274285714285714,-0.2778571428571428,0.1932142857142857,0.5905714285714285,-1.1013285714285714,-0.8236714285714287,-1.2087642857142855,0.5043714285714285,-0.2094928571428571,0.750714285714286,-1.9514785714285712,-1.0590714285714289,-0.3477571428571427,-0.7795642857142857,-0.2567714285714286,-5.173571428571428,0.6714285714285715,-0.1649999999999999,0.32,0.8414285714285713,-0.4307142857142856,-0.215,-0.3685714285714286,0.2799999999999999,-0.5864285714285715,-0.37,0.752142857142857,-0.2871428571428572,-0.8978571428571429,0.4164285714285713,0.4742857142857143,-0.4042857142857143,0.5135714285714286,-0.2471428571428571,1.224285714285714,-0.8992857142857141,-0.4014285714285715,-1.072857142857143,0.0299999999999999,0
KEITVGVAEPVR,0.0013287508333333,-0.1789187408333333,0.5558515666666666,0.7043505583333333,0.145020425,0.1883333333333333,-0.5308333333333332,-0.2358333333333333,-0.2008333333333333,-0.1991666666666666,0.0533333333333333,0.0975,-0.0166666666666666,0.2608333333333333,0.1333333333333333,-0.2425,-0.3741666666666667,0.0425,-0.6852499999999999,0.1675833333333333,-0.2386666666666666,0.5893333333333333,0.2213333333333333,0.2119166666666666,-0.3124999999999999,-0.3733333333333332,0.3908333333333333,0.2825,-0.1558333333333333,-0.3241666666666667,-0.0191666666666666,-0.0158333333333333,-0.245,0.1125,-0.5175,0.3558333333333333,-0.2775,0.0123333333333333,0.0289999999999999,-0.11025,-0.1183333333333333,-0.0326666666666666,-0.5975,-0.1174999999999999,-0.956225,-1.66525,1.4474833333333337,-0.6583333333333332,-1.0141666666666669,-0.8191666666666665,0.6791666666666667,-0.5716666666666668,0.3383333333333333,0.4949999999999999,-0.1066666666666666,0.2311666666666666,0.1109166666666666,-0.0730833333333333,-0.1083333333333333,-0.95925,-0.46975,-0.2990833333333333,0.0499999999999999,-0.24325,-0.3588333333333333,0.1879166666666666,0.2146666666666666,-1.92505,-0.8741249999999999,-0.2100916666666666,0.1277333333333333,0.5030583333333333,0.37375,-2.6773583333333337,0.1306333333333333,-0.3025916666666666,-2.1972000000000005,0.4115333333333333,-5.09,-0.0191666666666665,-0.0041666666666666,0.4416666666666666,0.6658333333333333,-0.1349999999999999,-0.2725,-0.2583333333333333,-0.3658333333333334,-0.0625,-0.6208333333333333,0.4383333333333332,0.2425,-0.9025000000000002,0.175,0.4716666666666667,-0.4749999999999999,-0.0966666666666666,-0.3241666666666667,0.1458333333333334,-1.169166666666667,-0.905,-0.6425000000000001,0.1966666666666666,0
ISVLEDDVLTIK,-0.1800380525,-0.2757167741666666,-0.6402095499999999,0.5581524916666666,-0.8102243100000001,-0.1041666666666666,-0.6175,-0.3974999999999999,0.0516666666666666,-0.2966666666666667,0.21,-0.3625,-0.0391666666666666,0.0499999999999999,0.0349999999999999,-0.1108333333333333,-0.3816666666666666,-0.1808333333333333,-0.25625,0.3494166666666666,0.0124166666666666,0.7039166666666667,0.00925,-0.0427499999999999,-0.3816666666666666,-0.2458333333333333,0.2958333333333333,0.0833333333333333,-0.2583333333333333,-0.5666666666666667,-0.4483333333333334,-0.12,0.0383333333333333,0.12,-0.5608333333333334,0.3191666666666667,-0.4358333333333333,-0.0375833333333333,0.0084999999999999,-0.12475,-0.104,-0.0235,-0.2958333333333334,-0.1958333333333333,0.656166666666667,-1.3566333333333331,0.4033333333333333,0.4066666666666665,-0.5966666666666667,-1.9433333333333336,-0.0074999999999999,-0.36,-0.0883333333333333,0.6841666666666667,0.0099999999999999,0.2414166666666667,0.0110833333333333,-0.1060833333333333,-0.1088333333333333,-0.90325,-0.5046666666666666,-0.3954166666666667,-0.0620833333333333,0.03325,0.2750833333333333,-0.0455833333333333,-0.1729166666666667,-1.11595,-1.654858333333333,0.9429416666666666,-0.5718083333333334,-0.0329749999999999,0.5131333333333333,-1.052425,-0.2948833333333333,-0.2932666666666667,-1.5998333333333334,-0.1628083333333334,-4.7775,0.2091666666666667,0.2224999999999999,0.5891666666666667,0.4524999999999999,0.0933333333333333,-0.0758333333333333,-0.0549999999999999,-0.7791666666666667,-0.3983333333333334,-0.4483333333333333,0.0441666666666666,0.0175,-0.8441666666666667,0.16,0.4791666666666667,-0.3283333333333332,-0.075,0.0366666666666666,-0.4183333333333334,-0.965,-0.6825000000000001,-1.1783333333333332,0.3324999999999999,0
DALKPPSMYK,0.2848908349999999,0.1757967,-0.7526607299999999,0.16918158,-0.3711531800000001,0.3,-0.251,-0.2,-0.258,-0.124,-0.287,0.1579999999999999,-0.065,0.106,-0.229,-0.1379999999999999,-0.259,0.122,-0.2759,-0.1786,-0.0496999999999999,0.2715999999999999,0.6903,-0.2449,0.221,-0.0329999999999999,-0.501,0.0469999999999999,0.4229999999999999,-0.6409999999999999,0.0199999999999999,-0.514,-0.035,0.236,-0.377,0.381,-0.322,0.0694999999999999,0.0028999999999999,0.0226999999999999,-0.1011,0.1047,-0.265,-0.124,-1.55475,-0.0888399999999998,2.2031800000000006,-1.489,0.1279999999999999,0.2180000000000001,0.5740000000000001,-0.945,-0.541,-0.253,0.3989999999999999,0.2159,0.0469999999999999,-0.0149999999999999,-0.0452,-0.8119,-0.0792,-0.0068999999999999,-0.0388,-0.2191999999999999,-0.1684,0.0216,-9.99999999999668e-05,-0.0080199999999997,-0.4142699999999999,-0.10605,-0.4817,0.32743,0.31006,-0.1683299999999998,0.4304699999999999,-0.0832199999999999,0.4209300000000001,0.2027599999999999,-4.298,-0.3139999999999999,-0.45,0.199,0.2769999999999999,-0.0589999999999999,0.0899999999999999,-0.047,0.029,0.1259999999999999,-0.169,0.089,0.575,-0.7769999999999999,0.147,0.3179999999999999,0.059,0.0549999999999999,-0.38,-0.18,0.078,0.1789999999999999,0.1649999999999999,0.573,0
VEDQTITGPLT,-0.0497806609090909,0.1425809527272727,0.112803009090909,0.5856079181818182,-0.2434116781818182,0.22,-0.4890909090909092,-0.0763636363636364,-0.1027272727272727,-0.3336363636363636,0.0854545454545454,-0.1745454545454545,-0.3545454545454545,0.0572727272727272,0.1463636363636363,-0.0554545454545454,-0.5,-0.1272727272727272,-0.2584545454545454,-0.1884545454545454,-0.318,0.4882727272727272,0.3017272727272727,-0.169,0.0409090909090909,-0.459090909090909,0.2472727272727272,0.1627272727272727,-0.0945454545454545,-0.1472727272727272,0.069090909090909,-0.3127272727272727,-0.1427272727272727,-0.1090909090909091,-0.4072727272727273,0.4499999999999999,-0.5736363636363636,0.0339999999999999,0.0902727272727272,-0.051,-0.0764545454545454,-0.0168181818181818,-0.8072727272727274,-0.0163636363636363,-1.5041090909090913,-2.595281818181818,0.967118181818182,-1.2545454545454549,-1.4800000000000002,-0.7654545454545455,-0.0463636363636363,-0.2809090909090909,-0.2845454545454545,0.4963636363636363,0.2727272727272727,0.2173636363636363,0.0579090909090909,-0.1339090909090909,-0.0074545454545454,-1.0016363636363637,-0.5188181818181818,-0.4521818181818182,-0.023090909090909,0.0598181818181818,-0.3183636363636364,-0.049090909090909,-0.0933636363636363,-3.003990909090909,-0.7137818181818183,0.5179090909090909,0.157490909090909,0.1226454545454545,0.4171545454545455,-2.923118181818182,-0.1038545454545454,0.3080454545454545,-3.825563636363636,-0.0378,-5.346363636363636,-0.2963636363636364,0.4090909090909091,0.3545454545454545,0.7190909090909091,-0.0818181818181817,-0.2754545454545454,-0.4018181818181818,-0.440909090909091,-0.43,-0.4881818181818182,-0.0118181818181818,0.2527272727272727,-0.9381818181818182,-0.0418181818181818,0.4345454545454545,-0.6518181818181817,-0.1099999999999999,-0.2636363636363636,0.0654545454545454,-1.300909090909091,-0.5018181818181818,-1.25,0.2418181818181818,0
KLWGLVNNAGIFS,-0.3138649,0.0858566446153845,0.1107740384615384,0.4121883307692307,0.2159949084615384,-0.1407692307692307,-0.1092307692307692,0.0938461538461538,0.0599999999999999,-0.09,0.5015384615384616,0.2138461538461538,0.0076923076923076,-0.0761538461538461,-0.0353846153846153,-0.3538461538461538,-0.2738461538461538,0.0807692307692307,0.0446153846153846,-0.1703846153846153,-0.0247692307692307,0.6267692307692307,-0.2715384615384615,-0.1711538461538461,0.0499999999999999,-0.2907692307692308,0.0407692307692307,-0.2476923076923076,-0.0861538461538461,-0.5715384615384616,0.1330769230769231,0.4323076923076922,-0.1423076923076922,-0.2276923076923077,-0.3084615384615384,0.4323076923076923,-0.4461538461538461,-0.0299999999999999,0.0974615384615384,-0.0532307692307692,-0.0783076923076923,0.0439230769230769,-0.4907692307692307,-0.3738461538461539,1.5107461538461542,-1.9633230769230765,0.7004307692307693,0.4930769230769231,-1.551538461538462,0.1538461538461538,0.233076923076923,-0.3107692307692308,0.5907692307692309,0.3546153846153847,-0.1761538461538461,0.2329230769230769,0.0908461538461538,0.0099230769230769,-0.0453846153846153,-0.8922307692307693,-0.2773076923076922,-0.1673076923076923,-0.0349230769230769,-0.2239230769230769,-0.4402307692307693,0.0816923076923076,0.4543076923076923,-0.8946307692307691,-0.4654846153846153,0.6461769230769229,-0.0679846153846154,0.6994076923076923,-0.1089230769230769,-1.6314153846153845,0.5489923076923076,-0.7121846153846154,-1.3119846153846153,0.5419769230769231,-4.789230769230769,-0.4084615384615385,0.0115384615384615,0.3469230769230769,0.8707692307692307,0.2846153846153847,-0.1984615384615385,-0.3169230769230769,0.053076923076923,0.0876923076923076,-0.4792307692307692,0.3269230769230769,-0.5361538461538461,-0.8661538461538462,0.0584615384615384,0.4969230769230768,-0.3869230769230768,0.2546153846153846,-0.4784615384615384,-0.6538461538461539,-0.6515384615384616,-0.1938461538461539,-0.2407692307692306,0.3423076923076922,0
VALSIRHVGPTAAQ,-0.3111853964285715,-0.0850130064285714,-0.6200672857142858,0.7401243857142855,-0.1965629914285714,0.0492857142857143,-0.49,-0.0807142857142857,0.0057142857142857,-0.0349999999999999,0.0664285714285714,0.3307142857142857,-0.1214285714285714,0.3035714285714285,0.2435714285714286,-0.382142857142857,-0.4142857142857142,0.1835714285714285,-0.2026428571428571,0.0630714285714286,-0.3512857142857141,0.6203571428571429,0.2045714285714286,0.1513571428571428,-0.2857142857142856,-0.6164285714285714,0.2764285714285714,-0.0064285714285714,-0.0857142857142857,-0.3357142857142858,-0.195,-0.2314285714285714,-0.0214285714285714,-0.0442857142857143,-0.5028571428571429,0.5414285714285715,-0.4821428571428571,-0.0102142857142857,0.091,-0.1200714285714285,-0.0941428571428571,-0.0309285714285714,-1.015,-0.3407142857142857,-0.0418928571428568,-3.056221428571429,1.0496142857142856,-0.0385714285714286,-1.957857142857143,-0.5235714285714286,1.047142857142857,-0.06,0.1321428571428571,0.015,0.0557142857142857,0.2255714285714285,0.1423571428571428,-0.0674285714285714,-0.0509285714285714,-1.0554285714285714,-0.4208571428571429,-0.3605714285714286,0.0227142857142857,-0.2323571428571428,-0.7420714285714285,0.2345,0.3285714285714286,-2.0219285714285715,-0.7210571428571428,0.1590571428571428,0.2212714285714285,0.6918071428571427,-0.3061571428571428,-2.908878571428571,0.4168428571428571,-0.4215571428571429,-2.388328571428571,1.0075785714285714,-5.757857142857143,-0.6064285714285714,0.1485714285714285,0.4364285714285714,0.9357142857142856,0.0535714285714285,-0.4992857142857143,-0.4778571428571428,-0.4785714285714285,0.1607142857142857,-0.5428571428571428,0.2099999999999999,0.1099999999999999,-1.0107142857142857,-0.0614285714285713,0.6214285714285716,-0.5657142857142856,-0.0071428571428571,-0.4242857142857142,-0.0971428571428571,-1.24,-0.4950000000000001,-0.15,0.5307142857142857,0
ACIDFSNLAYFYDYY,-0.1958899026666667,0.0865700473333333,0.2465126133333332,-0.0254863533333333,-0.1312924913333332,-0.4093333333333332,0.2553333333333333,-0.0633333333333333,0.5046666666666667,-0.1,0.0,-0.1186666666666667,-0.032,0.3173333333333333,-0.244,-0.1026666666666666,-0.1693333333333333,-0.1986666666666666,0.2563333333333333,-0.1462,0.3389333333333333,0.0799333333333333,-0.3113999999999999,-0.2322,0.2293333333333333,0.1266666666666667,-0.0386666666666666,-0.3806666666666667,-0.3393333333333333,-0.3513333333333333,-0.2446666666666666,0.4160000000000001,0.502,-0.002,0.0793333333333332,0.3573333333333333,-0.4546666666666666,-0.0598666666666666,0.0279333333333333,0.0456666666666666,0.0086666666666666,0.0133333333333333,0.26,-0.3106666666666667,2.0859000000000005,0.1419133333333331,-0.8431866666666669,1.344666666666667,-0.0146666666666665,-0.1326666666666666,-0.7766666666666667,0.1606666666666666,-0.2893333333333333,0.4146666666666667,0.2779999999999999,0.2212666666666666,-0.0343333333333333,0.0753333333333333,0.0792666666666666,-0.5894666666666667,-0.1016,0.1332666666666667,-0.1252,-0.0592666666666666,-0.3003333333333333,-0.3158,0.124,0.665286666666667,0.6622200000000001,0.70518,0.3259466666666666,-0.2032599999999999,0.4178733333333334,1.1648,0.1912866666666666,-0.0039333333333333,1.0845400000000005,0.3943066666666665,-3.0840000000000005,-0.4246666666666666,0.2619999999999999,-0.312,0.5093333333333334,0.3086666666666667,0.276,0.1226666666666666,-0.1193333333333333,-0.2033333333333333,0.1133333333333333,-0.488,-0.2633333333333333,-0.6020000000000001,-0.126,0.0973333333333333,-0.442,0.1546666666666666,-0.2586666666666666,-0.8033333333333331,0.4473333333333332,0.7759999999999998,-0.5253333333333333,-0.1526666666666666,0
DGETID,0.3004287949999999,0.0972160933333333,-0.0266951,0.3234890000000001,-0.5211938266666667,0.6933333333333334,-0.2399999999999999,0.1866666666666666,0.18,-0.565,0.2983333333333333,-0.5783333333333334,0.0883333333333333,0.0683333333333333,0.0416666666666666,0.2533333333333333,-0.6683333333333333,-0.3849999999999999,-0.443,-0.2721666666666666,-0.4976666666666666,0.3611666666666667,-0.2146666666666667,-0.8281666666666667,0.1166666666666666,-0.5116666666666668,-0.3333333333333333,0.415,-0.615,0.1383333333333333,-0.3783333333333333,0.5066666666666667,-0.0649999999999999,0.0249999999999999,-0.2233333333333333,-0.165,-0.6416666666666667,0.1266666666666666,0.0643333333333333,-0.0783333333333333,0.0496666666666666,0.0566666666666666,-1.0666666666666669,0.4516666666666666,-4.495383333333333,-2.56685,-0.50265,-3.24,-1.3566666666666671,-1.4466666666666663,-1.7766666666666666,-0.1283333333333333,0.0266666666666666,0.4633333333333333,0.1983333333333333,0.208,-0.0568333333333333,-0.1528333333333333,-0.0268333333333333,-1.022166666666667,-0.409,-0.5643333333333335,-0.0748333333333333,0.3805,-0.3808333333333333,-0.0725,0.2096666666666665,-3.542383333333333,-0.7163333333333334,0.4828,0.6242833333333334,-0.5221833333333333,0.77095,-3.163833333333333,-1.281,0.53475,-3.956283333333333,0.0150999999999999,-5.526666666666666,0.2016666666666666,0.6883333333333334,0.18,1.086666666666667,-0.4583333333333332,-0.0733333333333333,-0.6000000000000001,-0.04,-1.3016666666666667,-0.0583333333333333,0.3383333333333333,0.01,-0.955,-0.015,0.4133333333333333,-0.915,0.4650000000000001,-0.2316666666666667,1.663333333333333,-0.975,0.2133333333333333,-1.846666666666667,0.1216666666666666,0
LTTRIAHFLDRHL,-0.0892181215384615,-0.4145193753846153,-0.0612330846153846,0.3733888153846153,0.2593618130769231,-0.1415384615384615,-0.1223076923076923,-0.4476923076923076,0.2184615384615384,0.1146153846153846,0.1053846153846154,0.0969230769230769,-0.1915384615384615,-0.0323076923076923,-0.0023076923076923,-0.0546153846153845,-0.1053846153846154,0.0992307692307692,0.1706153846153846,0.4129230769230769,0.1865384615384615,0.3726153846153845,0.1046153846153846,0.3519230769230769,-0.3769230769230769,0.0853846153846154,0.2123076923076922,0.0461538461538461,-0.3230769230769231,-0.323076923076923,-0.0292307692307692,-0.1861538461538461,0.4838461538461539,0.4838461538461539,-0.2238461538461538,0.5092307692307693,-0.306923076923077,-0.0498461538461538,-0.0463846153846153,-0.0795384615384615,-0.081,-0.0201538461538461,0.3515384615384616,-0.1007692307692307,0.9734692307692304,0.6059769230769231,0.1934461538461539,1.1284615384615386,0.3923076923076923,-0.6523076923076924,0.5061538461538462,0.1492307692307692,-0.0453846153846154,-0.1969230769230769,-0.0869230769230769,0.2321538461538461,0.019076923076923,0.0309230769230769,-0.0533846153846154,-0.6485384615384615,-0.2030769230769231,-0.1733076923076923,-0.2228461538461538,-0.0653076923076923,0.1695384615384615,0.2683846153846154,0.0419230769230769,-0.1501,-0.6951846153846154,1.072146153846154,-0.1605307692307692,0.3092307692307693,-0.1945846153846153,0.1190769230769231,0.1454846153846152,-0.1978230769230769,-0.5078153846153846,0.1696384615384616,-3.3969230769230774,0.2046153846153846,-0.0238461538461538,0.103076923076923,0.3138461538461538,0.1069230769230769,0.1246153846153846,0.2076923076923076,-0.3453846153846154,0.1961538461538461,0.0338461538461538,0.1553846153846154,0.1253846153846153,-0.6438461538461537,0.0876923076923077,0.2761538461538462,-0.2869230769230769,0.1246153846153846,-0.0107692307692307,-0.25,-0.0415384615384616,-0.87,0.2923076923076922,0.2499999999999999,0
LSAINP,-0.323946005,0.2454089766666666,-0.8658477000000001,0.6919069833333333,-0.5578115116666668,0.0733333333333333,-0.6366666666666666,-0.06,0.1116666666666666,-0.2083333333333333,0.0266666666666666,0.245,-0.2366666666666666,-0.0499999999999999,-0.0083333333333333,-0.3966666666666666,-0.4283333333333333,0.0683333333333333,0.17,-0.2231666666666666,-0.2613333333333332,0.6803333333333331,0.6243333333333333,-0.3491666666666666,0.1133333333333333,-0.5516666666666666,-0.0883333333333333,-0.2766666666666666,-0.1949999999999999,-0.5516666666666666,-0.2916666666666666,-0.425,0.365,-0.5950000000000001,-0.5783333333333334,0.5483333333333333,-0.5483333333333333,0.0025,0.1308333333333333,-0.0531666666666666,-0.1121666666666666,0.0688333333333333,-1.0266666666666666,-0.5366666666666667,0.5894666666666669,-3.31135,1.6482166666666669,-0.1716666666666666,-2.0083333333333333,-0.5683333333333334,0.8983333333333334,-0.5716666666666668,-0.62,0.2166666666666667,-0.3416666666666666,0.2405,0.1278333333333333,-0.0703333333333333,-0.0058333333333333,-1.0738333333333332,-0.4924999999999999,-0.4288333333333334,-0.0413333333333333,-0.1391666666666666,-0.3953333333333333,-0.0063333333333333,-0.0753333333333333,-1.74045,-1.5081666666666669,1.2540166666666666,-0.5434,0.3995,-0.3504166666666666,-1.687533333333333,0.5217666666666667,-0.2792333333333334,-2.07815,0.9103,-5.818333333333334,-0.86,0.2166666666666666,0.5233333333333333,0.715,0.2233333333333333,-0.3683333333333333,-0.4383333333333333,-0.5316666666666666,-0.0566666666666666,-0.685,0.0299999999999999,0.2733333333333333,-1.0116666666666667,-0.1783333333333333,0.5916666666666667,-0.3699999999999999,-0.0633333333333333,-0.3683333333333333,-0.6916666666666668,-0.7549999999999999,0.2383333333333333,-0.59,1.1133333333333335,0
SLVQLEQALGVSEKD,0.0197483673333333,-0.2595527613333333,-1.3802157000000002,0.5947844133333332,-1.0407377386666667,0.2633333333333333,-0.3773333333333333,-0.2906666666666667,-0.1453333333333333,-0.05,0.2393333333333333,-0.138,0.0993333333333333,0.2746666666666666,0.1519999999999999,-0.0453333333333333,-0.4426666666666667,-0.12,-0.4796666666666667,0.3365333333333333,-0.2509999999999999,0.7478666666666667,0.0338666666666666,-0.1753333333333332,-0.4453333333333333,-0.3833333333333332,-0.1606666666666666,0.224,-0.1133333333333333,-0.6006666666666667,-0.0353333333333333,-0.1633333333333332,-0.2293333333333333,0.0006666666666666,-0.4119999999999999,0.3453333333333334,-0.4033333333333334,0.0373999999999999,0.0116,-0.1630666666666666,-0.0724666666666666,0.0283999999999999,-0.6906666666666667,0.0133333333333333,-1.7645799999999998,-1.844073333333333,0.2542466666666667,-1.152,-0.8300000000000001,-1.345333333333333,0.144,-0.4619999999999999,0.5413333333333333,0.1206666666666666,0.0226666666666666,0.2344666666666666,-0.0100666666666666,-0.1123333333333333,-0.0815333333333333,-0.9879333333333332,-0.2991333333333333,-0.3207333333333333,-0.0076,-0.0165999999999999,-0.1866,0.0685333333333333,0.3548,-0.7943666666666667,-1.547993333333333,-0.2650200000000001,0.32736,-0.1320466666666666,0.2591533333333333,-1.2247666666666666,-0.71806,-0.5087533333333333,-0.7225800000000001,0.0932399999999999,-5.252000000000001,0.3326666666666666,0.1493333333333333,0.4046666666666667,0.8033333333333332,-0.1593333333333333,-0.2386666666666666,-0.302,-0.2566666666666666,-0.3486666666666667,-0.3986666666666666,0.2619999999999999,-0.2406666666666666,-0.9133333333333334,0.2206666666666666,0.4873333333333334,-0.538,0.2273333333333333,-0.1546666666666666,0.336,-0.9573333333333331,-0.5299999999999999,-1.155333333333333,0.4413333333333333,0
SVQTPSPTPENP,0.1776450233333333,0.8908402916666667,-1.0315636416666667,0.460206525,-0.9378626458333332,0.7108333333333334,-0.4633333333333333,0.0416666666666666,-0.2391666666666666,-0.3983333333333334,-0.4508333333333333,0.1125,-0.5758333333333333,0.005,0.0083333333333333,-0.0066666666666666,-0.53,0.0091666666666666,-0.6043333333333334,-0.7809166666666666,-0.5365,0.1434166666666667,1.2756666666666667,-0.32325,0.7383333333333334,-0.4358333333333333,-0.1233333333333332,0.1483333333333333,0.2808333333333333,-0.1408333333333333,-0.1983333333333333,-1.0699999999999996,0.0133333333333333,-0.3941666666666668,-0.3999999999999999,0.6200000000000001,-0.6466666666666666,0.1314166666666666,0.1353333333333333,0.0960833333333333,-0.0954999999999999,0.0360833333333333,-1.0758333333333334,0.0541666666666666,-3.612575,-2.586275,2.498525,-3.109166666666667,-1.2408333333333337,0.3741666666666667,0.6466666666666667,-0.7275000000000001,-1.4391666666666667,0.2116666666666667,0.0341666666666666,0.2090833333333333,0.0954166666666666,-0.1158333333333333,0.1030833333333333,-1.026333333333333,-0.4348333333333333,-0.4560833333333333,-0.0725,0.0275833333333333,-0.5999166666666665,0.02575,-0.346,-1.436625,-0.8918666666666665,0.1024916666666666,0.2185416666666666,0.18585,-0.1427916666666666,-0.5520916666666665,0.2389666666666666,0.6527833333333334,-1.3127916666666668,0.4932499999999999,-5.315,-1.12,0.3074999999999999,-0.1041666666666666,0.5058333333333332,-0.2925,-0.3183333333333333,-0.4583333333333334,-0.2866666666666667,-0.2666666666666666,-0.4283333333333333,-0.2016666666666666,1.1683333333333332,-0.9375,-0.4175,0.2791666666666667,-0.4958333333333333,-0.1083333333333333,-0.5025,0.4133333333333333,-0.4733333333333334,0.4475,-0.7733333333333333,0.8783333333333333,0
KKKAI,0.732714792,-0.706381994,0.5996081799999999,0.2264446599999999,1.1227358120000002,0.408,-0.434,-0.526,-0.434,0.42,0.154,0.232,0.108,0.336,-0.4019999999999999,-0.02,-0.102,0.626,-0.4859999999999999,0.6146,0.131,0.624,-0.128,0.6596,-0.662,0.126,0.0259999999999999,0.812,0.63,-1.122,0.4839999999999999,0.038,-0.1139999999999999,-0.092,-0.634,0.254,0.1859999999999999,0.0768,-0.1624,-0.1389999999999999,-0.2418,-0.0014,0.074,0.268,-3.08204,2.37584,2.8376,-1.698,1.6659999999999997,-0.5040000000000001,2.358,-0.884,1.0019999999999998,0.23,0.532,0.2392,0.0508,0.0076,-0.2968,-0.7698,-0.2132,-0.0169999999999999,-0.011,-0.4048,0.3789999999999999,0.3438,0.4232000000000001,0.2850400000000003,-1.216,-0.4303599999999999,-1.0554,1.7654,0.81286,-1.57126,0.44186,-1.3296,0.95514,-0.36092,-4.226,1.0219999999999998,-0.918,0.734,0.284,-0.418,0.1699999999999999,0.2099999999999999,-0.0639999999999999,1.0479999999999998,-0.102,1.018,-0.044,-0.764,0.7420000000000001,0.4720000000000001,0.2299999999999999,0.3019999999999999,-0.258,0.644,-0.2759999999999999,-1.7160000000000004,0.6980000000000001,0.498,0
ARLLNLSERQV,0.09959459,-0.3687054763636364,-0.7068579636363638,0.6911111636363636,-0.2502345181818182,0.1509090909090909,-0.3681818181818182,-0.5118181818181818,-0.1290909090909091,0.2572727272727272,0.2709090909090909,0.0772727272727272,-0.0027272727272727,0.0381818181818182,0.049090909090909,-0.01,-0.1881818181818181,0.059090909090909,-0.3378181818181818,0.499,0.0226363636363636,0.6738181818181818,0.1107272727272727,0.3545454545454545,-0.45,-0.0509090909090909,0.1445454545454545,0.2972727272727273,-0.52,-0.5354545454545455,0.2136363636363636,-0.3027272727272727,0.1190909090909091,0.0372727272727273,-0.41,0.4645454545454546,-0.1527272727272727,0.009,-0.0532727272727272,-0.1350909090909091,-0.121,-0.0261818181818181,0.0281818181818182,-0.0309090909090908,-1.162781818181818,0.2211454545454544,0.2528636363636363,-0.1690909090909091,0.4281818181818181,-1.0981818181818184,0.7581818181818182,-0.1009090909090909,0.4563636363636364,0.0772727272727272,-0.2054545454545454,0.2446363636363636,-0.0239999999999999,-0.0666363636363636,-0.0884545454545454,-0.8002727272727274,-0.1717272727272727,-0.2731818181818182,-0.0511818181818181,-0.0803636363636363,0.0809090909090908,0.2237272727272727,0.2836363636363636,0.2212272727272727,-2.1712636363636366,0.1606454545454545,-0.0319545454545454,-0.1446181818181818,-0.2365909090909091,0.0642636363636364,-0.8482,-0.7057363636363637,0.5986363636363637,0.6684181818181818,-4.159090909090909,0.8727272727272729,-0.0227272727272727,0.3954545454545454,0.540909090909091,-0.159090909090909,0.0672727272727272,0.0799999999999999,-0.1718181818181818,0.0963636363636363,-0.1918181818181818,0.3418181818181818,-0.1627272727272727,-0.740909090909091,0.3972727272727272,0.3618181818181817,-0.4836363636363636,0.1309090909090909,0.0854545454545454,0.1954545454545453,-0.2318181818181818,-1.07,-0.5536363636363636,0.5590909090909091,0
VEQPVFA,-0.2563233242857143,-0.2858330628571428,-0.4409519285714286,0.5269734285714286,-0.9057199457142856,-0.0499999999999999,-0.36,-0.3142857142857143,-0.1728571428571428,-0.3614285714285715,-0.1971428571428571,0.0085714285714285,0.0428571428571428,0.4314285714285714,0.1328571428571428,-0.4142857142857142,-0.3399999999999999,-0.2842857142857142,-0.5494285714285715,0.2764285714285714,-0.0834285714285714,0.4347142857142857,0.5497142857142857,-0.0778571428571428,-0.4442857142857143,-0.2871428571428571,0.0085714285714286,-0.1399999999999999,0.1371428571428571,-0.3814285714285714,-0.07,-0.2128571428571428,0.1942857142857142,-0.3357142857142857,-0.2657142857142857,0.5671428571428572,-0.4371428571428571,-0.0465714285714285,0.0292857142857142,-0.1021428571428571,-0.0651428571428571,0.0522857142857142,-0.387142857142857,-0.4728571428571428,1.1871428571428575,-1.9085,1.183657142857143,0.5528571428571428,-1.012857142857143,-0.97,0.3714285714285714,-0.7457142857142858,-0.1385714285714285,0.0614285714285714,0.0414285714285714,0.2278571428571428,0.0737142857142857,-0.0444285714285714,-0.0938571428571428,-0.8824285714285713,-0.446,-0.1195714285714285,0.0122857142857142,-0.3257142857142857,-0.273,0.0362857142857142,0.1082857142857142,-1.6328,0.0612142857142857,-0.1036714285714286,0.5092857142857142,0.2302428571428571,0.4437857142857143,-1.6537714285714284,0.8753714285714286,0.1100857142857143,-2.049871428571429,-0.2479,-4.500000000000001,-0.6357142857142856,0.1171428571428571,0.0914285714285714,0.4642857142857143,0.1814285714285714,-0.2842857142857143,-0.1357142857142857,-0.6185714285714285,-0.1957142857142857,-0.6457142857142858,-0.1328571428571428,0.3471428571428571,-0.8242857142857144,-0.1014285714285714,0.31,-0.4628571428571429,-0.2871428571428571,-0.4071428571428571,-0.8514285714285713,-0.6614285714285714,-0.1614285714285714,-0.7114285714285714,0.4357142857142856,0
TKIRKPTLDK,0.5948770809999999,-0.0236792309999999,0.28712752,0.3245453399999999,0.573801871,0.437,-0.4049999999999999,-0.384,-0.335,0.0979999999999999,-0.0129999999999999,-0.01,-0.282,-0.061,-0.334,0.175,-0.166,0.324,-0.4435,0.0376,0.0515,0.3688,0.3602999999999999,0.4769,0.0589999999999999,0.162,0.192,0.6420000000000001,0.1589999999999999,-0.63,0.376,-0.5010000000000001,0.028,0.268,-0.4879999999999999,0.349,-0.095,0.0892,-0.0766,-0.0015,-0.1956,-0.0354,0.1649999999999999,0.343,-3.32338,1.78811,2.2731900000000005,-1.985,1.363,-0.188,1.125,-0.4679999999999999,-0.183,0.371,0.544,0.2211,0.0148,-0.0498,-0.1272,-0.726,-0.2239999999999999,-0.2103,-0.0887,-0.1057999999999999,0.3109999999999999,0.1944999999999999,-0.0782999999999999,-0.2282599999999998,-1.34071,0.23286,-0.72153,0.8556600000000001,0.4803499999999999,-0.4765400000000001,-0.07191,-0.34308,0.1182,-0.02598,-3.787,0.688,-0.3789999999999999,0.355,0.178,-0.396,0.296,0.1989999999999999,-0.101,0.418,0.0449999999999999,0.4369999999999999,0.537,-0.693,0.407,0.242,-0.112,0.06,-0.133,0.6039999999999999,-0.102,-1.2640000000000002,0.022,0.381,0
VCLRVSTRTPKKP,0.1376085415384615,0.3001190030769231,-0.2287220846153846,0.4910405461538462,0.1995673592307692,0.1946153846153846,-0.5692307692307691,-0.1815384615384615,-0.2769230769230769,0.2015384615384615,-0.1946153846153846,0.1723076923076923,-0.3253846153846153,-0.0046153846153846,-0.173076923076923,-0.0815384615384615,-0.2107692307692307,0.3707692307692308,-0.544,-0.1295384615384615,-0.191,0.2226153846153846,0.5230769230769231,0.6982307692307692,0.2161538461538461,-0.0976923076923077,0.5269230769230767,0.3361538461538461,0.0592307692307692,-0.3453846153846154,0.2823076923076923,-0.7938461538461539,-0.0346153846153846,0.4599999999999999,-0.5907692307692307,0.5407692307692309,-0.1823076923076923,0.0432307692307692,0.0129230769230769,0.025076923076923,-0.156076923076923,-0.1172307692307692,-0.2499999999999999,0.073076923076923,-1.6032076923076926,0.1994230769230768,1.6558923076923078,-0.8700000000000002,0.14,0.2969230769230769,1.34,-0.0584615384615384,-0.4330769230769231,0.3315384615384615,0.3253846153846154,0.2216153846153846,0.0942307692307692,-0.0651538461538461,-0.0223076923076923,-0.8505384615384615,-0.2765384615384615,-0.214076923076923,0.0597692307692307,-0.248,-0.1758461538461538,0.2958461538461538,-0.1335384615384615,-0.0383692307692308,-1.0477923076923077,-0.4708307692307693,-0.5908769230769231,0.7471307692307694,-0.1291999999999999,-0.5958076923076923,0.0942307692307691,-0.3416307692307691,0.4905384615384616,0.8179769230769229,-4.445384615384616,0.0792307692307692,-0.3169230769230768,0.3246153846153846,0.3323076923076923,-0.2407692307692307,-0.1046153846153846,0.0207692307692307,-0.24,0.5061538461538462,-0.0861538461538461,0.0961538461538461,0.696923076923077,-0.7984615384615383,0.2238461538461538,0.3569230769230769,-0.1769230769230768,-0.1123076923076923,-0.2061538461538461,0.2746153846153846,-0.4892307692307693,-0.7853846153846155,0.1392307692307692,0.1769230769230769,0
SGLQLLSEHLDP,-0.0877177825,0.0696910416666666,-1.8911226416666669,0.4788986916666666,-1.1899834741666666,0.2175,-0.23,-0.2158333333333333,0.0116666666666666,-0.1408333333333333,0.0558333333333332,0.0091666666666666,0.0441666666666666,-0.0099999999999999,0.1066666666666666,-0.09,-0.3966666666666666,-0.1166666666666666,-0.0499166666666666,0.0289166666666666,-0.2149166666666667,0.6714166666666666,0.4226666666666667,-0.45375,-0.0641666666666666,-0.31,-0.4516666666666666,-0.0925,-0.0966666666666666,-0.6224999999999999,-0.0675,-0.3891666666666666,0.0375,0.2766666666666666,-0.3175,0.4025,-0.5058333333333334,0.03475,0.0581666666666666,-0.0854166666666666,-0.061,0.1039999999999999,-0.625,-0.0599999999999999,-0.7513749999999999,-2.002775,0.7360000000000001,-0.9258333333333334,-1.1075,-0.5675,-0.1016666666666666,-0.6625000000000001,0.0316666666666667,-0.1916666666666666,-0.3058333333333333,0.2286666666666666,0.0156666666666666,-0.05875,-0.0334166666666666,-0.9421666666666666,-0.2015,-0.2673333333333333,-0.1319166666666666,-0.0168333333333333,-0.1509166666666667,0.0760833333333333,0.1975833333333333,-0.5120333333333335,-1.3906916666666669,0.4630583333333333,0.2130083333333332,-0.20115,-0.1087666666666666,-0.3119416666666665,-0.2651833333333333,-0.2576333333333334,-0.7351333333333333,0.1284166666666666,-4.984166666666666,-0.1625,0.0783333333333333,0.2225,0.65,0.0333333333333333,-0.1833333333333333,-0.2991666666666667,-0.0825,-0.3783333333333333,-0.385,0.2108333333333333,0.065,-0.8758333333333334,0.0041666666666666,0.4316666666666666,-0.345,0.3108333333333333,-0.2433333333333333,-0.0533333333333334,-0.6241666666666666,-0.0683333333333334,-0.7266666666666666,0.6308333333333334,0
SRSHGITYS,-0.0227777299999999,0.6650966888888887,-0.6308683888888891,0.2761080666666666,0.06470373,0.2988888888888888,0.0488888888888889,0.0188888888888888,0.3455555555555555,0.1088888888888889,0.2666666666666667,0.2633333333333333,-0.3822222222222222,0.2333333333333333,0.0377777777777777,0.1766666666666666,-0.3566666666666666,0.3944444444444444,-0.152,-0.5214444444444444,-0.2721111111111111,0.204,-0.2194444444444444,0.3155555555555556,0.5122222222222222,-0.31,0.5711111111111111,0.2833333333333333,-0.1399999999999999,-0.0411111111111111,-0.6866666666666666,-0.0688888888888888,-0.3511111111111111,0.1411111111111111,-0.29,0.5366666666666667,-0.5366666666666666,0.0647777777777777,0.0998888888888888,0.0445555555555555,-0.0652222222222222,-0.1487777777777778,-0.6455555555555555,0.2655555555555555,-2.440777777777777,-1.3318777777777775,-0.1162444444444444,-1.5900000000000003,-0.8377777777777777,0.4266666666666666,0.6222222222222222,0.6833333333333333,-0.1711111111111111,0.3888888888888888,0.0444444444444444,0.2181111111111111,0.0365555555555555,0.0045555555555555,0.1712222222222222,-0.855,-0.1364444444444444,-0.3365555555555555,-0.1478888888888888,0.1362222222222222,-0.8201111111111109,0.1936666666666666,0.3217777777777778,2.450822222222222,-1.243766666666667,-0.6431222222222223,0.4927777777777778,0.5240555555555555,-0.5072555555555556,2.0552666666666672,-1.0354111111111113,-0.7466333333333334,3.948044444444444,1.6305888888888889,-4.65,-0.2166666666666666,0.2,-0.2133333333333333,0.9011111111111112,-0.2855555555555555,-0.2177777777777777,-0.3677777777777778,0.0422222222222222,0.1488888888888888,0.1122222222222222,0.0455555555555555,0.0233333333333333,-0.8322222222222222,-0.16,0.3611111111111111,-0.5,0.7155555555555554,-0.3233333333333334,1.0588888888888888,-0.4766666666666667,-0.2033333333333334,-0.1511111111111111,-0.0066666666666666,0
GSVIN,-0.44847651,0.61082167,-0.1085971,0.63629802,-0.0192345759999999,0.122,-0.4839999999999999,0.142,0.372,-0.2859999999999999,0.6,0.214,-0.0559999999999999,-0.1079999999999999,0.1579999999999999,-0.318,-0.574,0.152,-0.3034,-0.5848,-0.4649999999999999,0.6347999999999999,-0.4088,-0.0707999999999999,0.388,-0.796,0.728,-0.0199999999999999,0.0059999999999999,-0.19,-0.5119999999999999,0.602,-0.2659999999999999,-0.526,-0.5760000000000001,0.43,-0.648,0.009,0.209,-0.0394,-0.0646,-0.1102,-1.4440000000000002,-0.282,-0.0857199999999995,-4.37308,0.12454,-0.7059999999999998,-3.018,-0.226,0.418,0.3259999999999999,0.208,1.0420000000000005,-0.54,0.2346,0.1106,-0.1032,0.0195999999999999,-1.1986,-0.4578,-0.4852,0.1032,-0.0449999999999999,-0.7539999999999998,0.0065999999999999,0.3121999999999999,-1.76398,-1.37644,0.1882200000000001,0.0197199999999999,0.5710000000000001,-0.3591,-2.7375199999999995,-0.2793799999999999,-0.7307600000000001,-1.803,1.26064,-6.558,-0.484,0.37,0.572,1.206,0.0339999999999999,-0.6900000000000001,-0.788,-0.23,-0.176,-0.614,0.3399999999999999,-0.438,-1.122,-0.054,0.712,-0.632,0.326,-0.43,0.2019999999999998,-1.576,-0.14,-1.01,0.428,0
MIRMAWHSAGTYRM,-0.1413800564285714,-0.2879988442857143,0.8005572428571428,-0.0297114857142857,0.8525402485714285,-0.1628571428571428,0.0142857142857143,-0.1578571428571428,-0.0957142857142857,0.2271428571428571,0.2321428571428571,0.2835714285714286,-0.1092857142857142,0.095,0.1657142857142857,-0.1964285714285714,-0.0978571428571428,0.2364285714285714,0.1649285714285714,0.2131428571428571,0.0790714285714285,-0.0700714285714285,-0.1971428571428571,0.2377857142857143,-0.2721428571428572,-0.0042857142857143,0.1621428571428571,-0.0514285714285714,0.0314285714285714,0.3228571428571428,-0.1128571428571428,0.0757142857142857,-0.4771428571428571,0.1364285714285714,-0.2707142857142857,0.59,-0.3214285714285715,-0.0457857142857142,-0.0199285714285714,-0.0348571428571428,0.0185,-0.0300714285714285,0.1828571428571428,-0.2542857142857143,1.165957142857143,0.1117071428571428,-0.2080142857142857,1.035714285714286,-0.0428571428571429,0.1314285714285714,0.4921428571428571,0.3121428571428571,0.2514285714285714,-0.5800000000000001,0.2464285714285714,0.223,0.0344285714285714,0.0411428571428571,0.0422142857142857,-0.6712857142857143,0.0054285714285714,-0.0162857142857142,-0.0462142857142857,-0.1128571428571428,-0.3916428571428572,0.3562142857142857,0.2495,0.9611499999999996,0.1517428571428571,-0.63,-0.4512142857142857,0.1175642857142857,-0.2810071428571428,0.0656428571428574,-0.1761714285714286,-0.3672499999999999,1.2543142857142855,0.5949714285714285,-3.676428571428571,0.0178571428571429,-0.4678571428571428,0.2192857142857143,0.4642857142857143,0.1521428571428571,-0.0385714285714285,0.0321428571428571,0.0985714285714285,0.3578571428571428,0.0207142857142857,0.0085714285714285,-0.2164285714285714,-0.687857142857143,0.2564285714285715,0.4864285714285715,0.0885714285714285,0.3649999999999999,-0.0557142857142857,-0.2971428571428571,-0.0721428571428571,-0.3164285714285715,0.8849999999999998,-0.2499999999999999,0
KVARPPDFTQ,0.276098939,0.182362055,-0.50547611,0.35666598,-0.301572842,0.407,-0.277,-0.168,-0.2759999999999999,-0.1759999999999999,-0.279,0.086,-0.155,0.154,-0.187,-0.085,-0.261,0.043,-0.5518000000000001,-0.1979999999999999,-0.1208999999999999,0.1847,0.7137,0.1312,0.186,-0.0649999999999999,-0.075,0.251,0.147,-0.3510000000000001,0.1629999999999999,-0.538,0.286,-0.074,-0.273,0.45,-0.329,0.0685,0.0024999999999999,0.0227999999999999,-0.1122,0.0237,-0.2249999999999999,0.009,-2.32215,-0.0277299999999999,2.0110900000000003,-1.628,0.2069999999999999,0.071,0.5989999999999999,-0.4379999999999999,-0.6279999999999999,-0.0239999999999999,0.546,0.2068,0.0409,-0.047,-0.0724999999999999,-0.7995,-0.2251999999999999,-0.1607,-0.0389,-0.2148999999999999,-0.2503,0.1508999999999999,0.0423,-1.0003099999999998,-0.3095699999999999,-0.08169,0.18007,0.5773400000000001,0.2213999999999999,-0.85103,0.4842299999999999,0.16013,-0.70161,0.31637,-4.069,-0.251,-0.085,-0.0309999999999999,0.378,-0.2219999999999999,0.0669999999999999,-0.04,-0.173,0.1009999999999999,-0.085,0.0379999999999999,0.791,-0.751,0.005,0.177,-0.4050000000000001,-0.0799999999999999,-0.426,0.24,0.016,-0.282,-0.0829999999999999,0.581,0
WEEGMSEEET,0.488461575,-0.5401814059999999,0.90586365,0.0055526399999999,-0.242780042,0.6740000000000002,0.1829999999999999,-0.082,-0.354,-0.137,0.2319999999999999,-0.4609999999999999,-0.028,0.372,0.253,0.387,-0.413,-0.407,-0.5747,0.4694999999999999,-0.2804,0.0944,0.0353999999999999,-0.7796999999999998,-0.5820000000000001,-0.051,-0.805,0.4439999999999999,-0.592,0.376,-0.0349999999999999,0.1669999999999999,-0.851,-0.051,-0.019,0.1209999999999999,-0.363,0.1055,-0.078,-0.1394999999999999,0.1007,0.1525,-0.1589999999999999,0.547,-3.96216,-0.3999999999999999,-0.72565,-2.533,0.2700000000000001,-1.339,-1.278,-0.991,0.8180000000000002,-0.38,-0.327,0.2345,-0.0845,-0.0317,0.0803,-0.7232999999999998,-0.267,-0.2994,-0.2075,0.3463,-0.2193,0.2318,0.3336999999999999,0.2636999999999997,-0.4593899999999998,-1.0339899999999995,0.79476,-1.06818,0.7939900000000001,0.68672,-1.65207,0.35546,0.4936499999999998,-0.82481,-3.752,0.493,0.181,-0.233,0.66,-0.4599999999999999,0.063,-0.1529999999999999,0.3359999999999999,-1.0730000000000002,-0.18,0.3259999999999999,-0.2269999999999999,-0.688,0.123,0.2659999999999999,-0.44,0.693,-0.015,1.353,-0.229,0.09,-1.3490000000000002,-0.393,0
ARRAKGRKRL,0.7227374310000001,-0.328021756,0.5434234799999998,0.66586435,1.574605943,0.592,-0.185,-0.313,-0.422,0.672,0.291,0.5700000000000001,0.19,0.177,-0.29,0.07,0.0229999999999999,0.683,-0.6281000000000001,0.3207,-0.0336999999999999,0.5261,-0.0999,1.0739,-0.25,0.142,0.261,0.908,-0.603,-0.5120000000000001,0.7859999999999998,-0.028,-0.0829999999999999,0.5349999999999999,-0.441,0.208,0.305,0.1137,-0.1273999999999999,-0.0899,-0.2016,-0.0835999999999999,0.216,0.425,-4.7990200000000005,2.701,1.60413,-2.128,1.6469999999999998,0.445,1.6959999999999995,0.1429999999999999,1.16,-0.213,0.434,0.2219,0.0305,0.0113,-0.1815,-0.7017999999999999,0.1435,-0.0858,0.0474,-0.4061,-0.3528,0.6577000000000001,0.9357,1.0924299999999998,-1.84326,-1.24595,0.08282,1.13904,-0.29582,-0.6611999999999997,-0.8726900000000001,-1.44648,2.79691,1.94775,-3.747,1.605,-0.737,0.354,0.713,-0.676,0.3519999999999999,0.1389999999999999,0.6320000000000001,0.921,0.285,1.1270000000000002,0.0659999999999999,-0.682,0.826,0.304,-0.4189999999999999,0.4819999999999999,-0.249,1.691,0.1780000000000001,-1.891,0.912,0.3,0
VMMVRKTVRQMAAG,-0.1257646114285714,-0.4916097921428571,0.5454569285714285,0.4218866357142857,0.6088833035714287,-0.0585714285714285,-0.5157142857142857,-0.3728571428571429,-0.2942857142857143,0.1964285714285714,0.2828571428571428,0.2521428571428571,0.0135714285714285,0.1478571428571428,0.1892857142857142,-0.3485714285714286,-0.2357142857142857,0.2442857142857142,-0.4204285714285715,0.4539285714285714,-0.1495,0.2789285714285714,-0.1322142857142857,0.5405714285714286,-0.5850000000000001,-0.285,0.4628571428571429,0.22,0.3485714285714286,0.0399999999999999,0.1828571428571428,-0.0007142857142857,-0.5028571428571429,0.1842857142857142,-0.5785714285714286,0.5685714285714284,-0.2342857142857142,-0.0359285714285714,-0.0202142857142856,-0.1339285714285714,-0.0445,-0.0956428571428571,-0.2942857142857142,-0.35,0.2287357142857141,-0.8439142857142855,0.1557571428571428,0.5735714285714286,-0.5300000000000002,-0.6014285714285713,1.0942857142857143,0.2535714285714285,0.475,-0.3635714285714285,0.4278571428571428,0.2294285714285714,0.0563571428571428,-0.0805714285714285,-0.0776428571428571,-0.9122142857142856,-0.127,-0.0908571428571428,0.2072857142857143,-0.2830714285714285,-0.2712857142857143,0.3198571428571429,0.2606428571428571,-1.0506714285714287,-0.3655714285714285,-1.2612642857142862,-0.5959071428571429,0.3179928571428571,-0.0222142857142857,-2.7300214285714284,-0.2306785714285714,-0.5410285714285714,-0.91025,0.5111142857142857,-4.984285714285714,0.4907142857142858,-0.5471428571428569,0.7571428571428572,0.5564285714285714,2.3790493384824785e-17,-0.3492857142857143,-0.1242857142857143,-0.2035714285714285,0.4021428571428571,-0.2057142857142856,0.1907142857142856,-0.19,-0.8749999999999999,0.5792857142857143,0.6435714285714286,-0.0614285714285714,-0.025,-0.035,-0.1399999999999998,-0.9335714285714286,-0.9785714285714286,0.3457142857142857,-0.0392857142857142,0
MYAAIKRYDV,0.0517136069999999,-0.360635014,0.6914906999999998,0.19993702,0.4801168700000001,-0.1969999999999999,-0.115,-0.38,0.044,0.039,0.054,0.099,0.067,0.342,-0.031,-0.1659999999999999,-0.129,0.081,-0.1764,0.2859,0.282,0.2493,-0.2442,0.2701,-0.277,0.08,0.263,0.082,-0.098,-0.319,-0.211,0.258,-0.024,0.1469999999999999,-0.275,0.369,-0.207,-0.0414999999999999,-0.0536999999999999,-0.0480999999999999,-0.0698,-0.0384,0.289,-0.266,0.7048099999999999,0.7832800000000002,0.34694,0.842,0.5399999999999997,-0.629,0.3969999999999999,-0.013,0.19,0.23,0.387,0.2254999999999999,0.0064,0.019,-0.0745,-0.6569,-0.0927,0.0433,-0.02,-0.1924,-0.1774,-0.0006999999999999,0.2245,0.1597600000000001,-0.20179,0.0378699999999999,-0.21073,0.11638,0.39279,-0.4134999999999996,0.00119,-0.39792,0.5028200000000002,0.51228,-3.527,0.2539999999999999,-0.2269999999999999,0.2499999999999999,0.408,0.077,0.221,0.173,-0.2029999999999999,0.2359999999999999,-0.078,0.05,-0.132,-0.6609999999999999,0.3099999999999999,0.323,-0.1879999999999999,0.031,-0.09,-0.414,-0.003,-0.478,0.1069999999999999,-0.0189999999999999,0
KPQNPAIDTT,0.324032977,0.335501354,-0.22598005,0.3413210499999999,-0.1999791369999999,0.6050000000000001,-0.438,-0.051,-0.145,-0.2349999999999999,-0.195,-0.0249999999999999,-0.418,-0.0189999999999999,-0.0539999999999999,0.048,-0.4549999999999999,0.037,-0.3721,-0.4048999999999999,-0.3319,0.1852999999999999,0.6788000000000001,-0.204,0.3259999999999999,-0.312,-0.092,0.314,0.199,-0.174,0.043,-0.556,0.258,-0.52,-0.362,0.4469999999999999,-0.5169999999999999,0.1087,0.0528999999999999,0.025,-0.0875,0.0255999999999999,-0.759,0.127,-3.4977,-1.38604,1.87091,-2.559,-0.5199999999999999,-0.2149999999999999,0.563,-0.367,-0.8700000000000001,0.257,0.3259999999999999,0.2103,0.0402999999999999,-0.1174999999999999,-0.0215,-0.9518,-0.4109,-0.426,-0.075,0.0655,-0.2718,0.0204,-0.2045,-2.8175800000000004,-0.64528,0.7481099999999999,-0.0739499999999999,0.3271200000000001,0.16019,-2.29429,0.2259499999999999,0.5583199999999999,-3.2389300000000008,0.0191899999999999,-5.037999999999999,-0.4760000000000001,0.278,0.174,0.5469999999999999,-0.3089999999999999,-0.112,-0.305,-0.31,-0.132,-0.1969999999999999,0.0429999999999999,0.6769999999999999,-0.8920000000000001,-0.142,0.3359999999999999,-0.526,-0.0619999999999999,-0.32,0.5599999999999999,-0.3929999999999999,-0.063,-0.596,0.8089999999999999,0
FNSLVQLEFEQGR,0.0815553415384615,-0.2209956061538461,-0.2658488923076924,0.3221365846153846,-0.3380889715384615,0.1661538461538461,0.0199999999999999,-0.373076923076923,-0.03,-0.0115384615384615,0.2969230769230769,-0.0661538461538461,0.1015384615384615,0.1338461538461538,-0.0476923076923076,0.0069230769230769,-0.2192307692307692,-0.1884615384615384,-0.2949230769230769,0.2536923076923077,0.05,0.4141538461538461,-0.0027692307692307,-0.0123846153846153,-0.2653846153846154,0.0207692307692307,-0.0815384615384615,0.1553846153846154,-0.1699999999999999,-0.3276923076923076,0.3238461538461538,0.1638461538461538,0.1384615384615385,-0.2953846153846154,-0.0823076923076922,0.4576923076923076,-0.2823076923076923,0.0089999999999999,-0.0249999999999999,-0.0829230769230769,-0.0426153846153846,0.0309230769230769,0.0923076923076923,0.0169230769230769,-0.8133230769230766,0.0263846153846153,-0.1637307692307691,-0.4584615384615386,0.1923076923076922,-0.6084615384615384,-0.1069230769230769,-0.2476923076923076,0.4769230769230769,0.0261538461538461,-0.1323076923076923,0.2334615384615384,-0.0663076923076923,-0.0156923076923076,-0.0429230769230769,-0.7337692307692307,-0.1216923076923076,-0.0769230769230769,-0.0756153846153846,-0.0841538461538461,0.0465384615384615,0.073076923076923,0.3866923076923077,0.461053846153846,-0.8487461538461538,-0.3931846153846153,0.5991538461538461,-0.1225538461538462,0.2718923076923077,0.5332923076923077,-0.5629846153846153,-0.3945923076923077,0.9595923076923076,-0.1398846153846154,-3.7038461538461545,0.5776923076923077,0.0138461538461538,-0.0392307692307692,0.5276923076923078,-0.0838461538461537,0.0415384615384615,0.0153846153846153,0.0799999999999999,-0.2176923076923077,-0.1284615384615384,0.1599999999999999,-0.2807692307692307,-0.6815384615384616,0.2369230769230769,0.1784615384615384,-0.486153846153846,0.3461538461538461,-0.153076923076923,0.0876923076923077,-0.0653846153846153,-0.4961538461538462,-0.8723076923076921,0.2284615384615384,0
TQSIYTVDSVEVTPTTTSLNSATASTTVATPTSSVTPPTSSSSQTRSLTISDSQR,-0.0974076667272727,0.4470570401818182,-0.9283824036363636,0.6706141163636363,-0.6274542483636364,0.3130909090909091,-0.5339999999999999,0.0049090909090908,0.0103636363636363,-0.0632727272727272,0.1498181818181818,-0.0547272727272727,-0.7234545454545454,0.2534545454545454,0.0476363636363636,0.0899999999999999,-0.532,0.1874545454545454,-0.3518545454545454,-0.3207636363636363,-0.4668,0.4415272727272728,0.2848181818181819,0.159290909090909,0.2330909090909091,-0.5709090909090908,0.4552727272727273,0.2883636363636364,-0.1174545454545454,-0.2185454545454545,-0.4798181818181817,-0.7694545454545455,-0.2887272727272728,-0.1169090909090909,-0.5469090909090909,0.6158181818181819,-0.6729090909090909,0.0662181818181818,0.1137090909090909,-0.0281818181818181,-0.1019818181818181,-0.1212181818181818,-1.0816363636363635,0.0421818181818181,-2.8058381818181823,-2.8224236363636366,0.4599181818181818,-1.766727272727273,-1.392909090909091,-0.7176363636363637,0.7845454545454548,0.3265454545454546,-0.7461818181818184,0.4061818181818182,0.587090909090909,0.2233818181818181,0.0664181818181818,-0.1348545454545454,0.1560181818181818,-1.046963636363636,-0.4974181818181817,-0.5999454545454544,-0.0368727272727272,0.1937818181818182,-0.6805272727272729,0.0307272727272727,-0.1262545454545454,-0.2094436363636362,-1.4773327272727272,-0.13172,0.0279090909090909,0.4047872727272726,-0.1624654545454545,-0.2526072727272728,-0.7691109090909091,-0.1838127272727272,0.4279781818181817,1.1431563636363635,-5.663636363636362,-0.4672727272727273,0.5290909090909092,0.1805454545454545,0.8725454545454543,-0.2503636363636364,-0.3970909090909091,-0.4674545454545456,-0.6212727272727271,-0.1343636363636363,-0.1758181818181818,-0.3474545454545454,0.3416363636363635,-0.9850909090909092,-0.1996363636363636,0.4638181818181819,-0.7261818181818182,0.0441818181818182,-0.2550909090909091,0.6067272727272728,-1.0934545454545457,-0.2134545454545455,-1.0083636363636364,0.3710909090909091,0
YYFDCFSESAIRNAILGNIVSPRCEYPAGHNKVGSLQYLALAALIKPKKIKPPLPSVTKL,-0.0634208341666666,0.0891819838333333,-0.23504268,0.40682171,-0.0508411866666666,0.0315,-0.2924999999999999,-0.135,0.0116666666666666,-0.0333333333333333,-0.0173333333333333,0.1849999999999999,-0.048,0.1261666666666666,-0.0885,-0.2396666666666666,-0.2759999999999999,0.11,-0.0907833333333333,-0.0782,-0.0737999999999999,0.4496666666666666,0.25655,-0.0044666666666666,0.0416666666666666,-0.2106666666666666,0.0226666666666666,-0.0486666666666667,-0.0271666666666666,-0.5156666666666667,0.0644999999999999,-0.1388333333333333,0.1316666666666666,-0.0185,-0.3745,0.4428333333333333,-0.3321666666666666,0.0057166666666666,0.0481,-0.0295666666666666,-0.0989833333333333,0.0223666666666666,-0.4203333333333333,-0.2163333333333333,0.0791916666666666,-1.109673333333333,1.2400416666666672,-0.2093333333333333,-0.7635000000000002,-0.0518333333333333,0.6121666666666667,-0.4461666666666667,-0.0331666666666666,0.2228333333333333,-0.0278333333333333,0.2282333333333333,0.0774333333333333,-0.0122166666666666,-0.0416833333333333,-0.8706,-0.2678166666666667,-0.1281666666666666,-0.0245999999999999,-0.2359333333333333,-0.2947,0.0590333333333333,0.16065,-0.61764,-0.6310699999999999,0.2527183333333334,-0.145245,0.4808016666666666,0.0840366666666667,-1.0107733333333333,0.3845449999999999,-0.3870683333333333,-0.5443983333333334,0.503925,-4.648333333333334,-0.2943333333333333,-0.1085,0.2646666666666666,0.5678333333333333,0.0681666666666667,-0.1221666666666666,-0.1631666666666667,-0.1528333333333333,0.1336666666666666,-0.3566666666666666,0.1588333333333333,0.139,-0.8348333333333334,0.0694999999999999,0.4013333333333334,-0.2633333333333333,0.0903333333333333,-0.3600000000000001,-0.3236666666666667,-0.4713333333333332,-0.17,-0.2368333333333332,0.3943333333333333,0
KYQIKSGAQVVQIFDSWAGQ,-0.0232248644999999,0.0279403454999999,-0.7049531200000001,0.1827814499999999,-0.3984466810000001,0.1105,-0.048,-0.095,-0.1315,-0.026,0.2329999999999999,0.0119999999999999,0.0759999999999999,0.328,0.109,-0.0949999999999999,-0.3055,0.0164999999999999,-0.2887,-0.0371999999999999,-0.0421999999999999,0.3360999999999999,-0.2637,0.0684,-0.1015,-0.211,0.177,0.1344999999999999,0.173,-0.2925000000000001,-0.066,0.13,-0.27,-0.5345000000000001,-0.224,0.4975,-0.4165000000000001,0.01075,0.02725,-0.0457,-0.063,-0.0281,-0.3634999999999998,-0.0119999999999999,-0.7759849999999996,-0.96118,0.4921999999999998,-0.6330000000000002,-0.5100000000000001,-0.2825,0.3279999999999999,0.0004999999999999,0.4705,0.3555000000000001,0.38,0.21555,-0.0042499999999999,-0.04195,-0.07365,-0.83675,-0.2032999999999999,-0.16615,-0.03555,-0.10545,-0.4146500000000001,0.09795,0.4596999999999999,0.0680899999999999,-0.538755,-0.413165,0.4757349999999999,0.42026,0.20255,-0.5976949999999998,-0.08213,-0.56494,0.3330200000000001,0.1689150000000001,-4.4045,-0.0595,0.057,0.1099999999999999,0.767,-0.0539999999999999,-0.1149999999999999,-0.2105,-0.0985,0.0935,-0.2464999999999999,0.0924999999999999,-0.3065,-0.8024999999999999,0.0755,0.388,-0.4334999999999999,0.3705,-0.3285,0.0419999999999999,-0.5305,-0.4505,-0.445,0.1995,0
GFVLPCAIDYQTVIACAKRSDR,-0.1770116781818181,-0.0073069522727272,-0.3131079954545455,0.3908709999999999,-0.1083272577272727,-0.0527272727272727,-0.4018181818181818,0.0054545454545454,0.0645454545454545,0.0759090909090909,0.0013636363636363,0.0095454545454545,0.0254545454545454,0.2172727272727272,-0.0472727272727272,-0.2363636363636363,-0.3104545454545455,0.0731818181818181,-0.1220454545454545,0.0225909090909091,-0.1909545454545454,0.2643636363636363,-0.0224090909090909,0.1825454545454545,-0.0849999999999999,-0.3172727272727273,0.2390909090909091,-0.0018181818181817,-0.2977272727272728,-0.1459090909090909,0.0327272727272727,-0.0899999999999999,0.2009090909090909,0.0540909090909091,-0.4040909090909091,0.3690909090909091,-0.3445454545454545,-0.0105909090909091,0.0443636363636363,-0.0517272727272727,-0.0406363636363636,-0.0558636363636363,-0.5386363636363636,-0.1631818181818181,0.0802954545454548,-1.3185454545454545,0.0579863636363636,0.1822727272727271,-0.9277272727272726,-0.4022727272727271,0.2745454545454545,0.2295454545454545,-0.0009090909090909,0.2090909090909091,0.3004545454545455,0.2215454545454545,0.0557272727272727,-0.057,-0.0327272727272727,-0.9080000000000004,-0.3001818181818182,-0.1957272727272727,0.0743181818181818,-0.1861818181818182,-0.4219090909090907,0.138590909090909,0.1736363636363636,-1.2003818181818178,-0.3588499999999999,-0.1409863636363636,-0.1139136363636363,0.3231181818181819,0.031790909090909,-1.8709,0.0077999999999999,-0.2945636363636364,-1.0360318181818184,0.7844727272727273,-4.892727272727273,-0.1300000000000001,0.0286363636363636,0.3272727272727272,0.7318181818181817,1.0092936587501425e-17,-0.2054545454545454,-0.2013636363636363,-0.2950000000000001,0.0295454545454545,-0.1272727272727273,-0.0304545454545454,0.0790909090909091,-0.8704545454545456,0.1095454545454545,0.4731818181818182,-0.4227272727272728,0.0854545454545454,-0.2436363636363636,0.044090909090909,-0.6704545454545454,-0.0927272727272727,-0.3336363636363635,0.0840909090909091,0
ISQYSGKIKHWNRFRDEV,0.2978427505555555,0.0653855966666666,-0.0165424222222222,-0.0507486777777778,0.1607212666666666,0.2661111111111111,0.1899999999999999,-0.2605555555555556,0.02,0.0777777777777777,0.1961111111111111,-0.0022222222222222,0.0111111111111111,0.0766666666666666,-0.0683333333333333,0.1994444444444444,-0.1233333333333333,0.1044444444444444,-0.3942777777777778,-0.0104999999999999,0.1751111111111111,0.0450555555555555,-0.2307777777777777,0.2876666666666667,0.0833333333333333,0.2361111111111111,0.2327777777777778,0.3605555555555556,-0.0833333333333333,-0.1355555555555555,-0.2083333333333333,0.2094444444444444,-0.0705555555555555,-0.1227777777777778,-0.1016666666666666,0.3922222222222222,-0.2411111111111111,0.0360555555555555,-0.0561111111111111,0.0218888888888888,-0.0594444444444444,-0.0497777777777777,0.4038888888888889,0.3138888888888889,-1.6085111111111112,1.645777777777778,0.2345611111111111,-0.8522222222222224,1.1672222222222224,-0.0344444444444444,0.2233333333333333,0.1072222222222222,0.2494444444444444,0.3744444444444444,-0.065,0.2218333333333333,-0.0583333333333333,0.0345555555555555,-0.0391666666666666,-0.5848888888888888,-0.0489444444444444,-0.1088333333333333,-0.1975,0.0256666666666666,-0.0118888888888889,0.2492222222222222,0.2902777777777777,1.9415888888888888,-0.8559944444444444,-0.148922222222222,0.2531833333333333,0.2144166666666666,0.0355555555555555,2.033905555555556,-0.5297222222222222,-0.4615333333333333,2.7391722222222223,0.1885166666666666,-2.9216666666666664,0.445,-0.0977777777777777,-0.2194444444444444,0.3961111111111111,-0.2555555555555555,0.2811111111111111,0.185,0.1555555555555555,0.1538888888888888,0.1727777777777777,0.285,-0.0577777777777777,-0.5705555555555555,0.1272222222222222,0.1505555555555555,-0.25,0.5755555555555555,-0.0994444444444444,0.6288888888888889,0.4477777777777777,-0.5844444444444444,0.0422222222222221,0.0511111111111111,0
FGPQAVAADGALDRAWMRDLVFREP,-0.05114433,-0.2064017016,-0.387013184,0.4811085919999999,-0.2241023324,0.13,-0.1984,0.0108,-0.1648,-0.1268,0.078,0.1123999999999999,0.1531999999999999,0.2236,-0.0176,-0.2928,-0.2812,-0.0592,-0.24156,0.0946,-0.1444799999999999,0.4368399999999999,0.2025999999999999,-0.1755599999999999,-0.2143999999999999,-0.2612,-0.3215999999999999,-0.0407999999999999,-0.3831999999999999,-0.298,0.0888,0.0056,0.0652,0.094,-0.2632,0.2808,-0.3588,0.0135599999999999,0.02332,-0.08804,-0.04144,0.08224,-0.4283999999999999,-0.2519999999999999,-0.4954519999999997,-1.3215880000000002,0.8026519999999999,-0.3692000000000001,-0.8408000000000001,-0.3908,-0.0779999999999999,-0.3604,0.2204,-0.3295999999999999,0.3419999999999999,0.21656,0.05796,-0.02628,-0.0816,-0.86124,-0.1957999999999999,-0.16352,0.0015199999999999,-0.242,-0.54664,0.2086,0.46264,-1.441384,-0.209716,-0.017672,0.306332,0.284404,0.06688,-1.9398279999999997,0.2259919999999999,-0.216336,-1.458544,0.7777,-4.566,-0.2031999999999999,-0.0304,0.1951999999999999,0.7896000000000001,0.0232,-0.0408,-0.2288,-0.0251999999999999,-0.1632,-0.2404,0.2115999999999999,0.1036,-0.828,0.1028,0.3972,-0.5112,0.108,-0.4308,-0.002,-0.3364,-0.0696,-0.1363999999999999,0.3888,0
YQFGSSVKVERVPYVKTFEDVN,0.0901411199999999,0.1277878795454546,-0.0085105136363636,0.3016444636363636,-0.2462219231818181,0.1286363636363637,-0.0768181818181818,-0.2818181818181818,0.029090909090909,-0.1690909090909091,0.0931818181818181,-0.0345454545454545,-0.0872727272727273,0.2372727272727272,-0.0754545454545454,-0.0031818181818181,-0.2745454545454545,-0.0309090909090909,-0.6831818181818183,-0.0686363636363636,0.0292272727272727,0.2937727272727273,-0.0114545454545454,0.1999545454545455,0.0877272727272727,-0.0245454545454545,0.3313636363636364,0.2231818181818181,0.1145454545454545,-0.4140909090909091,-0.1827272727272727,0.1077272727272727,-0.0909090909090908,0.085,-0.2122727272727273,0.4245454545454544,-0.3609090909090909,0.0160454545454545,0.008590909090909,-0.0064090909090909,-0.0844090909090908,-0.0572727272727272,-0.0536363636363636,0.0090909090909091,-0.9515772727272728,-0.0630090909090907,0.4873045454545453,-0.6395454545454545,0.0986363636363635,-0.34,0.1981818181818182,-0.1704545454545455,-0.0127272727272727,0.5740909090909092,0.11,0.2242272727272727,-6.308085367188389e-18,-0.0165454545454545,-0.0133181818181818,-0.7504090909090909,-0.2134545454545454,-0.0938636363636363,-0.0469090909090909,-0.0988181818181818,-0.2000909090909091,-0.0089545454545454,0.1662272727272727,0.5023363636363638,-0.4811499999999999,-0.3393181818181818,0.3995863636363636,0.2375136363636364,0.3755136363636364,0.4655909090909091,-0.1553227272727273,-0.2554681818181818,1.060340909090909,0.2217227272727272,-3.820909090909092,0.0522727272727272,0.0640909090909091,-0.0799999999999999,0.4809090909090909,-0.1304545454545454,0.0149999999999999,-0.0077272727272727,-0.1604545454545454,-0.055,-0.1309090909090909,0.0413636363636363,0.0781818181818181,-0.7086363636363636,0.0745454545454545,0.1781818181818182,-0.4509090909090909,0.1054545454545454,-0.2713636363636363,0.1159090909090909,-0.2136363636363636,-0.3868181818181819,-0.614090909090909,0.0568181818181818,0
LSPILTRLMNFFVFSRGLTP,-0.3419394185,0.0956889685,0.0372885099999998,0.5129120649999999,0.0847411775,-0.2925,-0.3154999999999999,-0.2445,-0.0075,-0.1199999999999999,0.163,0.197,-0.2115,-0.0965,-0.2224999999999999,-0.3684999999999999,-0.1459999999999999,0.0565,0.2039499999999999,-0.0626999999999999,0.11885,0.50755,0.4001,0.1548999999999999,0.082,-0.073,0.21,-0.28,-0.078,-0.5024999999999998,0.229,-0.2724999999999999,0.209,0.0745,-0.376,0.6445000000000001,-0.36,-0.0613,0.06445,-0.01065,-0.1191,0.0134999999999999,0.001,-0.5280000000000001,2.26161,-0.919685,1.148535,1.1555000000000004,-0.7545,0.0464999999999999,0.5345,-0.325,-0.3525,0.016,0.145,0.2333,0.0813,0.0141,0.0050499999999999,-0.7864,-0.2377,-0.06375,-0.0211,-0.3136999999999999,-0.05795,0.0359999999999999,-0.00665,0.2990349999999998,-0.64147,0.302855,-0.4876500000000001,0.60208,0.02236,0.0738100000000001,0.54235,-0.4888399999999999,0.50138,0.5738,-4.103,-0.2164999999999999,-0.241,0.2719999999999999,0.339,0.3665,-0.0595,0.006,-0.236,0.181,-0.355,-0.1415,0.186,-0.7529999999999999,0.1339999999999999,0.313,-0.144,-0.0755,-0.3259999999999999,-1.2005,-0.3685,-0.3709999999999999,-0.1649999999999999,0.3095,0
LRLQLLTLAMTSAPTGWG,-0.3316944155555555,-0.0848116083333332,-0.2604422333333334,0.6766631888888889,0.0695077238888888,-0.1855555555555555,-0.3855555555555556,-0.0038888888888889,-0.2622222222222222,0.0383333333333333,0.2694444444444444,0.2216666666666666,-0.2472222222222222,0.0244444444444444,0.1,-0.3644444444444444,-0.2861111111111111,0.1149999999999999,0.2570555555555556,0.0354999999999999,-0.1372222222222222,0.7318333333333332,0.2174444444444444,-0.0641111111111111,-0.1722222222222223,-0.3877777777777778,-0.0366666666666666,-0.2294444444444444,-0.211111111111111,-0.5077777777777778,0.4283333333333334,-0.4183333333333333,-0.3294444444444444,0.1633333333333333,-0.4649999999999999,0.5877777777777777,-0.4388888888888889,-0.029,0.0875,-0.0925,-0.1061111111111111,0.0482222222222222,-0.5827777777777778,-0.4255555555555555,1.0791777777777776,-2.398172222222222,1.190022222222222,0.4727777777777778,-1.6622222222222225,-0.0911111111111111,0.5194444444444444,-0.4072222222222221,0.2988888888888889,-0.1788888888888889,0.3622222222222221,0.2265,0.1198333333333333,-0.0507777777777777,-0.0124444444444444,-0.9476666666666668,-0.306611111111111,-0.2465,0.0063333333333333,-0.2255,-0.5043888888888889,0.1213888888888889,0.2641666666666666,-1.4985555555555554,-0.7206444444444445,0.3881888888888888,-0.2629222222222222,0.4908555555555555,-0.11645,-2.325622222222222,0.3568666666666666,-0.4966444444444444,-2.1268444444444445,0.6803222222222222,-5.162222222222222,-0.356111111111111,-0.0688888888888888,0.5627777777777777,0.7888888888888889,0.295,-0.2438888888888888,-0.3188888888888889,-0.1466666666666666,0.1216666666666666,-0.5705555555555556,0.0649999999999999,-0.1672222222222222,-0.9161111111111112,0.1533333333333333,0.576111111111111,-0.3633333333333333,-0.04,-0.3661111111111111,-0.8766666666666667,-1.1044444444444443,-0.5433333333333334,-0.2533333333333333,0.3016666666666667,0
EKIFFFKDWFFWWKLPGSPA,-0.099946447,-0.0690938675,0.20493007,-0.177857035,-0.06176295,-0.2865000000000001,0.373,0.0504999999999999,-0.2635,-0.218,0.045,-0.008,0.0124999999999999,0.1375,-0.3725,-0.261,0.0435,-0.1244999999999999,0.1688,-0.0378499999999999,0.47185,0.1203499999999999,0.21525,-0.22765,0.051,0.4049999999999999,-0.4815,-0.408,-0.0179999999999999,-0.5445,0.192,0.0595,0.0395,-0.164,0.0634999999999999,0.4789999999999999,-0.3145,-0.05645,-0.0216,0.05065,-0.0671,0.1633499999999999,0.7585000000000002,-0.3164999999999999,2.71306,1.2774750000000004,1.6002949999999998,1.1719999999999997,0.615,0.6155000000000002,-0.2745000000000001,-0.9615,0.047,-0.1599999999999999,0.4369999999999999,0.2176499999999999,0.0401,0.15445,-0.04755,-0.4516,-0.1397499999999999,0.18685,-0.24625,-0.3452,-0.04255,0.15195,0.2633999999999999,2.08927,0.8533950000000001,0.38562,-0.01926,0.8766049999999999,0.5173549999999999,2.274965,1.39328,-0.3347799999999999,2.25334,-0.4046850000000002,-2.091,-0.6844999999999999,-0.352,-0.4115,0.1675,0.4305000000000001,0.4245000000000001,0.3285000000000001,0.1324999999999999,0.1625,-0.166,-0.129,0.1039999999999999,-0.4775,-0.1109999999999999,0.0324999999999999,0.051,0.2649999999999999,-0.5875,-1.3515,0.7720000000000002,0.2004999999999999,0.4739999999999998,0.0125,0
RALEICRRAAEVADHRLNT,0.149595957368421,-0.5066496415789473,0.1015238052631578,0.5485070947368421,0.3018923594736841,0.2526315789473684,-0.3473684210526316,-0.2421052631578947,0.041578947368421,0.3005263157894737,0.0999999999999999,0.07,0.0031578947368421,0.1968421052631578,0.0605263157894736,-0.0084210526315789,-0.2473684210526315,0.1247368421052631,-0.305578947368421,0.5030526315789473,-0.1849999999999999,0.3427368421052631,0.0031578947368421,0.3142105263157896,-0.5326315789473683,-0.181578947368421,0.0742105263157894,0.3605263157894737,-0.748421052631579,-0.0636842105263157,0.0673684210526315,-0.091578947368421,0.3010526315789474,0.2199999999999999,-0.3610526315789474,0.2705263157894736,-0.1721052631578947,0.0270526315789473,-0.0578947368421052,-0.1425263157894737,-0.0398421052631579,-0.0362105263157894,-0.2415789473684209,0.0994736842105263,-1.8607052631578949,-0.0601421052631578,-0.2963315789473684,-0.3852631578947368,0.1226315789473682,-1.0505263157894735,0.528421052631579,0.2294736842105262,0.3852631578947369,-0.171578947368421,-0.1131578947368421,0.2351578947368421,0.0151578947368421,-0.0484736842105263,-0.0602105263157894,-0.8225789473684211,-0.2505263157894736,-0.3183157894736842,-0.0412105263157894,-0.0448421052631578,-0.2462631578947368,0.3791578947368421,0.3097368421052632,-1.160642105263158,-1.1133894736842107,0.105678947368421,0.0702526315789473,-0.0139263157894736,-0.2378894736842104,-1.4928631578947364,-0.6944789473684211,-0.2756421052631578,-0.9711105263157896,0.8818947368421051,-4.42421052631579,0.56,0.0731578947368421,0.2905263157894737,0.7194736842105262,-0.2957894736842105,-0.0273684210526316,-0.0426315789473684,-0.1889473684210526,0.0073684210526315,0.0410526315789473,0.3952631578947368,0.0342105263157894,-0.7894736842105263,0.251578947368421,0.4289473684210526,-0.5810526315789474,0.2010526315789473,0.0110526315789473,0.9110526315789472,-0.2673684210526316,-0.6415789473684211,-0.1473684210526316,0.2810526315789474,0
FYDPDISISLGTLAVLCQLN,-0.3638998605,0.1096734964999999,-0.7764001650000001,0.4465891849999999,-0.623339549,-0.2075,-0.3905,-0.081,0.172,-0.1505,0.1215,-0.08,-0.0574999999999999,0.0145,-0.0325,-0.2699999999999999,-0.3535,-0.1084999999999999,0.15885,-0.0720499999999999,-0.0753999999999999,0.5158,0.0893,-0.2016499999999999,0.03,-0.3275,0.076,-0.2779999999999999,-0.215,-0.438,-0.0709999999999999,-0.1264999999999999,0.2415,-0.0615,-0.385,0.4509999999999999,-0.5115000000000001,-0.03875,0.08945,-0.0466999999999999,-0.0558,0.0101999999999999,-0.5365,-0.3645,1.4663150000000005,-2.1357100000000004,0.195195,0.6475,-1.4010000000000002,-0.6290000000000001,-0.0879999999999999,-0.1244999999999999,-0.2175,0.3424999999999999,0.0474999999999999,0.2299499999999999,0.0425,-0.0607499999999999,-0.01075,-0.9275,-0.347,-0.2293,-0.0092,-0.09665,-0.1917,-0.0917,0.0005999999999999,-1.19486,-0.7615749999999999,0.726165,-0.2550449999999999,0.0546849999999999,0.08302,-1.26284,0.135425,-0.2348850000000001,-1.50951,0.37305,-4.9635,-0.3535,0.19,0.3775,0.651,0.2645,-0.198,-0.2319999999999999,-0.3995,-0.228,-0.369,-0.172,-0.071,-0.8790000000000001,0.001,0.4630000000000001,-0.3824999999999999,0.023,-0.2219999999999999,-0.7245000000000001,-0.752,0.088,-0.8280000000000001,0.3375,0
ESEGTVGPLLKGQPRALGGTA,-0.0188481252380952,0.23465432,-0.0704324523809525,0.7913822333333334,0.2020959666666666,0.3919047619047618,-0.3409523809523809,0.1957142857142856,-0.2066666666666666,-0.1419047619047619,0.23,0.3442857142857143,0.0252380952380952,0.1742857142857143,0.0809523809523809,-0.3033333333333333,-0.4957142857142857,0.1433333333333333,-0.2814285714285714,-0.3447619047619047,-0.5500952380952381,0.7924285714285714,0.2133333333333333,-0.2743333333333332,0.1085714285714285,-0.6799999999999999,-0.1666666666666666,0.1023809523809523,-0.1352380952380952,-0.4642857142857142,0.4852380952380953,0.0452380952380952,-0.4085714285714285,0.1585714285714285,-0.4285714285714285,0.2995238095238094,-0.4195238095238094,0.0817619047619047,0.1394285714285714,-0.0895238095238095,-0.0953333333333333,0.0637142857142857,-1.3485714285714283,-0.0776190476190476,-2.3245,-3.5529761904761905,1.659038095238095,-2.120000000000001,-2.4857142857142858,0.3785714285714285,0.2923809523809523,-0.6495238095238095,0.6571428571428573,0.0257142857142857,0.0971428571428571,0.2149523809523809,0.1432380952380952,-0.077,-0.0424285714285714,-1.141952380952381,-0.298047619047619,-0.2822380952380953,0.1028571428571428,-0.2833809523809523,-0.9615714285714284,0.1383809523809523,0.6648095238095239,-2.7741285714285717,-0.5965904761904762,-0.5012952380952381,0.610847619047619,0.7132571428571428,0.0947714285714285,-4.076519047619048,0.0787095238095237,-0.4981095238095238,-2.974919047619048,1.0257523809523807,-6.252380952380952,-0.3233333333333333,-0.0114285714285714,0.4514285714285714,1.1966666666666663,-0.1299999999999999,-0.4633333333333332,-0.751904761904762,0.2747619047619047,-0.1538095238095238,-0.64,0.6057142857142856,-0.0452380952380952,-1.0790476190476193,0.1438095238095238,0.5847619047619047,-0.670952380952381,0.2285714285714286,-0.7204761904761906,0.4595238095238095,-1.521904761904762,-0.3842857142857142,-0.678095238095238,0.3509523809523809,0
GAYGVLFVHLDGARDEIDRALDYIQRQQVAVEVI,-0.0825241397058823,-0.2350139735294117,-0.2808201029411765,0.4723492382352942,-0.2687995682352941,0.0261764705882353,-0.2141176470588235,-0.2435294117647058,0.0623529411764705,-0.1476470588235294,0.1697058823529411,-0.0135294117647058,0.2076470588235294,0.23,0.1408823529411764,-0.1747058823529411,-0.3144117647058824,-0.1179411764705882,-0.3193235294117648,0.1958529411764705,-0.033735294117647,0.5077941176470588,-0.1570294117647058,0.0202058823529412,-0.2958823529411765,-0.238235294117647,0.1770588235294117,0.0897058823529411,-0.3076470588235294,-0.2991176470588235,-0.1270588235294117,0.2729411764705882,0.0755882352941176,0.0226470588235293,-0.2676470588235294,0.3067647058823529,-0.3564705882352941,-0.015235294117647,0.0127058823529411,-0.1017058823529411,-0.0546470588235294,-0.0102647058823529,-0.3052941176470587,-0.1352941176470588,-0.1168352941176468,-1.116067647058823,0.1785735294117647,0.0314705882352942,-0.6705882352941178,-0.9188235294117648,-0.0944117647058824,-0.0708823529411765,0.4276470588235294,0.3126470588235294,0.0070588235294117,0.2234117647058823,0.0110882352941176,-0.0502941176470588,-0.1155,-0.8504411764705883,-0.2484117647058824,-0.1988529411764706,-0.0234705882352941,-0.127235294117647,-0.2795588235294118,0.0803823529411764,0.3834411764705883,-1.4102,-0.7092117647058823,0.2340558823529411,0.4428029411764707,0.0202794117647059,0.2176735294117647,-1.7769147058823531,-0.1641176470588235,-0.3061264705882353,-1.637179411764706,0.3878470588235294,-4.495294117647059,0.1597058823529411,0.15,0.2629411764705882,0.7394117647058823,-0.0073529411764705,-0.0614705882352941,-0.1667647058823529,-0.2273529411764706,-0.2102941176470588,-0.3085294117647058,0.263235294117647,-0.1585294117647059,-0.8088235294117647,0.1517647058823529,0.3947058823529412,-0.5676470588235294,0.1411764705882353,-0.205,0.0226470588235295,-0.6394117647058823,-0.5576470588235294,-0.6294117647058824,0.2282352941176471,0
PYKIPHMGWNELKKEGEIALWNGVEDGSFVYY,0.092292845625,0.052645780625,0.50807259375,0.0763533468749999,0.1842512215625,0.1109375,0.1409375,-0.0703125,-0.0415624999999999,-0.1896875,0.1115625,0.0762499999999999,0.0803125,0.079375,0.0174999999999999,-0.0974999999999999,-0.2346875,-0.0678125,-0.23353125,-0.1324374999999999,0.06871875,0.2605,-0.0218437499999999,-0.2980312499999999,0.0921874999999999,0.0059374999999999,-0.1843749999999999,-0.031875,0.0053125,-0.305,0.0315625,0.3565624999999999,-0.24,0.0181249999999999,-0.103125,0.3240625,-0.353125,0.01571875,0.02,-0.00040625,-0.037625,0.0793437499999999,-0.0393749999999999,-0.0278124999999999,-0.0890781249999997,-0.3019406249999999,0.915496875,-0.4990624999999999,-0.2959375000000001,0.2118749999999999,-0.255625,-0.6840625000000001,0.394375,0.2615624999999999,-0.2428125,0.22165625,0.02884375,0.03928125,-0.04046875,-0.71484375,-0.15240625,-0.0237812499999999,-0.13159375,-0.12515625,-0.28028125,0.06096875,0.32775,-0.2506281249999998,0.0079000000000001,0.2145625,0.311296875,0.1262343749999999,0.3331625,-0.3429281249999998,0.27291875,-0.1401843749999999,-0.4749468749999999,-0.108859375,-3.7153125,-0.2415624999999999,-0.0987499999999999,-0.0390624999999999,0.5396875000000001,0.0459375,0.0846875,-0.08625,0.2437499999999999,-0.136875,-0.3221874999999999,0.3312499999999999,-0.1321875,-0.6990625,0.041875,0.27125,-0.2381249999999999,0.3325,-0.3721875,-0.17375,-0.1149999999999999,-0.0703125,-0.228125,0.0440625,0
DLYRAKAFRVDPVPSAADTYFCYIAYDIDLFEEGSLAN,-0.0461955636842105,-0.0712751789473684,-0.2173458947368421,0.3796909605263157,-0.3074264031578949,0.0113157894736842,-0.1497368421052631,-0.0718421052631578,0.1497368421052631,-0.1523684210526315,0.0202631578947368,-0.0468421052631579,0.0044736842105263,0.2842105263157894,-0.1263157894736842,-0.1468421052631578,-0.3052631578947369,-0.1044736842105263,-0.1263947368421052,0.0117368421052631,-0.0256052631578947,0.3891842105263158,0.0668421052631578,-0.2055,-0.045,-0.1763157894736842,-0.1589473684210526,-0.0628947368421052,-0.3926315789473685,-0.4097368421052632,-0.1597368421052631,0.0763157894736842,0.278157894736842,0.0834210526315789,-0.2118421052631578,0.2721052631578947,-0.4097368421052631,0.0036052631578947,0.0273157894736842,-0.0493947368421052,-0.0428157894736842,0.0411052631578947,-0.3163157894736841,-0.1952631578947368,-0.2057894736842101,-0.9915842105263156,0.2688394736842104,-0.1526315789473684,-0.5665789473684213,-0.6205263157894737,-0.2421052631578947,-0.2286842105263158,-0.1063157894736842,0.1389473684210526,0.2552631578947368,0.2230526315789474,0.0239736842105263,-0.0117105263157894,-0.0133947368421052,-0.8083947368421054,-0.2506315789473684,-0.1402631578947368,-0.0569210526315789,-0.104578947368421,-0.3821842105263158,-0.0452631578947368,0.2222368421052631,-0.795444736842105,-0.2552421052631578,0.3981447368421054,0.2367815789473684,0.0905894736842105,0.3045894736842105,-0.7791184210526313,0.0291763157894736,-0.1142842105263158,-0.5962447368421051,0.60505,-4.298421052631579,-0.2363157894736841,0.1852631578947368,0.056578947368421,0.6818421052631578,0.0413157894736842,0.0431578947368421,-0.1321052631578947,-0.2081578947368421,-0.2655263157894737,-0.1371052631578947,-0.0355263157894737,0.0602631578947368,-0.7826315789473686,-0.0047368421052631,0.2965789473684211,-0.5336842105263159,0.0910526315789473,-0.3260526315789473,-0.0942105263157894,-0.2055263157894736,0.1968421052631578,-0.5826315789473684,0.2578947368421052,0
IRNAFMEFMETRNSKSKYVEAFNTVQSNGATSAISTF,0.0341351264864864,-0.1066082878378378,0.3356979108108107,0.3414265621621621,0.1796798386486487,0.1967567567567567,-0.1791891891891891,-0.1694594594594594,0.1086486486486486,0.0429729729729729,0.3262162162162161,0.024054054054054,-0.2848648648648649,0.2251351351351352,-0.0981081081081081,1.50030138462859e-17,-0.3243243243243243,0.0932432432432432,-0.2351891891891891,0.078027027027027,-0.1469459459459459,0.291027027027027,-0.0867297297297297,0.0782972972972973,-0.1456756756756756,-0.2191891891891891,0.1283783783783784,0.2240540540540541,-0.0729729729729729,-0.162972972972973,-0.1118918918918918,0.0781081081081081,-0.0118918918918918,-0.3067567567567567,-0.2875675675675676,0.4756756756756757,-0.4181081081081081,0.0267027027027027,0.0158648648648648,-0.0699189189189189,-0.0388648648648648,-0.0369729729729729,-0.3845945945945945,-0.054054054054054,-1.4470513513513512,-0.9282189189189188,-0.2078972972972973,-0.7470270270270273,-0.3827027027027027,-0.6297297297297297,0.4835135135135134,0.1427027027027027,0.0027027027027027,0.0386486486486486,0.2121621621621622,0.2345945945945945,0.0043513513513513,-0.0297837837837837,0.0657837837837837,-0.844,-0.2651891891891892,-0.2405945945945945,-0.0371621621621621,0.0204324324324324,-0.3194054054054054,0.0781081081081081,0.1936486486486486,0.1603972972972972,-0.6117054054054054,-0.3490378378378378,0.0427513513513513,0.3086459459459459,0.1121216216216216,-0.1325891891891891,-0.542,-0.3423054054054054,0.8881405405405406,0.5163216216216214,-4.534594594594594,0.111081081081081,0.1113513513513514,0.1043243243243243,0.6929729729729728,-0.1427027027027027,-0.1575675675675675,-0.1775675675675675,-0.1859459459459459,-0.0397297297297297,-0.0099999999999999,-0.0108108108108108,-0.1562162162162162,-0.8121621621621622,0.1005405405405405,0.352972972972973,-0.4797297297297297,0.2659459459459459,-0.2018918918918918,0.3994594594594594,-0.3202702702702703,-0.1743243243243243,-0.528918918918919,0.2099999999999999,0
ACEGAILVVD,-0.54335285,-0.372762879,-0.36385267,0.7162580700000001,-0.518127037,-0.217,-0.6990000000000001,0.1099999999999999,0.136,-0.1279999999999999,0.1389999999999999,-0.084,0.243,0.307,0.2229999999999999,-0.525,-0.53,-0.139,-0.1381,0.3142,-0.4468,0.6651,-0.1741,-0.2547,-0.5660000000000001,-0.78,0.0719999999999999,-0.244,-0.479,-0.235,-0.105,0.2229999999999999,0.049,0.163,-0.573,0.212,-0.483,-0.0542,0.1028,-0.196,0.0025999999999999,0.0053999999999999,-1.276,-0.4649999999999998,1.5878100000000006,-4.10061,-0.3933700000000001,0.943,-2.786,-1.3989999999999998,-0.157,-0.14,0.5319999999999998,0.222,-0.096,0.2352999999999999,0.1246999999999999,-0.1146,-0.0861999999999999,-1.1637,-0.562,-0.3426,0.1741999999999999,-0.2239999999999999,-0.6113999999999999,0.0892999999999999,0.2884,-3.79187,-0.28135,0.21308,-0.07491,0.09272,0.17871,-4.939730000000001,0.2118999999999999,-0.2494499999999999,-4.740200000000001,0.5903099999999999,-6.423,-0.4639999999999998,0.263,0.7699999999999999,1.1,0.21,-0.626,-0.5780000000000001,-0.584,-0.4370000000000001,-0.6439999999999999,0.15,-0.2719999999999999,-1.105,0.08,0.789,-0.586,-0.0739999999999999,-0.3,-0.2889999999999999,-1.749,0.0849999999999999,-0.968,0.1129999999999999,0
IETDFPPVFDRFY,0.000487113076923,0.1398625692307692,0.3831870461538462,0.1070613923076923,-0.2763109138461539,-0.0807692307692307,0.0584615384615384,-0.2192307692307692,0.1007692307692307,-0.4930769230769231,-0.2069230769230769,-0.1638461538461539,-0.0607692307692307,0.1223076923076923,-0.3553846153846154,-0.1276923076923077,-0.1346153846153846,-0.31,-0.1352307692307693,-0.1958461538461538,0.296,0.0633076923076923,0.4954615384615384,-0.1560769230769231,0.2761538461538462,0.2469230769230769,-0.0723076923076922,-0.1715384615384615,-0.1976923076923076,-0.2630769230769231,-0.1107692307692307,0.0061538461538462,0.5846153846153846,-0.0061538461538461,0.0107692307692307,0.3861538461538462,-0.3892307692307692,-0.0263846153846153,0.0034615384615384,0.0714615384615384,-0.0543076923076923,0.067076923076923,0.4853846153846154,-0.2407692307692307,1.0422000000000002,0.6652461538461538,1.0206153846153847,0.33,0.453076923076923,-0.1476923076923077,-0.6530769230769231,-0.5153846153846154,-0.8407692307692309,0.2238461538461538,0.3146153846153846,0.2137692307692307,-0.0056153846153846,0.0571538461538461,-0.0117692307692307,-0.5636923076923077,-0.2131538461538462,0.0512307692307692,-0.1593076923076923,-0.1833846153846154,0.0563846153846153,-0.1148461538461538,-0.1163846153846154,0.3017000000000002,0.4255384615384615,0.5231538461538462,0.2510692307692307,0.1850230769230769,0.6957307692307693,1.2755999999999998,0.6601230769230769,0.3501076923076922,0.626723076923077,-0.103176923076923,-2.681538461538461,-0.3846153846153846,0.0376923076923076,-0.3969230769230769,0.1107692307692307,0.1807692307692307,0.3623076923076923,0.2423076923076923,-0.2161538461538461,-0.3269230769230769,-0.053076923076923,-0.3269230769230769,0.6307692307692309,-0.5461538461538462,-0.1346153846153846,-0.0676923076923076,-0.3084615384615384,-0.0538461538461538,-0.3846153846153846,-0.7430769230769229,0.5284615384615384,0.2438461538461538,-0.466153846153846,0.1223076923076922,0
AKVKELTTDEQRAEV,0.4209640119999999,-0.5939215973333333,0.0470598999999999,0.5446476066666666,-0.1676112253333333,0.4826666666666667,-0.3673333333333333,-0.3826666666666666,-0.246,0.0626666666666666,0.1259999999999999,-0.2106666666666666,-0.1053333333333333,0.384,0.0699999999999999,0.172,-0.374,-0.0346666666666666,-0.7561333333333333,0.5722,-0.2067999999999999,0.5172666666666667,0.0680666666666666,0.111,-0.6546666666666667,-0.1773333333333333,-0.074,0.6339999999999999,-0.2653333333333333,-0.3766666666666667,0.1039999999999999,-0.1833333333333333,-0.148,0.1193333333333333,-0.3646666666666666,0.2439999999999999,-0.2346666666666666,0.0739333333333333,-0.0845333333333333,-0.1726,-0.0789999999999999,-0.0028666666666666,-0.3193333333333333,0.2993333333333333,-3.6651733333333336,-0.1139333333333331,0.3921666666666667,-1.799333333333333,0.4313333333333332,-1.5986666666666662,0.404,-0.4046666666666667,0.4973333333333333,0.0853333333333333,0.2453333333333333,0.2333333333333332,-0.0211333333333333,-0.1006,-0.0908666666666666,-0.8560666666666665,-0.3585333333333333,-0.3480666666666667,-0.0521333333333333,0.0548666666666666,-0.0596,0.1840666666666666,0.2434,-1.3715533333333332,-1.1566733333333332,-0.26418,0.2913933333333334,-0.0126466666666666,0.5501866666666667,-1.6017933333333327,-0.8254466666666667,-0.1236999999999999,-1.2974066666666666,-0.1316533333333334,-4.531333333333334,0.6933333333333334,0.1473333333333333,0.2833333333333333,0.6393333333333333,-0.4639999999999999,-0.0113333333333333,-0.0713333333333333,-0.2986666666666666,-0.244,-0.1319999999999999,0.3906666666666666,0.0293333333333333,-0.8046666666666666,0.3019999999999999,0.3533333333333334,-0.6233333333333333,0.0973333333333333,-0.0393333333333333,1.0453333333333332,-0.6060000000000001,-0.9286666666666666,-0.9046666666666666,0.2473333333333333,0
ESSQKFFF,0.0806618437499999,-0.1458898474999999,-0.6051696625000003,-0.0645329374999999,-0.6377108224999999,0.0662499999999999,0.3275,-0.30375,0.07125,-0.02625,0.23625,-0.16,-0.07625,0.4825,-0.5012500000000001,0.07375,-0.1174999999999999,-0.12125,-0.1081249999999999,0.19075,0.21625,0.147125,0.0401249999999999,0.00975,-0.1587499999999999,0.2537499999999999,-0.31625,0.065,0.19625,-0.4900000000000001,0.0325,0.07375,0.29125,-0.45375,0.08875,0.5575,-0.345,0.003,-0.0495,-0.025375,-0.034375,0.0494999999999999,0.4225000000000001,-0.0062499999999999,-0.4214749999999996,1.085375,-0.2614875000000001,-0.3624999999999998,0.9525,-0.2987499999999999,0.015,-0.245,-0.0475,-0.34125,0.5812499999999999,0.231125,-0.090875,0.093,0.0727499999999999,-0.56725,-0.058375,0.14125,-0.16175,-0.130875,0.080375,0.016625,0.34025,3.944425,0.0558499999999999,-1.2651125,0.5456375000000001,0.6000999999999999,0.66835,4.08875,-0.2542750000000002,-0.6641250000000001,5.973212500000001,-0.2767,-2.7537500000000006,0.2199999999999999,-0.17875,-0.5887500000000001,0.29875,-0.0112499999999999,0.16625,0.2149999999999999,0.0025,-0.04,0.2875,-0.3662500000000001,-0.08,-0.55125,0.04375,-0.05875,-0.2274999999999999,0.5774999999999999,-0.39625,-0.0912499999999998,0.66625,0.1799999999999999,-0.50625,0.0249999999999999,0
AGSRTFVEE,0.0749398888888889,-0.1949910511111111,0.4281384888888888,0.6338915,0.1063402611111111,0.3533333333333333,-0.1666666666666666,-0.0311111111111111,-0.0277777777777777,-0.0577777777777778,0.31,0.0233333333333333,-0.1022222222222222,0.4600000000000001,-0.0111111111111111,-0.0222222222222222,-0.4022222222222222,0.0033333333333333,-0.5041111111111111,0.144111111111111,-0.3549999999999999,0.5152222222222222,-0.0356666666666666,-0.0102222222222221,-0.2955555555555555,-0.3877777777777778,-2.4671622769447922e-17,0.3333333333333333,-0.5266666666666667,-0.1633333333333333,0.0077777777777778,0.1677777777777777,-0.2444444444444444,0.0933333333333333,-0.2666666666666667,0.2788888888888889,-0.3622222222222222,0.0558888888888888,0.0303333333333333,-0.1296666666666666,-0.0403333333333333,-0.0035555555555555,-0.6877777777777776,0.0855555555555555,-2.5777333333333328,-1.7692888888888885,-0.0211888888888888,-1.5066666666666668,-1.0,-0.7433333333333333,0.0322222222222221,-0.1877777777777777,0.5266666666666667,-0.0222222222222222,0.17,0.2297777777777777,0.0453333333333333,-0.0351111111111111,0.0426666666666666,-0.9187777777777778,-0.3295555555555556,-0.2952222222222222,-0.0052222222222222,-0.0647777777777777,-0.6812222222222222,0.1885555555555555,0.5401111111111111,-0.3973666666666666,-0.6149111111111112,-0.9375333333333334,0.7896888888888889,0.3401333333333332,0.3156222222222222,-1.0454111111111113,-0.7719333333333334,-0.4338888888888889,0.3971666666666665,0.8901111111111111,-4.926666666666667,0.1711111111111111,0.2011111111111111,0.0233333333333333,0.9866666666666666,-0.29,-0.23,-0.3744444444444444,-0.021111111111111,-0.3544444444444445,-0.2022222222222222,0.2766666666666666,-0.0755555555555555,-0.8755555555555555,0.1077777777777778,0.3533333333333333,-0.7755555555555556,0.3288888888888889,-0.4111111111111111,0.9288888888888888,-0.8122222222222222,-0.3566666666666667,-0.9122222222222224,-0.0133333333333333,0
KSAISHRGQALKLLLDA,-0.0242254964705882,-0.3189128929411765,-1.1788828529411766,0.600210294117647,-0.3222583911764705,0.1364705882352941,-0.358235294117647,-0.2311764705882353,-0.0329411764705882,0.1688235294117647,0.2364705882352941,0.188235294117647,0.0594117647058823,0.2076470588235294,0.0152941176470588,-0.178235294117647,-0.3129411764705882,0.1999999999999999,-0.041235294117647,0.3245882352941176,-0.1638823529411764,0.7767647058823529,0.0237647058823529,0.0373529411764706,-0.4264705882352941,-0.3435294117647058,-0.1688235294117646,0.1270588235294117,-0.1576470588235294,-0.7358823529411764,0.0376470588235294,-0.178235294117647,0.0364705882352941,0.1547058823529412,-0.468235294117647,0.3735294117647059,-0.3141176470588235,0.0206470588235294,0.0074117647058823,-0.1535882352941176,-0.1114117647058823,0.0340588235294117,-0.6088235294117647,-0.1176470588235293,-0.9530470588235292,-1.365135294117647,0.812935294117647,-0.5105882352941178,-0.7723529411764707,-0.7611764705882351,0.8411764705882352,-0.2876470588235293,0.5323529411764706,-0.1947058823529411,0.1170588235294117,0.2338823529411764,0.0520588235294117,-0.0455294117647058,-0.1025882352941176,-0.9491764705882352,-0.2225294117647058,-0.2594117647058823,-0.0448823529411764,-0.1668235294117647,-0.277,0.2195882352941176,0.4562941176470588,-0.5814823529411766,-1.404558823529412,0.2064294117647059,-0.0982470588235294,0.5330941176470588,-0.1165647058823529,-1.4485882352941175,-0.1532823529411764,-0.8420411764705882,-0.4601,0.6787411764705883,-5.188235294117647,0.186470588235294,-0.108235294117647,0.5035294117647058,0.8088235294117647,-0.0429411764705882,-0.1794117647058823,-0.2529411764705883,-0.1817647058823529,0.1658823529411764,-0.2729411764705882,0.4288235294117647,-0.1929411764705882,-0.91,0.2411764705882352,0.5605882352941177,-0.3676470588235294,0.2882352941176471,-0.26,0.1670588235294117,-0.7311764705882353,-0.6435294117647059,-0.1570588235294117,0.613529411764706,0
GGKDSQEFIAI,0.0088713163636363,-0.0157790345454545,-0.1208694363636364,0.3449494545454545,-0.0822775899999999,0.3036363636363636,-0.1618181818181818,0.0509090909090909,0.04,-0.2145454545454545,0.3554545454545454,-0.0045454545454545,0.2372727272727273,0.2881818181818181,-0.0318181818181818,-0.1563636363636363,-0.439090909090909,-0.0409090909090908,-0.1197272727272727,-0.1092727272727272,-0.2863636363636362,0.5259090909090909,-0.2323636363636363,-0.3294545454545454,-0.1072727272727272,-0.4527272727272727,-0.1272727272727272,0.1490909090909091,-0.1263636363636363,-0.2418181818181818,0.0063636363636363,0.5154545454545454,-0.1045454545454545,-0.4490909090909091,-0.2790909090909091,0.2227272727272727,-0.4236363636363636,0.0476363636363636,0.0686363636363636,-0.0949999999999999,-0.0337272727272727,0.0464545454545454,-0.870909090909091,0.0081818181818182,-1.6487454545454547,-2.2811090909090908,0.4723181818181819,-1.5272727272727276,-1.4990909090909093,-0.4809090909090909,-0.1954545454545455,-0.289090909090909,0.6136363636363635,0.1990909090909091,0.1590909090909091,0.2200909090909091,0.0245454545454545,-0.047090909090909,-0.0753636363636363,-0.9885454545454546,-0.2822727272727272,-0.2351818181818181,0.0123636363636363,-0.1202727272727272,-0.504,0.0702727272727272,0.5952727272727272,-1.2483636363636366,-0.5495454545454547,-0.460690909090909,0.4899818181818181,0.5179545454545454,0.4794727272727273,-2.1737454545454544,-0.297709090909091,-0.5729727272727273,-0.9242727272727276,0.3612454545454545,-5.368181818181818,0.039090909090909,0.0572727272727272,0.2672727272727272,1.007272727272727,-0.1199999999999999,-0.2554545454545454,-0.5045454545454545,0.0709090909090909,-0.3290909090909091,-0.3372727272727273,0.4054545454545454,-0.2918181818181818,-0.9427272727272726,0.1363636363636363,0.4845454545454544,-0.519090909090909,0.5409090909090909,-0.4945454545454545,0.5327272727272727,-0.95,-0.1818181818181818,-0.8781818181818182,0.2345454545454545,0
FIEERQFEGPLNV,0.1294679292307692,-0.2326060953846154,0.5994508307692308,0.2831668538461538,-0.030420253076923,0.1953846153846153,-0.0238461538461538,-0.3515384615384616,-0.0515384615384615,-0.2307692307692307,0.0953846153846153,-0.0638461538461538,0.1523076923076923,0.1007692307692307,-0.0715384615384615,-0.0776923076923077,-0.2115384615384615,-0.2799999999999999,-0.2993076923076923,0.194,0.0733846153846154,0.3209230769230769,0.2698461538461538,-0.180076923076923,-0.2207692307692307,0.0623076923076922,-0.1553846153846154,0.0961538461538461,-0.2707692307692309,-0.1838461538461538,0.293076923076923,0.2569230769230769,0.2615384615384615,-0.3376923076923077,-0.0715384615384615,0.3684615384615384,-0.2384615384615384,0.0059230769230769,-0.0246153846153845,-0.0587692307692307,-0.0384615384615384,0.0833846153846153,0.1615384615384616,-0.0407692307692307,-0.3878461538461535,0.0520999999999999,0.577423076923077,-0.426153846153846,0.1276923076923076,-0.5638461538461539,-0.2938461538461538,-0.7007692307692306,0.2684615384615385,0.1169230769230769,-0.3869230769230769,0.233,-0.026076923076923,0.0093076923076923,-0.073076923076923,-0.7054615384615384,-0.2251538461538462,-0.0556923076923076,-0.0999230769230769,-0.155076923076923,0.1041538461538461,0.069076923076923,0.2443846153846153,-0.4214769230769232,-0.4709538461538462,-0.0584999999999999,0.5057615384615385,-0.1084461538461538,0.5299076923076924,-0.0810461538461538,-0.0911615384615384,-0.0423384615384615,-0.3123076923076925,-0.3829923076923076,-3.516923076923077,0.32,-0.0353846153846153,-0.0723076923076923,0.3738461538461538,-0.0392307692307691,0.1,0.0484615384615384,0.0538461538461538,-0.3607692307692308,-0.3161538461538462,0.2615384615384615,0.0553846153846153,-0.6584615384615387,0.1561538461538461,0.1376923076923076,-0.3876923076923076,0.2253846153846153,-0.2292307692307692,-0.0892307692307692,-0.0138461538461538,-0.3576923076923076,-0.8515384615384617,0.2161538461538461,0
TRAMGRAIEDG,0.1452358336363636,-0.2094813645454544,0.7803101363636362,0.5692394545454544,0.808558568181818,0.4254545454545454,-0.3027272727272727,0.0818181818181818,-0.0972727272727272,0.0299999999999999,0.3745454545454544,0.1872727272727273,0.1218181818181818,0.2081818181818182,0.0681818181818181,-0.1363636363636363,-0.3954545454545454,0.1545454545454545,-0.2475454545454545,0.0305454545454545,-0.4333636363636363,0.4341818181818182,-0.1922727272727273,-0.0329090909090908,-0.2272727272727272,-0.4936363636363636,-0.0245454545454545,0.3627272727272727,-0.5390909090909092,0.1318181818181818,0.2063636363636364,0.3727272727272727,-0.2909090909090909,0.0981818181818182,-0.3963636363636363,0.1518181818181818,-0.2909090909090909,0.0721818181818181,0.0372727272727272,-0.1246363636363636,-0.0165454545454545,9.090909090908468e-05,-0.8709090909090907,0.0572727272727272,-2.9410818181818184,-1.9129636363636364,0.1799636363636363,-1.7454545454545454,-1.299090909090909,-0.3927272727272727,0.0236363636363635,0.1027272727272726,0.7018181818181819,-0.2481818181818181,0.2927272727272727,0.2172727272727272,0.056,-0.0734545454545454,-0.0436363636363636,-0.9986363636363637,-0.1854545454545454,-0.3100909090909091,0.1009999999999999,-0.1112727272727272,-0.7724545454545454,0.3001818181818181,0.657,-2.2027545454545456,-0.6142818181818183,-0.7856454545454544,0.305790909090909,0.3070454545454545,0.0761090909090909,-3.528090909090909,-0.8143818181818182,-0.4310181818181818,-1.8625818181818183,1.257309090909091,-5.541818181818182,0.4318181818181819,-0.0709090909090909,0.4699999999999999,1.1209090909090909,-0.3118181818181818,-0.2263636363636363,-0.5099999999999999,0.2499999999999999,-0.2081818181818182,-0.1472727272727272,0.5881818181818181,-0.1654545454545455,-0.960909090909091,0.3645454545454545,0.5800000000000001,-0.6263636363636363,0.4072727272727273,-0.3454545454545454,1.1563636363636365,-0.9727272727272728,-0.510909090909091,-0.3454545454545454,0.08,0
VLSQRQRDE,0.5289181511111111,-0.1650113033333333,-1.3325613222222223,0.3230414888888889,-0.7568494477777777,0.6144444444444446,-0.1466666666666666,-0.5444444444444445,-0.2577777777777778,0.2133333333333333,0.1344444444444444,-0.2288888888888889,0.1133333333333332,0.1522222222222222,0.0866666666666666,0.4011111111111111,-0.2211111111111111,-0.0644444444444444,-0.8324444444444445,0.3653333333333333,-0.0386666666666666,0.2204444444444444,0.0358888888888888,0.4477777777777778,-0.26,0.1333333333333333,0.1833333333333334,0.76,-0.41,-0.071111111111111,0.0044444444444444,-0.3555555555555555,-0.0188888888888888,-0.0966666666666666,-0.2255555555555556,0.3633333333333333,-0.1488888888888889,0.0913333333333333,-0.1149999999999999,-0.0713333333333333,-0.0668888888888888,-0.0868888888888888,0.2544444444444445,0.5577777777777778,-4.470833333333333,1.706011111111111,-0.3268222222222222,-2.106666666666667,1.7022222222222223,-1.171111111111111,0.1622222222222221,0.3144444444444444,0.27,0.1488888888888889,0.1455555555555555,0.2221111111111111,-0.1554444444444444,-0.1113333333333333,-0.0902222222222222,-0.6977777777777777,-0.0121111111111111,-0.3085555555555556,-0.0912222222222222,0.1608888888888889,0.1644444444444444,0.3003333333333333,0.2951111111111111,1.3392333333333333,-2.2487222222222223,-0.8282444444444444,0.5781222222222221,-0.6045111111111111,-0.0277999999999999,1.641811111111111,-1.8263111111111112,-0.3757333333333333,2.511366666666667,0.3413555555555555,-3.434444444444445,1.3866666666666667,0.0677777777777778,-0.0177777777777778,0.4555555555555555,-0.6377777777777777,0.2777777777777777,0.1833333333333333,0.0099999999999999,-0.16,0.2688888888888889,0.26,0.0977777777777778,-0.6233333333333334,0.4011111111111111,0.1566666666666666,-0.5811111111111111,0.4511111111111111,0.2355555555555555,1.461111111111111,0.2422222222222221,-1.1044444444444443,-0.7955555555555556,0.3299999999999999,0
RQVYMYLENEISLAE,0.127274114,-0.4219882286666666,0.3817351399999998,0.2556247866666666,-0.0907593719999999,0.0213333333333334,-0.0773333333333333,-0.5413333333333333,-0.0006666666666666,0.024,0.1313333333333333,-0.102,0.018,0.2173333333333333,0.1166666666666666,0.0486666666666666,-0.1993333333333333,-0.1826666666666666,-0.2211333333333333,0.4616666666666666,0.1933333333333333,0.3416666666666667,-0.0184666666666666,-0.0368666666666666,-0.4266666666666667,0.102,0.0139999999999999,0.148,-0.3086666666666667,-0.2206666666666666,-0.0426666666666666,0.084,-0.052,-0.1426666666666666,-0.1826666666666666,0.4326666666666668,-0.2326666666666667,-0.0158,-0.0658,-0.0900666666666666,-0.0367333333333333,0.0176,0.3086666666666666,-0.0526666666666666,-0.1873999999999999,0.5116866666666667,-0.2150866666666666,0.1960000000000001,0.632,-1.158,-0.0119999999999999,-0.3793333333333333,0.3393333333333333,0.2,-0.3006666666666667,0.2420666666666667,-0.0629333333333333,-0.0143999999999999,-0.0256,-0.6692,-0.1596666666666667,-0.0854,-0.1138666666666666,0.0228666666666666,0.136,-0.0203333333333333,0.1274,0.5094133333333334,-1.0572133333333336,0.0482799999999999,0.1367733333333333,-0.6538533333333334,0.3834866666666667,0.7749933333333333,-0.7692866666666667,-0.1976066666666666,0.7295599999999999,-0.1790733333333333,-3.455333333333334,0.5886666666666667,0.0046666666666666,0.122,0.3433333333333333,-0.0333333333333332,0.17,0.1699999999999999,-0.132,-0.2293333333333333,-0.2373333333333333,0.084,-0.254,-0.6373333333333335,0.2759999999999999,0.25,-0.294,0.1866666666666666,0.1219999999999999,-0.1793333333333334,-0.02,-0.4920000000000001,-0.8173333333333335,0.088,0
LLTYEATQDLPLET,0.0272344471428571,-0.2960203728571428,-0.1678278785714286,0.6003117071428571,-0.4644304042857142,0.025,-0.3371428571428572,-0.3242857142857143,-0.1271428571428571,-0.1421428571428571,-0.0028571428571428,-0.1992857142857142,-0.32,0.1507142857142857,0.0621428571428571,-0.0142857142857142,-0.3435714285714286,-0.2264285714285714,-0.0030714285714285,0.2714285714285713,-0.0134285714285714,0.6582142857142858,0.4370714285714285,-0.3010714285714285,-0.3064285714285714,-0.1585714285714285,-0.2414285714285715,0.0114285714285713,-0.3564285714285714,-0.5671428571428571,0.2678571428571428,-0.5228571428571428,0.0749999999999999,0.1564285714285714,-0.2857142857142857,0.4457142857142857,-0.4307142857142856,0.0049999999999999,0.0053571428571428,-0.1015714285714285,-0.0905714285714286,0.0804285714285714,-0.2235714285714285,-0.1235714285714285,-0.5398,-1.1810499999999995,0.8264571428571428,-0.3214285714285713,-0.4335714285714286,-1.1585714285714288,-0.1121428571428571,-0.7278571428571429,-0.1135714285714285,0.0985714285714285,0.2028571428571428,0.2312857142857143,0.0141428571428571,-0.0761428571428571,-0.0145,-0.8290714285714286,-0.3953571428571428,-0.2792142857142857,-0.1287857142857142,0.036,-0.0067857142857143,-0.1339285714285714,-0.0793571428571428,-1.891242857142857,-0.8942428571428571,0.9898642857142856,0.0784785714285714,-0.3028571428571429,0.5110142857142858,-1.3427642857142854,-0.1259071428571428,0.22315,-2.6640928571428577,-0.2970785714285714,-4.377142857142857,-0.0192857142857142,0.3021428571428571,0.2707142857142857,0.4849999999999999,0.0664285714285714,0.0471428571428571,-0.0657142857142857,-0.4035714285714286,-0.4049999999999999,-0.4371428571428571,-0.0849999999999999,0.1028571428571428,-0.7857142857142857,0.0664285714285714,0.3057142857142857,-0.547142857142857,-0.1857142857142857,-0.1057142857142857,-0.4914285714285716,-0.6714285714285715,-0.4414285714285715,-1.1814285714285715,0.35,0
PDSASNPDSDYR,0.4162912024999999,0.79721823,-1.944815175,0.2565609333333333,-1.2712026383333337,0.8658333333333333,-0.1208333333333333,0.1683333333333333,0.1533333333333333,-0.2775,-0.1375,-0.1333333333333334,-0.1833333333333333,0.1016666666666666,-0.2008333333333333,0.2983333333333333,-0.5175,-0.0258333333333333,-0.6579166666666667,-0.71225,-0.4404166666666666,0.0956666666666666,0.4715833333333333,-0.4911666666666667,0.7891666666666667,-0.2958333333333333,-0.4566666666666667,0.3366666666666666,-0.34,-0.1975,-0.7758333333333334,-0.4041666666666665,0.195,0.0083333333333333,-0.2308333333333333,0.135,-0.6266666666666666,0.17875,0.0724166666666666,0.0750833333333333,-0.0195,0.0265833333333333,-0.8966666666666666,0.3699999999999999,-5.498724999999999,-1.2451416666666668,0.4685833333333336,-3.8175,-0.2825,-0.2133333333333333,-0.5041666666666665,0.0349999999999999,-1.0991666666666664,0.1275,0.3183333333333333,0.2035833333333333,-0.0436666666666666,-0.0943333333333333,0.1048333333333333,-0.9199166666666666,-0.1214166666666666,-0.4515833333333334,-0.13,0.2866666666666667,-0.6829166666666664,0.0087499999999999,0.0748333333333333,0.2466333333333333,-1.3309833333333334,0.0811083333333333,0.4968083333333333,-0.3147583333333333,-0.2355916666666666,1.185966666666667,-1.1093750000000002,0.2573666666666666,1.5617,1.4015000000000002,-4.825833333333334,-0.3608333333333333,0.4874999999999999,-0.3058333333333333,0.8408333333333333,-0.5599999999999999,0.0858333333333333,-0.3958333333333333,0.0508333333333333,-0.6225000000000002,0.31,-0.065,0.68,-0.8508333333333336,-0.2783333333333333,0.2108333333333333,-0.7425000000000002,0.4441666666666666,-0.3475,1.6716666666666669,0.3633333333333334,0.9575,-0.7841666666666668,0.7941666666666666,0
LEVSQDTVLHTFVVKSE,-0.1204026647058823,-0.2346927817647059,-0.7784873411764707,0.4689667588235294,-0.8428306429411765,0.0329411764705882,-0.3358823529411764,-0.4047058823529412,0.0523529411764705,-0.1370588235294117,0.1488235294117647,-0.2088235294117646,-0.208235294117647,0.2264705882352941,0.1235294117647058,-0.0058823529411764,-0.3752941176470588,-0.1017647058823529,-0.5451764705882354,0.3459411764705882,-0.0946470588235294,0.4972941176470588,0.0501764705882352,0.1315294117647059,-0.3911764705882353,-0.2164705882352941,0.2835294117647058,0.1823529411764705,0.0711764705882352,-0.4505882352941175,-0.37,-0.2276470588235293,-0.0947058823529411,0.2529411764705882,-0.368235294117647,0.4905882352941176,-0.4870588235294117,-0.0155882352941176,0.0005882352941176,-0.1142941176470588,-0.0708823529411764,-0.0537647058823529,-0.2899999999999999,-0.0452941176470588,-0.2950941176470586,-1.1316882352941178,-0.0451176470588234,-0.0164705882352941,-0.3917647058823529,-1.387058823529412,0.2970588235294117,-0.148235294117647,-0.0164705882352941,0.3147058823529411,0.0088235294117647,0.2367647058823529,0.006,-0.0715294117647058,-0.0172941176470588,-0.8568823529411764,-0.3990588235294117,-0.3034117647058824,-0.0904117647058823,0.0430588235294117,0.011235294117647,0.0678235294117647,-0.0281764705882352,-0.1890235294117647,-0.9671588235294116,0.1037294117647058,0.1116764705882352,0.036235294117647,0.2607117647058823,-0.0918411764705881,-0.318335294117647,-0.1711058823529412,-0.2893411764705882,-0.2125588235294118,-4.463529411764705,0.0270588235294117,0.2411764705882353,0.1741176470588235,0.4941176470588235,-0.0476470588235293,-0.2135294117647059,-0.0705882352941176,-0.6164705882352941,-0.2323529411764706,-0.2470588235294117,-0.0458823529411764,0.0241176470588235,-0.8029411764705883,0.0241176470588235,0.3588235294117647,-0.4458823529411764,0.0194117647058823,-0.0611764705882353,-0.0088235294117647,-0.7605882352941177,-0.5870588235294117,-0.8523529411764705,0.1664705882352941,0
AELTIEGMDDKE,0.3395971516666666,-0.5579899875,0.2756808499999999,0.3101011166666667,-0.2499464058333333,0.4975,-0.2825,-0.195,-0.0991666666666666,-0.2183333333333333,0.2191666666666666,-0.3708333333333333,0.1408333333333333,0.2075,0.0558333333333333,0.11,-0.4741666666666667,-0.2749999999999999,-0.3708333333333333,0.4175,-0.2876666666666667,0.4420000000000001,-0.00025,-0.6186666666666667,-0.545,-0.2799999999999999,-0.5900000000000001,0.3691666666666666,-0.3541666666666667,-0.1083333333333333,-0.0016666666666666,0.2491666666666666,-0.1816666666666666,0.1025,-0.295,0.0191666666666666,-0.3691666666666667,0.0789166666666666,-0.0418333333333333,-0.1699166666666667,0.0245833333333333,0.11525,-0.5516666666666666,0.2208333333333333,-3.0709166666666667,-1.2098750000000005,-0.1459583333333333,-1.9883333333333333,-0.4016666666666668,-1.6683333333333332,-0.8083333333333335,-0.6866666666666666,0.4783333333333333,-0.1933333333333333,0.0333333333333333,0.23075,-0.0464166666666666,-0.0967499999999999,-0.06925,-0.9138333333333332,-0.3050833333333333,-0.315,-0.0509166666666666,0.1540833333333333,-0.0321666666666667,0.0618333333333333,0.23825,-2.2335666666666665,-0.7174833333333334,-0.1033833333333333,0.1153583333333333,-0.5224166666666666,0.8104250000000001,-2.3389083333333334,-1.0084583333333337,0.1738249999999999,-2.478658333333333,-0.4743166666666667,-4.948333333333333,0.5683333333333334,0.105,0.3716666666666666,0.7216666666666666,-0.3133333333333333,-0.0425,-0.2716666666666666,-0.0366666666666666,-0.835,-0.1833333333333333,0.4216666666666666,-0.1291666666666666,-0.8625000000000002,0.3016666666666666,0.4508333333333334,-0.4516666666666666,0.3458333333333332,-0.065,0.9666666666666665,-0.69,-0.1541666666666667,-1.215833333333333,0.1416666666666667,0
NGFQESPP,0.24908006875,0.72729656,-0.628038475,0.2001838,-0.5890025825,0.73875,0.015,0.12625,-0.0975,-0.38,-0.16875,0.1775,-0.0675,0.02125,-0.11875,-0.05,-0.44375,-0.12625,-0.438125,-0.752375,-0.4199999999999999,0.1112499999999999,0.808875,-0.6185,0.675,-0.295,-0.54875,0.05125,0.23,-0.11125,0.18625,-0.1737499999999999,0.16,-0.61875,-0.0662499999999999,0.43125,-0.5362500000000001,0.132375,0.115375,0.077375,-0.0215,0.12775,-0.8549999999999999,0.1,-3.3335625,-1.9901125,1.676625,-3.135,-1.14,0.8775,-0.155,-0.7825000000000001,-0.56125,-0.0837499999999999,-0.2024999999999999,0.207,0.0281249999999999,-0.033625,0.0515,-0.935375,-0.16725,-0.172375,-0.0641249999999999,-0.0964999999999999,-0.6134999999999999,0.0279999999999999,0.2376249999999999,-0.988375,-0.1643875,-0.4438875,0.8659625,0.148425,0.04735,-0.4801749999999998,0.1543874999999999,0.3352875,-0.4951874999999999,0.26765,-4.803750000000001,-0.71,0.1025,-0.325,0.6875,-0.255,-0.2,-0.47875,0.3774999999999999,-0.405,-0.27625,0.1374999999999999,0.5625,-0.86,-0.245,0.1775,-0.515,0.3712499999999999,-0.675,0.6012500000000001,-0.0337499999999999,0.7175,-0.7249999999999999,0.7112499999999999,0
AAALNPRGERYSD,0.2670356746153846,0.0489953384615383,-0.2723251153846154,0.6031216615384616,0.0643953299999999,0.5246153846153846,-0.1538461538461538,0.0415384615384615,0.003076923076923,0.0346153846153845,0.0999999999999999,0.2353846153846153,0.0115384615384615,0.2723076923076923,-0.0484615384615384,-0.0299999999999999,-0.3684615384615384,0.1146153846153846,-0.390076923076923,-0.1238461538461538,-0.3239230769230768,0.481076923076923,0.1676153846153846,-0.1683076923076922,0.0538461538461537,-0.3430769230769229,-0.3184615384615384,0.2746153846153846,-0.6169230769230769,-0.3246153846153846,0.0038461538461538,0.0184615384615384,0.0853846153846153,0.0523076923076923,-0.2653846153846154,0.1838461538461538,-0.3223076923076923,0.102076923076923,0.0329230769230769,-0.0688461538461538,-0.059076923076923,0.0483076923076923,-0.7461538461538461,0.0769230769230769,-3.492523076923076,-1.2983000000000002,0.6856923076923078,-2.1276923076923078,-0.6915384615384619,-0.2123076923076922,0.1830769230769232,-0.1969230769230769,0.22,-0.1146153846153845,0.0976923076923076,0.2195384615384615,0.041,-0.0406923076923076,-0.0065384615384615,-0.9193846153846152,-0.1506153846153846,-0.2883846153846154,-0.0287692307692307,-0.0752307692307692,-0.7982307692307692,0.1673846153846153,0.5721538461538461,-1.1419769230769228,-0.9634307692307692,-0.0824615384615385,0.6247846153846154,0.1425999999999999,-0.1601999999999999,-1.4859615384615383,-0.5854615384615385,-0.3103615384615385,-0.4971153846153845,1.4843692307692309,-4.9715384615384615,0.0407692307692309,0.1723076923076923,0.0876923076923077,1.0215384615384615,-0.3453846153846154,-0.0192307692307692,-0.3784615384615385,0.2053846153846153,-0.18,-0.09,0.4346153846153846,0.0915384615384615,-0.877692307692308,0.0846153846153846,0.37,-0.7784615384615384,0.313076923076923,-0.4184615384615385,1.066153846153846,-0.2207692307692307,-0.0038461538461538,-0.4061538461538461,0.5638461538461539,0
KVLYSKYAGT,0.0592318669999999,0.1346502319999999,0.3263395199999999,0.4471011399999999,0.47284535,-0.0579999999999999,-0.062,-0.141,0.0089999999999999,0.074,0.204,0.26,-0.2009999999999999,0.373,-0.1109999999999999,-0.1109999999999999,-0.258,0.296,-0.2773,-0.1594,0.0453999999999999,0.6176999999999999,-0.2601,0.2552,0.1269999999999999,-0.152,0.311,0.1399999999999999,0.189,-0.8569999999999999,0.1039999999999999,0.118,-0.4050000000000001,0.378,-0.324,0.4369999999999999,-0.312,0.0156,0.0443,-0.0218999999999999,-0.1533,-0.0512,-0.3279999999999999,-0.093,-0.66676,-0.59826,1.19221,-0.5270000000000001,-0.5030000000000001,0.298,0.7949999999999999,-0.287,0.478,0.5880000000000001,0.4609999999999999,0.2226,0.0805999999999999,0.0153,-0.0039,-0.8150999999999999,-0.1692,-0.0131999999999999,-0.0116,-0.2349999999999999,-0.5690000000000002,-0.0929,0.4296,0.31858,-0.37054,-0.20514,0.2027899999999999,0.83542,0.38178,-0.7140299999999998,0.17319,-0.8037699999999999,0.7792199999999999,0.76624,-4.44,-0.1029999999999999,-0.1149999999999999,0.196,0.742,-0.0059999999999999,-0.0259999999999999,-0.167,0.0239999999999999,0.3889999999999999,-0.2759999999999999,0.2119999999999999,-0.275,-0.8059999999999998,0.195,0.345,-0.4049999999999999,0.118,-0.476,-0.194,-0.6910000000000001,-0.616,-0.2319999999999999,-0.031,0
FGGTGEQLKGV,-0.0736035727272727,0.2622458581818181,0.5801105999999999,0.5938411181818182,0.6149186527272728,0.2854545454545454,-0.0581818181818181,0.2672727272727273,-0.0972727272727272,-0.2054545454545454,0.5336363636363636,0.309090909090909,0.2254545454545455,0.1599999999999999,0.0399999999999999,-0.3227272727272727,-0.4818181818181818,0.0909090909090909,-0.3048181818181818,-0.4562727272727273,-0.4805454545454545,0.7501818181818183,-0.3462727272727273,-0.2605454545454544,0.1681818181818181,-0.6381818181818182,-0.0036363636363636,0.0936363636363636,0.1636363636363636,-0.4118181818181818,0.7372727272727274,0.7527272727272727,-0.5781818181818182,0.12,-0.2518181818181818,0.2527272727272727,-0.4281818181818183,0.062090909090909,0.1566363636363636,-0.08,-0.0604545454545454,0.039,-1.2563636363636366,-0.0199999999999999,-1.7058272727272727,-3.474772727272727,0.9842272727272728,-1.934545454545455,-2.72,0.8354545454545452,-0.2027272727272727,-0.4345454545454545,1.2718181818181815,0.2318181818181818,0.1427272727272727,0.2089090909090909,0.1128181818181818,-0.0444545454545454,-0.0638181818181818,-1.11,-0.1968181818181818,-0.1027272727272727,0.156090909090909,-0.3482727272727272,-0.965818181818182,0.0711818181818181,0.9579090909090908,-2.776518181818182,0.2123727272727272,-1.0461090909090909,1.0060363636363636,0.9476363636363636,0.4142909090909091,-4.61059090909091,0.138490909090909,-0.7010363636363636,-2.981736363636364,0.5917545454545455,-6.071818181818182,-0.1072727272727272,-0.1009090909090908,0.3663636363636364,1.3236363636363635,-0.0736363636363636,-0.5136363636363637,-0.8127272727272726,0.5918181818181817,-0.1745454545454546,-0.5727272727272726,0.7363636363636363,-0.5527272727272727,-1.0554545454545454,0.2636363636363636,0.5390909090909091,-0.6936363636363637,0.4545454545454546,-0.8536363636363636,0.4554545454545454,-1.7063636363636363,-0.5172727272727272,-0.7872727272727272,-0.0909090909090909,0
IPEAEYDMDDVIARL,0.0780633759999999,-0.375230258,-0.1383797266666667,0.3268020066666666,-0.5335400220000001,0.1399999999999999,-0.336,-0.292,0.0093333333333333,-0.3106666666666665,-0.0413333333333333,-0.2593333333333333,0.1713333333333334,0.1793333333333333,0.0479999999999999,-0.0893333333333333,-0.3393333333333332,-0.2973333333333333,-0.2455333333333333,0.3106,-0.0106666666666666,0.3483333333333333,0.2052666666666666,-0.3798000000000001,-0.3506666666666666,-0.1366666666666666,-0.2613333333333333,0.068,-0.4793333333333333,-0.1506666666666666,-0.3653333333333333,0.052,0.1973333333333333,0.0246666666666666,-0.306,0.1633333333333333,-0.368,0.0055999999999999,-0.0293333333333333,-0.0977333333333333,-0.0131333333333333,0.0756666666666666,-0.1679999999999999,-0.1366666666666666,-0.5511666666666664,-0.7090200000000001,0.27662,-0.3086666666666665,-0.152,-1.5633333333333332,-0.5813333333333331,-0.4946666666666666,-0.15,0.0653333333333333,0.0153333333333333,0.2276666666666666,-0.0216666666666666,-0.0644666666666666,-0.0940666666666666,-0.807,-0.295,-0.2442666666666667,-0.0747333333333333,0.0184666666666666,0.0016666666666666,0.0053333333333333,0.0218,-1.563233333333333,-0.7833,0.58776,-0.0890799999999999,-0.5300066666666667,0.5176400000000001,-1.2273666666666665,-0.3743666666666666,0.2030399999999999,-1.8189,0.0196999999999999,-4.257333333333333,0.1513333333333333,0.132,0.2859999999999999,0.4746666666666666,-0.0319999999999999,0.1206666666666666,-0.0399999999999999,-0.3606666666666666,-0.5986666666666665,-0.2493333333333333,0.096,0.2026666666666667,-0.7653333333333332,0.1333333333333333,0.366,-0.3653333333333333,0.054,-0.0313333333333333,0.0306666666666666,-0.2493333333333333,-0.0293333333333334,-0.8213333333333335,0.3379999999999999,0
IHDLSQYQ,0.12765567375,0.02780390875,-1.546811425,-0.1558682375,-1.03212985875,0.16,0.1825,-0.5025,0.235,-0.0162499999999999,-0.0324999999999999,-0.2012499999999999,0.0187499999999999,0.1362499999999999,0.2324999999999999,0.26375,-0.2525,-0.18,-0.09625,0.09225,0.1862499999999999,0.0311249999999999,-0.09975,-0.0345,-0.04375,0.1274999999999999,0.09875,0.16,0.19875,-0.09875,-0.47,-0.1062499999999999,0.24,-0.3600000000000001,0.0087499999999999,0.56125,-0.48875,0.00775,-0.0415,0.003,-0.0072499999999999,-0.034625,0.25625,0.255,-0.9093875,0.6917749999999998,-0.5199625,-0.4287500000000001,0.8525,-0.74,-0.15875,0.29125,-0.18375,0.26375,-0.13125,0.216625,-0.138125,-0.0295,-0.03425,-0.63775,-0.046,-0.152,-0.2704999999999999,0.23775,0.1938749999999999,0.0007499999999999,0.0361249999999999,1.0720125,-0.9529125,0.492125,0.5624250000000001,-0.6322125000000001,0.0027875,2.006975,-0.6778500000000001,0.0635624999999999,1.1704500000000002,-0.6028,-3.2062500000000003,0.2199999999999999,0.25875,-0.2475,0.3175,-0.1162499999999999,0.16625,0.1349999999999999,-0.2224999999999999,-0.1574999999999999,0.1212499999999999,-0.14,-0.0962499999999999,-0.605,-0.07625,0.1725,-0.31,0.505,0.13875,0.20375,0.2775,-0.28875,-0.51875,0.3075,0
LTVYDMCKAIDRTM,-0.0849738914285714,-0.301813165,0.3696032785714285,0.1474856071428571,0.2046408271428571,-0.1735714285714285,-0.427142857142857,-0.2399999999999999,0.0192857142857142,0.1014285714285714,0.09,-0.1928571428571428,-0.12,0.0271428571428571,-0.0221428571428571,-0.1057142857142856,-0.2521428571428571,0.0221428571428571,-0.0413571428571428,0.2890714285714286,-0.0119285714285714,0.0716428571428571,-0.1393571428571428,0.1785714285714285,-0.2721428571428571,-0.0957142857142857,0.2449999999999999,0.0599999999999999,-0.0307142857142857,0.0514285714285714,0.0071428571428571,-0.1099999999999999,-0.0321428571428571,0.3428571428571429,-0.4385714285714285,0.3935714285714285,-0.3414285714285714,-0.0343571428571428,-0.0232857142857142,-0.0589285714285714,0.0007142857142857,-0.0683571428571428,-0.0507142857142856,-0.1664285714285714,0.5594142857142858,-0.1592857142857143,-0.6089714285714286,0.732857142857143,-0.0378571428571429,-0.877142857142857,0.0371428571428571,0.33,-0.1792857142857142,-0.0135714285714285,0.4714285714285714,0.2267142857142857,-0.0082857142857142,-0.0725,-0.0066428571428571,-0.7963571428571428,-0.2069285714285714,-0.1294999999999999,0.065,-0.0124999999999999,0.0520714285714285,0.0662857142857143,-0.1722142857142857,-1.061971428571428,-0.1841214285714285,-0.0830928571428571,-0.8493928571428572,-0.2037071428571428,0.2765214285714286,-1.526885714285714,-0.3877357142857143,0.0314857142857142,-1.1754142857142855,0.0514499999999999,-4.331428571428572,0.325,-0.1799999999999999,0.5171428571428571,0.3807142857142857,0.0521428571428571,-0.0542857142857142,0.0521428571428571,-0.3557142857142857,-0.0385714285714285,0.0785714285714285,-0.2028571428571429,-0.0335714285714285,-0.7728571428571429,0.3492857142857142,0.4835714285714286,-0.0878571428571428,-0.0164285714285714,0.1307142857142857,-0.1892857142857143,-0.4835714285714286,-0.2421428571428572,-0.2007142857142856,-0.2042857142857143,0
AQNKVRTGT,0.3188164022222222,0.0840187166666666,0.5343926222222221,0.5738844444444444,0.7675851833333334,0.5477777777777778,-0.3077777777777777,-0.0655555555555555,-0.1155555555555555,0.2055555555555555,0.3722222222222222,0.1866666666666666,-0.3488888888888888,0.1177777777777777,0.0511111111111111,0.1066666666666666,-0.4011111111111111,0.3366666666666666,-0.6554444444444445,-0.1512222222222222,-0.3918888888888888,0.3863333333333333,-0.2052222222222222,0.459,0.0255555555555555,-0.3866666666666667,0.4833333333333334,0.6566666666666667,0.0655555555555555,-0.1644444444444444,0.3722222222222222,0.0099999999999999,-0.2455555555555555,-0.1688888888888889,-0.3877777777777778,0.44,-0.3433333333333334,0.1006666666666666,0.0311111111111111,-0.0628888888888888,-0.1012222222222222,-0.1242222222222222,-0.7733333333333332,0.2988888888888889,-4.274455555555555,-1.0502555555555555,0.5302000000000001,-2.3744444444444444,-0.5344444444444445,-0.0466666666666667,1.0244444444444445,0.45,0.4133333333333333,0.37,0.4077777777777777,0.2172222222222222,0.036,-0.112,-0.0167777777777777,-0.9737777777777776,-0.2678888888888889,-0.3908888888888889,0.0563333333333333,0.0023333333333333,-0.5913333333333335,0.2164444444444444,0.4052222222222222,-2.0740444444444446,-0.8603222222222223,-0.4349,0.3827,0.6857888888888889,-0.1014555555555555,-2.9559999999999995,-0.61,-0.3259222222222221,-1.8883444444444448,0.7973222222222222,-5.278888888888889,0.3988888888888888,0.1777777777777778,0.3244444444444444,0.9866666666666666,-0.5066666666666667,-0.2566666666666667,-0.3888888888888889,0.0277777777777777,0.2577777777777778,-0.011111111111111,0.4455555555555555,-0.1466666666666667,-0.9233333333333332,0.2444444444444444,0.4388888888888889,-0.8088888888888889,0.1866666666666666,-0.2811111111111111,1.3122222222222222,-0.8744444444444446,-1.0233333333333334,-0.4155555555555554,0.2788888888888889,0
VEVLERELAWLKEH,0.1584020871428571,-0.8324564335714287,0.0432562642857142,0.3475313857142857,-0.3193083407142856,0.0571428571428572,-0.0757142857142857,-0.5242857142857142,-0.2392857142857143,0.0414285714285714,0.0685714285714285,-0.1457142857142856,0.1221428571428571,0.2171428571428571,0.2007142857142857,0.0164285714285714,-0.1478571428571428,-0.1971428571428571,-0.4496428571428571,0.8702142857142857,0.1828571428571428,0.5172142857142857,0.1342142857142856,-0.0346428571428571,-0.8707142857142856,0.1699999999999999,-0.2792857142857143,0.185,-0.4664285714285714,-0.4664285714285713,0.0314285714285714,-0.0799999999999999,-0.1557142857142857,0.4064285714285715,-0.2057142857142857,0.3128571428571429,-0.1478571428571428,-0.0225714285714285,-0.1230714285714285,-0.1722142857142857,-0.0603571428571428,0.0927142857142857,0.4600000000000001,0.0614285714285714,0.0971857142857147,0.9422714285714284,0.4269785714285714,0.47,0.8828571428571431,-1.4514285714285715,0.0485714285714285,-0.957857142857143,0.8271428571428573,-0.085,-0.5407142857142858,0.2470714285714286,-0.0106428571428571,0.0163571428571428,-0.1292857142857142,-0.6247857142857143,-0.2784285714285713,-0.1471428571428572,-0.2256428571428571,-0.0592857142857143,0.2809999999999999,0.3039285714285714,0.2343571428571428,0.1905857142857143,-1.0174642857142857,0.4383071428571427,0.1759357142857142,-0.3543928571428572,0.3569785714285714,0.4470714285714287,-0.2220714285714285,-0.2172,-0.3515714285714286,-0.6645285714285715,-3.125,0.4900000000000001,-0.0821428571428571,0.1085714285714285,0.2842857142857143,-0.0385714285714285,0.2014285714285714,0.2778571428571428,-0.1921428571428571,-0.2192857142857143,-0.3721428571428571,0.4721428571428571,-0.1114285714285714,-0.6007142857142858,0.2299999999999999,0.2749999999999999,-0.2357142857142857,0.1678571428571428,0.0635714285714285,-0.1014285714285714,-0.0842857142857142,-0.8950000000000001,-0.3814285714285714,0.1014285714285714,0
KDELPKVMAG,0.2265009549999999,-0.263078469,-0.19732513,0.3838871699999999,-0.121934881,0.362,-0.395,-0.179,-0.299,-0.151,0.0359999999999999,0.069,0.2,0.118,-0.0459999999999999,-0.2229999999999999,-0.376,0.0279999999999999,-0.5072,0.1671,-0.2594999999999999,0.5208999999999999,0.2935999999999999,-0.2973,-0.277,-0.288,-0.462,0.1969999999999999,0.285,-0.5370000000000001,0.2389999999999999,0.0079999999999999,-0.254,0.3329999999999999,-0.4579999999999999,0.193,-0.283,0.0629,-0.002,-0.1116,-0.0653,0.106,-0.632,-0.078,-1.81456,-1.2081799999999998,1.51534,-1.5400000000000005,-0.6870000000000002,-0.475,0.2669999999999999,-0.955,0.378,-0.261,0.1539999999999999,0.224,0.0576999999999999,-0.0657,-0.136,-0.9641,-0.1944,-0.1074,0.0701,-0.2437999999999999,-0.1885,0.1448999999999999,0.3029,-2.00795,-0.4052499999999998,-0.42052,-0.26102,0.30365,0.50205,-2.91538,0.15487,-0.21615,-2.21312,-0.0884599999999999,-5.202,0.1189999999999999,-0.4049999999999999,0.546,0.599,-0.1369999999999999,-0.172,-0.277,0.0649999999999999,-0.141,-0.362,0.5359999999999999,0.125,-0.911,0.369,0.517,-0.1339999999999999,0.116,-0.36,0.258,-0.73,-0.292,-0.2409999999999999,0.388,0
LVVGSTASSYSQRPDDQ,0.019807964117647,0.4605152347058823,-1.715949005882353,0.4972679235294117,-1.0568777182352942,0.4023529411764706,-0.2782352941176471,-0.0105882352941176,0.0070588235294117,-0.1011764705882352,0.1258823529411764,-0.0370588235294117,-0.1829411764705882,0.27,0.06,0.068235294117647,-0.4847058823529412,0.0523529411764705,-0.5374705882352943,-0.3330588235294117,-0.3753529411764705,0.4144705882352941,0.0967647058823529,-0.0182941176470588,0.28,-0.4476470588235294,0.1464705882352941,0.256470588235294,-0.1047058823529411,-0.3094117647058824,-0.4605882352941176,-0.3676470588235294,-0.2341176470588235,-0.0352941176470588,-0.3776470588235294,0.4217647058823529,-0.58,0.0812941176470588,0.0865294117647058,-0.0212941176470588,-0.0670588235294117,-0.0674117647058823,-0.9152941176470588,0.1158823529411764,-3.039988235294117,-2.110076470588236,0.2292823529411765,-2.048823529411765,-1.0141176470588231,-0.4852941176470587,0.1694117647058823,0.2288235294117647,-0.2958823529411765,0.3123529411764706,0.4305882352941176,0.2136470588235293,0.0022941176470588,-0.1140588235294117,0.0559999999999999,-0.9917058823529412,-0.2297058823529411,-0.4076470588235293,-0.0137647058823529,0.0978823529411764,-0.6807058823529412,0.0428823529411764,0.2460588235294117,0.2079529411764705,-1.3994058823529412,-0.4942411764705883,0.5125294117647058,0.0608705882352941,-0.1539176470588235,0.0400000000000002,-0.9065647058823528,-0.3551294117647059,1.1011411764705883,1.1482529411764706,-5.274705882352941,-0.1670588235294117,0.3605882352941177,0.0629411764705882,0.9305882352941176,-0.2970588235294117,-0.2294117647058823,-0.4317647058823529,-0.2123529411764705,-0.2529411764705882,-0.0794117647058823,-0.0923529411764706,0.1470588235294118,-0.9223529411764708,-0.0688235294117647,0.3976470588235294,-0.7029411764705882,0.2976470588235293,-0.3023529411764706,0.8188235294117647,-0.6676470588235294,-0.0223529411764706,-0.898235294117647,0.4223529411764706,0
GYLALLTKGLERLY,-0.0885326207142857,-0.21541154,0.4517299642857142,0.6783936642857142,0.53338914,-0.2664285714285713,-0.125,-0.2657142857142857,-0.0714285714285714,0.0635714285714285,0.2792857142857142,0.262142857142857,0.0464285714285714,0.1057142857142857,-0.0571428571428571,-0.2757142857142857,-0.1585714285714286,0.0757142857142857,0.1755714285714285,0.1567857142857142,0.1807142857142857,0.926142857142857,-0.0597857142857142,0.01,-0.1707142857142857,-0.0749999999999999,-0.0207142857142856,-0.1314285714285714,-0.3607142857142857,-0.9399999999999996,0.6407142857142858,0.1185714285714285,-0.1514285714285713,0.5535714285714285,-0.2985714285714285,0.3835714285714285,-0.1835714285714285,-0.0335714285714285,0.0286428571428571,-0.0903571428571428,-0.1516428571428571,0.0627857142857142,-0.0414285714285714,-0.3049999999999999,1.1751142857142856,-0.6502571428571428,1.2357142857142858,0.6214285714285713,-0.7014285714285717,0.0142857142857143,0.2457142857142857,-0.7335714285714285,0.8692857142857144,0.2471428571428571,0.0235714285714285,0.233,0.0764285714285714,0.0227857142857142,-0.0850714285714285,-0.7862142857142856,-0.1375714285714286,0.0277142857142857,-0.0307142857142857,-0.3426428571428572,-0.2425714285714286,-0.0656428571428571,0.5000714285714286,-0.7720714285714284,-0.7989642857142857,0.5126142857142858,0.0951571428571428,0.3723428571428571,0.3471928571428571,-1.58565,0.2347214285714285,-0.8069785714285714,-1.109185714285714,0.545242857142857,-4.245,0.2742857142857143,-0.225,0.4428571428571429,0.6621428571428571,0.2578571428571429,0.1014285714285714,-0.0699999999999999,0.1764285714285713,0.1492857142857142,-0.5471428571428572,0.4221428571428571,-0.4235714285714285,-0.7685714285714286,0.3935714285714285,0.37,-0.3685714285714284,0.0378571428571428,-0.3571428571428572,-0.8907142857142859,-0.7564285714285717,-0.8921428571428571,-0.4514285714285714,0.0921428571428571,0
ISNGALPLPAV,-0.46235953,0.2397942390909091,-0.7522736272727272,0.8813939727272726,-0.4540328345454545,-0.0263636363636363,-0.6672727272727272,0.0699999999999999,-0.0199999999999999,-0.3063636363636363,0.0018181818181818,0.3918181818181818,-0.0709090909090909,0.0418181818181818,0.0736363636363636,-0.63,-0.4663636363636363,0.069090909090909,0.0439090909090909,-0.282,-0.3695454545454545,0.8636363636363636,0.6225454545454545,-0.3683636363636363,0.0781818181818181,-0.7254545454545455,-0.0981818181818181,-0.3945454545454546,-0.1063636363636363,-0.6827272727272727,-0.0399999999999999,-0.2972727272727272,0.1336363636363636,-0.2081818181818182,-0.6072727272727273,0.4954545454545455,-0.5454545454545454,-0.0115454545454545,0.1746363636363636,-0.0784545454545454,-0.1253636363636363,0.0900909090909091,-1.3163636363636364,-0.6863636363636363,1.2372,-4.349545454545455,2.175354545454545,0.0136363636363635,-2.9318181818181817,-0.1736363636363636,0.7954545454545454,-0.8172727272727273,-0.2272727272727272,0.1463636363636363,-0.2163636363636363,0.2311818181818181,0.201,-0.0712727272727272,-0.0569090909090909,-1.1679090909090908,-0.4948181818181817,-0.3398181818181818,0.0672727272727272,-0.3657272727272727,-0.7234545454545454,0.0166363636363636,0.1779090909090909,-2.9820272727272727,-0.9023272727272726,0.892881818181818,-0.2259636363636364,0.6903272727272728,-0.2355363636363636,-3.633654545454546,1.047227272727273,-0.3574727272727273,-3.743490909090909,1.0769090909090908,-6.362727272727273,-1.109090909090909,0.0972727272727272,0.6472727272727272,0.91,0.33,-0.5336363636363637,-0.629090909090909,-0.4081818181818182,-0.0381818181818182,-0.9372727272727274,0.1999999999999999,0.2481818181818181,-1.1027272727272726,-0.1281818181818181,0.6745454545454544,-0.4436363636363636,-0.2009090909090909,-0.6318181818181818,-0.9445454545454546,-1.3254545454545457,0.1090909090909091,-0.488181818181818,0.9472727272727274,0
LQTIGERMGK,0.193589387,-0.167510334,0.82270799,0.3425683999999999,0.841226606,0.278,-0.229,-0.217,-0.269,0.091,0.389,0.1579999999999999,0.121,0.0059999999999999,0.069,-0.09,-0.2739999999999999,0.147,-0.1677,0.0841,-0.1737,0.4286999999999999,-0.1603,0.1293,-0.2029999999999999,-0.208,0.148,0.355,0.064,-0.068,0.6220000000000001,0.263,-0.4669999999999999,-0.039,-0.374,0.38,-0.186,0.0428999999999999,0.0055,-0.0853,-0.0635,-0.0086,-0.347,0.107,-1.81206,-0.6639899999999999,0.7205299999999999,-1.278,-0.5400000000000003,-0.0070000000000001,0.352,-0.227,0.882,0.001,0.1019999999999999,0.2226,0.0148,-0.0586999999999999,-0.0929,-0.8906999999999998,-0.1041,-0.1221,0.0752,-0.1762999999999999,-0.193,0.2192999999999999,0.4838,-1.1700400000000002,-0.7878399999999999,-0.91693,-0.0072799999999999,0.31711,0.32808,-2.4519,-0.5849200000000001,-0.59063,-1.06523,0.1336999999999999,-4.828999999999999,0.771,-0.417,0.5349999999999999,0.696,-0.1879999999999999,-0.15,-0.25,0.3489999999999999,0.0749999999999999,-0.286,0.593,-0.315,-0.8470000000000001,0.5559999999999999,0.497,-0.221,0.413,-0.205,0.45,-0.9399999999999998,-1.067,-0.3619999999999999,-0.0489999999999999,0
QQAFALMYGEIFTIT,-0.2883320539999999,-0.4044374833333333,0.7743223799999999,0.3016998933333333,0.2749568706666667,-0.3079999999999999,-0.15,-0.2553333333333333,0.0213333333333333,-0.0973333333333333,0.2306666666666666,0.01,-0.112,0.3126666666666667,0.0393333333333333,-0.2993333333333333,-0.24,-0.1293333333333333,0.3328666666666666,0.2631333333333333,0.112,0.3944,-0.0713999999999999,-0.0652,-0.4313333333333334,-0.1819999999999999,0.1186666666666667,-0.1906666666666667,-0.0173333333333333,-0.1626666666666667,0.2473333333333333,0.164,0.0733333333333333,-0.5073333333333333,-0.1906666666666666,0.6113333333333332,-0.4153333333333333,-0.0747999999999999,0.0261333333333333,-0.0937333333333333,-0.036,0.0262,-0.1126666666666666,-0.4406666666666666,1.9249933333333331,-1.368693333333333,0.16722,1.186,-0.8953333333333333,-0.6806666666666666,0.1546666666666666,-0.1733333333333333,0.236,-0.0266666666666666,0.3766666666666667,0.2292666666666666,0.027,-0.0038666666666666,-0.0183333333333333,-0.7894666666666666,-0.3116,-0.0511999999999999,-0.0236666666666666,-0.1854,-0.1870666666666666,-0.0743333333333333,0.1997333333333332,-1.0549933333333332,0.2060066666666667,0.0754999999999999,0.0894466666666666,0.2857666666666666,0.5465733333333334,-1.5187799999999996,0.33502,-0.2214866666666667,-1.3420266666666667,-0.2184333333333333,-4.246666666666666,-0.1399999999999999,0.0073333333333333,0.2513333333333333,0.5559999999999998,0.3253333333333332,-0.1366666666666667,-0.0993333333333333,-0.3326666666666666,-0.034,-0.402,-0.204,-0.3200000000000001,-0.7773333333333333,0.1273333333333333,0.3773333333333334,-0.332,0.0413333333333333,-0.2533333333333333,-1.0166666666666666,-0.6973333333333334,-0.3706666666666666,-0.6053333333333332,0.0106666666666666,0
KYVLECKKSDARTIA,0.2212803193333334,-0.2856524506666666,-0.0514434800000001,0.3483103666666666,0.1356574633333332,0.162,-0.3533333333333333,-0.2159999999999999,-0.0593333333333333,0.2473333333333333,0.0653333333333333,-0.0546666666666666,-0.06,0.3073333333333333,-0.1339999999999999,0.0233333333333333,-0.2653333333333333,0.1993333333333333,-0.3621333333333333,0.317,-0.0937333333333333,0.3674,-0.1092666666666666,0.3038666666666667,-0.3153333333333333,-0.1133333333333333,0.1173333333333333,0.372,-0.1853333333333333,-0.4486666666666666,0.074,-0.1393333333333333,-0.012,0.2493333333333333,-0.4386666666666666,0.2826666666666667,-0.1833333333333333,0.036,-0.048,-0.0919333333333333,-0.0883333333333333,-0.0505999999999999,-0.2466666666666666,0.1393333333333333,-1.800366666666667,0.2442333333333332,0.3438533333333333,-0.7400000000000001,0.3086666666666664,-0.7659999999999999,0.6886666666666666,-0.0786666666666666,0.3206666666666667,0.2346666666666667,0.3373333333333333,0.2316666666666666,0.0167333333333333,-0.0447999999999999,-0.0583333333333333,-0.8218,-0.2608666666666666,-0.1844666666666667,-6.666666666667042e-05,-0.0948,-0.1300666666666667,0.1665333333333333,0.1940666666666667,-0.1572799999999999,-0.8773399999999999,-0.2811599999999999,-0.2939733333333333,0.3866466666666667,0.31828,-0.8644666666666665,-0.4269533333333333,-0.5171800000000001,0.3609733333333333,0.40962,-4.441333333333334,0.4453333333333333,-0.1266666666666666,0.344,0.5840000000000001,-0.256,-0.002,-0.0059999999999999,-0.2186666666666666,0.1706666666666666,0.0086666666666666,0.2353333333333332,-0.01,-0.794,0.312,0.4126666666666666,-0.314,0.1853333333333333,-0.1053333333333333,0.576,-0.4286666666666666,-0.5653333333333334,-0.2906666666666666,0.0726666666666666,0
TIADFVADLRAPTPSA,-0.2027053543749999,-0.053057198125,-0.64734885,0.7522235687499998,-0.4948891418750001,0.111875,-0.559375,0.0537499999999999,-0.01125,-0.23125,-0.043125,0.07125,-0.244375,0.3137500000000001,-0.05375,-0.32125,-0.44125,0.0162499999999999,-0.1081875,-0.0341874999999999,-0.3273749999999999,0.59475,0.4855,-0.1885625,-0.133125,-0.5549999999999999,-0.1349999999999999,-0.0693749999999999,-0.3925,-0.431875,-0.2499999999999999,-0.431875,0.27125,-0.0399999999999999,-0.476875,0.3768749999999999,-0.544375,0.0166874999999999,0.0854375,-0.095,-0.0870625,0.044,-0.979375,-0.384375,-0.6758624999999998,-2.9105875,1.2196250000000002,-0.5299999999999998,-1.691875,-0.885,0.4275,-0.295625,-0.51,-0.1031249999999999,0.5418750000000001,0.2215,0.12175,-0.0784999999999999,-0.011875,-1.0254375,-0.4862499999999999,-0.407,-0.0015,-0.1489375,-0.672875,0.0666875,0.1075,-2.322225,-0.5613375,0.6099125,-0.0163624999999999,0.5762625,0.055475,-2.56748125,0.41611875,-0.0439625,-2.4749625,1.0726875,-5.57,-0.74875,0.311875,0.33625,0.8643749999999999,0.051875,-0.265625,-0.4187499999999999,-0.5956250000000001,-0.1999999999999999,-0.38,-0.090625,0.44125,-0.9825,-0.1512499999999999,0.498125,-0.6625,-0.17375,-0.47875,-0.123125,-0.84625,0.1043749999999999,-0.516875,0.67875,0
MVENVIWPAALDANRSRSDGRRVSLDLAVENPTVDEIAKAVQQVGYDAVIERDKTYPREYEGRGRVVVKDADDATKSDLLGAVAAYMQALRE,0.1086103459782608,-0.1566209123913043,-0.2990392695652173,0.5167000380434782,-0.2244515764130434,0.2685869565217392,-0.2996739130434783,-0.1576086956521739,-0.0584782608695652,-0.0694565217391304,0.1468478260869565,-0.0070652173913043,0.0345652173913043,0.2243478260869565,0.0555434782608695,-0.0657608695652173,-0.3574999999999999,-0.0057608695652173,-0.5066304347826086,0.1317282608695652,-0.1804999999999999,0.473304347826087,0.0056195652173912,-0.0045543478260869,-0.2042391304347826,-0.2738043478260869,0.0141304347826087,0.2573913043478261,-0.3243478260869565,-0.318804347826087,-0.1358695652173913,0.0274999999999999,-0.0682608695652173,0.1056521739130434,-0.357391304347826,0.259891304347826,-0.348478260869565,0.0404999999999999,0.0052934782608695,-0.0955978260869565,-0.0628695652173913,-0.0039239130434782,-0.4821739130434782,-0.0068478260869565,-1.8555543478260876,-1.0449956521739134,0.4165815217391304,-1.0218478260869566,-0.4746739130434785,-0.8674999999999998,0.1349999999999999,-0.156304347826087,0.2415217391304348,0.1730434782608695,0.1501086956521739,0.2245652173913043,0.0202391304347826,-0.0718152173913043,-0.0657826086956522,-0.8910434782608696,-0.25575,-0.2863804347826087,-0.0095,-0.0543804347826087,-0.3868478260869565,0.1320543478260869,0.3228478260869565,-1.2168684782608696,-0.9487184782608696,0.0018728260869564,0.242325,0.0536065217391304,0.1347576086956522,-1.5781097826086952,-0.4452913043478261,-0.2580260869565217,-1.086578260869565,0.6716076086956522,-4.749130434782608,0.1782608695652174,0.1319565217391304,0.2763043478260869,0.7779347826086958,-0.2017391304347825,-0.0596739130434782,-0.2151086956521739,-0.1639130434782608,-0.2008695652173913,-0.1940217391304348,0.2854347826086956,0.0075,-0.8440217391304347,0.1663043478260869,0.4118478260869564,-0.5842391304347826,0.1363043478260869,-0.2122826086956522,0.5256521739130434,-0.5254347826086957,-0.4029347826086957,-0.5739130434782608,0.3358695652173913,0
MAVQQNKKSPSKRGMHRSHDALTNPPLAIEPTTGETHLRHHISPNGFYRGKKVIKTKNDD,0.2866838803333333,0.1181932788333333,-0.1704244266666667,0.2108680699999999,0.1622574764999999,0.4708333333333334,-0.1265,-0.1896666666666666,0.0168333333333333,0.0113333333333333,0.0433333333333333,0.1573333333333333,-0.14,0.0045,-0.0223333333333333,0.0659999999999999,-0.3113333333333333,0.189,-0.3980166666666668,-0.12935,-0.1989166666666666,0.1915333333333332,0.1981833333333333,0.0620166666666666,0.1081666666666666,-0.1343333333333333,-0.0065,0.3459999999999999,0.2031666666666667,-0.2061666666666667,-0.0288333333333333,-0.0838333333333333,0.0278333333333333,0.0793333333333333,-0.2763333333333334,0.3928333333333332,-0.3623333333333333,0.0785,0.0049166666666666,-0.0134333333333333,-0.0613833333333333,-0.00695,-0.3685,0.2111666666666667,-2.6564333333333336,-0.2527666666666664,0.9002700000000001,-1.7658333333333334,-0.0351666666666666,0.0643333333333333,0.5853333333333334,-0.1298333333333333,-0.0778333333333333,-0.0098333333333333,-0.0623333333333333,0.2193999999999999,0.01815,-0.0285666666666666,-0.0247499999999999,-0.8315666666666666,-0.1499666666666667,-0.21555,-0.1006,-0.0161166666666666,-0.2248833333333333,0.22635,0.1723666666666667,-0.5805266666666667,-0.6396333333333335,-0.0233733333333333,0.0833233333333333,0.35641,-0.0789183333333333,-0.6981033333333333,-0.1815,-0.0906266666666666,-0.3703116666666667,0.2486716666666666,-4.415,0.0483333333333333,-0.0933333333333333,0.0753333333333333,0.5508333333333333,-0.2996666666666666,-0.0781666666666666,-0.1651666666666666,0.0669999999999999,0.0899999999999999,0.0111666666666666,0.377,0.2363333333333333,-0.7938333333333333,0.0828333333333333,0.3365000000000001,-0.3091666666666667,0.343,-0.2471666666666666,0.8016666666666664,-0.1781666666666666,-0.3681666666666667,0.0361666666666666,0.3953333333333333,0
MGLLDYFRGSRTDSAAVAKERLQILVAHERAERNKPDYLPLLQKELLEVIRKYVNVGQDAITVTMEKDDNREVLELNVVLPDAIESRPKRKRG,0.1957525336559139,-0.2125524024731182,-0.1269458537634408,0.4582787634408601,-0.0604458160215054,0.2468817204301076,-0.2773118279569891,-0.3323655913978495,-0.094516129032258,-0.0136559139784946,0.1219354838709677,0.006021505376344,0.0419354838709677,0.0947311827956989,-0.0144086021505376,-0.0238709677419354,-0.2644086021505376,0.0082795698924731,-0.4326666666666666,0.2240860215053763,-0.042774193548387,0.4730537634408601,0.1178279569892472,0.0889569892473118,-0.2256989247311828,-0.0846236559139785,0.0175268817204301,0.2880645161290322,-0.2406451612903226,-0.4061290322580644,0.0670967741935483,-0.0412903225806451,0.0287096774193548,0.1490322580645161,-0.3440860215053763,0.3086021505376343,-0.2388172043010752,0.0335483870967741,-0.0295268817204301,-0.084010752688172,-0.0876451612903225,0.0072258064516129,-0.1359139784946236,0.0355913978494623,-1.5612365591397854,-0.066158064516129,0.6957784946236558,-0.8332258064516131,0.1375268817204299,-0.7603225806451613,0.2968817204301074,-0.3372043010752688,0.2522580645161291,0.1636559139784946,-0.0297849462365591,0.2301397849462365,0.0008494623655913,-0.0497204301075268,-0.0913225806451613,-0.8093440860215054,-0.2032043010752687,-0.205247311827957,-0.0469784946236559,-0.0893763440860215,-0.0523548387096774,0.1441182795698924,0.2290430107526881,-0.6748258064516129,-1.1619763440860216,0.0938021505376343,0.0287677419354838,0.0416924731182795,0.1961849462365592,-0.8660634408602148,-0.4032,-0.3112096774193549,-0.5355741935483872,0.3130709677419354,-4.245591397849461,0.457741935483871,-0.0591397849462365,0.282258064516129,0.5327956989247311,-0.1840860215053763,0.0588172043010752,-0.0295698924731182,-0.0923655913978494,-0.0825806451612903,-0.182258064516129,0.3634408602150537,0.0559139784946236,-0.7626881720430106,0.278494623655914,0.3380645161290322,-0.3993548387096773,0.1439784946236559,-0.1178494623655914,0.3429032258064516,-0.3075268817204301,-0.6667741935483872,-0.4740860215053763,0.3475268817204301,0
MAVPKRKMSRANTRARRAQWKATAPNLVKTIENGQVTYSLPHQAKVVTDSAGTALFLEYKGRKVADA,0.1360525937313433,-0.1512537916417911,-0.0345519417910448,0.4888052164179104,0.2022023149253731,0.254776119402985,-0.287910447761194,-0.1614925373134328,-0.1322388059701492,0.1016417910447761,0.143731343283582,0.1716417910447761,-0.1497014925373134,0.2226865671641791,0.0028358208955223,-0.0895522388059701,-0.2998507462686567,0.197910447761194,-0.3984626865671641,0.1116119402985074,-0.1736567164179104,0.4352835820895522,0.0733582089552238,0.2021791044776119,-0.1953731343283582,-0.2443283582089551,0.0817910447761194,0.2877611940298508,-0.0541791044776119,-0.3801492537313434,0.0913432835820895,-0.1404477611940298,-0.1055223880597014,0.0373134328358208,-0.3840298507462687,0.4141791044776119,-0.3105970149253731,0.0421791044776119,0.0020895522388059,-0.0821194029850746,-0.0936119402985074,-0.0201194029850746,-0.4508955223880596,-0.0225373134328357,-1.869402985074627,-0.7530373134328356,0.8738268656716418,-0.99,-0.3443283582089554,-0.3771641791044775,0.8180597014925375,-0.1211940298507463,0.2341791044776119,0.0135820895522388,0.2965671641791045,0.224820895522388,0.0529850746268656,-0.0484626865671641,-0.045776119402985,-0.8775820895522387,-0.239955223880597,-0.2377910447761194,-0.0083880597014925,-0.1307164179104477,-0.4203880597014926,0.2006119402985074,0.3171940298507463,-0.9282746268656716,-0.7265492537313433,-0.1463626865671642,0.058755223880597,0.5040985074626867,0.0100925373134328,-1.578189552238806,-0.1124477611940298,-0.3851537313432835,-0.7280268656716419,0.6617358208955224,-4.720298507462687,0.0813432835820896,-0.0395522388059701,0.2895522388059701,0.7219402985074626,-0.1904477611940298,-0.1144776119402985,-0.1874626865671642,-0.1264179104477612,0.1870149253731343,-0.157910447761194,0.2852238805970149,0.0280597014925373,-0.843731343283582,0.1843283582089552,0.4243283582089552,-0.4708955223880597,0.1150746268656716,-0.2798507462686567,0.4144776119402985,-0.503134328358209,-0.5859701492537314,-0.1180597014925373,0.3613432835820895,0
MFCVLKFLSCTLSRINIVQKLSDAAVPPKKAAPKKAVAKKTPAKKTAKKPAVKKPAAKKRAAPKKKPAAAKKAVTKSAKKHAAKKAPKKAVKKAPKK,0.318727990927835,-0.2941846907216495,-0.3255926865979382,0.484047237113402,0.2304530152577319,0.3639175257731958,-0.4804123711340206,-0.1881443298969072,-0.3167010309278351,0.2092783505154639,-0.0689690721649484,0.2878350515463918,-0.0905154639175257,0.3497938144329897,-0.211340206185567,-0.1955670103092783,-0.2852577319587628,0.4125773195876288,-0.4929690721649485,0.2392474226804123,-0.2246082474226804,0.5465979381443299,0.3377319587628866,0.2691546391752577,-0.34,-0.252680412371134,-0.1876288659793814,0.3835051546391753,0.3635051546391752,-0.8372164948453609,0.2798969072164948,-0.3772164948453608,-0.0156701030927835,0.1198969072164948,-0.5593814432989691,0.3608247422680412,-0.1655670103092783,0.0719278350515464,-0.032381443298969,-0.1079484536082474,-0.1599587628865979,0.0284639175257731,-0.6125773195876288,-0.0247422680412371,-2.466737113402062,-0.3586855670103092,2.23280206185567,-1.5253608247422683,-0.0849484536082475,-0.2244329896907215,1.6909278350515462,-0.686494845360825,0.2650515463917526,-0.1676288659793814,0.5096907216494845,0.2277216494845361,0.1097113402061856,-0.0350824742268041,-0.133340206185567,-0.9362680412371132,-0.2833195876288659,-0.1464536082474226,0.0401340206185566,-0.3503092783505155,-0.305298969072165,0.274020618556701,0.3176082474226804,-1.023521649484536,-0.6083164948453609,-0.3599041237113403,-0.43890206185567,1.2283742268041238,0.2497298969072165,-2.2633670103092784,0.5881876288659793,-0.6435567010309278,-0.679017525773196,0.4167876288659793,-5.101855670103093,-0.0219587628865979,-0.4306185567010309,0.488659793814433,0.5955670103092783,-0.2535051546391752,-0.1645360824742268,-0.1608247422680412,-0.1884536082474226,0.5725773195876288,-0.2112371134020619,0.4998969072164949,0.2883505154639175,-0.9052577319587628,0.2902061855670103,0.4985567010309279,-0.1787628865979381,0.0377319587628865,-0.4541237113402062,0.4165979381443299,-0.5360824742268041,-0.6457731958762888,0.3696907216494846,0.6174226804123711,0
MRRQQRSITDIICENCKYLPTKRGIQKFSFEQNTMMSVQGGLSSLSDSQLTCIFKYCTLQRACV,-0.003771068125,0.033721591875,-0.2735972609375001,0.1734446921874999,-0.0293650346874999,0.07234375,-0.2703125,-0.17359375,-0.0098437499999999,0.2134375,0.1401562499999999,-0.05828125,-0.0876562499999999,0.07515625,-0.04734375,-0.0078125,-0.2592187499999999,0.09515625,-0.103234375,0.05496875,-0.1189062499999999,0.1184531249999999,-0.077109375,0.2621875,-0.04625,-0.1259375,0.2734375,0.1721875,-0.0281249999999999,-0.00984375,0.19140625,-0.1729687499999999,-0.0012499999999999,-0.1328125,-0.345,0.50625,-0.3093749999999999,0.0109687499999999,0.006890625,-0.027859375,-0.0285625,-0.079109375,-0.2195312499999999,0.0578125,-0.79095625,-0.281896875,-0.3442484375,-0.3278124999999999,-0.1165625,-0.27875,0.361875,0.33796875,0.0415625,0.13390625,0.2229687499999999,0.226,-0.0226562499999999,-0.060546875,0.0140937499999999,-0.8258281249999999,-0.169875,-0.159265625,0.031328125,-0.039015625,-0.1005,0.143484375,0.08296875,0.227125,-0.7458453125,-0.6168953125,-0.2326640625,0.0527296875,0.028003125,-0.2420296874999999,-0.6223875,-0.356396875,0.7998171875,0.2848828124999999,-4.39125,0.3728125000000001,-0.1170312499999999,0.25109375,0.531875,-0.11921875,-0.13296875,-0.06109375,-0.0990625,0.0871874999999999,0.0459375,-0.07328125,-0.0828125,-0.78265625,0.25453125,0.3971875,-0.2407812499999999,0.30203125,-0.03171875,0.2559374999999999,-0.4090625,-0.32390625,-0.4184374999999999,-0.0226562499999999,0
MFTLKKSLLLLFFLGTISSSLCEQERDSDDEDQGEVTEQVVKRLVRGCWTKSYPPKPCFVRG,0.0241506711290322,0.0232980170967741,-0.4598067983870968,0.3161938822580645,-0.3032703675806451,0.1074193548387096,-0.2314516129032258,-0.1404838709677419,-0.1003225806451613,0.0143548387096774,0.0983870967741935,-0.075,-0.0277419354838709,0.0996774193548387,-0.099516129032258,-0.0530645161290322,-0.271290322580645,0.0035483870967741,-0.2752419354838709,0.0441935483870967,-0.1008064516129032,0.3345322580645162,0.1069354838709677,0.0632258064516129,-0.0353225806451612,-0.1103225806451613,0.02,0.1164516129032257,-0.1209677419354838,-0.3296774193548387,0.1625806451612902,-0.185,-0.0675806451612903,0.2090322580645161,-0.3232258064516128,0.3874193548387096,-0.3201612903225806,0.0205322580645161,0.012,-0.0407096774193548,-0.0604516129032258,-0.0071774193548387,-0.2227419354838709,0.0229032258064516,-0.7991725806451614,-0.4608,0.363816129032258,-0.5683870967741936,-0.2424193548387097,-0.3124193548387097,0.0774193548387096,-0.2108064516129032,0.1029032258064516,0.122258064516129,0.192258064516129,0.2250483870967742,0.0088548387096774,-0.0410806451612903,-0.019,-0.8199032258064516,-0.2050322580645161,-0.1481129032258064,-0.0133064516129032,-0.1080806451612903,-0.137758064516129,0.1253548387096774,0.1601129032258064,0.0851967741935482,-0.7165258064516131,-0.3653161290322581,-0.0340467741935483,0.1639435483870967,0.2149145161290322,-0.2282451612903224,-0.3055548387096774,-0.3380790322580645,0.4643177419354837,0.2533677419354839,-4.291451612903225,0.184516129032258,-0.1001612903225806,0.1740322580645161,0.5372580645161291,-0.0796774193548387,-0.0501612903225806,-0.0741935483870967,-0.0588709677419355,-0.0885483870967742,-0.1114516129032257,0.0675806451612902,0.0638709677419354,-0.7741935483870965,0.1935483870967742,0.3337096774193548,-0.3017741935483871,0.2148387096774193,-0.2061290322580645,0.1229032258064515,-0.4196774193548387,-0.299516129032258,-0.5119354838709678,0.0630645161290322,0
VMNLWPGVRLRVMEGWDEDGHHSEESLHYEGRAVDITTSDRDRNKYAMLARLAVEAGF,0.0902069918965517,-0.1614806805172414,-0.0485252155172414,0.308660774137931,-0.0177998568965516,0.23,-0.0675862068965517,-0.1367241379310345,0.0018965517241379,-0.0391379310344827,0.1917241379310344,0.0274137931034482,0.0439655172413793,0.1146551724137931,0.0836206896551724,-0.0224137931034482,-0.2906896551724138,-0.0122413793103448,-0.3621379310344827,0.1267241379310345,-0.1154999999999999,0.3116206896551723,-0.0568793103448275,-0.0823103448275861,-0.1713793103448275,-0.1422413793103447,-0.0960344827586207,0.1710344827586207,-0.2917241379310345,-0.1456896551724138,-0.1244827586206896,0.1574137931034482,-0.1472413793103448,0.2767241379310345,-0.2282758620689655,0.2782758620689655,-0.3593103448275862,0.0301206896551724,-0.0041724137931034,-0.0738103448275862,-0.0194482758620689,0.0202758620689655,-0.2351724137931033,0.0481034482758621,-1.2857413793103445,-0.5675810344827584,0.0472637931034483,-0.7163793103448277,-0.2829310344827587,-0.4970689655172413,-0.1372413793103448,-0.1424137931034482,0.3387931034482759,-0.0694827586206896,-0.0760344827586207,0.2243793103448276,0.0074482758620689,-0.0202241379310344,-0.0273620689655172,-0.7957586206896551,-0.1532241379310345,-0.2023448275862068,-0.0842241379310344,-0.0158965517241379,-0.3315689655172413,0.215948275862069,0.3463793103448275,-0.4898241379310345,-0.5800637931034484,-0.0447931034482759,0.2820603448275861,-0.0677482758620689,0.0130655172413793,-0.6998999999999997,-0.4530655172413793,-0.1846741379310344,-0.4084034482758621,0.4526810344827586,-4.2156896551724135,0.1543103448275863,0.0196551724137931,0.1027586206896551,0.6912068965517242,-0.1408620689655172,-0.0106896551724138,-0.1418965517241379,0.0591379310344827,-0.2177586206896552,-0.0875862068965517,0.3213793103448276,-0.0760344827586207,-0.7651724137931035,0.1360344827586207,0.3656896551724138,-0.4341379310344827,0.3260344827586206,-0.185,0.5022413793103447,-0.2655172413793104,-0.2782758620689656,-0.2460344827586207,0.129655172413793,0
MSLTYMNMFMAFTISLLGLLLYRSHMMSSLLCLEGMMLSLFVMMTMTILNTHLTLASMIPIILLVFAACEAALGLSLLVMVSTTYGMDYVQNLNLLQC,-0.4917944120408162,-0.3088337915306122,-0.0757655071428572,0.3910373948979592,-0.0896331003061224,-0.4497959183673469,-0.4320408163265306,-0.2996938775510204,0.0605102040816326,0.0278571428571428,0.2520408163265306,0.0623469387755102,-0.1288775510204081,-0.023469387755102,0.068673469387755,-0.398265306122449,-0.2551020408163266,-0.0089795918367347,0.3469591836734693,0.3206428571428572,0.0190306122448979,0.4820102040816326,0.0401122448979591,-0.0533265306122449,-0.379795918367347,-0.2602040816326531,0.0995918367346938,-0.3637755102040815,0.0796938775510204,-0.3078571428571428,0.0878571428571428,-0.1454081632653061,-0.0751020408163265,0.146734693877551,-0.4705102040816326,0.6245918367346939,-0.4428571428571428,-0.0937755102040816,0.0488265306122449,-0.1049285714285714,-0.0318571428571428,0.0100204081632652,-0.2627551020408163,-0.6077551020408163,3.0599387755102048,-1.8341683673469389,-0.1551826530612244,1.8831632653061223,-1.2504081632653063,-0.7306122448979592,0.3512244897959184,-0.1384693877551021,0.0236734693877551,-0.2211224489795917,0.0427551020408163,0.242469387755102,0.0554081632653061,-0.0362142857142857,0.0139489795918367,-0.8859591836734694,-0.2519591836734693,-0.0883061224489795,0.0448877551020408,-0.1714795918367347,-0.0223979591836734,-0.0023979591836734,-0.0518163265306122,-0.6817377551020409,-0.4587806122448978,0.2014877551020407,-0.8135244897959184,-0.0253806122448979,0.0334448979591837,-1.3040336734693878,0.1385959183673469,-0.3732122448979591,-1.0849765306122447,0.0893642857142856,-4.838163265306123,-0.1162244897959183,-0.2282653061224489,0.6331632653061223,0.4533673469387754,0.4538775510204082,-0.2998979591836734,-0.1062244897959184,-0.3916326530612245,0.0222448979591836,-0.4017346938775509,-0.2115306122448979,-0.305,-0.8550000000000001,0.258265306122449,0.5856122448979592,-0.0070408163265305,-0.045204081632653,-0.0423469387755102,-1.2796938775510205,-0.8566326530612245,-0.188265306122449,-0.292142857142857,0.0981632653061224,0
MTKIKTVTFVNTYPGGSMKNLLDTEGTVLFPFQTEIHFIWTIFSTVKRLVIGTRDHICQKQYWSACLCILLLMAYVGLCAAVVWFVVPC,-0.3289512761797752,-0.0780351414606741,0.2154828382022471,0.2858589595505618,0.0728193239325842,-0.3059550561797752,-0.2873033707865168,-0.1179775280898876,0.0199999999999999,-0.0169662921348314,0.1142696629213483,0.0107865168539325,-0.1424719101123595,0.067752808988764,0.0142696629213483,-0.2867415730337078,-0.2355056179775281,0.0216853932584269,0.0413932584269662,0.0806853932584269,0.0189213483146067,0.2954943820224719,-0.022438202247191,0.1462696629213483,-0.1389887640449438,-0.1687640449438202,0.3208988764044944,-0.1864044943820225,0.0120224719101123,-0.2323595505617977,0.0995505617977528,-0.066067415730337,-0.015505617977528,0.0612359550561797,-0.3522471910112359,0.5542696629213483,-0.4038202247191012,-0.0646067415730337,0.0456853932584269,-0.0398202247191011,-0.0535393258426966,-0.0338539325842696,-0.1773033707865169,-0.3265168539325842,2.036603370786517,-1.114467415730337,0.2982393258426966,1.2293258426966291,-0.8666292134831461,-0.2664044943820224,0.317191011235955,-0.051123595505618,0.0329213483146067,0.2530337078651686,0.1357303370786516,0.2287977528089887,0.0687078651685393,-0.0165280898876404,-0.0149438202247191,-0.814438202247191,-0.3320337078651685,-0.1148651685393258,-0.0049325842696629,-0.189876404494382,-0.1672247191011235,0.078629213483146,0.0104494382022471,-0.7769820224719102,-0.0563932584269662,0.2453550561797752,-0.3447898876404494,0.3788449438202247,0.143652808988764,-1.2349988764044944,0.4688775280898876,-0.2342775280898876,-1.18886404494382,0.067714606741573,-4.330786516853933,-0.3159550561797752,-0.0610112359550561,0.3119101123595506,0.4899999999999999,0.2673033707865169,-0.1879775280898876,-0.0628089887640449,-0.347752808988764,0.1119101123595505,-0.3148314606741573,-0.1221348314606741,-0.0770786516853932,-0.7915730337078652,0.076629213483146,0.4349438202247191,-0.2012359550561797,-0.0120224719101123,-0.2095505617977528,-0.8107865168539325,-0.6938202247191011,-0.3006741573033708,-0.2233707865168538,-0.0562921348314606,0
MAQGKQKFKAQRPGGAKKHQNKPKGLKKGGRIIAPKKAQVVQQQKLKKGLEVAIRNKIEHEVTQKASTSLHKKLSVLKTPAQKSGTAGAPKPAAGPSK,0.315057858877551,-0.0623407342857143,-0.3342178336734693,0.3977167714285713,0.2020909457142856,0.4763265306122449,-0.2674489795918367,-0.173469387755102,-0.2538775510204081,0.1181632653061224,0.1013265306122449,0.266734693877551,0.0104081632653061,0.2165306122448979,-0.033469387755102,-0.0846938775510204,-0.3289795918367346,0.288673469387755,-0.4706632653061224,0.0187142857142857,-0.2639999999999999,0.4926428571428571,0.1470102040816326,0.1469387755102041,-0.1418367346938775,-0.2748979591836734,-0.075204081632653,0.415,0.3556122448979591,-0.5492857142857143,0.3395918367346938,-0.1004081632653061,-0.1851020408163265,-0.0837755102040816,-0.4037755102040816,0.391938775510204,-0.2428571428571428,0.0856428571428571,0.0024489795918367,-0.0787857142857142,-0.1201326530612244,0.0139999999999999,-0.6406122448979592,0.1440816326530612,-2.962636734693877,-0.7332295918367345,1.694,-2.041224489795919,-0.3833673469387756,0.0640816326530611,1.123265306122449,-0.4722448979591836,0.5126530612244898,-0.0128571428571428,0.2195918367346938,0.2204795918367347,0.0578163265306122,-0.0493775510204081,-0.1146020408163265,-0.939408163265306,-0.1875816326530612,-0.1709897959183673,0.0124489795918367,-0.2304795918367347,-0.3578469387755101,0.2470714285714285,0.467704081632653,-1.023176530612245,-0.7683010204081632,-0.5600928571428572,0.1292928571428571,0.8451500000000001,0.1558673469387755,-2.081027551020408,0.0812816326530611,-0.5838132653061223,-0.7629877551020409,0.2722969387755102,-5.0626530612244895,0.1727551020408163,-0.2918367346938775,0.3506122448979591,0.7220408163265305,-0.3097959183673469,-0.1980612244897959,-0.2863265306122449,0.1035714285714285,0.3337755102040816,-0.241734693877551,0.5910204081632653,0.043469387755102,-0.8942857142857141,0.2758163265306122,0.4583673469387755,-0.313673469387755,0.3016326530612245,-0.4236734693877551,0.6809183673469388,-0.661938775510204,-0.7566326530612244,-0.0162244897959183,0.4855102040816327,0
MARSIKKGPFVDDHLMKKVEAQDGSEKKQVIKTWSRRSTIFPNFIGHTFAVYDGRKHVPVYVTEDMVGHKLGEFAPTRTFKGHAADDKKTRR,0.1913354797826086,-0.057681204347826,0.0547956554347825,0.240770352173913,0.1929559608695652,0.2748913043478261,-0.1041304347826087,-0.1815217391304347,-0.0339130434782608,-0.0288043478260869,0.1140217391304347,0.083695652173913,-0.0384782608695652,0.1472826086956521,-0.0768478260869565,-0.0203260869565217,-0.2629347826086957,0.1309782608695652,-0.4172934782608695,0.0168478260869565,-0.0905217391304347,0.2592608695652174,0.0202826086956521,0.1439130434782609,-0.0575,-0.088695652173913,0.0596739130434782,0.2897826086956522,0.1014130434782609,-0.2828260869565218,-0.008695652173913,0.0767391304347826,-0.0525,0.1966304347826087,-0.2634782608695651,0.3464130434782608,-0.3172826086956521,0.0425760869565217,-0.0099891304347826,-0.0391521739130434,-0.0666630434782608,-0.0119999999999999,-0.2001086956521738,0.1014130434782608,-1.691701086956522,-0.0602217391304346,0.7450130434782609,-1.0696739130434785,0.0123913043478259,-0.145,0.3870652173913043,-0.1465217391304347,0.1555434782608696,0.0338043478260869,0.2028260869565217,0.2192717391304348,0.0227065217391304,-0.0102717391304347,-0.0522826086956521,-0.7875869565217392,-0.1635217391304348,-0.1361413043478261,-0.0635978260869565,-0.1128586956521739,-0.2339347826086956,0.2080434782608695,0.2799782608695652,-0.2751923913043478,-0.3458978260869565,-0.2653510869565217,0.1292054347826086,0.5060423913043478,0.1944967391304348,-0.7070282608695652,-0.0597336956521739,-0.2746728260869565,0.043416304347826,0.2616228260869565,-4.161521739130435,0.1266304347826087,-0.1480434782608695,0.0854347826086956,0.5606521739130435,-0.1966304347826086,-0.0182608695652173,-0.0918478260869565,0.006195652173913,0.0802173913043478,-0.0129347826086956,0.3149999999999999,0.1197826086956521,-0.7604347826086958,0.1582608695652174,0.3142391304347827,-0.3180434782608695,0.2829347826086957,-0.2970652173913043,0.5122826086956522,-0.2558695652173912,-0.4840217391304349,-0.0052173913043477,0.1581521739130435,0
MNPANYLYLSALLFTIGASGVLLRRNAIVMFMCVELMLNAVNLAFVTFARMHGHLDGQMIAFFTMVVAACEVVVGLAIIMTIFRTRKSASVDDANLLKG,-0.3664826364646465,-0.3035447006060606,0.137016207070707,0.4939915565656564,0.0939564576767677,-0.2537373737373737,-0.3926262626262626,-0.1991919191919191,0.0938383838383838,-0.0243434343434343,0.2609090909090908,0.13,-0.027070707070707,0.0921212121212121,0.0337373737373737,-0.3953535353535353,-0.2852525252525252,0.0305050505050505,0.0453535353535353,0.2510101010101009,-0.0648383838383837,0.5093333333333333,-0.050030303030303,0.0354343434343434,-0.3618181818181818,-0.3266666666666667,0.156060606060606,-0.1892929292929293,-0.0618181818181818,-0.3253535353535353,0.0323232323232323,0.1135353535353535,0.0621212121212121,0.0548484848484848,-0.4253535353535354,0.4891919191919192,-0.4035353535353534,-0.0628888888888888,0.0471111111111111,-0.1140808080808081,-0.0463636363636363,-0.0017777777777777,-0.4232323232323232,-0.4995959595959596,1.859689898989899,-1.8500565656565653,0.090680808080808,1.2027272727272726,-1.2873737373737375,-0.6885858585858584,0.4236363636363636,-0.0675757575757576,0.2002020202020202,-0.0610101010101009,0.0466666666666666,0.2369696969696969,0.0743333333333333,-0.0315656565656565,-0.0358383838383838,-0.9112323232323232,-0.2948787878787878,-0.1408383838383838,0.0533636363636363,-0.2266262626262626,-0.2486767676767677,0.0793131313131313,0.1776868686868687,-1.350950505050505,-0.3342444444444445,0.1933878787878787,-0.3692878787878788,0.3105070707070707,0.0309979797979798,-2.109938383838384,0.272820202020202,-0.4090242424242423,-1.654590909090909,0.4333121212121212,-4.953030303030303,-0.1453535353535353,-0.0945454545454545,0.5207070707070707,0.6523232323232322,0.2756565656565657,-0.2914141414141414,-0.1959595959595959,-0.3448484848484848,0.0373737373737373,-0.3643434343434342,0.0389898989898989,-0.2377777777777778,-0.8794949494949496,0.1958585858585858,0.5454545454545454,-0.2754545454545454,-0.0156565656565656,-0.2131313131313131,-0.7152525252525253,-0.814949494949495,-0.281010101010101,-0.2412121212121212,0.2137373737373737,0
MVKLSKEAKQRLQQLFKGGQFAIRWGFIPLVIYLGFTRGADPGMPEPSVLSLLWG,-0.130141762,-0.0028595394545454,-0.1523772709090909,0.3843522272727274,0.0245879023636363,-0.0521818181818181,-0.1652727272727272,-0.1136363636363636,-0.2059999999999999,-0.0883636363636363,0.1689090909090909,0.1949090909090909,0.0894545454545454,0.0841818181818181,-0.0401818181818181,-0.3178181818181818,-0.212,0.0387272727272727,-0.0319454545454545,-0.0329454545454545,0.0074727272727272,0.5182,0.149290909090909,-0.029290909090909,-0.0512727272727272,-0.1532727272727272,-0.0383636363636363,-0.1139999999999999,0.012,-0.4774545454545454,0.32,-0.0025454545454545,-0.1625454545454545,-0.0245454545454545,-0.3092727272727272,0.4769090909090908,-0.3110909090909091,-0.0147454545454545,0.0456545454545454,-0.0437818181818182,-0.0953272727272727,0.0544,-0.2314545454545454,-0.2798181818181818,0.7348545454545456,-1.0453927272727273,1.3465690909090915,0.0703636363636362,-0.8327272727272725,0.1516363636363636,0.3158181818181817,-0.5574545454545454,0.3765454545454546,0.0234545454545454,0.1556363636363636,0.2224545454545455,0.068090909090909,-0.0005636363636363,-0.0808363636363636,-0.8302909090909093,-0.1770727272727272,-0.0495454545454545,-0.0056363636363636,-0.3220727272727273,-0.2958727272727272,0.1234,0.3778181818181818,-0.3596818181818181,-0.4511836363636364,-0.1404327272727273,0.0180145454545454,0.5515545454545454,0.1877127272727272,-1.103061818181818,0.4333654545454545,-0.5762836363636363,-0.380869090909091,0.3326381818181818,-4.377636363636364,-0.1239999999999999,-0.2805454545454545,0.287090909090909,0.5903636363636363,0.1785454545454546,-0.0769090909090909,-0.1539999999999999,0.0641818181818181,0.1212727272727272,-0.4452727272727272,0.2285454545454545,-0.0674545454545454,-0.7974545454545455,0.2009090909090909,0.3950909090909091,-0.209090909090909,0.1725454545454545,-0.4294545454545455,-0.622727272727273,-0.5645454545454546,-0.4614545454545454,-0.1605454545454545,0.2330909090909091,0
MLRRKPTRLELKLDDIEEFESIRKDLETRKKQKEDVDIVGGSDGEGAIGLSSDPKSREQMINDRIGYKPQPKPNNRSSQFGNFEF,0.3717221005882354,0.0379452637647058,-0.1958345529411765,0.2680822364705882,-0.0613709217647058,0.4956470588235294,-0.1429411764705882,-0.2147058823529411,-0.1016470588235294,-0.0608235294117647,0.156235294117647,-0.0438823529411764,0.0716470588235294,0.0485882352941176,-0.1392941176470588,0.1104705882352941,-0.2927058823529411,0.014235294117647,-0.4519882352941176,-0.0325999999999999,-0.1238705882352941,0.3183411764705883,0.1208470588235294,-0.0515176470588234,0.044235294117647,-0.0523529411764706,-0.1332941176470588,0.4024705882352942,-0.1403529411764706,-0.2737647058823529,0.0968235294117647,0.0503529411764706,-0.0105882352941176,-0.0383529411764706,-0.2664705882352941,0.2467058823529412,-0.2577647058823529,0.0859882352941176,-0.0196,-0.0349529411764705,-0.0654117647058823,0.0231294117647058,-0.2072941176470588,0.2556470588235295,-3.019461176470588,0.1436976470588236,0.7149482352941178,-2.0223529411764707,0.2857647058823528,-0.3638823529411764,0.0328235294117647,-0.3305882352941175,0.1632941176470587,0.1321176470588236,0.0427058823529411,0.2226235294117647,-0.0343176470588235,-0.0450235294117647,-0.060835294117647,-0.805164705882353,-0.1252823529411765,-0.1970117647058824,-0.0613882352941176,-0.0215647058823529,-0.0740470588235294,0.1488823529411765,0.2841058823529411,-0.0390305882352941,-1.125398823529412,-0.3467835294117646,0.1575717647058823,0.0959117647058823,0.286544705882353,-0.1630929411764706,-0.696155294117647,-0.3038235294117646,0.6197364705882356,0.263775294117647,-4.200117647058823,0.5451764705882354,-0.1095294117647059,0.1112941176470588,0.5598823529411766,-0.3461176470588235,0.098235294117647,-0.0974117647058823,0.1751764705882352,-0.1895294117647059,-0.0151764705882352,0.4009411764705881,0.116235294117647,-0.7534117647058822,0.2650588235294118,0.2704705882352941,-0.3675294117647059,0.4143529411764706,-0.2016470588235294,0.8588235294117647,-0.102,-0.4247058823529412,-0.5609411764705883,0.3228235294117647,0
GFVDLAKKVVGGIRNALGI,-0.2660537389473685,-0.0281675931578947,0.2936109684210525,0.7066469894736842,0.4359419405263159,-0.0442105263157894,-0.3936842105263158,0.0163157894736842,0.0405263157894736,-0.1663157894736842,0.441578947368421,0.2926315789473684,0.2442105263157894,0.0742105263157894,-0.0052631578947368,-0.481578947368421,-0.3684210526315789,0.1447368421052631,-0.2114210526315789,-0.0967894736842105,-0.2168947368421052,0.8307368421052632,-0.2903684210526315,0.029578947368421,-0.1047368421052632,-0.5278947368421053,0.2742105263157895,-0.0347368421052632,-0.0673684210526315,-0.6073684210526317,0.221578947368421,0.59,-0.1336842105263158,0.0942105263157894,-0.4857894736842105,0.2752631578947369,-0.3452631578947369,-0.0151578947368421,0.1063684210526316,-0.1115263157894737,-0.1104736842105263,-0.0011578947368421,-0.8936842105263156,-0.3657894736842105,0.5962000000000005,-2.703210526315789,1.0918736842105263,-0.0368421052631579,-2.123684210526316,-0.1163157894736842,0.4110526315789474,-0.2889473684210526,0.8384210526315791,0.4389473684210526,-0.0205263157894736,0.2269473684210526,0.1310526315789474,-0.0419473684210526,-0.1432631578947368,-1.051684210526316,-0.314578947368421,-0.1767368421052632,0.1292105263157894,-0.3946315789473684,-0.5716842105263159,0.105157894736842,0.6214736842105263,-2.477457894736842,-0.5427894736842106,0.0695315789473684,0.067778947368421,0.9611684210526316,0.1609157894736842,-4.042473684210526,0.4930578947368421,-0.8616,-2.8701578947368422,0.8706157894736843,-5.750526315789474,-0.0989473684210525,-0.12,0.6642105263157895,1.0336842105263155,0.1373684210526315,-0.3742105263157895,-0.5047368421052632,-0.0136842105263158,0.0773684210526315,-0.6026315789473684,0.6247368421052631,-0.3821052631578947,-1.0057894736842108,0.2784210526315789,0.6189473684210527,-0.491578947368421,0.1352631578947368,-0.5721052631578949,-0.2378947368421053,-1.373157894736842,-0.6752631578947369,-0.3857894736842104,0.2847368421052632,0
MSSELTPLQRSVLDKYRFLAESLRELSETLSDLNNTHEDSKPEAILQEMREIEVKISLVSTLLKGSVYSLVIQRRMDHQQKPSDL,0.1273072647058823,-0.1445735418823529,-0.73978096,0.3849216470588235,-0.5098117168235294,0.2261176470588235,-0.2814117647058823,-0.3863529411764705,-0.0697647058823529,0.0163529411764705,0.1334117647058823,-0.0871764705882353,-0.0843529411764706,0.1031764705882352,0.0065882352941176,0.0632941176470587,-0.2885882352941176,-0.010235294117647,-0.3079882352941177,0.2467058823529411,-0.0544705882352941,0.444964705882353,0.1819529411764705,0.0386235294117647,-0.2231764705882353,-0.086235294117647,-0.0076470588235294,0.2514117647058823,-0.1528235294117647,-0.3865882352941176,-0.1170588235294117,-0.2944705882352941,-0.0531764705882353,0.0751764705882352,-0.3656470588235294,0.4211764705882351,-0.3252941176470589,0.0307176470588235,-0.0244235294117647,-0.0805882352941176,-0.0769411764705882,-0.0015764705882353,-0.1425882352941176,0.0635294117647059,-1.478314117647059,-0.2371305882352941,0.3603211764705881,-0.8174117647058823,0.1738823529411764,-0.9577647058823532,0.3204705882352941,-0.2755294117647058,0.0289411764705882,0.0761176470588235,-0.0155294117647059,0.2345999999999999,-0.0261999999999999,-0.0586588235294117,-0.028435294117647,-0.8107294117647058,-0.2098941176470588,-0.2535176470588235,-0.0932823529411764,0.0293176470588235,0.0492,0.118035294117647,0.0840941176470588,0.4854011764705883,-1.5080576470588236,-0.0503894117647059,-0.0979929411764705,-0.129155294117647,0.1278188235294117,0.5305341176470589,-0.7251576470588236,-0.3602752941176471,0.9170717647058824,0.1739858823529411,-4.246235294117646,0.4265882352941177,-0.018235294117647,0.2251764705882353,0.4563529411764706,-0.1603529411764706,0.0078823529411764,-0.0141176470588235,-0.21,-0.1434117647058823,-0.1389411764705882,0.1338823529411764,0.0575294117647058,-0.7589411764705881,0.2115294117647059,0.3438823529411765,-0.2991764705882352,0.2412941176470588,-0.0155294117647058,0.2729411764705882,-0.3003529411764707,-0.5301176470588236,-0.6381176470588235,0.3481176470588235,0
MLKPLGDRVVLKVEEREQKVGGFVIAGAGQDATKTAKVIAVGEGIRTLNGELVAPSVKADDTVLVESHAGIEVKDGEEKYLVVNETNILAIVE,-0.0211463607526881,-0.2221384067741935,0.0832705247311827,0.6048012107526882,-0.0527494529032257,0.17752688172043,-0.3956989247311828,-0.1696774193548387,-0.0493548387096774,-0.1508602150537634,0.2326881720430108,0.031505376344086,0.0613978494623656,0.1983870967741935,0.1003225806451613,-0.1958064516129032,-0.4105376344086021,-0.0072043010752688,-0.4526236559139784,0.1670860215053763,-0.2382473118279569,0.651978494623656,-0.0344946236559139,-0.0629354838709677,-0.3168817204301075,-0.4061290322580644,0.0929032258064516,0.1866666666666666,-0.1278494623655914,-0.4333333333333334,0.0112903225806451,0.191505376344086,-0.1693548387096774,0.0927956989247311,-0.4308602150537634,0.284516129032258,-0.363763440860215,0.0188387096774193,0.0366344086021505,-0.1306559139784946,-0.0784301075268817,0.0086559139784946,-0.6994623655913978,-0.1056989247311828,-0.9871645161290324,-1.940979569892473,0.7212010752688174,-0.7346236559139784,-1.194193548387097,-0.8759139784946236,0.2681720430107526,-0.4327956989247312,0.5183870967741935,0.3059139784946236,-0.0644086021505376,0.231258064516129,0.0658279569892473,-0.0732903225806451,-0.0951397849462365,-0.9794623655913978,-0.3713118279569892,-0.2778602150537634,0.0281612903225806,-0.1453870967741935,-0.340763440860215,0.1018494623655913,0.3413118279569892,-2.0311,-0.8065258064516128,0.0278408602150537,0.1661623655913978,0.3154150537634408,0.3222010752688172,-2.757703225806452,-0.0912397849462365,-0.3629827956989245,-2.362803225806452,0.2974913978494623,-5.275483870967742,0.0650537634408602,0.0689247311827957,0.4626881720430107,0.8177419354838711,-0.0863440860215053,-0.2646236559139785,-0.3404301075268817,-0.2159139784946237,-0.1995698924731183,-0.4736559139784946,0.435268817204301,-0.1294623655913978,-0.926451612903226,0.1966666666666666,0.5108602150537634,-0.5174193548387096,0.0927956989247311,-0.305483870967742,0.2144086021505375,-1.078064516129032,-0.5959139784946238,-0.7446236559139785,0.2726881720430107,0
MSRSLKKGPFVADHLLKKIEKLNAKGKKVVIKTWSRSSMIVPPMIGHTIGVYNGREHIPVFVSDQMVGHRLGEFSPTRTYRGHAKKDKKAKR,0.1406708315217391,0.0062167119565217,0.0011178402173912,0.2742852804347825,0.2781694445652173,0.223695652173913,-0.1771739130434782,-0.2230434782608695,-0.0719565217391304,0.0206521739130434,0.1303260869565217,0.1943478260869565,-0.0181521739130434,0.0742391304347826,-0.0593478260869565,-0.088695652173913,-0.2391304347826087,0.2219565217391303,-0.3627717391304347,-0.0044021739130434,-0.0767173913043477,0.3310652173913043,0.056391304347826,0.2186630434782608,-0.024891304347826,-0.101195652173913,0.1489130434782608,0.2508695652173913,0.1913043478260869,-0.3645652173913043,0.0185869565217391,0.0255434782608695,-0.1483695652173912,0.1946739130434782,-0.3593478260869565,0.4045652173913044,-0.273804347826087,0.0335326086956521,0.001195652173913,-0.0345760869565217,-0.093141304347826,-0.0196630434782608,-0.2201086956521738,0.0344565217391304,-1.207361956521739,-0.1426,1.0913402173913045,-0.8645652173913042,-0.1117391304347826,0.0321739130434782,0.7133695652173913,-0.2448913043478261,0.2231521739130434,0.0971739130434782,0.0434782608695652,0.2239456521739131,0.0458369565217391,-0.006641304347826,-0.0649891304347826,-0.8125434782608696,-0.151695652173913,-0.1202826086956521,-0.0425108695652173,-0.1788913043478261,-0.1971739130434783,0.23475,0.2703586956521739,0.058941304347826,-0.6571804347826088,-0.3069119565217392,-0.1128836956521739,0.6096260869565218,0.0768663043478261,-0.6091315217391304,0.0190054347826086,-0.4996021739130433,0.4017445652173912,0.3592978260869565,-4.316630434782608,0.1407608695652174,-0.3001086956521739,0.2228260869565217,0.5177173913043477,-0.1399999999999999,-0.07,-0.0958695652173913,0.032391304347826,0.2421739130434782,-0.1349999999999999,0.3993478260869564,0.0953260869565217,-0.7819565217391304,0.2222826086956522,0.3804347826086955,-0.1705434782608695,0.2913043478260869,-0.288804347826087,0.3043478260869565,-0.3678260869565217,-0.6242391304347826,0.135,0.2121739130434782,0
MNIRPLHDRVIIKREEVETRSAGGIVLTGSAATKSTRAKVLAVGKGRILENGTVQPLDVKVGDIVIFNDGYGVKSEKIDGEEVLIISENDILAIVE,-0.0224147157291666,-0.0979216658333333,0.1380997520833332,0.5454161395833333,0.0567550026041666,0.1638541666666666,-0.3910416666666667,-0.1791666666666666,0.00625,-0.1434375,0.2617708333333333,0.0274999999999999,0.040625,0.1092708333333333,0.0520833333333333,-0.155,-0.3717708333333333,0.0316666666666666,-0.3467604166666667,0.0730208333333333,-0.1800624999999999,0.5810520833333332,-0.0615625,0.0228437499999999,-0.1811458333333333,-0.3411458333333333,0.23625,0.2,-0.2060416666666666,-0.338125,-0.0798958333333333,0.1958333333333333,-0.1108333333333333,-0.0046875,-0.4445833333333334,0.3051041666666667,-0.3480208333333333,0.01596875,0.0385416666666666,-0.09734375,-0.0848333333333333,-0.0180729166666666,-0.5719791666666666,-0.0754166666666666,-0.8785864583333334,-1.5814677083333333,0.68185625,-0.6651041666666669,-0.9892708333333332,-0.7854166666666665,0.2857291666666666,-0.2635416666666666,0.3645833333333333,0.4308333333333333,-0.1015625,0.2313333333333333,0.053,-0.0658229166666666,-0.0834895833333333,-0.9426666666666668,-0.35109375,-0.29878125,0.0050104166666666,-0.1106041666666666,-0.2594270833333334,0.1136666666666666,0.2710729166666667,-1.42239375,-1.0785041666666666,0.1117302083333333,0.0053354166666666,0.3302083333333332,0.2375635416666666,-2.0379125000000005,-0.2386979166666667,-0.4436447916666666,-1.5251260416666668,0.4505135416666666,-5.063020833333333,0.1586458333333333,0.0496875,0.4416666666666667,0.7511458333333333,-0.0892708333333333,-0.1938541666666666,-0.2813541666666666,-0.2084375,-0.1526041666666667,-0.4039583333333333,0.4017708333333333,-0.0817708333333333,-0.8919791666666667,0.1982291666666666,0.4876041666666666,-0.4545833333333333,0.1696875,-0.2467708333333333,0.2336458333333332,-0.9326041666666668,-0.6385416666666668,-0.6924999999999999,0.2669791666666667,0
MSAKNDNLFEKKLARLQEIVGALESGDLPLEKGMALYKEGATCARYCRQQLDKARHELEIWQDGQANPMSSQGHTAGEYPDDEAEEAEEA,0.2388995435555555,-0.2626433607777778,-0.2558417777777778,0.319882001111111,-0.1857459563333333,0.409111111111111,-0.1414444444444444,-0.1232222222222222,-0.0845555555555555,0.0303333333333333,0.1133333333333333,-0.0264444444444444,0.0902222222222222,0.2406666666666666,0.0572222222222222,0.0158888888888888,-0.3691111111111111,-0.0511111111111111,-0.3264444444444444,0.2013888888888889,-0.2479555555555555,0.3716777777777778,0.0563333333333333,-0.2784888888888889,-0.2955555555555555,-0.2422222222222222,-0.4003333333333333,0.2539999999999999,-0.2277777777777777,-0.2221111111111111,0.1411111111111111,0.0536666666666666,-0.0647777777777777,-0.0094444444444444,-0.2341111111111111,0.2384444444444444,-0.3288888888888889,0.0688777777777777,-0.0130333333333333,-0.1092888888888888,-0.0128444444444444,0.0685333333333333,-0.5152222222222221,0.1451111111111111,-2.523643333333333,-0.9335111111111112,0.1966444444444445,-1.575333333333333,-0.388888888888889,-0.6641111111111111,-0.069,-0.3933333333333334,0.4635555555555556,-0.2001111111111111,0.002111111111111,0.2252777777777777,-0.0092333333333333,-0.0529333333333333,-0.0445888888888888,-0.8794222222222223,-0.1875777777777778,-0.2127888888888888,-0.0459888888888888,-0.0115888888888888,-0.3288111111111111,0.1557444444444444,0.4024888888888889,-1.2123177777777778,-0.6196577777777776,-0.2670844444444445,0.3831544444444445,-0.1335466666666666,0.2310588888888889,-1.5175288888888885,-0.5646644444444444,-0.1308166666666666,-1.106251111111111,0.1566877777777778,-4.718666666666666,0.2463333333333333,0.0315555555555555,0.1795555555555555,0.7751111111111112,-0.2583333333333333,-0.0843333333333333,-0.2497777777777778,0.0985555555555555,-0.3003333333333334,-0.1367777777777778,0.3628888888888888,-0.1108888888888889,-0.8361111111111111,0.1858888888888888,0.4037777777777777,-0.4838888888888889,0.3651111111111111,-0.217,0.7563333333333333,-0.407,-0.1412222222222222,-0.5955555555555556,0.2824444444444444,0
MLPKATVKRIMKQHTDFNISAEAVDELCNMLEEIIKITTEVAEQNARKEGRKTIKARDIKQCDDERLKRKIMELSERTDKMPILIKEMLNVITSEL,0.2393290211458333,-0.4137544253125,0.2584722843749999,0.2763542041666666,0.1262566420833333,0.2435416666666666,-0.3661458333333333,-0.3967708333333333,-0.1152083333333333,0.0705208333333333,0.1396875,-0.1284375,-0.0217708333333333,0.0754166666666666,-0.0267708333333333,0.0388541666666666,-0.2615625,0.0180208333333333,-0.2923125,0.41459375,-0.0439374999999999,0.3127083333333332,0.066875,0.10134375,-0.4263541666666666,-0.0463541666666666,0.0211458333333333,0.3627083333333332,-0.1210416666666666,-0.1869791666666667,0.0852083333333333,-0.0741666666666666,0.0132291666666666,-0.0448958333333333,-0.4012499999999999,0.335625,-0.2126041666666666,0.0272499999999999,-0.0650520833333333,-0.1040416666666666,-0.0568333333333333,-0.0023541666666666,-0.0491666666666666,0.0980208333333333,-1.5308062499999997,0.285103125,0.3370906249999999,-0.7066666666666669,0.4469791666666666,-1.1067708333333333,0.4034375,-0.2714583333333333,0.2069791666666667,0.05375,0.0046874999999999,0.23653125,-0.0239479166666666,-0.0610833333333333,-0.08234375,-0.796125,-0.2566770833333333,-0.22525,-0.0453333333333333,-0.0070104166666666,0.2070520833333333,0.1794687499999999,0.0439999999999999,-0.6082552083333334,-1.1001604166666668,-0.0533385416666667,-0.422284375,-0.0260895833333333,0.3615541666666666,-0.8442,-0.577790625,-0.2200177083333333,-0.4915874999999998,-0.1967604166666667,-4.226875,0.65,-0.1647916666666666,0.4007291666666666,0.3873958333333333,-0.2091666666666666,0.0232291666666666,0.0477083333333333,-0.2086458333333333,-0.0742708333333333,-0.09875,0.2870833333333333,0.020625,-0.755,0.3611458333333333,0.3983333333333334,-0.189375,0.2020833333333333,0.0577083333333333,0.4041666666666665,-0.3313541666666667,-0.6904166666666667,-0.4652083333333333,0.2173958333333333,0
MSRKCDLTGVGVLYGNNVSHSQRKTRRRFEPNLRSVKFKSDITSGAYRLLVNARCISSVEKAGGFDAYILKADDNVLSSAARAIKKKIIQTKTAKSL,0.0849391243298969,-0.0041369701030927,-0.2707147711340207,0.4503974247422679,0.0986261143298969,0.2095876288659794,-0.2921649484536083,-0.15,0.0178350515463917,0.1157731958762886,0.2461855670103092,0.101340206185567,-0.0745360824742267,0.1478350515463917,-0.0959793814432989,-0.0473195876288659,-0.2995876288659794,0.2103092783505155,-0.3188865979381444,0.0308865979381443,-0.1569896907216494,0.4538762886597938,-0.0969587628865979,0.2353711340206186,-0.061340206185567,-0.2295876288659794,0.1998969072164948,0.2789690721649484,-0.1388659793814433,-0.4115463917525773,-0.0081443298969071,-0.0084536082474226,-0.0415463917525773,0.0740206185567009,-0.4143298969072165,0.3642268041237113,-0.3019587628865979,0.0387835051546391,0.0157525773195876,-0.0658556701030927,-0.092381443298969,-0.0514536082474226,-0.4443298969072164,0.0305154639175257,-1.6644103092783504,-0.672798969072165,0.4350164948453608,-0.9245360824742268,-0.3643298969072167,-0.3887628865979382,0.6440206185567009,0.0631958762886598,0.2398969072164948,0.2284536082474226,0.1888659793814433,0.2287422680412371,0.0298865979381443,-0.0455979381443298,-0.0312164948453608,-0.8829175257731957,-0.2145051546391752,-0.2384742268041237,-0.0002783505154639,-0.0977422680412371,-0.3134329896907217,0.1655979381443298,0.3079381443298969,-0.1045206185567009,-1.0938546391752575,-0.2298226804123711,-0.0723773195876288,0.4894309278350516,-0.0026639175257731,-0.7917092783505153,-0.4319443298969072,-0.6336319587628866,0.4888298969072163,0.8144443298969072,-4.752474226804123,0.2769072164948454,-0.0492783505154638,0.3036082474226804,0.7329896907216494,-0.192061855670103,-0.1074226804123711,-0.1821649484536082,-0.0905154639175257,0.1345360824742267,-0.0705154639175257,0.2778350515463917,-0.0746391752577319,-0.8429896907216494,0.2278350515463917,0.4251546391752577,-0.4239175257731958,0.2723711340206186,-0.2323711340206186,0.5143298969072164,-0.5031958762886598,-0.525257731958763,-0.3029896907216494,0.278041237113402,0
MARKALIEKWNKTPKYSTRAYTRCRICGRPHAVLKKYGICRICFRELAYKGEIPGCKKASW,0.1378092552459016,-0.0489813585245901,0.5190250655737705,0.182118244262295,0.6789800786885246,0.072295081967213,-0.1575409836065573,-0.0654098360655737,-0.1099999999999999,0.2793442622950819,0.011639344262295,0.1719672131147541,-0.01,0.1454098360655737,-0.1214754098360655,-0.0957377049180328,-0.1485245901639344,0.2622950819672131,-0.1358524590163934,0.0515245901639344,-0.0305737704918032,0.1477049180327869,-0.029639344262295,0.3381475409836065,-0.040655737704918,-0.0081967213114754,0.1565573770491803,0.1781967213114754,-0.179344262295082,-0.1821311475409836,0.342295081967213,-0.0473770491803278,-0.0463934426229508,0.1716393442622951,-0.3247540983606558,0.3803278688524589,-0.1352459016393443,0.0187213114754098,-0.0176885245901639,-0.0149344262295081,-0.0699672131147541,-0.0341147540983606,-0.050983606557377,0.0699999999999999,-0.6976639344262295,0.5200524590163935,0.7010393442622951,-0.2793442622950822,0.1668852459016392,0.311967213114754,0.6542622950819672,-0.0760655737704918,0.3598360655737704,0.1240983606557376,0.1378688524590164,0.2234590163934426,0.0510163934426229,0.0140983606557377,-0.0400491803278688,-0.7433278688524589,-0.1507868852459017,-0.0495737704918032,-0.006327868852459,-0.2314590163934426,-0.2779672131147542,0.2743278688524589,0.2748360655737705,0.1061540983606559,-0.3196754098360656,-0.3993,-0.2256147540983606,0.5268131147540984,0.061039344262295,-0.6992163934426228,0.020239344262295,-0.4869983606557377,0.5198426229508196,0.5586163934426228,-3.974754098360656,0.1921311475409836,-0.3385245901639344,0.1993442622950819,0.5259016393442623,-0.1199999999999999,0.0278688524590163,0.0185245901639344,0.1262295081967213,0.3724590163934426,-0.0359016393442622,0.282622950819672,0.0421311475409836,-0.7309836065573772,0.2668852459016394,0.370327868852459,-0.1614754098360655,0.2824590163934426,-0.2327868852459016,0.2485245901639343,-0.2024590163934426,-0.456065573770492,0.2459016393442622,-0.0842622950819672,0
MSKEDSFEMEGTVADTLPNTMFRVELENGHVVTAHISGKMRKNYIRILTGDKVRVELTPYDLSKGRITYRAR,0.1300802106944444,-0.0865333677777777,0.3515092638888889,0.3572924444444444,0.2807799990277778,0.2026388888888889,-0.2109722222222222,-0.2504166666666667,-0.0037499999999999,-0.02,0.1954166666666666,0.0422222222222222,-0.0991666666666666,0.0748611111111111,-0.0229166666666666,-0.0101388888888889,-0.2770833333333333,0.0841666666666666,-0.3428333333333334,0.0745416666666667,-0.0813055555555555,0.3358055555555555,0.0002777777777777,0.132875,-0.0913888888888889,-0.1165277777777777,0.1734722222222222,0.2691666666666666,-0.1044444444444444,-0.2133333333333333,-0.0054166666666666,0.0597222222222222,-0.1105555555555555,0.18875,-0.3288888888888889,0.365,-0.3108333333333333,0.0286805555555555,-0.0027222222222222,-0.0538888888888888,-0.06475,-0.0284722222222222,-0.1901388888888888,0.0373611111111111,-1.3721333333333334,-0.3139194444444444,0.4069458333333333,-0.7749999999999999,-0.1172222222222222,-0.4483333333333333,0.29,-0.1012499999999999,0.1448611111111111,0.1547222222222222,0.0484722222222222,0.2275833333333333,0.0146805555555555,-0.0335833333333333,-0.0224861111111111,-0.808,-0.1975833333333333,-0.1923472222222222,-0.0411527777777777,-0.0492361111111111,-0.1688194444444445,0.138875,0.1818611111111111,-0.3997513888888888,-0.7681055555555554,-0.1411416666666666,-0.0326902777777777,0.1780583333333333,0.1734708333333333,-0.7305041666666665,-0.4270791666666667,-0.2708111111111111,-0.1373416666666666,0.3805111111111111,-4.296805555555555,0.3127777777777778,-0.0765277777777777,0.2230555555555556,0.557638888888889,-0.1593055555555555,-0.0268055555555555,-0.0893055555555555,-0.0506944444444444,-0.0408333333333333,-0.1015277777777777,0.2622222222222222,0.0193055555555555,-0.7729166666666667,0.2311111111111111,0.3523611111111112,-0.34875,0.2102777777777777,-0.1527777777777778,0.378611111111111,-0.4056944444444444,-0.5618055555555556,-0.3381944444444443,0.1152777777777777,0
MAVPKKRTSTSKKRIHKNIWKRKGYSIALKAFSLAKSLSTGNSKSFFVRQTKINK,0.2296539607272726,-0.0100650892727272,-0.0893063418181819,0.2987679945454545,0.3679848405454545,0.2467272727272727,-0.1972727272727272,-0.2376363636363636,-0.0972727272727272,0.21,0.2552727272727272,0.1747272727272727,-0.2038181818181818,0.1429090909090908,-0.2109090909090909,0.024,-0.2007272727272727,0.3634545454545454,-0.3087636363636363,0.0462363636363636,-0.0243999999999999,0.3890727272727273,-0.0456545454545454,0.4087090909090909,-0.0412727272727272,-0.041090909090909,0.216,0.3834545454545454,0.1618181818181818,-0.5445454545454544,0.056,-0.1245454545454545,-0.1381818181818182,-0.0269090909090909,-0.408,0.4692727272727272,-0.2292727272727273,0.0475999999999999,-0.0211636363636363,-0.0382727272727272,-0.1338545454545454,-0.0531454545454545,-0.1423636363636363,0.1058181818181818,-1.904441818181818,0.4345836363636361,1.050198181818182,-1.0927272727272732,0.3839999999999999,-0.0661818181818182,1.1867272727272729,-0.0798181818181818,0.2129090909090909,0.1807272727272727,0.3178181818181818,0.2304727272727272,0.0283454545454545,-0.0049272727272727,-0.0327090909090909,-0.7861999999999999,-0.1692727272727273,-0.1664,-0.0609636363636363,-0.1294363636363636,-0.1441090909090909,0.223890909090909,0.2675454545454545,1.1673654545454546,-1.0972654545454548,-0.3727563636363636,-0.31572,0.8908181818181817,0.0557599999999999,0.4195581818181818,-0.224710909090909,-0.8261563636363636,2.072767272727273,0.559069090909091,-4.197818181818183,0.3405454545454546,-0.2774545454545454,0.2187272727272727,0.5276363636363636,-0.2221818181818182,0.0045454545454545,-0.0165454545454545,-0.0347272727272727,0.4654545454545454,0.012,0.3085454545454545,-0.0176363636363636,-0.7621818181818181,0.2667272727272727,0.3536363636363637,-0.2018181818181818,0.3412727272727272,-0.2516363636363636,0.4447272727272727,-0.1916363636363636,-0.7632727272727273,0.1147272727272727,0.2989090909090908,0
MANSPSAKKRAIQAEKRRSHNASLRSMVRTYIKNVVKAIDAKDLDKARAAYTAAVPVIDRMADKGIIHKNKAARHKSRLNGHIKALGEAAAA,0.1722242955434781,-0.2856521567391304,-0.1916868793478262,0.4661121608695653,0.2187197691304348,0.322391304347826,-0.3245652173913044,-0.1959782608695651,-0.0088043478260869,0.1484782608695652,0.167391304347826,0.2023913043478261,-0.0217391304347826,0.2466304347826086,-0.0072826086956521,-0.0910869565217391,-0.3141304347826087,0.2528260869565217,-0.3488804347826086,0.2322608695652175,-0.2051195652173913,0.4571630434782609,-0.0178586956521739,0.169195652173913,-0.328695652173913,-0.2877173913043478,-0.0010869565217391,0.3390217391304348,-0.1204347826086956,-0.3815217391304348,-0.1077173913043477,0.0093478260869565,0.0366304347826086,0.0105434782608695,-0.4298913043478259,0.3177173913043478,-0.2782608695652175,0.0490217391304347,-0.0162173913043478,-0.1157608695652173,-0.0819130434782608,-0.0116739130434782,-0.5409782608695651,0.0008695652173912,-2.12635652173913,-0.7332815217391304,0.6858804347826085,-1.06695652173913,-0.3109782608695654,-0.6617391304347827,0.9291304347826088,-0.0613043478260869,0.3241304347826086,-0.0896739130434782,0.1366304347826087,0.2298804347826087,0.0473152173913043,-0.0418695652173912,-0.0759239130434782,-0.9038152173913048,-0.2279673913043479,-0.2678478260869564,-0.0216195652173913,-0.1145217391304348,-0.3800217391304347,0.2662173913043478,0.3833695652173914,-0.879425,-0.9593847826086956,-0.0551826086956522,-0.0717119565217391,0.5271739130434784,-0.0748815217391304,-1.65958152173913,-0.2449815217391304,-0.5277673913043478,-0.5368141304347828,0.7908021739130436,-4.934673913043478,0.1985869565217392,-0.0830434782608695,0.3709782608695651,0.7704347826086958,-0.2444565217391304,-0.1334782608695652,-0.2127173913043478,-0.1506521739130434,0.1942391304347825,-0.0923913043478261,0.4492391304347825,-0.0176086956521739,-0.872934782608696,0.2165217391304347,0.4981521739130433,-0.4169565217391305,0.2544565217391304,-0.2342391304347826,0.7032608695652173,-0.4386956521739131,-0.5335869565217392,0.0401086956521738,0.4977173913043476,0
MAPPQHLCGSHLVDALYLVCGDRGFFYNPKGIVDQCCHRPCDIFDLQNYCN,-0.1556673996078431,0.2037102617647058,-0.4936892960784313,0.0501674196078431,-0.2602089192156863,-0.0056862745098039,-0.1368627450980392,0.034313725490196,0.2280392156862745,0.0239215686274509,-0.1123529411764705,0.0033333333333333,0.1219607843137254,-0.0409803921568627,-0.0225490196078431,-0.183921568627451,-0.3,-0.0466666666666666,-0.0528039215686274,-0.1821960784313725,-0.1729019607843137,-0.0207254901960784,0.0418039215686274,-0.1125882352941176,0.1862745098039215,-0.1858823529411764,-0.0309803921568627,-0.1752941176470588,0.0025490196078431,0.012156862745098,0.1307843137254901,0.0617647058823529,0.3692156862745098,0.164313725490196,-0.1915686274509803,0.367843137254902,-0.4223529411764706,-0.0028235294117647,0.0565882352941176,0.0146078431372548,0.0336862745098039,-0.006078431372549,-0.4017647058823529,-0.0790196078431371,0.4940019607843137,-0.9947588235294116,-0.3776745098039216,0.1403921568627451,-0.8354901960784312,0.2478431372549019,-0.2841176470588235,0.1876470588235294,-0.1590196078431372,0.0349019607843137,-0.1464705882352941,0.215921568627451,0.0153529411764705,-0.0259607843137254,-0.0036666666666666,-0.8447450980392157,-0.1428039215686274,-0.0506862745098039,0.017,-0.125156862745098,-0.2705098039215686,0.1028039215686274,0.0811176470588235,-1.3816000000000002,0.2984705882352941,0.0663431372549019,0.0205274509803921,-0.1082,-0.124678431372549,-1.4795137254901962,0.1919431372549019,0.1584745098039215,-1.6009294117647055,0.173221568627451,-4.476274509803921,-0.3180392156862744,-0.0250980392156862,0.094313725490196,0.5852941176470587,0.0550980392156863,-0.1947058823529411,-0.17,0.0117647058823529,-0.1180392156862745,0.0156862745098039,-0.0374509803921569,0.0688235294117647,-0.8056862745098039,0.0052941176470588,0.3843137254901961,-0.2690196078431373,0.233921568627451,-0.218235294117647,0.0084313725490195,-0.2568627450980392,0.4478431372549019,-0.1533333333333333,0.0403921568627451,0
FLSLIPHAINAVSAIAKHN,-0.3335356310526315,-0.2394741094736842,-0.5033209421052632,0.4756112631578946,-0.2176221142105263,-0.0773684210526316,-0.3731578947368421,-0.2178947368421052,0.2905263157894737,-0.053157894736842,0.1036842105263157,0.2526315789473685,-0.1210526315789473,0.1473684210526315,0.08,-0.3536842105263158,-0.3357894736842106,0.1236842105263158,0.1248947368421052,0.2036842105263158,-0.1146842105263157,0.5431052631578946,0.1679473684210526,-0.0703684210526316,-0.3505263157894737,-0.4031578947368421,0.0436842105263158,-0.181578947368421,-0.0073684210526316,-0.4694736842105264,-0.4199999999999999,-0.0226315789473684,0.4078947368421052,-0.2910526315789474,-0.4184210526315789,0.5336842105263158,-0.4921052631578948,-0.0417894736842105,0.0548947368421052,-0.1136842105263157,-0.0719473684210526,0.0282631578947368,-0.6426315789473684,-0.4415789473684209,1.3879578947368425,-2.2056368421052635,0.7203631578947369,0.8047368421052633,-1.375789473684211,-0.8063157894736842,0.9973684210526316,-0.2157894736842105,-0.0989473684210526,-0.0231578947368421,-0.3589473684210526,0.2420526315789473,0.104,-0.0039473684210526,-0.0454736842105263,-0.938526315789474,-0.4208947368421053,-0.288,-0.111,-0.1542105263157894,-0.2773157894736842,0.1523157894736841,0.1150526315789473,-1.1992526315789471,-0.701478947368421,1.038163157894737,-0.2724,0.6009052631578947,-0.2806631578947368,-1.446331578947368,0.6682842105263158,-0.3742684210526316,-1.6405473684210528,0.4299473684210526,-5.11421052631579,-0.6568421052631578,0.1168421052631579,0.3547368421052631,0.6626315789473682,0.2252631578947368,-0.3536842105263158,-0.2594736842105263,-0.5768421052631579,0.1473684210526315,-0.4315789473684211,0.1594736842105263,-0.0089473684210526,-0.9121052631578946,-0.1405263157894737,0.5578947368421053,-0.303157894736842,0.0999999999999999,-0.2905263157894737,-0.506842105263158,-0.6110526315789473,-0.1021052631578947,0.0042105263157895,0.7405263157894737,0
MEIKYLLTVFLVLLIVSDHCQAFLFSLIPSAISGLISAFKGRRKRDLNGYIDHFKNFRKRDAELEELLSKLPIY,-0.080181519054054,-0.1969254267567567,-0.1970291945945946,0.3698485527027027,-0.0782874204054053,-0.104054054054054,-0.2114864864864864,-0.3237837837837837,0.0552702702702702,-0.0198648648648648,0.1582432432432432,0.0413513513513513,0.0397297297297297,0.0821621621621621,-0.1313513513513513,-0.1748648648648648,-0.1835135135135135,0.0132432432432432,0.0071351351351351,0.2181621621621622,0.1265945945945946,0.5086621621621622,0.0659729729729729,0.071,-0.2067567567567567,-0.0236486486486486,0.0416216216216216,-0.0282432432432432,-0.1802702702702702,-0.5463513513513514,0.0477027027027027,0.0101351351351351,0.1940540540540541,0.1033783783783784,-0.3171621621621622,0.4164864864864865,-0.2713513513513513,-0.0287027027027026,-0.0056351351351351,-0.0678648648648648,-0.093,0.0224324324324324,0.0351351351351352,-0.2128378378378378,0.8246621621621623,-0.165404054054054,0.6231513513513515,0.5014864864864863,-0.1171621621621623,-0.5618918918918918,0.3162162162162163,-0.3505405405405405,0.1645945945945946,0.134054054054054,-0.0232432432432432,0.2354324324324324,0.0207297297297297,0.0077027027027027,-0.0687837837837837,-0.7580945945945945,-0.2076891891891892,-0.0840945945945946,-0.0768648648648648,-0.1905945945945946,0.052608108108108,0.0732027027027026,0.1758918918918919,0.2675121621621622,-0.8763945945945946,0.3228608108108107,-0.2303216216216216,0.309554054054054,0.2220689189189189,0.0184270270270271,0.0632472972972972,-0.5494175675675675,0.4655459459459459,0.2303932432432431,-3.986756756756757,0.1941891891891892,-0.1655405405405405,0.2551351351351351,0.4256756756756756,0.1294594594594595,0.0505405405405405,0.0485135135135135,-0.1824324324324324,0.0495945945945945,-0.2322972972972973,0.1552702702702702,-0.0529729729729729,-0.7295945945945946,0.2133783783783784,0.3314864864864865,-0.1997297297297297,0.1687837837837837,-0.1839189189189189,-0.4624324324324325,-0.2586486486486486,-0.4750000000000001,-0.3064864864864864,0.2658108108108108,0
MAHHKSAKKRIRQTERRTEVNRARVSRIRTYVKKVELAIAGGDSAAAQAALQEAQPELMKGAQAGILHKNTASRKVSRLVARVKEMKSLA,0.1945801977777777,-0.3484905661111111,-0.14091049,0.5178633944444445,0.2273505881111111,0.3188888888888889,-0.322111111111111,-0.280111111111111,-0.1373333333333333,0.214,0.1896666666666667,0.1904444444444444,-0.0277777777777777,0.286,0.0506666666666666,-0.0549999999999999,-0.2858888888888889,0.2374444444444444,-0.4229222222222221,0.3379888888888889,-0.1930777777777777,0.4854999999999999,-0.0018222222222222,0.3061111111111111,-0.4302222222222222,-0.2449999999999999,0.095,0.4162222222222221,-0.1401111111111111,-0.3438888888888889,0.0692222222222222,-0.0933333333333333,-0.1167777777777777,0.0399999999999999,-0.426111111111111,0.3837777777777778,-0.2175555555555555,0.0457,-0.0323888888888889,-0.1298888888888889,-0.0922444444444444,-0.0305111111111111,-0.4214444444444443,0.0601111111111111,-2.2851000000000004,-0.4764966666666666,0.64287,-1.0645555555555557,-0.1163333333333335,-0.6903333333333332,0.9955555555555556,-0.0797777777777778,0.5134444444444445,-0.1006666666666666,0.1547777777777778,0.2310222222222222,0.0350111111111111,-0.0506555555555555,-0.0770333333333333,-0.8832,-0.2112111111111111,-0.2512666666666666,-0.0050666666666666,-0.1319111111111111,-0.3320111111111111,0.3030111111111111,0.4235444444444444,-0.4981155555555556,-1.1300733333333337,-0.4553655555555556,0.0677222222222222,0.44763,-0.023731111111111,-1.3787766666666663,-0.4625733333333334,-0.6158122222222222,-0.0477933333333333,0.6937833333333333,-4.77588888888889,0.4384444444444444,-0.1377777777777777,0.3651111111111111,0.7313333333333333,-0.2836666666666667,-0.1327777777777778,-0.1612222222222222,-0.1113333333333333,0.2222222222222221,-0.135,0.4507777777777777,-0.054,-0.846,0.3079999999999999,0.4702222222222222,-0.4255555555555555,0.2516666666666667,-0.1804444444444444,0.7086666666666668,-0.5463333333333332,-0.8432222222222222,-0.0886666666666666,0.3611111111111111,0
MAKEDVIEVEGTVIEPLPNAMFRVELENGHKILAHVSGKIRMHFIRILPGDKVTVELSPYDLTRGRITYRYK,0.0422799945833333,-0.1412542194444444,0.3849314583333332,0.3586252416666667,0.2270350623611111,0.0870833333333333,-0.2359722222222222,-0.3104166666666667,-0.0105555555555555,-0.1018055555555555,0.0954166666666666,0.0823611111111111,0.0047222222222222,0.0655555555555555,0.0127777777777777,-0.1288888888888889,-0.2443055555555555,0.0305555555555555,-0.2630694444444444,0.1267222222222222,-1.3888888888881192e-05,0.38175,0.1149999999999999,0.0931111111111111,-0.1559722222222222,-0.0893055555555555,0.1704166666666666,0.1393055555555555,-0.0829166666666666,-0.27625,-0.0098611111111111,0.0793055555555555,-0.0129166666666666,0.1458333333333333,-0.3322222222222222,0.3858333333333333,-0.2816666666666667,-0.0005138888888888,-0.0015277777777777,-0.0560555555555555,-0.0775555555555555,-0.0001944444444444,-0.1005555555555555,-0.0874999999999999,-0.2296097222222223,-0.3635569444444444,0.8386416666666667,-0.1877777777777776,-0.2259722222222222,-0.4595833333333334,0.3309722222222222,-0.3616666666666666,0.1584722222222222,0.2105555555555555,-0.1518055555555556,0.2297361111111111,0.0375833333333333,-0.0144999999999999,-0.0700555555555555,-0.7920277777777778,-0.2372638888888888,-0.1425555555555555,-0.0577361111111111,-0.1475694444444444,-0.0730972222222222,0.1353888888888889,0.1485555555555555,-0.6224805555555555,-0.6953402777777777,0.1275986111111111,-0.0812722222222222,0.2212472222222222,0.2361902777777778,-0.9042083333333332,-0.0090847222222222,-0.2595069444444444,-0.6794347222222222,0.1689666666666666,-4.176666666666667,0.1573611111111111,-0.1451388888888888,0.2566666666666666,0.4516666666666666,-0.0243055555555555,-0.0240277777777777,-0.0412499999999999,-0.1258333333333333,-0.0138888888888888,-0.2877777777777777,0.3076388888888888,0.095,-0.7584722222222222,0.1993055555555555,0.3565277777777778,-0.2420833333333333,0.1377777777777777,-0.1825,-0.0520833333333333,-0.4408333333333333,-0.606388888888889,-0.2686111111111111,0.1720833333333333,0
MRLFILILSAILLLFQYDLWFGKNGYLDYKETAEEIAMHKAENTKLSQRNQVVAAEIRDLKDGVEAIQERARLQYELVKPNETFYRIAKENKDNR,0.1807049782105262,-0.3491603239999999,0.1905289442105261,0.3205228726315789,0.0888873456842105,0.1371578947368421,-0.1381052631578947,-0.3637894736842104,-0.0397894736842105,0.0276842105263157,0.1804210526315789,-0.0308421052631578,0.0297894736842105,0.135578947368421,-0.0373684210526315,-0.0062105263157894,-0.211578947368421,-0.0377894736842105,-0.2279894736842105,0.3182210526315789,0.0936421052631578,0.4230842105263158,-0.0157157894736842,0.0278842105263158,-0.3251578947368422,0.0196842105263157,-0.049578947368421,0.2148421052631578,-0.228,-0.3947368421052631,0.1289473684210526,0.0994736842105263,0.1011578947368421,-0.0817894736842105,-0.2370526315789474,0.3500000000000001,-0.231578947368421,0.0115684210526315,-0.0493263157894736,-0.0873368421052631,-0.0714947368421052,0.0274421052631578,0.084,0.0010526315789473,-0.8764189473684206,0.3453105263157895,0.4176126315789474,-0.3546315789473684,0.396736842105263,-0.8034736842105265,0.2185263157894736,-0.3392631578947369,0.3661052631578947,0.137578947368421,-0.0302105263157895,0.233578947368421,-0.0232,-0.0175999999999999,-0.0830526315789473,-0.7322000000000001,-0.1908842105263157,-0.1361263157894736,-0.0954,-0.068621052631579,0.0509473684210526,0.0893052631578947,0.2445368421052631,-0.3452136842105263,-0.8941757894736841,0.260998947368421,0.0441284210526316,0.0137484210526315,0.3152105263157895,-0.4176273684210526,-0.3144726315789474,-0.3150242105263159,-0.2604705263157894,-0.0055115789473684,-3.831263157894736,0.4733684210526315,-0.047157894736842,0.2,0.4772631578947367,-0.0932631578947367,0.137578947368421,0.0634736842105262,-0.0789473684210526,-0.054,-0.1521052631578947,0.2858947368421052,-0.1454736842105263,-0.702,0.2658947368421053,0.2914736842105263,-0.3570526315789473,0.2042105263157895,-0.0853684210526316,0.0902105263157894,-0.1077894736842104,-0.6042105263157896,-0.4733684210526315,0.2813684210526315,0
MSRSIWKGPFVDGYLLKKADAARASGRNETIKIWSRRSTILPQFVGLTFGVYNGAKHVPVYVSEDMVGHKFGEFSPTRTYYGHAADKKSKRR,0.0807191444565217,0.0931652732608695,0.0427767554347825,0.3254660782608695,0.2406766228260869,0.1780434782608695,-0.0765217391304347,-0.0884782608695652,-0.0220652173913043,-0.011195652173913,0.1691304347826086,0.1821739130434782,-0.0552173913043478,0.1696739130434782,-0.0770652173913043,-0.0883695652173912,-0.2523913043478261,0.1714130434782608,-0.3097173913043478,-0.1170434782608695,-0.0784239130434782,0.3491739130434782,-0.0230543478260869,0.1398586956521739,0.0747826086956521,-0.1374999999999999,0.1195652173913044,0.1730434782608695,-0.0370652173913043,-0.3521739130434782,-0.0107608695652173,0.0908695652173912,-0.1480434782608695,0.1531521739130434,-0.2756521739130435,0.3835869565217392,-0.328695652173913,0.0324130434782608,0.025945652173913,-0.0227173913043478,-0.0827391304347826,-0.0157826086956521,-0.2806521739130434,-0.0003260869565217,-1.175745652173913,-0.4878880434782607,0.8383467391304349,-0.8368478260869565,-0.3606521739130435,0.1208695652173912,0.419891304347826,-0.1406521739130434,0.2232608695652174,0.1503260869565217,0.1870652173913043,0.2199782608695652,0.0479782608695652,0.0033152173913043,-0.0220978260869565,-0.8038152173913042,-0.1560760869565217,-0.1297826086956521,-0.04975,-0.15975,-0.4352826086956522,0.1696739130434782,0.3727391304347826,0.1406249999999999,-0.4801869565217392,-0.2731010869565217,0.2005413043478261,0.5766347826086957,0.0719489130434782,-0.4430923913043477,-0.0399478260869565,-0.489907608695652,0.6197260869565216,0.699425,-4.271304347826086,-0.0219565217391304,-0.1172826086956521,0.0816304347826087,0.673586956521739,-0.1095652173913043,-0.0338043478260869,-0.1571739130434782,0.0738043478260869,0.1351086956521739,-0.1183695652173913,0.2778260869565216,0.019891304347826,-0.7794565217391304,0.1238043478260869,0.3333695652173913,-0.3693478260869565,0.2967391304347826,-0.3828260869565218,0.2892391304347826,-0.3295652173913043,-0.4044565217391305,-0.0443478260869564,0.1471739130434782,0
MAKNKDVRVTVILECTSCAQNDVHGNKVATGISRYITQKNRHNTPNRLEFQKFCPRCYKHTLHGEIKN,0.176695826617647,-0.0017538895588235,0.2071004058823529,0.1617442102941176,0.3162157680882352,0.2667647058823529,-0.1713235294117646,-0.1957352941176471,0.1158823529411764,0.1629411764705882,0.0894117647058823,0.0373529411764705,-0.1261764705882353,-0.0022058823529411,-0.0191176470588235,0.063235294117647,-0.275735294117647,0.1479411764705882,-0.356,0.0216617647058823,-0.1407647058823529,0.0815441176470588,-0.0650588235294117,0.2441176470588235,-0.0126470588235294,-0.0886764705882353,0.236470588235294,0.3089705882352941,0.0595588235294117,-0.0619117647058823,0.1045588235294117,0.0388235294117647,0.1541176470588235,0.0167647058823529,-0.2689705882352942,0.4095588235294117,-0.3075,0.0395441176470588,-0.0102205882352941,-0.0238088235294117,-0.0325147058823529,-0.0660294117647058,-0.2170588235294117,0.1913235294117646,-1.6679352941176468,0.0860867647058824,-0.0427794117647057,-0.8341176470588236,0.1116176470588235,-0.1467647058823529,0.4955882352941176,0.235,0.0638235294117647,0.213235294117647,-0.1298529411764706,0.2260441176470588,-0.0038970588235294,-0.0369411764705882,-0.0149264705882353,-0.8009705882352939,-0.1937058823529412,-0.1871764705882352,-0.0469558823529411,-0.0031764705882352,-0.1025147058823529,0.2021470588235294,0.0959558823529411,-0.7595838235294119,-0.4732191176470588,-0.0251470588235293,-0.0426058823529411,0.1703573529411765,-0.0686235294117647,-0.9185117647058824,-0.3074558823529411,-0.0728558823529411,-0.6560647058823531,0.1205294117647059,-4.244999999999999,0.2419117647058823,-0.0188235294117646,0.1325,0.5332352941176469,-0.250735294117647,-0.0989705882352941,-0.0601470588235294,-0.040735294117647,0.1183823529411764,0.0944117647058823,0.2376470588235293,0.0120588235294117,-0.7652941176470587,0.1485294117647059,0.3452941176470588,-0.3452941176470587,0.2770588235294117,-0.0819117647058823,0.6745588235294118,-0.2054411764705882,-0.3797058823529411,-0.1338235294117647,0.1335294117647059,0
MPNTSSASKRLRQNEKRRLLNRATRSNMRSTIRRVREAVENNDLETAKNEFKVAQKKLDRAAANNLIHKNAAARTKSRLNNLIKNAAQTA,0.3657096273333333,-0.2490547054444444,0.0276169955555554,0.4733468588888888,0.3454790706666666,0.4788888888888888,-0.2908888888888889,-0.3023333333333333,-0.0374444444444444,0.2673333333333333,0.2678888888888889,0.1122222222222222,-0.175,0.0753333333333333,-0.074,0.1252222222222222,-0.2696666666666667,0.2299999999999999,-0.4589333333333333,0.2493,-0.1579555555555554,0.3889222222222222,0.0106555555555555,0.2847222222222222,-0.2487777777777778,-0.1214444444444444,0.0528888888888888,0.5306666666666666,-0.2631111111111111,-0.3101111111111111,0.1082222222222222,-0.0987777777777777,0.1294444444444444,-0.1405555555555555,-0.3743333333333332,0.359,-0.215,0.0774333333333333,-0.0506777777777777,-0.0971333333333333,-0.0867888888888888,-0.037,-0.2634444444444444,0.1918888888888889,-3.318567777777778,0.269981111111111,0.2975033333333334,-1.574888888888889,0.4925555555555554,-0.7247777777777779,0.9234444444444444,0.1077777777777777,0.2381111111111111,0.0024444444444444,0.0264444444444444,0.2357444444444444,-0.0150222222222222,-0.0612777777777777,-0.0397111111111111,-0.8331666666666666,-0.1853555555555555,-0.3228444444444444,-0.0541444444444444,0.0261444444444444,-0.1411111111111111,0.2585444444444445,0.2763555555555556,-0.4518288888888889,-1.4811766666666664,0.0139666666666666,-0.0794355555555555,0.2231544444444445,-0.1780666666666666,-0.7177666666666666,-0.8066466666666668,-0.4262477777777778,0.1266533333333333,0.7023077777777778,-4.4557777777777785,0.6697777777777778,0.0128888888888888,0.2803333333333332,0.6658888888888889,-0.4138888888888888,0.0177777777777777,-0.0647777777777777,-0.0467777777777777,0.1599999999999999,0.094111111111111,0.4295555555555556,-0.0551111111111111,-0.7902222222222223,0.3007777777777777,0.3709999999999999,-0.5266666666666666,0.2683333333333333,-0.0429999999999999,1.0465555555555557,-0.0615555555555555,-0.7154444444444447,-0.2297777777777777,0.5612222222222223,0
GPIQISYNYNYGPCGRYCGILGVSPGDNLDCGNQR,-0.0525637591428571,0.7108204508571427,0.0694284714285713,0.2040075828571428,0.2559756868571429,0.2137142857142857,-0.0737142857142857,0.2502857142857143,0.2088571428571428,-0.0697142857142857,0.1011428571428571,0.1914285714285714,0.1154285714285714,-0.1011428571428571,-0.0114285714285714,-0.1531428571428571,-0.3854285714285714,0.0648571428571428,-0.1299714285714285,-0.7264857142857143,-0.3074571428571429,0.1359714285714285,-0.1295428571428571,-0.1846,0.6888571428571428,-0.3574285714285714,0.1708571428571428,-0.0579999999999999,-0.1071428571428571,0.0168571428571428,0.2331428571428571,0.3742857142857143,0.0168571428571428,-0.1088571428571428,-0.2122857142857143,0.3122857142857143,-0.4374285714285715,0.0537714285714285,0.1398571428571428,0.0727428571428571,-0.0056285714285714,-0.0300571428571428,-0.8148571428571428,0.0294285714285714,-1.0781828571428569,-1.936728571428572,0.20368,-1.2571428571428571,-1.6,0.9894285714285715,-0.3348571428571429,0.1822857142857142,0.1025714285714285,0.5614285714285715,-0.2279999999999999,0.2082571428571428,0.0434285714285714,-0.0431142857142857,0.0248571428571428,-0.951,-0.1141428571428571,-0.1255714285714285,0.0735999999999999,-0.1251428571428571,-0.7136285714285714,-0.0003142857142857,0.355942857142857,-1.6600742857142856,-0.1529828571428571,-0.1602314285714285,0.4090657142857142,0.0778314285714285,-0.1677142857142856,-2.1543914285714285,-0.1458342857142857,-0.1334114285714285,-1.5749057142857144,0.9220542857142856,-5.111714285714285,-0.3059999999999999,0.0779999999999999,0.1288571428571428,0.938,-0.0837142857142857,-0.2362857142857143,-0.478857142857143,0.4077142857142856,-0.1422857142857143,-0.1802857142857143,0.2334285714285713,-0.1151428571428571,-0.9,0.0285714285714285,0.4142857142857143,-0.5091428571428571,0.3999999999999999,-0.4448571428571429,0.4111428571428571,-0.6025714285714283,0.3371428571428572,-0.5357142857142857,0.0631428571428571,0
MPRSLKKGPFIEFKLEKRILDMNSKGERKVVKTWSRSSMISPDFVGHTVAVHNGKTHVPVYVTENMVGHKLGEFAPTRLYRGHAGGKAEKGGSAPRKK,0.1422037892857142,0.0439911407142857,0.1097402081632652,0.3279877265306121,0.3074400010204082,0.2865306122448979,-0.1460204081632652,-0.1388775510204082,-0.0681632653061224,-0.0115306122448979,0.1457142857142857,0.2233673469387755,-0.0229591836734693,0.101938775510204,-0.0483673469387755,-0.1014285714285714,-0.2826530612244898,0.2015306122448979,-0.4119387755102041,-0.0692142857142856,-0.1677448979591836,0.3579795918367346,0.075938775510204,0.112,0.0113265306122448,-0.1783673469387755,0.0530612244897959,0.2387755102040816,0.1491836734693877,-0.348469387755102,0.0781632653061224,0.0838775510204081,-0.1956122448979591,0.2368367346938775,-0.3293877551020408,0.37,-0.3044897959183673,0.0476224489795918,0.0208265306122449,-0.0400714285714285,-0.080204081632653,-0.0013571428571428,-0.3901020408163264,0.041938775510204,-1.5704285714285715,-0.6187857142857142,1.0566979591836738,-1.1747959183673469,-0.4459183673469389,0.1503061224489795,0.5758163265306123,-0.3138775510204082,0.2928571428571428,0.0342857142857142,0.0112244897959183,0.2225816326530612,0.0592857142857142,-0.0075408163265306,-0.0435306122448979,-0.8515,-0.1593979591836735,-0.1279081632653061,-0.0265714285714285,-0.1836632653061224,-0.3545204081632652,0.2267857142857142,0.3505816326530611,-0.3145010204081633,-0.4814030612244899,-0.4228295918367347,0.0904928571428571,0.5984897959183674,0.0779418367346939,-1.026763265306122,0.0091520408163264,-0.4368040816326529,0.0034785714285713,0.4583918367346938,-4.543367346938775,0.0387755102040816,-0.2443877551020408,0.181530612244898,0.6328571428571428,-0.1656122448979591,-0.1326530612244898,-0.2016326530612244,0.1228571428571428,0.1441836734693877,-0.1690816326530612,0.4393877551020408,0.0751020408163265,-0.8177551020408164,0.1870408163265306,0.385,-0.2704081632653061,0.3031632653061225,-0.3768367346938774,0.4357142857142856,-0.4661224489795918,-0.4864285714285716,0.0337755102040816,0.1938775510204081,0
MKKKIHPRYSKITATCSCGNIIEIFSTINHNINLDICAKCHPFYTGKQRVIDTGGRVERFKKRFKFTKQELN,0.1409116524999999,-0.0165586133333333,0.4796215499999999,0.1168096041666666,0.5012129975,0.1524999999999999,-0.1595833333333333,-0.1983333333333333,0.0922222222222222,0.1247222222222222,0.1191666666666666,0.0377777777777777,-0.0827777777777777,0.0243055555555555,-0.14,0.0020833333333333,-0.2154166666666666,0.1638888888888889,-0.1659861111111111,0.01575,-0.0313333333333332,0.1143611111111111,-0.0798611111111111,0.2668055555555556,-0.0065277777777777,-0.0179166666666666,0.2601388888888889,0.2472222222222222,0.0476388888888889,-0.1245833333333334,0.1595833333333333,0.1097222222222222,0.1702777777777778,-0.0734722222222222,-0.2798611111111111,0.4133333333333333,-0.2529166666666667,0.0205833333333333,-0.0125138888888888,-0.0133055555555555,-0.0537083333333333,-0.0530416666666666,-0.0651388888888888,0.1180555555555555,-0.9330347222222222,0.3578013888888889,0.2848208333333334,-0.5002777777777778,0.1894444444444443,-0.0568055555555555,0.5156944444444443,0.099861111111111,0.0906944444444444,0.2597222222222222,-0.0058333333333333,0.2269861111111111,0.0051805555555555,-0.0068194444444444,-0.0311111111111111,-0.7598194444444445,-0.1995833333333333,-0.1175416666666666,-0.0489722222222222,-0.0892777777777777,-0.0134583333333333,0.1776805555555555,0.1078611111111111,-0.1674069444444444,-0.4206736111111111,-0.1011680555555555,-0.2189722222222222,0.4371263888888889,0.1472444444444444,-0.5107694444444443,-0.1255347222222222,-0.2830416666666666,0.1466083333333332,0.080375,-4.026527777777777,0.2754166666666667,-0.1669444444444444,0.1508333333333333,0.4498611111111111,-0.1519444444444444,-0.0272222222222222,0.0052777777777777,-0.0313888888888889,0.1940277777777777,0.0470833333333333,0.2183333333333333,0.0177777777777777,-0.7345833333333334,0.1994444444444444,0.3227777777777778,-0.2077777777777777,0.3158333333333333,-0.1452777777777777,0.3688888888888888,-0.18625,-0.4519444444444445,-0.0870833333333332,0.05125,0
GSSGLISMTRV,-0.3821573763636363,0.4032336027272727,-0.5091688545454548,0.6677234272727273,0.0227413990909091,0.0418181818181817,-0.4872727272727272,0.0727272727272727,0.0236363636363636,-0.0118181818181818,0.520909090909091,0.26,-0.1690909090909091,0.0763636363636363,0.0718181818181818,-0.2718181818181818,-0.4445454545454544,0.31,-0.0798181818181818,-0.3178181818181818,-0.4386363636363636,0.6334545454545455,-0.1765454545454545,0.1698181818181818,0.1745454545454546,-0.6618181818181819,0.5245454545454545,0.0399999999999999,-0.0745454545454545,-0.1954545454545454,-0.2318181818181818,-0.0318181818181818,-0.6527272727272726,0.1290909090909091,-0.6518181818181819,0.5209090909090909,-0.5181818181818182,0.0126363636363636,0.1552727272727272,-0.0632727272727272,-0.082,-0.1033636363636363,-1.1490909090909092,-0.2418181818181817,-0.5003363636363631,-3.444036363636364,0.2593636363636363,-0.6736363636363636,-2.3663636363636367,-0.0590909090909091,0.6336363636363637,0.2936363636363636,0.23,0.2245454545454545,0.2172727272727272,0.2285454545454545,0.1088181818181818,-0.0851818181818181,0.0771818181818181,-1.1158181818181818,-0.2681818181818182,-0.3655454545454545,0.1312727272727272,-0.122090909090909,-0.7911818181818181,0.1635454545454545,0.367181818181818,0.2676181818181815,-1.442718181818182,-0.9924727272727272,-0.2370636363636364,0.6421454545454545,-0.3007909090909091,-1.2679363636363634,-0.7360454545454546,-1.0532545454545454,1.1058,1.6261545454545454,-6.169090909090909,-0.0963636363636363,-0.0863636363636363,0.5909090909090909,1.0572727272727271,0.0163636363636363,-0.5654545454545454,-0.6236363636363637,-0.0881818181818182,0.0399999999999999,-0.3972727272727272,0.1299999999999999,-0.2354545454545454,-1.0572727272727271,0.2027272727272727,0.7027272727272726,-0.3645454545454544,0.3754545454545454,-0.3772727272727273,0.1754545454545454,-1.5363636363636366,-0.4290909090909091,-0.5227272727272726,0.0709090909090909,0
IIDYYDEGEEDRDVGVVDAR,0.2535027675,-0.0611252494999999,-0.00463428,0.321048415,-0.403717656,0.37,-0.0965,-0.1355,0.1385,-0.3664999999999999,0.143,-0.324,0.287,0.2115,0.0509999999999999,0.122,-0.4059999999999999,-0.2939999999999999,-0.6744,0.0036999999999999,-0.10405,0.3270499999999999,-0.25215,-0.2804499999999999,-0.0284999999999999,-0.1535,-0.006,0.3425,-0.612,-0.093,-0.4345,0.5305000000000001,-0.0029999999999999,0.2445,-0.17,-0.0319999999999999,-0.38,0.0576999999999999,-0.0076499999999999,-0.06055,-0.00465,0.00305,-0.2855,0.2394999999999999,-2.5024,-0.53804,-0.3048100000000001,-1.5435,-0.143,-1.2134999999999998,-1.138,-0.1155,0.25,0.5845,-0.011,0.21565,-0.0570999999999999,-0.07125,-0.0857,-0.8066500000000001,-0.2183,-0.2769499999999999,-0.068,0.11535,-0.26335,-0.00545,0.3280999999999999,-1.408955,-0.7965,0.17989,0.684315,-0.5193899999999999,0.5706899999999999,-1.1869749999999997,-0.9574,0.089755,-1.29113,0.3791699999999999,-4.208,0.431,0.3615,0.0389999999999999,0.7750000000000001,-0.3219999999999999,0.172,-0.1724999999999999,-0.033,-0.775,-0.0604999999999999,0.345,-0.0014999999999999,-0.7575000000000001,0.1285,0.262,-0.725,0.3099999999999999,-0.1385,0.999,-0.3255,-0.177,-1.1685000000000003,0.036,0
MTRSLKKNPFVANNFLGKIEKLNMREEKEIIITWSRASTIIPTMIGHTIAIHNGKDHLPIYITDRMVGHKLGEFAPTLTFKGHARNDNRSRR,0.1096001819565217,-0.0842283965217391,0.4721468206521738,0.2622120434782608,0.4718160594565217,0.1902173913043478,-0.1806521739130434,-0.2367391304347825,0.0418478260869565,0.0006521739130434,0.1841304347826086,0.1179347826086956,-0.1097826086956521,-0.0231521739130434,-0.0493478260869565,-0.0493478260869565,-0.2352173913043478,0.1347826086956521,-0.1416739130434782,0.0431304347826087,-0.0353152173913043,0.2779782608695652,0.0535760869565217,0.1156630434782608,-0.0709782608695652,-0.0781521739130434,0.1398913043478261,0.2030434782608695,-0.0431521739130434,-0.1788043478260869,0.0241304347826087,0.0859782608695652,0.0654347826086957,-0.0416304347826087,-0.3091304347826086,0.4146739130434783,-0.305,0.0202608695652173,-0.0023260869565217,-0.0392391304347826,-0.0670760869565217,-0.0079021739130434,-0.126195652173913,0.0045652173913043,-0.8709108695652172,-0.1619130434782608,0.684320652173913,-0.5453260869565217,-0.0871739130434783,-0.2433695652173912,0.5006521739130435,-0.1302173913043478,0.0797826086956521,0.1004347826086956,-0.1065217391304347,0.2291195652173912,0.026695652173913,-0.007945652173913,-0.0396630434782608,-0.7840760869565218,-0.2144673913043477,-0.1907065217391305,-0.0910869565217391,-0.0728369565217391,-0.0791739130434782,0.19525,0.1445760869565217,-0.470636956521739,-0.6944282608695653,0.2283684782608694,-0.1975380434782608,0.3773260869565218,0.0498760869565217,-0.7059271739130432,-0.0913847826086956,-0.2651130434782609,-0.4011467391304347,0.2306652173913043,-4.172391304347825,0.1725,-0.1294565217391304,0.2139130434782608,0.4904347826086955,-0.0939130434782608,-0.021195652173913,-0.06,-0.0468478260869565,0.0952173913043478,-0.1144565217391304,0.3214130434782608,0.0474999999999999,-0.7579347826086955,0.1684782608695652,0.3619565217391304,-0.2426086956521739,0.2703260869565217,-0.1739130434782608,0.2310869565217391,-0.2516304347826087,-0.5394565217391305,-0.0566304347826086,0.2602173913043478,0
MAGTVAHPEGITNPPIDELLEATDSKYSLVIYAAKRARQINAYYSQLGEGLLEYVGPLVETTNAQEKPLSIALREINAGLLTHETVSDSLPPVA,-0.0362389955319148,-0.0575811271276595,-0.1500665840425532,0.5560609468085106,-0.1713264738297872,0.1548936170212766,-0.3256382978723404,-0.1551063829787234,-0.0111702127659574,-0.1245744680851063,0.0786170212765957,0.0939361702127659,-0.1095744680851063,0.1814893617021276,0.0806382978723404,-0.1631914893617021,-0.3796808510638297,-0.0028723404255319,-0.1916170212765958,0.0278297872340425,-0.1884148936170212,0.5675957446808512,0.2316702127659574,-0.1654042553191489,-0.1323404255319148,-0.3474468085106382,-0.0386170212765957,0.0507446808510638,-0.1921276595744681,-0.4129787234042553,-0.0270212765957446,-0.117659574468085,-0.0231914893617021,-0.0241489361702127,-0.3671276595744681,0.3997872340425531,-0.4181914893617021,0.0214893617021276,0.0509787234042553,-0.0830106382978723,-0.0795212765957446,0.0351382978723404,-0.6236170212765956,-0.1554255319148935,-0.811509574468085,-1.8730925531914893,0.937212765957447,-0.6798936170212766,-1.0908510638297872,-0.5991489361702128,0.3311702127659574,-0.4695744680851063,0.089468085106383,0.1688297872340426,-0.0572340425531914,0.2292127659574467,0.0658191489361702,-0.0532553191489361,-0.0292446808510638,-0.931872340425532,-0.3426489361702128,-0.273563829787234,-0.0452446808510638,-0.0966595744680851,-0.3904042553191489,0.0407340425531914,0.2006063829787234,-1.5070648936170212,-0.8338925531914892,0.3595893617021276,0.1533755319148936,0.1745244680851063,0.1421255319148936,-1.738223404255319,-0.0070170212765957,-0.1901510638297872,-1.746755319148937,0.4394978723404255,-5.008829787234043,-0.2238297872340425,0.1379787234042553,0.3003191489361702,0.7263829787234041,-0.0163829787234042,-0.185531914893617,-0.295,-0.2248936170212766,-0.1654255319148936,-0.447127659574468,0.207127659574468,0.0523404255319148,-0.8868085106382979,0.0403191489361702,0.4425531914893618,-0.4913829787234042,0.0685106382978723,-0.305,-0.0332978723404255,-0.769468085106383,-0.2858510638297872,-0.6582978723404256,0.4196808510638298,0
MTKPTTEQPTIVKCPTCQSAVVWNAESPFRPFCSKKCQMIDFGEWADEEKSIPGAPDMSDSDGWSEDQY,0.0901986060869565,0.1446932866666666,-0.4849197072463769,0.1013300014492753,-0.4701674375362319,0.3030434782608696,-0.1965217391304348,0.064927536231884,-0.1279710144927536,-0.0718840579710144,-0.0579710144927536,-0.1398550724637681,-0.1069565217391304,0.1626086956521739,-0.0327536231884058,-0.0063768115942028,-0.3676811594202899,-0.0460869565217391,-0.3045217391304347,-0.1328985507246377,-0.2645072463768115,0.0442028985507246,0.2374057971014492,-0.2222463768115941,0.0813043478260869,-0.2139130434782609,-0.2118840579710144,0.1055072463768115,-0.026231884057971,0.0042028985507246,-0.0621739130434782,-0.2613043478260869,-0.1128985507246376,-0.1097101449275362,-0.2740579710144928,0.3647826086956522,-0.4544927536231884,0.0560724637681159,0.0298405797101449,-0.0086231884057971,0.0017536231884057,0.0243623188405797,-0.5028985507246377,0.0956521739130434,-1.7265101449275362,-1.037624637681159,0.3385797101449274,-1.316376811594203,-0.4872463768115943,-0.2353623188405796,-0.122463768115942,-0.2108695652173913,-0.2468115942028985,-0.0359420289855072,0.2785507246376812,0.2160724637681159,0.0098840579710144,-0.0570579710144927,0.0296086956521739,-0.8586521739130435,-0.2579420289855073,-0.2291594202898551,-0.0344927536231884,0.0131014492753623,-0.3592463768115942,0.1434202898550725,0.0579420289855072,-0.4899159420289856,-0.2124144927536232,-0.4000333333333333,0.024727536231884,0.011895652173913,0.1856405797101449,-0.5356333333333332,-0.2425246376811594,0.1175971014492753,-0.2206956521739129,0.129986956521739,-4.531159420289855,-0.282463768115942,0.0413043478260869,0.0363768115942029,0.603768115942029,-0.1662318840579709,-0.1272463768115942,-0.2107246376811594,-0.078695652173913,-0.2582608695652174,-0.0544927536231884,-0.0792753623188406,0.2502898550724637,-0.816086956521739,-0.0233333333333333,0.3665217391304348,-0.3123188405797101,0.2744927536231885,-0.2579710144927535,0.443768115942029,-0.2988405797101449,0.3057971014492753,-0.4604347826086956,0.1226086956521739,0
MSDAHGVARDQLRAFIERIERLEEEKKTIADDIKDVYGEAKGMGFDTKILKKVVALRKKDEQERMEEEAILDTYLHALGMIEAPPEG,0.2461678005747125,-0.4111417489655171,0.1779057781609195,0.348534067816092,0.0470555506896552,0.3057471264367816,-0.2232183908045976,-0.2832183908045977,-0.1033333333333333,-0.0566666666666667,0.1375862068965516,-0.0598850574712643,0.1364367816091953,0.2119540229885057,0.0022988505747126,-0.0212643678160919,-0.3057471264367816,-0.0466666666666666,-0.3495862068965517,0.3388045977011494,-0.1023908045977011,0.4343448275862069,0.0382988505747126,-0.1183103448275861,-0.4125287356321839,-0.1347126436781609,-0.2097701149425287,0.3080459770114943,-0.2186206896551724,-0.2859770114942529,0.0706896551724137,0.1447126436781609,-0.0491954022988505,0.1120689655172414,-0.3028735632183909,0.2112643678160919,-0.2457471264367816,0.0419655172413793,-0.0432528735632184,-0.120103448275862,-0.0473333333333333,0.0522758620689655,-0.2379310344827586,0.0864367816091953,-1.845968965517241,-0.3136080459770117,0.5311264367816092,-1.0910344827586205,-0.0209195402298851,-0.9495402298850572,0.03,-0.4962068965517242,0.4644827586206896,-0.0590804597701149,0.0250574712643677,0.2290804597701149,-0.0040804597701149,-0.0404597701149425,-0.1004022988505747,-0.8247816091954024,-0.2182298850574713,-0.1820344827586207,-0.0506436781609195,-0.0725632183908046,-0.0795172413793103,0.1617241379310345,0.3197816091954024,-1.035151724137931,-0.7574954022988506,-0.1494298850574712,0.0995712643678161,0.0310885057471264,0.4652379310344828,-1.426132183908046,-0.4397643678160919,-0.2378252873563219,-0.9634068965517244,0.0007724137931034,-4.400344827586207,0.467816091954023,-0.1124137931034482,0.2889655172413793,0.592183908045977,-0.2071264367816092,0.0175862068965516,-0.1019540229885057,-0.0306896551724137,-0.2388505747126437,-0.1860919540229885,0.4410344827586206,-0.024367816091954,-0.7872413793103449,0.3011494252873564,0.3832183908045977,-0.3460919540229885,0.2751724137931035,-0.157816091954023,0.5258620689655172,-0.4306896551724137,-0.5336781609195401,-0.5135632183908045,0.2118390804597701,0
MSLPAFTEISSFSNTEISVAIIETENQLFNLRFKKATRQSFKSHEIKNAKRRLAQLKTLLSLRLENLDQKDDNLINTLITN,0.1318031824691357,-0.2209866641975308,-0.1734085950617284,0.3890524259259258,-0.0749901327160493,0.194074074074074,-0.2765432098765432,-0.3582716049382716,0.0238271604938271,0.0685185185185185,0.255679012345679,-0.0614814814814814,-0.1860493827160494,0.0428395061728395,-0.105679012345679,0.0519753086419753,-0.2612345679012345,0.0418518518518518,-0.1531234567901234,0.2487407407407407,-0.0048518518518518,0.4550617283950618,0.0742222222222222,0.086,-0.2423456790123456,-0.0676543209876543,0.0382716049382715,0.2550617283950617,-0.1706172839506173,-0.418641975308642,0.0398765432098765,-0.1380246913580246,0.1818518518518518,-0.2107407407407407,-0.338641975308642,0.4430864197530864,-0.3133333333333333,0.0234320987654321,-0.0266172839506172,-0.0841851851851851,-0.0864197530864197,-0.0035555555555555,-0.1019753086419752,0.0183950617283951,-1.2839654320987652,-0.0863345679012345,0.3127308641975309,-0.6139506172839507,0.2219753086419752,-0.9256790123456792,0.522962962962963,-0.1472839506172839,0.0401234567901234,0.1401234567901234,0.0124691358024691,0.2391234567901234,-0.0220123456790123,-0.0445925925925925,-0.0298395061728395,-0.7975679012345678,-0.2660987654320987,-0.267641975308642,-0.104753086419753,0.0249506172839506,0.1160123456790123,0.0926296296296296,0.0772592592592592,-0.0164456790123457,-1.3447148148148147,0.3548617283950616,-0.2296703703703703,0.1539962962962963,0.1337444444444444,0.051246913580247,-0.500616049382716,-0.3737345679012346,0.2852716049382715,0.1102938271604938,-4.208148148148148,0.4365432098765432,0.045679012345679,0.2512345679012346,0.4823456790123457,-0.1290123456790123,0.0256790123456789,0.0051851851851851,-0.2435802469135802,-0.0216049382716049,-0.082716049382716,0.154074074074074,-0.0718518518518518,-0.7559259259259259,0.2046913580246913,0.3297530864197531,-0.3685185185185184,0.2129629629629629,-0.0411111111111111,0.208395061728395,-0.1979012345679012,-0.5728395061728395,-0.5922222222222221,0.4511111111111111,0
MSRVCQVTGKRPVSGNNRSHAMNATKRRFLPNLHSHRFWVEGEKRFVTLRVSAKGMRVIDKKGIETVLAEIRARGEKY,0.1534369878205128,-0.0846150776923076,0.2375806371794871,0.3531372538461538,0.4251397375641026,0.2429487179487179,-0.177051282051282,-0.2241025641025641,-0.0574358974358974,0.1330769230769231,0.2028205128205128,0.176923076923077,-0.0339743589743589,0.0858974358974359,-0.032051282051282,-0.037051282051282,-0.2194871794871795,0.2096153846153846,-0.4272307692307692,0.1003974358974359,-0.0997051282051282,0.2944358974358974,-0.0357435897435897,0.3434615384615385,-0.114102564102564,-0.0897435897435897,0.2385897435897436,0.3275641025641025,-0.0962820512820512,-0.2046153846153846,0.0912820512820512,0.0575641025641025,-0.1074358974358974,0.1753846153846154,-0.3357692307692308,0.3943589743589742,-0.2244871794871795,0.0332948717948718,-0.0148717948717948,-0.0536410256410256,-0.0753974358974359,-0.0498205128205128,-0.1521794871794871,0.082051282051282,-1.5466487179487178,0.0779089743589744,0.4910538461538461,-0.7702564102564105,0.0603846153846152,-0.1355128205128205,0.6537179487179487,0.019102564102564,0.3430769230769231,0.0732051282051282,-0.0074358974358974,0.227474358974359,0.0272564102564102,-0.0159358974358974,-0.0424102564102564,-0.7945256410256409,-0.1439230769230769,-0.1627435897435897,-0.0234230769230769,-0.1370128205128205,-0.2435384615384615,0.292076923076923,0.3262948717948717,0.0915076923076922,-0.813946153846154,-0.450675641025641,0.0242782051282051,0.4156499999999999,-0.0622551282051282,-0.5369243589743589,-0.3598076923076923,-0.503905128205128,0.5998782051282051,0.627605128205128,-4.204615384615385,0.3860256410256411,-0.2038461538461538,0.1926923076923077,0.5910256410256409,-0.2196153846153846,-0.0485897435897436,-0.063974358974359,0.0596153846153846,0.2024358974358974,-0.0393589743589743,0.3934615384615384,0.0066666666666666,-0.7614102564102563,0.2711538461538462,0.3607692307692308,-0.3255128205128205,0.2974358974358975,-0.1921794871794872,0.5639743589743589,-0.2864102564102563,-0.7050000000000001,0.0296153846153846,0.136025641025641,0
YNRLCIKPRDWIDECDSNEGGERAYFRNGKGGCDSFWICPEDHTGADYYSSYRDCFNACI,0.1110575808333333,0.2651869453333333,0.0411253133333332,0.0105146733333333,0.075541022,0.2343333333333333,0.0484999999999999,0.1866666666666666,0.1916666666666667,0.053,0.0633333333333333,-0.0871666666666667,0.0773333333333333,0.0721666666666666,-0.1193333333333333,0.0554999999999999,-0.298,-0.0113333333333333,-0.1798333333333333,-0.2790833333333332,-0.1799833333333333,-0.0537833333333333,-0.2036833333333333,-0.1535166666666666,0.3026666666666667,-0.1073333333333333,-0.0918333333333333,0.0824999999999999,-0.4128333333333333,0.1105,0.0178333333333333,0.2741666666666666,0.125,0.0925,-0.1148333333333333,0.1916666666666666,-0.3681666666666666,0.0529333333333333,0.0339666666666666,0.0281666666666666,0.0364666666666666,-0.0104166666666666,-0.3279999999999999,0.2181666666666667,-1.5452416666666668,-0.3369,-0.610965,-1.0321666666666665,-0.3295000000000001,0.2261666666666667,-0.6206666666666666,0.2491666666666666,0.0779999999999999,0.2088333333333333,0.0048333333333333,0.2139833333333333,-0.0175833333333333,-0.0086166666666666,0.0426666666666666,-0.77715,-0.11595,-0.1329166666666666,-0.0424,0.0219,-0.4576166666666665,0.1311666666666666,0.2795166666666667,-0.33444,-0.0114633333333333,-0.2066849999999999,0.3036433333333333,-0.116295,0.01771,-0.4026099999999995,-0.5195283333333335,-0.0129133333333333,0.1396450000000001,0.6151066666666668,-4.121333333333333,-0.0161666666666666,0.1071666666666666,-0.1106666666666666,0.7623333333333332,-0.2008333333333333,0.0221666666666666,-0.1755,0.2666666666666666,-0.2703333333333333,0.1943333333333333,0.0973333333333332,-0.0474999999999999,-0.751,0.0235,0.2943333333333333,-0.4614999999999999,0.5021666666666667,-0.247,0.8046666666666665,0.0113333333333333,0.4468333333333333,-0.3734999999999999,-0.1326666666666666,0
MEIKKTAIAGTLESSDVQIMLSKGTVGVEFDLVSDVAKQFADDIKSTIKETLGLYGIENAVVKVVDKGALDMVIKARTLTAIQRALDAVDQPNWEVL,-0.0627476792783505,-0.2420454638144329,-0.2448678835051547,0.5067472762886597,-0.2542663359793815,0.0827835051546391,-0.4160824742268041,-0.1929896907216494,-0.0542268041237113,-0.1187628865979381,0.2402061855670103,-0.0688659793814432,-0.0191752577319587,0.1832989690721649,0.0491752577319587,-0.1634020618556701,-0.3796907216494845,-0.0142268041237113,-0.3009072164948453,0.2064536082474226,-0.1509278350515464,0.5828144329896907,-0.0511443298969072,-0.0411855670103092,-0.3260824742268041,-0.3392783505154639,0.0887628865979381,0.1384536082474227,-0.0874226804123711,-0.4278350515463917,-0.0941237113402062,0.0310309278350515,-0.1222680412371133,-0.0029896907216494,-0.4465979381443299,0.3434020618556701,-0.4041237113402062,0.0040515463917525,0.0231030927835051,-0.1194948453608247,-0.0751649484536082,-0.0011546391752577,-0.5522680412371134,-0.1505154639175257,-0.5779371134020617,-1.6122886597938146,0.5144298969072165,-0.3889690721649487,-0.8897938144329899,-1.062783505154639,0.2704123711340206,-0.2662886597938144,0.2711340206185567,0.2416494845360824,0.198659793814433,0.2307319587628866,0.0392371134020618,-0.079340206185567,-0.0788969072164948,-0.938721649484536,-0.3597319587628866,-0.2886082474226804,0.0065567010309278,-0.0824432989690721,-0.2126494845360825,0.068721649484536,0.2053092783505154,-1.46479793814433,-0.8792474226804121,0.161359793814433,-0.1186876288659794,0.2713371134020618,0.3173092783505155,-2.0371247422680416,-0.1485072164948454,-0.3592113402061856,-1.6770463917525775,0.2195226804123711,-5.054536082474226,0.0715463917525773,0.0739175257731958,0.4730927835051545,0.7183505154639175,-0.0229896907216494,-0.1902061855670103,-0.242680412371134,-0.355360824742268,-0.1595876288659793,-0.352061855670103,0.2036082474226803,-0.1241237113402061,-0.8921649484536082,0.1870103092783505,0.504020618556701,-0.4291752577319588,0.0755670103092783,-0.2089690721649484,0.0088659793814432,-0.9004123711340205,-0.5102061855670104,-0.6851546391752577,0.2988659793814433,0
MTEEVQQLSTGDKYFIEQRSLILQEINESMDAILNQLNGLNITLENSIAVGKEFENVSQIWKLFYNGLESEEQNMETVGVADSEHITEDVNPEGK,0.1152721102105262,-0.180936218736842,0.0157125094736841,0.2957176063157894,-0.2487812103157894,0.2758947368421053,-0.1811578947368421,-0.2693684210526316,0.0214736842105263,-0.1070526315789473,0.2573684210526316,-0.1483157894736842,-0.0333684210526315,0.0883157894736842,0.0817894736842105,0.0501052631578947,-0.3676842105263157,-0.1433684210526316,-0.3100526315789473,0.1700526315789473,-0.1160210526315789,0.3847263157894737,-0.0305157894736842,-0.224421052631579,-0.2348421052631579,-0.1796842105263157,-0.0654736842105263,0.2175789473684209,-0.1262105263157894,-0.1904210526315789,-0.0408421052631579,0.1489473684210526,-0.0607368421052631,-0.2901052631578948,-0.2507368421052632,0.3588421052631578,-0.399578947368421,0.0327999999999999,-0.0005578947368421,-0.089778947368421,-0.025578947368421,0.025178947368421,-0.3216842105263157,0.0698947368421052,-1.4737684210526314,-0.9287810526315788,-0.0337084210526315,-0.9837894736842104,-0.3312631578947368,-0.9807368421052632,-0.0987368421052631,-0.3037894736842105,0.2687368421052632,0.2298947368421052,-0.2263157894736841,0.2346736842105263,-0.0333368421052631,-0.0625157894736842,-0.0268526315789473,-0.8488736842105263,-0.2812842105263158,-0.2687578947368421,-0.0839999999999999,0.0850631578947368,-0.038578947368421,0.0382947368421052,0.1661894736842105,-0.8315136842105265,-0.9709694736842104,0.1172568421052631,0.183278947368421,-0.2495147368421052,0.3034873684210528,-0.7331557894736841,-0.6373873684210526,-0.1041736842105262,-0.8842389473684212,-0.2139126315789473,-4.477052631578947,0.2950526315789474,0.1671578947368421,0.1969473684210526,0.6154736842105263,-0.1490526315789473,-0.0867368421052631,-0.1626315789473684,-0.1176842105263158,-0.3741052631578948,-0.2389473684210526,0.2179999999999999,-0.2111578947368421,-0.7973684210526317,0.1436842105263158,0.3636842105263158,-0.4448421052631578,0.2970526315789474,-0.0765263157894736,0.3518947368421053,-0.4540000000000001,-0.3146315789473685,-0.9718947368421051,0.2738947368421053,0
MSQAGAQEAPIKKKRPPVKDEDLKGARGNLTKNQEIKSKTYQVMRECEQAGSAAPSVFSRTRTGTETVFEKPKAGPTKSVFG,0.2618902348780487,0.0130761469512194,-0.0552674231707317,0.4124929817073171,0.1161420236585366,0.4557317073170732,-0.263780487804878,-0.0915853658536585,-0.1851219512195122,0.0315853658536585,0.1045121951219512,0.1148780487804878,-0.0915853658536585,0.2360975609756097,-0.0640243902439024,-0.0223170731707316,-0.3606097560975609,0.1610975609756097,-0.4835,-0.0439146341463414,-0.3022317073170731,0.3761951219512195,0.1684634146341463,0.0570243902439024,-0.0498780487804878,-0.2817073170731707,-0.0513414634146341,0.3784146341463414,0.0504878048780487,-0.3085365853658536,0.2065853658536585,-0.1162195121951219,-0.178780487804878,-0.0396341463414634,-0.3608536585365853,0.3542682926829268,-0.3081707317073171,0.0839756097560975,0.0164756097560975,-0.0616951219512195,-0.0795853658536585,0.0007560975609756,-0.6269512195121951,0.142560975609756,-3.0196219512195124,-0.9536463414634146,1.034539024390244,-2.002073170731708,-0.4678048780487805,-0.1536585365853658,0.6023170731707317,-0.308170731707317,0.2324390243902439,0.0168292682926829,0.2841463414634146,0.2206219512195122,0.0402195121951219,-0.0588780487804878,-0.0322195121951219,-0.9212560975609756,-0.2283780487804878,-0.2235243902439025,0.0173414634146341,-0.1217926829268292,-0.4362682926829268,0.1831463414634146,0.346841463414634,-0.8359719512195122,-0.6741036585365854,-0.6686121951219512,0.2137414634146341,0.5070634146341464,0.2185060975609756,-1.530459756097561,-0.3022207317073171,-0.3397585365853658,-0.3394878048780488,0.4832926829268293,-4.93780487804878,0.1398780487804878,-0.0995121951219512,0.2154878048780488,0.7436585365853658,-0.3220731707317073,-0.1669512195121951,-0.2880487804878048,0.0504878048780487,0.0315853658536585,-0.1530487804878048,0.3429268292682925,0.1268292682926829,-0.8735365853658537,0.1984146341463415,0.3948780487804877,-0.4452439024390243,0.2613414634146341,-0.3689024390243902,0.7795121951219512,-0.5907317073170733,-0.4304878048780487,-0.3869512195121951,0.2920731707317073,0
MAKEESIKMNGTVIETLPNTMFRVELENGHVVTAHISGKMRKHYIRILTGDKVTVELTPYDLSKGRITYRAR,0.0919305047222222,-0.1296363144444444,0.5461561430555555,0.3537840416666666,0.4243563915277778,0.1443055555555555,-0.2422222222222222,-0.2897222222222222,-0.0018055555555555,-0.0055555555555555,0.1843055555555555,0.0824999999999999,-0.1276388888888889,0.0633333333333333,0.0204166666666666,-0.0458333333333333,-0.2668055555555555,0.1175,-0.2812777777777778,0.1123055555555555,-0.0581944444444444,0.3477083333333333,0.0013888888888888,0.183375,-0.1459722222222222,-0.1222222222222222,0.2605555555555556,0.2495833333333333,-0.0280555555555555,-0.2113888888888889,0.0115277777777777,0.0563888888888888,-0.1255555555555555,0.1498611111111111,-0.3570833333333333,0.4140277777777777,-0.30125,0.0145277777777777,-0.0022638888888888,-0.0584722222222222,-0.0743194444444444,-0.0353611111111111,-0.1741666666666666,0.0004166666666666,-0.917026388888889,-0.3626888888888888,0.5692527777777778,-0.4949999999999999,-0.1852777777777778,-0.43625,0.4845833333333333,-0.1404166666666667,0.1823611111111111,0.2044444444444444,-0.035,0.2299305555555555,0.0311805555555555,-0.0284583333333333,-0.0336527777777777,-0.809736111111111,-0.2347777777777777,-0.1898611111111111,-0.0480694444444444,-0.072625,-0.1250416666666667,0.1490555555555555,0.1408194444444444,-0.5727666666666668,-0.7372791666666667,-0.0203513888888889,-0.1332611111111111,0.2644277777777778,0.1744555555555555,-0.9738513888888888,-0.2564652777777778,-0.2820152777777778,-0.5186444444444444,0.2449291666666667,-4.325277777777778,0.2579166666666667,-0.1118055555555555,0.2833333333333333,0.515,-0.1104166666666666,-0.0668055555555555,-0.0780555555555555,-0.1111111111111111,0.0504166666666666,-0.18375,0.2908333333333333,0.0061111111111111,-0.7786111111111111,0.2293055555555555,0.3848611111111111,-0.2844444444444444,0.1761111111111111,-0.1384722222222222,0.2130555555555555,-0.5172222222222222,-0.6915277777777779,-0.2544444444444444,0.1033333333333333,0
MFPGMFMRKPDKAEALKQLRTHVALFGSWVVIIRAAPYVLSYFSDSKDELKIDF,-0.06305718,-0.1823562212962963,-0.2262267722222222,0.2892059888888889,-0.1540358272222221,-0.0518518518518518,-0.1792592592592592,-0.237962962962963,-0.06,-0.0875925925925925,0.0914814814814814,0.0551851851851851,0.0201851851851851,0.171111111111111,-0.1166666666666666,-0.2142592592592592,-0.2031481481481481,0.0118518518518518,-0.1227962962962963,0.1609444444444444,0.0743703703703704,0.3863333333333333,0.1376296296296296,0.0117407407407407,-0.1896296296296296,-0.0542592592592592,-0.0657407407407407,-0.0366666666666666,-0.0031481481481481,-0.4514814814814815,-0.0411111111111111,-0.0377777777777777,0.0364814814814815,0.1033333333333333,-0.3014814814814815,0.4225925925925925,-0.3261111111111111,-0.0188333333333333,-0.0030925925925925,-0.0565555555555555,-0.073574074074074,0.0366666666666666,-0.0394444444444444,-0.2525925925925926,0.5567555555555557,-0.3333000000000001,0.8094277777777779,0.2603703703703701,-0.1814814814814815,-0.4311111111111111,0.2907407407407407,-0.3924074074074073,0.0374074074074073,-0.0714814814814814,0.2479629629629629,0.2273703703703703,0.0332592592592592,0.0070925925925925,-0.057,-0.7633333333333332,-0.1866481481481482,-0.0584814814814814,-0.0518333333333333,-0.2130555555555555,-0.1183703703703703,0.1036851851851851,0.1931851851851852,0.2065944444444445,-0.3960407407407407,-0.0133907407407407,-0.1817407407407407,0.3880611111111111,0.2686944444444444,-0.164548148148148,0.2433388888888888,-0.404338888888889,0.4661944444444444,0.2401574074074074,-4.0146296296296295,-0.0474074074074074,-0.2183333333333333,0.1905555555555555,0.4394444444444443,0.1181481481481481,0.0203703703703703,0.0042592592592592,-0.1737037037037037,0.0501851851851851,-0.1983333333333333,0.0633333333333333,0.0657407407407407,-0.7398148148148147,0.162037037037037,0.3362962962962964,-0.1683333333333333,0.1294444444444444,-0.2774074074074074,-0.4355555555555556,-0.2059259259259259,-0.2683333333333334,-0.0866666666666666,0.234074074074074,0
MASTGRIPLWLIATVGGTAALTVVGLFFYGSYSGVGSSL,-0.5195928225641028,0.2179677097435897,-0.032316,0.7159440666666668,0.1099078497435897,-0.2417948717948718,-0.3189743589743589,0.1679487179487179,0.0374358974358974,-0.1589743589743589,0.3748717948717948,0.3015384615384615,-0.1379487179487179,0.2128205128205128,0.0592307692307692,-0.4764102564102562,-0.3925641025641025,0.1458974358974359,0.0963076923076922,-0.2797692307692306,-0.2496923076923077,0.7635384615384615,-0.1074871794871795,-0.0674358974358974,0.0761538461538461,-0.6056410256410256,0.2730769230769231,-0.2917948717948718,-0.1497435897435897,-0.5002564102564102,0.0135897435897436,0.1176923076923077,-0.3953846153846155,0.1307692307692307,-0.4569230769230769,0.5053846153846152,-0.5461538461538461,-0.037,0.1656923076923077,-0.0694871794871795,-0.095051282051282,-0.0092820512820512,-1.0030769230769228,-0.5123076923076924,1.454682051282051,-3.658105128205129,0.8620974358974357,0.4256410256410257,-2.6761538461538463,0.1279487179487179,0.3553846153846153,-0.1815384615384615,0.3666666666666667,0.2615384615384615,0.2784615384615385,0.2242307692307692,0.161025641025641,-0.027,0.0282307692307692,-1.0430000000000004,-0.3588974358974359,-0.2214102564102564,0.0756153846153846,-0.2952564102564102,-0.9125384615384616,0.0168205128205128,0.4592307692307692,-1.1915794871794871,-0.3501974358974358,-0.0684846153846154,0.1436230769230769,0.848023076923077,-0.0178589743589743,-2.477089743589743,0.4257333333333335,-0.7630538461538462,-1.3117205128205132,1.2483179487179483,-5.737435897435897,-0.7128205128205127,0.0684615384615384,0.4435897435897436,1.0725641025641026,0.3176923076923077,-0.4582051282051281,-0.574871794871795,-0.1548717948717949,0.0305128205128205,-0.6435897435897436,0.075128205128205,-0.2884615384615384,-1.0107692307692309,0.0087179487179487,0.6035897435897437,-0.5194871794871795,0.0823076923076923,-0.6289743589743589,-0.7217948717948719,-1.4625641025641023,-0.2169230769230769,-0.4753846153846153,0.1028205128205128,0
MAKGKDIRIRVILECTTCTRNSVNKKSTGISRYITQKNRHNTPSRLELRKFCRYCYKHTIHGEIKK,0.2465444604545454,0.0127972209090909,0.4866458348484848,0.1622538818181818,0.6477590327272726,0.224090909090909,-0.1827272727272727,-0.2454545454545454,0.0501515151515151,0.2643939393939394,0.1215151515151515,0.0645454545454545,-0.149090909090909,0.0104545454545454,-0.1046969696969697,0.1136363636363636,-0.1913636363636364,0.2663636363636363,-0.2680757575757576,0.0433787878787878,-0.0439848484848484,0.0975757575757575,-0.1135909090909091,0.4684242424242424,0.0156060606060606,0.0274242424242424,0.4066666666666667,0.4063636363636363,-0.0648484848484848,-0.0834848484848485,0.158030303030303,-0.0243939393939394,0.0457575757575757,0.1106060606060606,-0.3295454545454546,0.4154545454545454,-0.1859090909090909,0.0382878787878787,-0.0322424242424242,-0.0084242424242424,-0.0701515151515151,-0.0987424242424242,0.0131818181818182,0.2628787878787879,-1.7583333333333335,0.8804499999999998,0.1940363636363636,-0.791060606060606,0.5706060606060606,-0.0324242424242424,0.7118181818181818,0.2677272727272727,0.1415151515151515,0.3216666666666666,-0.0121212121212121,0.2275454545454545,-0.0036666666666666,-0.0178636363636363,-0.0160909090909091,-0.7386969696969696,-0.1583030303030303,-0.1607272727272727,-0.0528333333333333,-0.0361060606060606,-0.0224545454545454,0.245090909090909,0.102590909090909,0.3138045454545454,-0.8335378787878789,-0.2565818181818181,-0.2561515151515151,0.347110606060606,0.000380303030303,-0.0751772727272725,-0.516771212121212,-0.3771212121212121,0.8524166666666665,0.349760606060606,-3.919696969696969,0.5343939393939393,-0.1883333333333333,0.1675757575757575,0.4434848484848484,-0.2865151515151514,0.028030303030303,0.0598484848484848,0.0181818181818181,0.294090909090909,0.1396969696969697,0.2815151515151515,0.0449999999999999,-0.7128787878787879,0.2766666666666666,0.3213636363636363,-0.2259090909090908,0.3465151515151515,-0.0362121212121212,0.703030303030303,-0.1537878787878788,-0.7080303030303031,-0.0089393939393939,-0.0222727272727272,0
MIREERLLKVLRAPHVSEKASIAMEKSNTIVLKVAKDATKAEIKAAVQKLFEVEVESVNTLLMKGKVKRHGQRIGRRSDWKKAYVTLKEGQNLDFVGGAE,0.1572424793999999,-0.3306766319999999,0.0273319759999999,0.4421726779999999,0.1166770916999999,0.222,-0.2891999999999999,-0.3002999999999999,-0.1328,0.0646,0.2161,0.0636,0.0227999999999999,0.1956,0.0054999999999999,-0.0709,-0.2799,0.1132,-0.4368899999999999,0.31791,-0.09633,0.5145299999999999,-0.02847,0.16068,-0.3857000000000001,-0.1635999999999999,0.0555999999999999,0.3218999999999999,-0.0528,-0.4471,0.0871,0.041,-0.1551999999999999,0.1066,-0.3967999999999999,0.3421,-0.2352,0.0280999999999999,-0.0295899999999999,-0.1172699999999999,-0.09108,-0.00334,-0.2744999999999999,0.0222999999999999,-1.456021,-0.3636059999999999,0.7137980000000002,-0.7674000000000001,-0.0954000000000001,-0.7442999999999997,0.6307,-0.3464,0.5280999999999999,0.0947,0.0436999999999999,0.23349,0.02681,-0.04088,-0.09412,-0.8494999999999999,-0.2410599999999999,-0.19604,-0.0215099999999999,-0.1358899999999999,-0.13159,0.20723,0.33046,-0.5395530000000001,-0.976379,-0.235013,-0.03935,0.369333,0.239835,-1.232667,-0.278374,-0.5330359999999998,-0.364356,0.228214,-4.5342,0.4083,-0.1564,0.3639,0.6122999999999998,-0.1768999999999999,-0.0787,-0.0987,-0.1122,0.0734999999999999,-0.2274,0.4373999999999999,-0.1036,-0.8105000000000002,0.3124,0.4264999999999998,-0.3317,0.2087999999999999,-0.1817,0.3671999999999999,-0.5554000000000001,-0.7843000000000001,-0.3072,0.2576,0
MAVQKSKKSRSRRGMRRSHDAVTPENLSVDPVSGETHRRHHITADGFYKGVKVIAV,0.1623693675,0.0337345148214285,-0.3150227053571429,0.3594317571428571,0.0904871687499999,0.3576785714285714,-0.1976785714285714,-0.2017857142857143,0.0098214285714285,0.0630357142857142,0.1391071428571428,0.1707142857142856,-0.0644642857142857,0.1530357142857143,0.0230357142857142,0.0085714285714285,-0.3026785714285714,0.2346428571428571,-0.5481964285714286,0.0049642857142857,-0.2130357142857142,0.281,0.0011785714285714,0.309125,-0.04,-0.20125,0.2503571428571428,0.3873214285714286,0.0198214285714285,-0.1991071428571428,-0.2105357142857143,-0.0242857142857142,-0.13875,0.2666071428571429,-0.3619642857142858,0.3778571428571428,-0.3258928571428571,0.0547857142857142,0.003,-0.0495,-0.0710535714285714,-0.0673571428571428,-0.3957142857142858,0.1498214285714286,-2.2984982142857144,-0.4223982142857142,0.4981839285714287,-1.2964285714285717,-0.1685714285714286,-0.2260714285714285,0.6776785714285715,0.1267857142857142,0.1405357142857143,0.0608928571428571,0.0599999999999999,0.222,0.0304821428571428,-0.0348749999999999,-0.027625,-0.8519464285714287,-0.1561785714285714,-0.2373035714285714,-0.0395892857142857,-0.0686071428571428,-0.3740178571428571,0.2978928571428571,0.3080892857142857,0.0994160714285713,-0.8853714285714286,-0.5056553571428571,0.1610232142857142,0.4334178571428571,-0.1435732142857142,-0.4715339285714283,-0.4535607142857144,-0.4349910714285713,0.7098660714285714,0.7665035714285714,-4.539642857142858,0.2044642857142857,-0.0996428571428571,0.1383928571428571,0.6667857142857143,-0.3044642857142857,-0.1341071428571429,-0.1748214285714286,-0.0376785714285714,0.1376785714285714,0.0091071428571428,0.3637499999999999,0.1441071428571428,-0.8130357142857143,0.1576785714285714,0.3891071428571428,-0.3824999999999999,0.3391071428571429,-0.22875,0.8698214285714287,-0.3939285714285713,-0.5882142857142858,0.0353571428571429,0.2216071428571428,0
MGGISIWQLLIIAVIVILLFGTKKLRGMGGDLGSAVKGFKKAMSDEDKPADKKDADFEPKNIEQQKTEASAETTAETKKDKEQA,0.1592493289285714,-0.2300410142857142,-0.0888361095238096,0.380150363095238,-0.0139971139285714,0.2989285714285714,-0.2878571428571428,-0.1244047619047618,-0.1420238095238095,-0.0628571428571428,0.2317857142857143,-0.0189285714285714,0.0479761904761904,0.2061904761904762,-0.0467857142857142,-0.0889285714285714,-0.3678571428571428,0.0439285714285714,-0.2849285714285714,0.1419880952380952,-0.2017261904761904,0.5191071428571429,-0.01575,-0.1524404761904761,-0.2717857142857142,-0.2886904761904761,-0.1883333333333333,0.255,0.0007142857142857,-0.4203571428571428,0.1289285714285714,0.1016666666666666,-0.1641666666666666,-0.0651190476190476,-0.3773809523809524,0.2680952380952381,-0.335595238095238,0.0506190476190476,0.0056071428571428,-0.1093571428571428,-0.0675833333333333,0.0455714285714285,-0.5721428571428572,0.0258333333333333,-1.8884380952380957,-1.1795880952380953,0.8320595238095239,-1.3577380952380953,-0.6310714285714285,-0.6722619047619048,0.2547619047619047,-0.4623809523809523,0.4477380952380952,0.0216666666666666,0.2661904761904762,0.2257738095238096,0.0270833333333333,-0.0589047619047619,-0.0870714285714285,-0.9229404761904766,-0.2704285714285714,-0.2248809523809523,-0.0044642857142857,-0.1037380952380952,-0.2454047619047619,0.1221547619047619,0.3583928571428571,-1.2767809523809526,-0.6913214285714285,-0.2082440476190476,-0.005875,0.4198880952380953,0.4350940476190476,-2.016760714285714,-0.2055428571428571,-0.4037880952380952,-1.213746428571429,0.1062619047619047,-4.990476190476191,0.2030952380952381,-0.0923809523809523,0.3899999999999999,0.7441666666666665,-0.1617857142857142,-0.1316666666666666,-0.2736904761904762,-0.0510714285714285,-0.1260714285714286,-0.2532142857142856,0.3867857142857142,-0.1142857142857143,-0.881547619047619,0.2533333333333333,0.4692857142857142,-0.3663095238095237,0.278095238095238,-0.3119047619047619,0.4198809523809524,-0.7227380952380952,-0.4433333333333333,-0.5333333333333333,0.3019047619047618,0
MSSKKSLYPDGRIPDRLPDGRPAVAWRSRWTEGVLPLWLVATAGGMAVFFVVGLFFFGAYTGVGSA,-0.2478873403030302,0.1432835887878787,-0.120820396969697,0.5180272803030302,0.0300802525757576,-0.061060606060606,-0.1868181818181818,0.1003030303030303,-0.1078787878787878,-0.1574242424242424,0.1866666666666666,0.246060606060606,-0.0087878787878787,0.1656060606060606,-0.041060606060606,-0.3746969696969697,-0.2845454545454546,0.086060606060606,-0.1298030303030303,-0.2056666666666666,-0.1333030303030302,0.5321666666666667,0.1001060606060605,-0.0548181818181817,0.0866666666666666,-0.3268181818181818,0.0195454545454545,-0.1719696969696969,-0.1631818181818181,-0.438030303030303,0.0739393939393939,0.0395454545454545,-0.2277272727272727,0.1906060606060605,-0.3386363636363637,0.4157575757575757,-0.4215151515151515,-0.0092878787878787,0.0937121212121212,-0.0372121212121212,-0.0841212121212121,0.0329545454545454,-0.5549999999999999,-0.3530303030303031,0.6108196969696971,-1.9877287878787877,1.1683454545454546,-0.0015151515151515,-1.5007575757575755,0.2437878787878787,0.1995454545454545,-0.3631818181818182,0.226969696969697,0.045,0.2928787878787878,0.2181212121212121,0.1166818181818181,-0.0016363636363636,-0.0223484848484848,-0.8974848484848486,-0.237030303030303,-0.1301818181818181,0.0211969696969696,-0.311560606060606,-0.6951060606060606,0.1307424242424242,0.4328787878787878,-0.6909924242424244,-0.1873787878787879,-0.1301515151515151,0.173790909090909,0.6999954545454546,0.0288181818181818,-1.548542424242424,0.4879318181818181,-0.5281287878787878,-0.6258757575757575,0.98825,-4.801666666666666,-0.5118181818181818,-0.0927272727272727,0.2259090909090908,0.8242424242424242,0.178030303030303,-0.1810606060606061,-0.3259090909090908,0.0048484848484848,0.0386363636363636,-0.4218181818181818,0.154090909090909,0.003030303030303,-0.8690909090909091,0.0465151515151515,0.4372727272727273,-0.4118181818181817,0.1107575757575757,-0.5774242424242424,-0.4454545454545455,-0.727878787878788,-0.1565151515151515,-0.1183333333333332,0.1816666666666666,0
MEYQYPLDYDWSNEEMVTMVKFYEAIEKAYEKGIIREELMGLYRRFKEIVPSKAEEKKIDKEFQEVSGYSIYRAIQRAKEVEEQKLVKI,0.2977263993258427,-0.3522658364044944,0.4868343426966292,0.1690034404494381,0.1091882364044943,0.1859550561797752,-0.0598876404494381,-0.4223595505617977,-0.1338202247191011,-0.020561797752809,0.0864044943820224,-0.087752808988764,0.0839325842696629,0.2702247191011236,-0.0315730337078651,0.0578651685393258,-0.1942696629213483,-0.07,-0.3826292134831461,0.3434943820224719,0.1368876404494382,0.2971460674157304,-0.0012808988764045,0.0315280898876404,-0.3367415730337079,0.1212359550561797,-0.0392134831460673,0.3052808988764044,-0.1151685393258427,-0.2991011235955056,0.0416853932584269,0.138876404494382,-0.1313483146067415,-0.0578651685393258,-0.2069662921348314,0.327752808988764,-0.1729213483146067,0.020505617977528,-0.075,-0.0701460674157303,-0.0633033707865168,0.0258876404494381,0.2456179775280899,0.1046067415730336,-1.2171191011235956,0.8971404494382021,0.5536011235955056,-0.6447191011235954,0.7978651685393255,-0.7878651685393258,0.1291011235955056,-0.5519101123595506,0.4174157303370786,0.2067415730337078,-0.0193258426966292,0.2322921348314606,-0.0378089887640449,3.3707865168541844e-05,-0.0762696629213483,-0.6727752808988763,-0.1628202247191011,-0.0528314606741573,-0.099067415730337,-0.074191011235955,0.0914044943820225,0.0801235955056179,0.2300112359550561,0.5374101123595506,-0.7420505617977526,-0.3137797752808989,0.1164157303370786,-0.0757786516853932,0.6151359550561797,0.4079752808988764,-0.459829213483146,-0.3083865168539326,0.9616955056179776,-0.2521337078651685,-3.4712359550561795,0.5610112359550563,-0.184943820224719,0.0864044943820224,0.3468539325842696,-0.1648314606741572,0.1979775280898876,0.1429213483146067,-0.0123595505617978,-0.0965168539325843,-0.1673033707865168,0.2762921348314606,-0.0602247191011236,-0.6467415730337079,0.3062921348314606,0.2313483146067415,-0.2110112359550562,0.2773033707865168,-0.0748314606741573,0.1838202247191011,-0.0373033707865168,-0.6082022471910112,-0.5228089887640449,0.0324719101123595,0
MRKYEIMYIIAPNLEESANKEIIERYNKVLTDNGAEILKVDEIGKKRLAYEINDFKDGFYVLLSVQANTEAINEFNRLIKINDNVIRVLVTKDEQ,0.1708353618947368,-0.2698607910526315,0.4633096136842105,0.3146703505263158,0.1446178543157894,0.1593684210526315,-0.2242105263157894,-0.3726315789473684,0.0538947368421052,-0.0732631578947368,0.2162105263157895,-0.0906315789473684,0.0168421052631579,0.0591578947368421,-0.043578947368421,0.002,-0.2612631578947368,-0.0626315789473684,-0.2973578947368421,0.2395052631578947,0.0693684210526316,0.4080105263157895,-0.0698105263157894,-0.005378947368421,-0.2450526315789473,-0.0252631578947368,0.092,0.2438947368421052,-0.1937894736842105,-0.3398947368421052,-0.0183157894736842,0.2409473684210526,0.1317894736842105,-0.191578947368421,-0.2903157894736842,0.3130526315789473,-0.263578947368421,0.0121684210526315,-0.0343263157894736,-0.0773052631578947,-0.0690842105263157,0.0063157894736842,-0.0062105263157894,-0.001157894736842,-0.865217894736842,0.0869642105263158,0.3524736842105263,-0.4364210526315791,0.2363157894736842,-0.9745263157894736,0.1626315789473684,-0.3092631578947369,0.2438947368421052,0.4137894736842105,-0.1910526315789473,0.2371473684210527,-0.022978947368421,-0.0346105263157894,-0.0835157894736842,-0.7686315789473683,-0.2628526315789473,-0.1916315789473684,-0.0812842105263157,-0.0192842105263158,0.1260631578947368,0.0294947368421052,0.1274526315789474,-0.736338947368421,-1.0177842105263155,0.4513452631578947,-0.1106947368421052,-0.0289894736842105,0.3857757894736841,-0.7102399999999998,-0.3632652631578947,-0.2356863157894737,-0.7536536842105263,-0.0846210526315789,-4.0357894736842095,0.4636842105263158,0.0284210526315789,0.2728421052631579,0.4650526315789473,-0.1089473684210526,0.0921052631578947,0.0252631578947368,-0.1701052631578947,-0.1493684210526316,-0.1990526315789474,0.3067368421052631,-0.1385263157894737,-0.7307368421052631,0.2485263157894737,0.3173684210526316,-0.3558947368421052,0.1750526315789473,-0.0452631578947368,0.1384210526315788,-0.2149473684210526,-0.5632631578947368,-0.6828421052631578,0.2993684210526316,0
METIVNGFNQPNAQASPLAYGLTMVAAGLAIMGAGVVSVGQGMAVAKAVEAIGRNPEATSKIRSTLIMGLAIVETASIYCFIIALLIIFV,-0.380786062,-0.1861814518888889,0.2182066122222221,0.6240249566666667,0.1195704332222222,-0.1438888888888888,-0.492,-0.0746666666666666,0.0257777777777777,-0.1062222222222222,0.2563333333333333,0.1951111111111111,-0.0303333333333333,0.2106666666666666,0.1195555555555555,-0.4526666666666666,-0.3892222222222222,0.0582222222222222,0.0344666666666666,0.1021666666666666,-0.2255666666666666,0.6329,-0.0074888888888888,-0.0664222222222222,-0.3148888888888889,-0.5493333333333333,0.1954444444444444,-0.1556666666666666,-0.0982222222222222,-0.3077777777777777,0.0017777777777777,0.1228888888888888,-0.0969999999999999,-0.2273333333333334,-0.5011111111111112,0.4813333333333333,-0.4455555555555556,-0.0411,0.0927555555555555,-0.1241222222222222,-0.0653777777777777,0.0041333333333333,-0.8603333333333334,-0.498,1.208076666666667,-3.025656666666666,0.6387122222222222,0.5594444444444444,-2.0493333333333337,-0.658888888888889,0.5723333333333334,-0.232,0.3077777777777777,0.1244444444444445,0.0485555555555555,0.2342,0.1172777777777778,-0.0578555555555555,-0.0432555555555555,-1.0335444444444446,-0.4121777777777778,-0.2463444444444444,0.0866666666666666,-0.2509444444444444,-0.5282111111111111,0.0601444444444444,0.2810333333333333,-2.068223333333333,-0.4959055555555556,0.0931277777777777,-0.1727166666666667,0.5047177777777777,0.0998088888888889,-3.1224844444444444,0.3276866666666667,-0.4881822222222222,-2.454137777777778,0.644241111111111,-5.679999999999999,-0.3785555555555554,0.0134444444444444,0.6104444444444445,0.8664444444444445,0.2284444444444444,-0.446,-0.4331111111111111,-0.372,-0.009,-0.6176666666666666,0.1378888888888888,-0.2197777777777777,-0.9931111111111112,0.1224444444444444,0.6426666666666666,-0.3969999999999999,0.0022222222222222,-0.3657777777777777,-0.5881111111111111,-1.2771111111111113,-0.307,-0.5088888888888888,0.3037777777777777,0
MLEGAKSIGAGAATIASAGAAIGIGNVLSSSIHSVARNPSLAKQSFGYAILGFALTEAIASFAPMMAFLISSVIPIKESKKEG,-0.2908427071084337,-0.0990631891566265,-0.2573817421686746,0.6344265674698795,-0.0439590226506023,0.0306024096385542,-0.4220481927710843,0.0214457831325301,0.0381927710843373,-0.0754216867469879,0.2796385542168675,0.2539759036144579,-0.030722891566265,0.3197590361445783,0.0287951807228915,-0.3938554216867468,-0.424578313253012,0.1491566265060241,0.0473855421686746,0.0223614457831325,-0.32544578313253,0.7058795180722892,0.0319638554216867,-0.1718433734939759,-0.2493975903614457,-0.6114457831325302,-0.0324096385542168,-0.0919277108433735,-0.1271084337349397,-0.4463855421686746,-0.1154216867469879,0.0769879518072289,-0.138433734939759,-0.2187951807228915,-0.5004819277108433,0.4231325301204819,-0.4637349397590362,-0.0005180722891566,0.1012409638554217,-0.1291084337349397,-0.074867469879518,0.0338915662650602,-1.073132530120482,-0.3918072289156626,0.0615722891566266,-3.2467084337349394,0.8479156626506027,-0.2878313253012048,-2.1427710843373493,-0.5256626506024097,0.6736144578313253,-0.3404819277108434,0.3407228915662652,-0.0475903614457831,0.1292771084337349,0.2333373493975904,0.1238192771084337,-0.0403855421686747,-0.0168433734939759,-1.0677469879518071,-0.3813253012048193,-0.2773734939759036,0.0505301204819277,-0.2357710843373494,-0.698722891566265,0.1067108433734939,0.4365421686746987,-1.2156686746987957,-0.7041795180722893,-0.1691168674698795,-0.0300518072289156,0.7394710843373493,0.0469614457831325,-2.399103614457831,0.1662795180722891,-0.7284325301204818,-1.0560518072289158,0.9646626506024096,-5.909397590361444,-0.4489156626506023,-0.0028915662650602,0.503132530120482,0.9996385542168674,0.1203614457831325,-0.4608433734939759,-0.5398795180722892,-0.2540963855421687,-0.0075903614457831,-0.5456626506024097,0.2240963855421686,-0.1834939759036144,-1.029156626506024,0.0651807228915662,0.646024096385542,-0.4218072289156626,0.2144578313253012,-0.5045783132530121,-0.1819277108433735,-1.203012048192771,-0.122289156626506,-0.443734939759036,0.4296385542168674,0
MLSHELVERINFLAKKAKAEGLTEEEQRERQSLREQYLKGFRQNMLNELKGIKVVNEQGTDVTPAKLKALKKQDNAKLN,0.3486102343037975,-0.3632987775949367,0.0277469924050631,0.3593313303797468,0.102644262278481,0.3743037974683544,-0.1920253164556961,-0.3858227848101266,-0.1464556962025316,0.1159493670886075,0.2140506329113923,0.0024050632911392,0.0321518987341772,0.1115189873417721,-0.0284810126582278,0.0682278481012658,-0.2636708860759493,0.040253164556962,-0.4385822784810127,0.3460126582278481,-0.0595316455696202,0.4650632911392405,0.0266708860759493,0.0540379746835443,-0.3687341772151898,-0.0435443037974683,-0.140759493670886,0.4140506329113924,-0.0369620253164556,-0.4460759493670886,0.3132911392405063,0.0349367088607594,-0.0197468354430379,-0.0383544303797468,-0.2894936708860759,0.3275949367088606,-0.1937974683544304,0.0565822784810126,-0.0600886075949367,-0.1108607594936708,-0.078506329113924,0.0280632911392404,-0.1150632911392404,0.1710126582278481,-2.3951000000000007,0.3033632911392405,0.5678227848101266,-1.324936708860759,0.4425316455696201,-0.7339240506329113,0.4693670886075951,-0.4207594936708863,0.5520253164556962,0.0189873417721518,-0.0617721518987341,0.2341772151898734,-0.028886075949367,-0.0469240506329114,-0.0976708860759493,-0.8022531645569619,-0.1651898734177215,-0.1681139240506329,-0.0577468354430379,-0.0574177215189873,0.0609113924050632,0.1619620253164557,0.3192911392405063,-0.6289556962025317,-1.0928772151898731,-0.141226582278481,0.080706329113924,0.0778784810126582,0.2898784810126583,-0.9379569620253164,-0.5304164556962025,-0.3679911392405063,-0.4562493670886075,-0.125626582278481,-4.226962025316456,0.6950632911392405,-0.1372151898734177,0.2807594936708861,0.5358227848101265,-0.2820253164556962,0.0396202531645569,-0.0224050632911392,0.0511392405063291,-0.0108860759493671,-0.1183544303797468,0.4850632911392403,-0.1579746835443037,-0.7565822784810126,0.3710126582278481,0.3344303797468355,-0.3641772151898734,0.2762025316455696,-0.0915189873417721,0.5851898734177213,-0.2479746835443038,-0.7712658227848102,-0.4886075949367088,0.3632911392405064,0
MAALFVRSVVASVVDLSRLAVKPRAFSILLGTLPSAKPCAEVRSLLCGGPVLSLQPSLGFKTKGVIKKRCRDCYMVKRRGRWFVLCKTNPKHKQRQM,-0.0874292748453608,-0.0149438812371134,-0.4053970164948454,0.4424745845360824,0.0138371640206185,0.0006185567010309,-0.3736082474226805,-0.1504123711340206,-0.1264948453608247,0.1395876288659794,0.0796907216494845,0.1772164948453608,-0.0035051546391752,0.094020618556701,-0.0768041237113402,-0.2425773195876288,-0.2287628865979381,0.2006185567010309,-0.244360824742268,0.079680412371134,-0.1203402061855669,0.404721649484536,0.1283711340206185,0.3134948453608247,-0.0984536082474226,-0.1947422680412371,0.1963917525773195,0.0654639175257731,-0.0235051546391752,-0.4079381443298969,0.2119587628865979,-0.2287628865979381,-0.0483505154639175,0.2594845360824742,-0.4612371134020618,0.4622680412371133,-0.252680412371134,-0.0016907216494845,0.0232164948453608,-0.0542577319587628,-0.094659793814433,-0.0363092783505154,-0.3330927835051546,-0.1641237113402061,-0.0333257731958761,-0.6907556701030925,0.8031010309278349,0.0061855670103092,-0.531855670103093,-0.0595876288659793,0.7635051546391752,-0.1162886597938144,0.182680412371134,0.0441237113402062,0.1797938144329897,0.2273298969072165,0.0694020618556701,-0.0338041237113402,-0.0542474226804123,-0.8725773195876287,-0.199041237113402,-0.120721649484536,0.0584742268041237,-0.2797216494845361,-0.2667628865979381,0.2293298969072165,0.2278453608247423,-0.1840340206185567,-0.7365721649484537,-0.4113628865979382,-0.2988134020618557,0.5427288659793814,-0.0653824742268041,-1.0646391752577318,0.091361855670103,-0.6029721649484535,0.1481371134020618,0.6908154639175257,-4.648762886597938,0.0758762886597938,-0.2908247422680412,0.3847422680412371,0.5730927835051546,-0.0005154639175257,-0.169381443298969,-0.1070103092783505,-0.1127835051546391,0.2824742268041237,-0.2024742268041237,0.1789690721649484,0.0843298969072165,-0.8313402061855671,0.2618556701030927,0.4543298969072165,-0.2099999999999999,0.1063917525773195,-0.2635051546391753,-0.1075257731958763,-0.5769072164948453,-0.5025773195876289,0.0109278350515464,0.1851546391752578,0
MDLSNRTVVQVVVLALVAQVTLSQHWSYGWLPGGKRSVGELEATIKMMDTGGVVALPEETSAHFSERLRPYDVILKKWMPHK,-0.0892553706097561,-0.0808706448780487,-0.2880181658536586,0.3877669060975608,-0.1816900597560975,0.0392682926829268,-0.2402439024390243,-0.1845121951219512,-0.1162195121951219,-0.0639024390243902,0.1367073170731707,0.0835365853658536,-0.0642682926829268,0.1140243902439024,0.1058536585365853,-0.1719512195121951,-0.2901219512195122,0.0452439024390243,-0.3015243902439024,0.0954756097560975,-0.0858536585365853,0.4277804878048781,0.0889634146341463,0.0432682926829268,-0.1656097560975609,-0.2060975609756097,0.1003658536585365,0.0432926829268292,0.0221951219512195,-0.3440243902439024,-0.0635365853658536,-0.1096341463414634,-0.2582926829268292,0.1836585365853658,-0.3640243902439024,0.4613414634146341,-0.3914634146341463,-0.0039024390243902,0.0260365853658536,-0.0666341463414634,-0.071,0.0005487804878048,-0.3157317073170732,-0.1492682926829268,-0.0326048780487803,-1.0997097560975608,0.7419243902439026,-0.1115853658536586,-0.6607317073170732,-0.3940243902439024,0.3742682926829268,-0.31,0.2042682926829268,0.0890243902439024,0.0421951219512195,0.2265731707317073,0.0545365853658536,-0.0343048780487804,-0.0421097560975609,-0.8492317073170732,-0.2491829268292683,-0.1903170731707316,-0.0411463414634146,-0.1310609756097561,-0.2823536585365853,0.164060975609756,0.2020365853658536,-0.4925073170731708,-0.6355487804878049,-0.0131195121951219,-0.0219024390243902,0.2503670731707317,0.0509987804878048,-0.942669512195122,0.0548426829268292,-0.323040243902439,-0.6487841463414634,0.2783353658536584,-4.498658536585365,-0.1270731707317073,-0.0742682926829267,0.2729268292682927,0.5889024390243901,0.0352439024390244,-0.1475609756097561,-0.1503658536585365,-0.1725609756097561,0.0115853658536585,-0.3331707317073171,0.1739024390243902,-0.0073170731707317,-0.8126829268292685,0.1170731707317073,0.4341463414634146,-0.2870731707317072,0.1198780487804877,-0.240609756097561,-0.1815853658536586,-0.6235365853658537,-0.4645121951219513,-0.2184146341463414,0.19,0
MKLRASVRKICSKCRLIRRGKRLYVFCVNARHKQKQG,0.2028425767567567,-0.1344985432432432,0.0471241135135133,0.2257558891891891,0.6307942535135135,0.1178378378378378,-0.2335135135135135,-0.3048648648648648,-0.1008108108108108,0.467027027027027,0.13,0.204054054054054,0.1064864864864865,0.0567567567567567,-0.134054054054054,-0.0324324324324324,-0.0867567567567567,0.365135135135135,-0.3471621621621623,0.238027027027027,0.0058648648648648,0.1617297297297297,-0.1814594594594594,0.7525405405405405,-0.161081081081081,0.0767567567567567,0.4383783783783784,0.3959459459459459,-0.051081081081081,-0.2118918918918919,0.3981081081081081,-0.0427027027027027,0.0305405405405405,0.2618918918918919,-0.3970270270270269,0.4264864864864865,-0.0143243243243243,0.0174864864864864,-0.062027027027027,-0.0385135135135135,-0.0904864864864865,-0.1148378378378378,0.1489189189189189,0.1654054054054053,-1.1711594594594594,1.4498243243243245,0.2356135135135135,-0.2267567567567567,0.8210810810810811,0.1337837837837837,1.0597297297297297,0.3478378378378378,0.5243243243243243,0.1121621621621621,0.0994594594594594,0.228027027027027,0.0009189189189189,-0.0106486486486486,-0.089027027027027,-0.7305675675675676,-0.0227297297297297,-0.0281621621621621,0.051,-0.2517297297297298,-0.0204054054054054,0.3856216216216216,0.3306486486486487,0.8988837837837838,-0.954367567567568,-0.8713594594594596,-0.3392864864864865,0.5129810810810812,-0.158081081081081,-0.1681756756756754,-0.4495162162162162,-0.8286783783783784,1.787224324324324,0.6719405405405406,-3.8564864864864874,0.8521621621621622,-0.5127027027027028,0.3164864864864864,0.441081081081081,-0.2570270270270269,0.0318918918918918,0.1483783783783783,0.1351351351351351,0.5972972972972973,0.1713513513513513,0.4005405405405405,-0.0535135135135135,-0.7013513513513514,0.5105405405405408,0.37,-0.1102702702702702,0.3518918918918918,-0.0383783783783783,0.575135135135135,-0.0978378378378378,-0.9756756756756756,0.4029729729729728,-0.0316216216216216,0
MVKRKANHVINGMNDAKSQGKGAGYIENDQLVLTEEERQNNKKRKTNQ,0.4675898906249999,-0.1250064158333333,0.2537739937499999,0.2129688833333333,0.3581871379166667,0.590625,-0.11625,-0.2760416666666667,-0.0322916666666666,0.121875,0.298125,0.0299999999999999,0.0045833333333333,0.0077083333333333,0.0091666666666666,0.1810416666666666,-0.3308333333333333,0.11625,-0.6134583333333333,0.0802291666666666,-0.1832708333333333,0.2548541666666666,-0.1858958333333333,0.0676666666666667,-0.1116666666666666,-0.1058333333333333,-0.0002083333333333,0.5714583333333333,0.133125,-0.1875,0.1945833333333333,0.284375,-0.0768749999999999,-0.20875,-0.253125,0.2875,-0.26,0.0970416666666666,-0.03975,-0.0677708333333333,-0.043375,-0.0213333333333333,-0.3108333333333333,0.3495833333333333,-3.7263291666666665,0.2149104166666665,0.1722229166666666,-2.192083333333333,0.3785416666666666,-0.409375,0.4225,-0.0172916666666666,0.4960416666666666,0.18125,-0.1333333333333333,0.2270416666666666,-0.0504791666666666,-0.0676041666666666,-0.0702083333333333,-0.8400000000000002,-0.1122916666666666,-0.2256041666666666,-0.0371458333333333,0.0616249999999999,-0.0834375,0.1782291666666666,0.348,-1.05175625,-0.9578124999999998,-0.2641625,0.1924541666666667,0.0361291666666666,0.1061937499999999,-1.37481875,-0.7985041666666667,-0.2202333333333333,-0.7997854166666668,0.0009916666666667,-4.464791666666667,0.7097916666666667,-0.0412499999999999,0.2260416666666667,0.6704166666666667,-0.4656249999999999,-0.0264583333333333,-0.15,0.2108333333333333,-0.01375,0.0633333333333333,0.5747916666666666,-0.236875,-0.7904166666666667,0.3345833333333333,0.3547916666666666,-0.454375,0.4264583333333333,-0.0829166666666667,1.2139583333333333,-0.1810416666666666,-0.6297916666666666,-0.4156249999999999,0.3566666666666667,0
SGAAAAQTAAASSLHQASNHTFYPWMAIAGESTADPIKSKIRSDLTQYGGISTDMGKRYSESLAGSLLPDWLGTNGLRRRGRQTYTR,0.0245613026436781,0.1198506101149425,-0.3520278609195403,0.4679528321839079,0.0496299493103448,0.2702298850574713,-0.1733333333333333,0.0464367816091954,-0.0233333333333333,0.0449425287356321,0.2337931034482758,0.178735632183908,-0.1579310344827586,0.2222988505747126,0.0237931034482758,-0.0686206896551723,-0.3645977011494253,0.1779310344827586,-0.143632183908046,-0.1583563218390804,-0.275022988505747,0.4508965517241378,-0.0077931034482758,-0.0314597701149424,0.0462068965517241,-0.3749425287356321,-0.009655172413793,0.1612643678160919,-0.2349425287356321,-0.2695402298850574,-0.0313793103448275,-0.0790804597701149,-0.2108045977011493,-0.019655172413793,-0.3316091954022988,0.3963218390804597,-0.4366666666666666,0.0551494252873563,0.0629540229885057,-0.0554022988505747,-0.0650804597701149,-0.0053218390804597,-0.7250574712643679,0.0039080459770115,-1.9938402298850584,-1.7251724137931028,0.5632643678160919,-1.3304597701149428,-1.0532183908045978,-0.0886206896551724,0.3855172413793103,0.0042528735632183,0.2096551724137932,-0.0055172413793103,0.303103448275862,0.2190919540229885,0.0546321839080459,-0.0430804597701149,0.0245172413793103,-0.9276091954022988,-0.2145172413793103,-0.2939080459770116,-0.0349655172413793,-0.0500919540229884,-0.696344827586207,0.1582528735632183,0.4273793103448276,-0.5183816091954023,-0.7945632183908047,-0.2094701149425288,0.3036965517241379,0.429780459770115,-0.1181781609195402,-1.1572068965517242,-0.3894137931034482,-0.4686436781609194,-0.0961459770114943,1.050158620689655,-5.050229885057472,-0.138735632183908,0.1022988505747126,0.1843678160919539,0.943103448275862,-0.1527586206896551,-0.1773563218390805,-0.3871264367816091,0.0283908045977011,-0.0055172413793103,-0.1648275862068965,0.2062068965517241,-0.074367816091954,-0.8947126436781612,0.0549425287356322,0.4565517241379309,-0.5637931034482757,0.3428735632183908,-0.386896551724138,0.5288505747126436,-0.6449425287356322,-0.2339080459770115,-0.3247126436781609,0.297816091954023,0
MPSVKLKENEPFDFALRRFKRSCEKAGVLAEVRRREFYEKPTSVRKRKAAAAVKRHAKKVQRENRKFQRLY,0.4135105243661972,-0.3068160398591548,0.1651579676056337,0.3460631309859154,0.3773011195774647,0.3449295774647887,-0.130281690140845,-0.380281690140845,-0.1912676056338028,0.237887323943662,0.0625352112676056,0.1440845070422535,0.0308450704225352,0.2397183098591549,-0.1856338028169013,0.0519718309859155,-0.1253521126760563,0.2035211267605634,-0.5703802816901409,0.3322112676056337,0.0283239436619718,0.304943661971831,0.1209718309859155,0.4486760563380283,-0.2825352112676057,0.1249295774647887,0.0287323943661971,0.4888732394366196,-0.1636619718309858,-0.4188732394366197,0.2707042253521127,-0.0901408450704225,0.0729577464788732,0.2008450704225352,-0.2780281690140844,0.3394366197183098,-0.0488732394366197,0.0543943661971831,-0.0915774647887324,-0.0693521126760563,-0.1073802816901408,-0.0184225352112676,0.1969014084507042,0.1890140845070422,-2.4590154929577475,1.5180788732394364,0.8568690140845071,-1.1091549295774648,1.14056338028169,-0.3112676056338028,0.8459154929577465,-0.2428169014084507,0.3950704225352113,-0.070281690140845,0.168169014084507,0.229281690140845,-0.0068873239436619,0.0054366197183098,-0.0879295774647887,-0.6892112676056336,-0.0783239436619718,-0.0620845070422535,-0.0481830985915492,-0.2031830985915493,-0.051943661971831,0.3071971830985915,0.3765633802816901,0.8056267605633802,-0.9180676056338029,-0.6500253521126761,0.097156338028169,0.4459408450704225,0.173569014084507,0.3121521126760565,-0.3961014084507042,-0.5716971830985914,1.757545070422535,0.4909971830985914,-3.556478873239437,0.7307042253521128,-0.3399999999999999,0.0743661971830986,0.4188732394366196,-0.3511267605633803,0.1881690140845069,0.1647887323943661,0.0987323943661971,0.306338028169014,0.0928169014084507,0.4418309859154929,0.1545070422535211,-0.6604225352112674,0.3871830985915492,0.2146478873239436,-0.3042253521126761,0.2614084507042253,-0.1667605633802817,0.7226760563380282,0.1856338028169013,-0.8532394366197183,0.0971830985915493,0.228169014084507,0
MAKMMQREITKTTVNVAKMVMVDGEVQVEQLPSETFVGNLSMEQAQWRMKRKYKGEPVQVVSVEPNTEVYELPVEKFLEVATVRVEKEDSEEQVAE,0.1536007379166666,-0.3250493129166666,0.1099562343749999,0.339033128125,-0.210773906875,0.2389583333333333,-0.2908333333333333,-0.3794791666666666,-0.2070833333333333,-0.0586458333333333,0.10375,-0.0924999999999999,-0.0397916666666666,0.2130208333333333,0.1154166666666666,-0.020625,-0.319375,-0.0765624999999999,-0.61334375,0.3437083333333333,-0.10559375,0.3286354166666667,0.1214270833333333,0.0516458333333333,-0.40375,-0.1282291666666667,0.055625,0.3078125,0.0805208333333333,-0.201875,0.0105208333333333,-0.0766666666666666,-0.2640625,-0.01,-0.3403124999999999,0.415,-0.3061458333333333,0.0227083333333333,-0.036125,-0.10259375,-0.0481770833333333,-0.0044375,-0.1854166666666666,0.0167708333333333,-1.4095416666666665,-0.4203229166666666,0.3904291666666666,-0.7619791666666668,0.0377083333333332,-0.9959375,0.31375,-0.4091666666666667,0.2601041666666666,0.0884374999999999,0.0105208333333333,0.23253125,-0.00678125,-0.06853125,-0.05534375,-0.8275,-0.2654583333333333,-0.18965625,-0.0112604166666666,-0.0458958333333333,-0.041875,0.1305833333333333,0.12390625,-0.6408489583333333,-0.7355520833333333,-0.4863,0.05869375,-0.123321875,0.3948385416666666,-0.8983906249999999,-0.4381,-0.1047458333333333,-0.5895427083333333,-0.2366760416666666,-4.323854166666666,0.3426041666666667,-0.0692708333333333,0.2602083333333333,0.4630208333333332,-0.1806249999999999,-0.1048958333333333,-0.0502083333333333,-0.2159375,-0.1661458333333333,-0.2610416666666666,0.1863541666666666,0.01,-0.7761458333333332,0.2569791666666666,0.3656249999999999,-0.3140624999999999,0.0882291666666666,-0.065,0.2439583333333333,-0.5126041666666667,-0.5880208333333334,-0.6372916666666666,0.1358333333333333,0
MKEKDNFEMVINFKRAFMGRRNQRTKRAIKMIRNIVQRHFGAEKVIIDPLLAKSITYNGRDKIVRKVRVAVKKIGEKTYLVRLALKSE,0.2163359406818181,-0.2853715085227273,0.5118433227272726,0.3217583465909091,0.5353020147727273,0.1546590909090909,-0.2472727272727272,-0.4061363636363636,-0.09,0.1051136363636363,0.2228409090909091,0.0974999999999999,0.037840909090909,0.0690909090909091,-0.1076136363636363,-0.0506818181818181,-0.1599999999999999,0.1667045454545454,-0.3646022727272727,0.2768409090909091,0.0832727272727273,0.3622272727272727,-0.0741363636363636,0.3909659090909091,-0.2680681818181818,0.0409090909090908,0.2763636363636363,0.3614772727272727,-0.0344318181818181,-0.3442045454545454,0.1509090909090909,0.1393181818181817,0.0147727272727272,0.0096590909090909,-0.3690909090909091,0.3797727272727273,-0.1318181818181818,0.0123522727272727,-0.0568409090909091,-0.0699431818181818,-0.1043295454545454,-0.0406704545454545,0.1319318181818182,0.0185227272727272,-1.0180329545454545,0.8246465909090909,0.7431068181818183,-0.3781818181818183,0.5928409090909089,-0.5155681818181819,0.755,-0.1369318181818181,0.3805681818181817,0.2173863636363636,0.0471590909090909,0.2330454545454545,0.0021022727272727,-0.0153977272727272,-0.1107840909090909,-0.7403750000000001,-0.1578181818181818,-0.1092954545454545,-0.0244886363636363,-0.1734090909090909,0.0887045454545454,0.2126931818181818,0.2434318181818182,0.0507284090909091,-0.9954465909090908,-0.1865806818181819,-0.2846670454545454,0.4358659090909091,0.2332227272727272,-0.554256818181818,-0.256925,-0.5810329545454546,0.4673090909090911,0.2449715909090908,-3.893863636363637,0.6732954545454546,-0.3122727272727272,0.3353409090909091,0.4059090909090909,-0.1638636363636363,0.0920454545454545,0.1025,-0.0557954545454545,0.2634090909090908,-0.0818181818181818,0.4207954545454546,-0.0446590909090909,-0.7104545454545454,0.4132954545454545,0.3361363636363636,-0.1979545454545454,0.2093181818181818,-0.0896590909090909,0.2468181818181817,-0.1794318181818181,-0.9705681818181818,-0.0498863636363636,0.2054545454545454,0
MGCDDKCGCAVPCPGGTGCRCTSARSGAAAGEHTTCGCGEHCGCNPCACGREGTPSGRANRRANCSCGAACNCASCGSATA,-0.2147312019753086,0.3761810129629629,-0.1954815888888889,0.3543143160493827,0.3052050109876544,0.3118518518518517,-0.4211111111111111,0.6635802469135803,0.1920987654320987,0.3560493827160493,0.0402469135802468,0.1849382716049382,0.0251851851851851,0.1741975308641975,0.0411111111111111,-0.2517283950617284,-0.5635802469135801,0.2782716049382716,-0.1068024691358024,-0.407604938271605,-0.9233827160493828,0.0061358024691357,-0.1887901234567901,-0.1117407407407407,0.218641975308642,-0.8572839506172839,-0.0519753086419752,0.0032098765432098,-0.3579012345679012,0.4062962962962962,0.4101234567901234,0.065679012345679,-0.0355555555555555,0.2775308641975308,-0.4408641975308642,0.2093827160493827,-0.471358024691358,0.0804320987654321,0.1594814814814814,-0.0501728395061728,0.092753086419753,-0.0638641975308642,-1.771604938271605,0.1095061728395061,-2.2134135802469133,-3.833602469135802,-1.0996851851851854,-1.5091358024691357,-2.870000000000001,0.7018518518518517,-0.011358024691358,0.6919753086419753,0.3455555555555555,-0.2387654320987653,0.0885185185185185,0.2114938271604938,0.1229135802469136,-0.1016172839506172,0.1135555555555555,-1.2164814814814815,-0.2837037037037037,-0.302037037037037,0.2584938271604938,-0.1323827160493827,-1.2559753086419752,0.338395061728395,0.4667777777777777,-3.116601234567901,0.5029592592592592,-1.2404530864197532,0.2089728395061728,0.3128074074074073,-0.5138666666666666,-4.691008641975308,-0.4270407407407408,-0.1003407407407407,-2.9070432098765435,1.5063345679012348,-6.833086419753086,-0.5313580246913581,0.0945679012345678,0.3893827160493827,1.4150617283950615,-0.2722222222222222,-0.7985185185185186,-0.8567901234567901,0.2562962962962962,-0.1437037037037037,0.0411111111111111,0.1730864197530863,-0.1067901234567901,-1.1625925925925926,0.0248148148148148,0.7670370370370369,-0.638641975308642,0.4609876543209876,-0.4872839506172839,1.3919753086419753,-1.3804938271604936,0.8412345679012344,-0.2676543209876543,-0.2292592592592592,0
MYKDVDSHQRDSRSDGHQDGFKKNPNFRFFKKKTCKFCDMDRVPDYKEFDFLKKFITEQGKILPRRITGTSAKHQRRLALEIKKARYMALLPFVKQ,0.3142604968749999,-0.1023084080208333,-0.100008871875,0.1120189083333333,0.1418440263541667,0.2691666666666666,-0.0521875,-0.2842708333333333,-0.0539583333333333,0.0790624999999999,0.0727083333333333,0.0034374999999999,0.033125,0.0916666666666666,-0.2202083333333333,0.0601041666666666,-0.1717708333333333,0.1001041666666666,-0.3373854166666667,0.0970625,0.0476770833333333,0.17009375,0.0439791666666666,0.19790625,-0.0470833333333333,0.1169791666666666,-0.0435416666666666,0.3213541666666666,0.0816666666666666,-0.3301041666666667,0.1840624999999999,0.0135416666666667,0.1540625,0.133125,-0.2059375,0.3382291666666667,-0.209375,0.0454270833333333,-0.0546562499999999,-0.0203541666666666,-0.0668645833333333,-0.0031666666666666,0.1466666666666667,0.1709375,-1.789791666666667,1.1335229166666667,0.573475,-1.0175000000000003,0.8262499999999999,-0.1279166666666666,0.3158333333333333,-0.1208333333333333,0.0977083333333333,-0.0263541666666666,0.2745833333333333,0.22046875,-0.0331145833333333,-0.0001770833333333,-0.0687604166666666,-0.6944895833333332,-0.0571979166666666,-0.0371458333333333,-0.0710520833333333,-0.1158333333333333,0.0486041666666666,0.1789687499999999,0.2285104166666667,0.4514552083333334,-0.4790562500000001,-0.3332520833333333,-0.0258479166666666,0.35030625,0.2781614583333334,0.2246760416666667,-0.2317385416666667,-0.3133177083333334,1.0981020833333333,0.0633135416666666,-3.5951041666666668,0.4875,-0.27875,0.0358333333333333,0.3773958333333333,-0.2258333333333333,0.1705208333333333,0.1094791666666666,0.0992708333333333,0.1347916666666666,0.1732291666666666,0.2486458333333333,0.1215625,-0.6675,0.2826041666666666,0.2127083333333333,-0.2088541666666666,0.330625,-0.180625,0.4899999999999999,0.1801041666666666,-0.4738541666666667,0.0019791666666667,0.1714583333333333,0
MAKKDGAIEVEGRVIEPLPNAMFRIELENGHKVLAHISGKMRQHYIRILPEDRVVVELSPYDLSRGRIVYRYK,0.1044362690410958,-0.1403407758904109,0.1996472958904109,0.3337895602739726,0.1827600394520547,0.1372602739726028,-0.1921917808219178,-0.3421917808219178,-0.0302739726027397,-0.0476712328767123,0.0771232876712328,0.1224657534246575,0.1032876712328767,0.0865753424657534,0.0212328767123287,-0.1080821917808219,-0.2152054794520548,0.0490410958904109,-0.319958904109589,0.1490958904109589,0.0240547945205479,0.3633835616438356,0.0947808219178082,0.1355205479452055,-0.1569863013698629,-0.0424657534246575,0.1450684931506849,0.1831506849315068,-0.1264383561643835,-0.2780821917808219,-0.0282191780821917,0.1030136986301369,-0.0106849315068492,0.1305479452054794,-0.3158904109589042,0.3635616438356164,-0.2254794520547945,0.0079041095890411,-0.0173424657534246,-0.0538219178082191,-0.0786027397260274,-0.000986301369863,-0.0278082191780821,-0.0420547945205479,-0.5309191780821919,0.0093931506849313,0.8286589041095891,-0.3197260273972602,0.0289041095890409,-0.4101369863013698,0.3708219178082191,-0.3426027397260274,0.2545205479452055,0.1876712328767123,-0.2106849315068494,0.2292054794520548,0.0222739726027397,-0.0084931506849315,-0.0876712328767123,-0.7689041095890411,-0.1676438356164383,-0.1145616438356164,-0.0583287671232876,-0.1641643835616438,-0.0791095890410959,0.1743424657534246,0.2337671232876712,-0.1936616438356165,-0.8735767123287671,-0.0253506849315068,-0.0017821917808219,0.1476328767123287,0.1589945205479452,-0.5183972602739725,-0.1488082191780822,-0.3694219178082192,-0.0298123287671231,0.3047520547945205,-4.032054794520548,0.2945205479452055,-0.2043835616438356,0.2265753424657534,0.4501369863013698,-0.0783561643835616,0.0321917808219178,-0.0043835616438356,-0.0350684931506849,0.0330136986301369,-0.2464383561643835,0.3808219178082191,0.0799999999999999,-0.7342465753424657,0.2445205479452055,0.340958904109589,-0.2265753424657534,0.2143835616438356,-0.1593150684931507,0.0869863013698629,-0.2795890410958904,-0.6369863013698631,-0.1765753424657534,0.2113698630136986,0
MLILTRRVGETLMIGDEVTVTVLGVKGNQVRIGVNAPKEVSVHREEIYMRIQAEKGNGNVASGNY,-0.0161169847692307,-0.0598392978461538,0.4819442538461537,0.487511546153846,0.3255360386153845,0.1586153846153846,-0.3093846153846154,-0.2078461538461538,0.001076923076923,-0.0723076923076923,0.2955384615384614,0.1193846153846153,0.0061538461538461,0.0529230769230769,0.1267692307692307,-0.1489230769230768,-0.348,0.0649230769230769,-0.4138615384615384,0.0332461538461538,-0.1772307692307692,0.4677230769230769,-0.128876923076923,0.1125384615384615,-0.1326153846153846,-0.3076923076923077,0.341076923076923,0.2118461538461538,-0.0581538461538461,-0.194,0.0421538461538461,0.2723076923076923,-0.2239999999999999,0.003076923076923,-0.3943076923076922,0.3827692307692308,-0.3395384615384616,0.0130461538461538,0.0397538461538461,-0.0803076923076923,-0.0656923076923077,-0.0432615384615384,-0.4978461538461538,-0.0747692307692307,-0.8351799999999999,-1.4068523076923074,0.4236338461538462,-0.5718461538461539,-0.9261538461538462,-0.4643076923076923,0.3621538461538461,-0.1056923076923077,0.4481538461538462,0.3838461538461538,-0.1943076923076923,0.2302153846153846,0.0462461538461538,-0.0615846153846153,-0.0574615384615384,-0.9213230769230768,-0.2706769230769231,-0.2363692307692307,0.0337692307692307,-0.1135076923076923,-0.3112461538461538,0.1259846153846153,0.2957230769230768,-1.4495446153846154,-0.8340415384615384,-0.1406723076923077,0.0933430769230769,0.2045061538461538,0.1039276923076923,-2.1405415384615383,-0.2972553846153846,-0.3701738461538461,-1.5903523076923078,0.4280692307692307,-4.941384615384616,0.2153846153846154,-0.0098461538461538,0.4115384615384615,0.7386153846153846,-0.0981538461538461,-0.2323076923076923,-0.2721538461538461,-0.0693846153846154,-0.0579999999999999,-0.3649230769230769,0.4032307692307691,-0.1889230769230769,-0.8718461538461537,0.2449230769230769,0.4769230769230769,-0.4409230769230768,0.1664615384615384,-0.2078461538461538,0.2379999999999999,-0.8823076923076922,-0.6833846153846153,-0.5444615384615383,0.1533846153846154,0
MPKLKTRRSAAKRFKRSGSGKFMRRKAYKNHLLEHKGPDRKSRLSKKCVVSEQDAENVRAMMPYS,0.3831826858461538,-0.0754175216923077,-0.1934268676923077,0.2473325476923077,0.3098296515384615,0.414,-0.1429230769230769,-0.2752307692307691,-0.1495384615384615,0.2489230769230769,0.1106153846153846,0.1916923076923077,-0.0089230769230769,0.132,-0.1644615384615385,0.0656923076923076,-0.1906153846153846,0.299076923076923,-0.4953846153846154,0.1195692307692307,-0.1003384615384615,0.2391076923076923,0.0803692307692307,0.3424307692307692,-0.0736923076923077,0.0132307692307692,-0.0118461538461538,0.4596923076923077,0.0661538461538461,-0.3435384615384615,0.1499999999999999,-0.1213846153846153,-0.1166153846153845,0.2804615384615385,-0.3446153846153846,0.352,-0.1475384615384615,0.0760307692307692,-0.052876923076923,-0.0420153846153846,-0.0856923076923076,-0.0275692307692307,-0.0786153846153846,0.2192307692307692,-2.8378523076923075,0.9110876923076924,0.7441553846153847,-1.5679999999999998,0.7136923076923076,0.0127692307692307,0.8432307692307692,-0.104,0.2646153846153846,-0.1726153846153846,0.1952307692307692,0.2251384615384615,-0.0019230769230769,-0.0107999999999999,-0.0431384615384615,-0.7652,-0.0141692307692307,-0.0892923076923077,-0.0228923076923076,-0.1386615384615384,-0.1664,0.3100923076923076,0.3459692307692307,0.9736046153846152,-0.9515246153846156,-0.8532230769230769,-0.1138246153846153,0.4339369230769231,-0.0125799999999999,0.2803400000000002,-0.5629799999999999,-0.6049215384615383,2.0390569230769238,0.6372661538461538,-4.053692307692307,0.6015384615384616,-0.4147692307692308,0.155076923076923,0.4963076923076924,-0.3655384615384615,0.0596923076923077,0.0121538461538461,0.2103076923076923,0.3132307692307692,0.156,0.423076923076923,0.121076923076923,-0.7324615384615386,0.3773846153846154,0.3192307692307692,-0.1826153846153846,0.3998461538461538,-0.1813846153846154,0.8896923076923078,0.0464615384615383,-0.6098461538461539,0.2436923076923076,0.229076923076923,0
KELNSNHDGADETSEKEQQEAIEHIDEVQNEIDRLNETA,0.4895450846153845,-0.3537604489743589,-0.2320612410256411,0.2205415923076923,-0.460707901025641,0.7276923076923079,-0.1074358974358974,-0.3017948717948718,0.0758974358974359,-0.0669230769230769,0.1666666666666666,-0.3117948717948718,0.002051282051282,0.1735897435897436,0.1302564102564102,0.3502564102564102,-0.4541025641025641,-0.2076923076923077,-0.6038461538461538,0.3232307692307692,-0.2715384615384615,0.2579487179487179,-0.0064358974358974,-0.3715641025641025,-0.3833333333333333,-0.1666666666666666,-0.3641025641025641,0.5733333333333334,-0.3174358974358974,-0.0261538461538461,-0.2117948717948718,0.1556410256410256,0.1041025641025641,-0.2741025641025642,-0.153076923076923,0.1543589743589743,-0.3882051282051282,0.1097435897435897,-0.0621025641025641,-0.1256923076923077,0.0183076923076923,0.047076923076923,-0.4074358974358974,0.491025641025641,-4.388410256410258,-0.350374358974359,-0.499774358974359,-2.537948717948717,0.3433333333333331,-1.5261538461538462,-0.3653846153846153,-0.2546153846153846,0.2843589743589743,0.0594871794871794,-0.3628205128205128,0.2325384615384615,-0.097051282051282,-0.0897692307692307,-0.0374358974358974,-0.8408205128205131,-0.278897435897436,-0.4103846153846153,-0.1744358974358974,0.3146666666666666,0.0129230769230769,0.1392564102564102,0.2043846153846154,-1.3052641025641027,-1.199597435897436,0.1808641025641025,0.5701871794871796,-0.6276820512820515,0.3194051282051282,-0.6823897435897434,-1.2738358974358974,0.2552589743589744,-1.2675743589743589,-0.4212153846153846,-4.422051282051283,0.5966666666666668,0.3925641025641025,0.0074358974358974,0.6887179487179487,-0.5438461538461536,0.0048717948717948,-0.1735897435897435,-0.0676923076923077,-0.6643589743589744,0.0353846153846153,0.4287179487179487,-0.0784615384615384,-0.7823076923076924,0.0892307692307692,0.302051282051282,-0.6558974358974359,0.4915384615384616,0.0494871794871794,1.5546153846153845,-0.1469230769230768,-0.2261538461538462,-1.1487179487179486,0.4179487179487179,0
MSKFEVYLDEGGKYRFRLRARNGQIIAVSQGYKSEEGCIKGIQSVKENAPNARIIVLE,0.1240941301724137,-0.0736155137931034,0.2616398620689654,0.3563040637931034,0.2577515698275862,0.2143103448275862,-0.1755172413793103,-0.201551724137931,-0.0236206896551724,0.0277586206896551,0.2262068965517241,0.0972413793103448,0.1098275862068965,0.173103448275862,-0.0212068965517241,-0.0746551724137931,-0.2751724137931035,0.0743103448275861,-0.3128965517241379,0.0631551724137931,-0.0887068965517241,0.4039999999999999,-0.1166379310344827,0.1026551724137931,-0.1191379310344827,-0.1606896551724137,0.1453448275862069,0.2493103448275862,-0.1720689655172414,-0.2631034482758621,0.1205172413793103,0.2522413793103448,-0.0868965517241378,-0.1399999999999999,-0.3068965517241379,0.3368965517241379,-0.2363793103448276,0.0302241379310344,0.0053620689655172,-0.0648620689655172,-0.0690689655172413,-0.0154482758620689,-0.2941379310344827,0.036551724137931,-1.327262068965517,-0.4986413793103448,0.4828931034482759,-0.8570689655172415,-0.3132758620689656,-0.3343103448275862,0.3324137931034483,-0.191551724137931,0.5100000000000001,0.2974137931034483,-0.0801724137931034,0.2289655172413793,0.0125689655172413,-0.026603448275862,-0.0639310344827586,-0.8386551724137931,-0.1869137931034483,-0.1473793103448276,-0.0025,-0.144103448275862,-0.2559137931034483,0.136103448275862,0.402103448275862,-0.276051724137931,-0.8918224137931035,-0.3991482758620689,0.1928413793103448,0.2607155172413792,0.2196689655172413,-0.9260310344827584,-0.4172620689655172,-0.5574793103448277,0.176351724137931,0.4648120689655172,-4.461896551724137,0.3839655172413793,-0.1113793103448275,0.2422413793103448,0.6829310344827587,-0.1644827586206896,-0.0610344827586207,-0.1558620689655172,0.0737931034482758,0.0034482758620689,-0.223103448275862,0.3929310344827585,-0.1672413793103447,-0.7982758620689655,0.2743103448275862,0.3781034482758621,-0.3825862068965517,0.3446551724137931,-0.2372413793103448,0.3903448275862068,-0.4720689655172414,-0.5541379310344827,-0.4894827586206895,0.156551724137931,0
MKPAVDEMFPEGAGPYVDLDEAGGSSGLLMDLAADEKAVHADFFNDFEDLFDDEDIQ,0.0441634396491228,-0.1948071517543859,-0.6029127684210527,0.3256488368421053,-0.682051123508772,0.2919298245614035,-0.1605263157894736,-0.0275438596491228,0.0670175438596491,-0.3289473684210526,0.1163157894736841,-0.1624561403508772,0.1936842105263157,0.1996491228070175,-0.0489473684210526,-0.1308771929824561,-0.4429824561403509,-0.2547368421052632,-0.2867017543859649,0.0665087719298245,-0.2462105263157894,0.4276842105263158,0.1105087719298245,-0.6324912280701753,-0.1856140350877193,-0.3326315789473685,-0.6043859649122806,0.0008771929824561,-0.1840350877192982,-0.3203508771929825,-0.1470175438596491,0.2468421052631579,0.1257894736842105,0.1289473684210526,-0.2031578947368421,0.1194736842105263,-0.5059649122807017,0.046,0.0306666666666666,-0.103719298245614,0.0164912280701754,0.1237719298245614,-0.6668421052631579,-0.0971929824561403,-1.3970280701754385,-1.8826964912280704,0.1097017543859648,-1.2101754385964911,-1.0414035087719298,-0.9147368421052632,-0.7810526315789472,-0.5170175438596492,0.086140350877193,-0.2673684210526316,0.161578947368421,0.2200526315789474,-0.0017719298245614,-0.053438596491228,-0.0500701754385965,-0.9233508771929824,-0.2242631578947368,-0.1937894736842105,-0.0325964912280701,-0.0294912280701754,-0.3406491228070176,0.006438596491228,0.3269298245614034,-1.904314035087719,-0.1239719298245614,0.104817543859649,0.3554421052631578,-0.1511122807017544,0.4459017543859649,-1.9611192982456145,-0.188178947368421,0.1054403508771929,-2.0119,0.0928912280701754,-4.941052631578947,-0.1471929824561403,0.1428070175438596,0.1575438596491228,0.7987719298245612,-0.0612280701754385,-0.1070175438596491,-0.3459649122807018,-0.0459649122807017,-0.6624561403508772,-0.1610526315789473,0.1852631578947368,-0.0010526315789473,-0.8756140350877193,0.0526315789473684,0.3912280701754386,-0.5142105263157895,0.2521052631578948,-0.3619298245614035,0.3643859649122806,-0.4368421052631578,0.397017543859649,-0.7912280701754386,0.3712280701754386,0
MTRSVWKGPFVDGYLLKKADAALSSGRKDVIKTWSRRSTIMPQFVGLTFGVHNGHKHVPVLVSEDMVGMKFGEFAPTRNFPGHAADKKAKRK,0.0445824169565217,0.0083939179347825,-0.1068731913043478,0.322304502173913,0.1389570733695652,0.183695652173913,-0.153695652173913,-0.0960869565217391,-0.0638043478260869,-0.0381521739130434,0.1588043478260869,0.1768478260869565,-0.0274999999999999,0.1153260869565217,-0.0670652173913043,-0.1541304347826086,-0.2757608695652173,0.1613043478260869,-0.3397282608695652,-0.0492608695652173,-0.1337934782608695,0.3577282608695651,0.0497391304347826,0.08525,-0.0192391304347826,-0.1879347826086956,0.0210869565217391,0.1402173913043478,0.1317391304347825,-0.3714130434782608,0.0331521739130434,0.0552173913043477,-0.1363043478260869,0.2155434782608696,-0.3206521739130435,0.3840217391304347,-0.3532608695652173,0.0288478260869565,0.0256304347826087,-0.0436304347826086,-0.073141304347826,0.0041086956521739,-0.3730434782608695,-0.0584782608695652,-0.9590195652173912,-0.7646184782608694,0.9202271739130434,-0.7642391304347826,-0.5378260869565217,0.0476086956521739,0.4688043478260869,-0.2288043478260869,0.203695652173913,-0.0305434782608695,0.191195652173913,0.2205869565217391,0.0589673913043478,-0.00925,-0.0449673913043478,-0.8463695652173915,-0.1719565217391304,-0.1281847826086956,-0.022945652173913,-0.1911847826086956,-0.3693586956521739,0.2083586956521738,0.3330869565217391,-0.3976739130434784,-0.3159445652173913,-0.2806097826086957,0.0385978260869565,0.627820652173913,0.0685641304347826,-1.0804554347826083,0.1582717391304347,-0.4104467391304346,-0.1648456521739131,0.4742630434782607,-4.511630434782608,-0.0856521739130434,-0.1964130434782608,0.1847826086956521,0.6457608695652174,-0.0747826086956521,-0.123695652173913,-0.19,0.0265217391304347,0.1291304347826087,-0.1421739130434782,0.3051086956521738,0.0549999999999999,-0.8165217391304348,0.1464130434782608,0.3909782608695652,-0.2904347826086956,0.2436956521739131,-0.3906521739130434,0.2131521739130434,-0.433586956521739,-0.3719565217391305,0.0695652173913043,0.2155434782608695,0
IYVRPTKDELLYCGEFRELGQPDKKCRCDGKPCTVGRCKFARGDADDKCTSA,0.1925207523076923,0.1118454882692307,-0.1349887884615385,0.2211145692307692,0.1044268057692308,0.2944230769230768,-0.2338461538461538,0.1,-0.0248076923076923,0.1438461538461538,-0.0303846153846154,-0.0523076923076923,0.1015384615384615,0.1198076923076923,-0.1688461538461538,-0.0176923076923077,-0.3186538461538462,0.0932692307692307,-0.3423846153846154,-0.1102692307692307,-0.3001730769230769,0.1159038461538461,-0.0104038461538461,0.0568269230769231,0.1123076923076923,-0.1965384615384615,-0.0723076923076922,0.2369230769230769,-0.2457692307692307,-0.0967307692307692,0.3619230769230768,-0.0124999999999999,0.093076923076923,0.369423076923077,-0.3015384615384616,0.1799999999999999,-0.2532692307692307,0.0681730769230769,0.0158653846153846,-0.0195192307692307,-0.0141346153846153,-0.0219038461538461,-0.5061538461538461,0.2315384615384615,-2.2329365384615385,-0.4096307692307693,0.0459942307692307,-1.3878846153846152,-0.3636538461538462,0.115,-0.1244230769230769,0.0638461538461538,0.188076923076923,0.0732692307692308,0.2757692307692307,0.2135192307692308,0.0158653846153846,-0.0535961538461538,-0.0253076923076923,-0.8743461538461539,-0.15525,-0.1283653846153845,0.0710961538461538,-0.1265384615384615,-0.3785384615384615,0.1957692307692307,0.2756153846153845,-1.1785192307692307,-0.1619884615384615,-0.6274596153846154,0.0673173076923076,0.1907288461538461,0.1792173076923076,-1.8096,-0.3822192307692308,-0.1367269230769231,-0.7599153846153845,0.555175,-4.683269230769231,0.2269230769230769,-0.1199999999999999,0.1807692307692308,0.7319230769230768,-0.2911538461538461,-0.0857692307692307,-0.2011538461538461,0.180576923076923,-0.0969230769230769,0.1244230769230769,0.2288461538461537,0.1371153846153845,-0.8317307692307693,0.2338461538461538,0.3780769230769231,-0.4042307692307691,0.3121153846153846,-0.2749999999999999,0.895,-0.4140384615384616,0.0096153846153845,-0.3265384615384615,-0.085576923076923,0
ASDVTLNSFAEDVTVGECCDCVDLTTVY,-0.2780107392857143,0.0196374042857143,-0.5178480392857141,0.4509084714285714,-0.6769130367857142,-0.0124999999999999,-0.4721428571428572,0.1114285714285714,0.2392857142857143,-0.0753571428571428,0.1078571428571428,-0.3182142857142858,-0.1789285714285714,0.195,0.0496428571428571,-0.0953571428571428,-0.5189285714285715,-0.1292857142857143,-0.3393214285714286,0.0167499999999999,-0.4062499999999999,0.2876071428571429,-0.1596785714285714,-0.1337499999999999,-0.0960714285714285,-0.5210714285714284,0.1728571428571428,-0.0103571428571428,-0.3289285714285714,-0.0832142857142857,-0.2321428571428571,-0.0710714285714285,0.0596428571428571,0.3260714285714286,-0.4057142857142857,0.2799999999999999,-0.595,0.0015357142857142,0.0822142857142857,-0.0853928571428571,0.0241785714285714,-0.0690357142857142,-0.9382142857142856,-0.0803571428571428,-0.4343928571428571,-2.660892857142857,-1.148782142857143,-0.1457142857142856,-1.6114285714285717,-1.0875,-0.4514285714285714,0.3628571428571429,-0.18,0.35,0.2382142857142857,0.2263928571428571,0.0338928571428571,-0.1201785714285714,0.0656071428571428,-1.018142857142857,-0.457857142857143,-0.3720714285714285,0.0731785714285714,0.0908214285714286,-0.4683571428571428,-0.0139642857142857,-0.0364285714285714,-2.214225,-0.2118964285714286,0.0910785714285713,0.0071107142857142,-0.1977678571428572,0.1434892857142857,-2.399607142857143,-0.4618285714285713,0.1768428571428571,-2.484875,0.4532392857142857,-5.516428571428571,-0.3242857142857143,0.4839285714285714,0.3075,0.9039285714285714,-0.0485714285714285,-0.4032142857142857,-0.3878571428571429,-0.5164285714285715,-0.5228571428571429,-0.0842857142857142,-0.2571428571428572,-0.0614285714285714,-0.961785714285714,-0.0539285714285714,0.5185714285714286,-0.682142857142857,-0.0046428571428571,-0.1439285714285714,0.3482142857142857,-1.0760714285714286,0.3564285714285714,-1.1200000000000003,-0.0853571428571428,0
GCFEDWSRCSPSTASATGVLWRSCDSYCKVCFKADRGECYDSPSLNCPHRLPNNKQCRCINARTAKDNRNPTCWA,0.0481465589333333,0.2865345584,-0.499112052,0.1225461679999999,-0.1147567408,0.2547999999999999,-0.2001333333333333,0.2145333333333333,0.0718666666666666,0.2557333333333333,-0.0305333333333333,-0.0301333333333333,-0.1178666666666666,0.048,-0.1043999999999999,0.0218666666666666,-0.3193333333333333,0.1443999999999999,-0.2389999999999999,-0.2124533333333333,-0.33692,-0.0754666666666667,0.0152533333333333,0.0659466666666666,0.2412,-0.2194666666666666,-0.0153333333333333,0.1131999999999999,-0.3128000000000001,0.0978666666666666,0.0861333333333333,-0.2265333333333332,0.1237333333333333,0.1173333333333333,-0.2935999999999999,0.3296,-0.3739999999999999,0.0587866666666666,0.0395999999999999,0.0149733333333333,0.0176399999999999,-0.0503333333333333,-0.5517333333333333,0.1892,-1.7851586666666663,-0.6700933333333332,-0.4862453333333332,-1.0030666666666666,-0.4530666666666667,0.2232,0.0626666666666666,0.4021333333333332,-0.1618666666666666,0.0378666666666666,0.1168,0.2181066666666667,0.0175333333333333,-0.0483066666666666,0.0710933333333333,-0.8622133333333333,-0.1917466666666667,-0.2349599999999999,0.0120266666666666,0.0070266666666666,-0.4971866666666666,0.2565333333333333,0.1183466666666666,-0.3769253333333333,-0.2846373333333333,-0.3670626666666667,-0.07194,0.0466946666666666,-0.3266946666666666,-0.6062999999999996,-0.4582600000000001,-0.04316,0.1376466666666667,0.8225226666666665,-4.607066666666667,-0.1491999999999999,0.0706666666666666,0.0398666666666666,0.7501333333333333,-0.244,-0.1589333333333333,-0.2029333333333333,0.0609333333333333,-0.0282666666666666,0.2206666666666666,-0.0326666666666667,0.1334666666666666,-0.824,0.0066666666666666,0.4017333333333334,-0.4142666666666666,0.3592,-0.1893333333333333,0.8498666666666665,-0.1421333333333332,0.4216,-0.1467999999999999,0.0189333333333333,0
MRATAIVLLLALTLATMFSIECAKQTKQMVDCSHYKKLPPGQQRFCHHMYDPICGSDGKTYKNDCFFCSKVKKTDGTLKFVHFGKC,-0.0361455724418604,-0.0635103366279069,-0.1584152569767442,0.1268083244186046,0.0603221809302325,0.0140697674418604,-0.209767441860465,-0.0983720930232558,0.0536046511627907,0.1355813953488372,0.0322093023255813,0.0149999999999999,-0.0474418604651162,0.1061627906976744,-0.0925581395348837,-0.1261627906976744,-0.270813953488372,0.1137209302325581,-0.0923488372093023,0.0628139534883721,-0.1337558139534883,0.1365116279069767,-0.0237093023255813,0.106406976744186,-0.0906976744186046,-0.1540697674418605,0.0344186046511627,0.0411627906976744,0.1916279069767442,-0.1916279069767441,0.2109302325581395,-0.0588372093023255,0.0875581395348837,0.2125581395348837,-0.3043023255813953,0.4265116279069767,-0.3486046511627906,0.0036511627906976,0.0130813953488372,-0.0374767441860465,-0.0200581395348837,-0.0238837209302325,-0.3145348837209302,-0.0353488372093023,-0.1652058139534881,-0.5333720930232556,0.0193325581395349,-0.0974418604651165,-0.4174418604651163,-0.0409302325581395,0.3202325581395348,0.0624418604651162,0.0617441860465116,-0.0812790697674418,0.2366279069767442,0.2224186046511627,0.0253837209302325,-0.0234883720930232,-0.0106860465116279,-0.834313953488372,-0.1794069767441861,-0.0602674418604651,0.0181046511627907,-0.1426046511627907,-0.1714302325581396,0.1451860465116279,0.1160813953488372,-0.6411709302325581,0.0854476744186047,-0.3387790697674418,-0.2424244186046511,0.3362151162790697,0.1350686046511628,-1.2303290697674416,0.0848,-0.1850860465116279,-0.5387406976744187,0.0395930232558139,-4.487558139534884,-0.0251162790697674,-0.2055813953488372,0.2298837209302326,0.5319767441860465,-0.0153488372093023,-0.1843023255813953,-0.1041860465116279,-0.0843023255813953,0.121860465116279,0.0243023255813953,0.0230232558139534,-0.0097674418604651,-0.8068604651162791,0.1737209302325581,0.4155813953488371,-0.1677906976744186,0.2203488372093023,-0.2090697674418605,0.0697674418604651,-0.4415116279069767,-0.0859302325581396,-0.0341860465116278,-0.0274418604651162,0
MDHRLLEIIACPVCNGKLWYNQEKQELICKLDNLAFPLRDGIPVLLENEARSLTSDESKS,0.0581572138333333,-0.1384534306666666,-0.4195830066666667,0.2939898483333333,-0.3118213823333333,0.15,-0.2766666666666666,-0.2053333333333333,-0.014,0.0318333333333333,0.0745,-0.0875,0.0316666666666666,0.0068333333333333,-0.0253333333333333,-0.0465,-0.2856666666666666,-0.0515,-0.1646666666666666,0.1799499999999999,-0.0848833333333333,0.3489166666666666,0.1382166666666666,-0.1182833333333333,-0.172,-0.1143333333333333,-0.1481666666666666,0.0833333333333333,-0.2428333333333333,-0.3003333333333333,0.0908333333333333,-0.12,0.1328333333333333,0.0295,-0.3281666666666668,0.3358333333333332,-0.3101666666666666,0.0196,-0.0067666666666666,-0.0685666666666666,-0.04085,0.0338166666666666,-0.2283333333333333,0.0021666666666666,-0.6791983333333335,-0.474665,0.2454433333333333,-0.431,-0.1781666666666668,-0.6713333333333333,0.0561666666666666,-0.3218333333333334,0.117,0.0841666666666666,-0.178,0.2331333333333334,-0.0042333333333333,-0.0472666666666666,-0.0489666666666666,-0.8277499999999999,-0.2380833333333333,-0.2060166666666666,-0.0603999999999999,-0.0368166666666666,0.0098833333333333,0.1254,0.0928833333333333,-0.6569916666666666,-0.9645033333333334,0.2751933333333332,-0.197985,-0.1378433333333332,0.10234,-0.6540933333333334,-0.3195933333333333,-0.1786449999999999,-0.7065916666666668,0.0519266666666666,-4.365333333333334,0.2115,-0.0236666666666666,0.2754999999999999,0.5125,-0.0668333333333332,-0.0266666666666666,-0.058,-0.1113333333333333,-0.1791666666666667,-0.1675,0.1886666666666666,-0.0035,-0.7811666666666667,0.1765,0.3895,-0.2801666666666666,0.2221666666666666,-0.075,0.1271666666666666,-0.2844999999999999,-0.1893333333333333,-0.5378333333333333,0.3048333333333334,0
MFTIITYFGLLLAALALAVVLFVGLSKIELI,-0.6702146780645163,-0.4919449390322581,0.2339228709677418,0.7447096000000001,0.0154361283870967,-0.6970967741935484,-0.5151612903225805,-0.3083870967741935,0.054516129032258,-0.1564516129032257,0.3077419354838709,0.1387096774193548,-0.0119354838709677,0.1651612903225806,-0.0003225806451612,-0.6409677419354838,-0.2238709677419354,-0.0496774193548387,0.4444838709677419,0.4267419354838709,0.169741935483871,0.9545806451612904,0.0184193548387096,-0.0025483870967741,-0.5770967741935484,-0.3303225806451613,0.2277419354838709,-0.5003225806451614,-0.1967741935483871,-0.802258064516129,0.1525806451612903,0.0590322580645161,0.1054838709677419,0.044516129032258,-0.5090322580645161,0.5774193548387095,-0.3780645161290323,-0.1441935483870968,0.0690967741935483,-0.1580322580645161,-0.1277741935483871,0.0451935483870967,-0.2825806451612903,-0.8693548387096773,4.661954838709678,-2.427125806451613,0.9251419354838708,2.760967741935484,-1.8041935483870968,-1.0170967741935484,0.55,-0.6006451612903225,0.3858064516129033,0.1835483870967741,0.0716129032258064,0.2477096774193548,0.1330645161290322,-0.0014193548387096,-0.0960322580645161,-0.9059032258064516,-0.4556129032258064,-0.089258064516129,0.0280645161290322,-0.416258064516129,-0.0854516129032258,-0.0752903225806451,0.1577741935483871,-1.3801032258064514,-0.5506451612903226,0.8718193548387095,-0.578241935483871,0.6577451612903226,0.3755387096774193,-2.29788064516129,0.960374193548387,-0.7709806451612904,-2.1777,0.2342,-4.930322580645162,-0.3445161290322581,-0.1238709677419354,0.7290322580645161,0.5658064516129031,0.6748387096774192,-0.2625806451612903,-0.1283870967741936,-0.6312903225806453,0.1029032258064516,-0.827741935483871,-0.0241935483870967,-0.3525806451612904,-0.8835483870967744,0.2041935483870967,0.575483870967742,-0.1938709677419354,-0.2529032258064516,-0.3170967741935484,-1.976451612903226,-1.2541935483870963,-0.6409677419354838,-0.5203225806451613,0.2503225806451613,0
MSSTWIKFLFILTLVLLPYSVFSVNIFAGPENVIKEPNCTMYKSKSECSNIAENPVCADDRNTYYNECYFCIEKVVEKLKYRYHGICIYK,-0.0615671425555555,0.0136973688888888,0.2843053944444443,0.1508558555555555,0.0557574109999999,-0.0806666666666666,-0.1758888888888889,-0.1828888888888888,0.1298888888888889,0.0173333333333333,0.0393333333333333,-0.0393333333333333,-0.0988888888888888,0.0872222222222222,-0.0965555555555555,-0.0954444444444444,-0.2334444444444444,0.0089999999999999,-0.1155888888888889,0.0267444444444444,0.0412777777777778,0.1706444444444444,-0.0098111111111111,0.0609333333333333,0.0048888888888888,-0.0331111111111111,0.1804444444444444,-0.0232222222222222,-0.0511111111111111,-0.2335555555555555,-0.0174444444444444,0.0361111111111111,0.1178888888888889,-0.0142222222222222,-0.2752222222222222,0.4412222222222221,-0.3316666666666666,-0.0179888888888888,0.0126444444444444,-0.0096111111111111,-0.0405,-0.0254222222222222,-0.0555555555555555,-0.1116666666666666,0.5866833333333332,-0.2042922222222221,0.0938655555555555,0.3476666666666667,-0.1494444444444444,-0.2795555555555555,0.1985555555555555,-0.1208888888888888,-0.0721111111111111,0.3743333333333333,-0.0959999999999999,0.2326111111111111,0.0166444444444444,-0.0015999999999999,0.0108333333333333,-0.7553333333333332,-0.2520444444444444,-0.0798777777777777,-0.0469222222222222,-0.0914888888888888,-0.0614,0.0183444444444444,-0.0141,0.0470966666666667,-0.3179344444444444,0.1382277777777777,-0.2558233333333333,0.09094,0.2181844444444444,-0.0174144444444442,0.0146477777777778,-0.17664,0.2028700000000001,0.0742033333333333,-3.976444444444444,-0.0657777777777777,-0.0458888888888888,0.1281111111111111,0.4127777777777777,0.0597777777777778,-0.0338888888888888,0.0239999999999999,-0.1854444444444444,0.0093333333333333,-0.1318888888888889,-0.0487777777777777,-0.0224444444444444,-0.7292222222222223,0.0902222222222222,0.319,-0.1977777777777777,0.1453333333333333,-0.1334444444444444,-0.2727777777777777,-0.206,-0.0385555555555556,-0.3872222222222222,0.0016666666666666,0
MRKPQAGTGEAARDPSLRPARTVLVGDQDEYTAAENKSPRGTLCPTGEQRIHAREDACIFSRLFSEK,0.1956058756716417,-0.0123075762686567,-0.1840572507462687,0.447037576119403,0.0313433531343283,0.4083582089552238,-0.2549253731343283,-0.0516417910447761,-0.0988059701492537,0.0492537313432835,0.0492537313432835,0.0862686567164179,-0.0414925373134328,0.2041791044776119,-0.0322388059701492,-0.0240298507462686,-0.3428358208955224,0.0937313432835821,-0.356044776119403,-0.0090746268656716,-0.302820895522388,0.3276119402985074,0.2045970149253731,0.0166417910447761,-0.0591044776119403,-0.2758208955223881,-0.0986567164179104,0.2961194029850746,-0.3070149253731344,-0.1561194029850746,0.1501492537313433,-0.1531343283582089,0.0065671641791044,0.0731343283582089,-0.3205970149253732,0.3055223880597015,-0.3101492537313433,0.073,0.0161940298507462,-0.0631343283582089,-0.0514925373134328,0.0066716417910447,-0.5725373134328358,0.1267164179104477,-2.6961000000000004,-0.9627492537313432,0.6034328358208955,-1.645970149253731,-0.4998507462686568,-0.2735820895522388,0.2802985074626866,-0.1402985074626865,0.1359701492537313,-0.0940298507462686,0.1883582089552238,0.2195671641791045,0.031776119402985,-0.0565074626865671,-0.0190895522388059,-0.8978805970149254,-0.2138955223880597,-0.2577910447761193,-0.0052238805970149,-0.0855223880597014,-0.473910447761194,0.2221492537313433,0.3351194029850746,-0.9901865671641792,-0.7357955223880598,-0.4218582089552239,0.2945164179104478,0.2304776119402984,0.0427641791044776,-1.4209373134328356,-0.4580641791044777,-0.2110298507462686,-0.5512208955223877,0.7538313432835819,-4.804626865671641,0.1443283582089552,0.0067164179104477,0.1611940298507462,0.7744776119402984,-0.2956716417910448,-0.11,-0.2635820895522388,0.0411940298507462,-0.1055223880597015,-0.0844776119402985,0.286865671641791,0.1922388059701492,-0.8519402985074628,0.1486567164179104,0.3823880597014925,-0.5302985074626866,0.2695522388059702,-0.3001492537313433,0.8258208955223879,-0.4604477611940298,-0.2771641791044776,-0.393731343283582,0.2802985074626865,0
MSAYKYYDLIRKPIITEKTTTLSEQNKYAFYVDKFAEKLTLKKAIEEIFKVKVKKVNILNVKGKKKRFKGIIGTQINRKKAIVTLEKDHNIDFAGGIK,0.2345375560204081,-0.2342714968367346,0.5693688775510204,0.2772512173469387,0.4665214263265306,0.1387755102040816,-0.2030612244897959,-0.3489795918367346,-0.0443877551020408,0.0166326530612244,0.2045918367346939,0.0263265306122448,-0.0379591836734693,0.1341836734693877,-0.1565306122448979,-0.0263265306122448,-0.213469387755102,0.1356122448979592,-0.2889489795918367,0.1853673469387755,0.0946428571428571,0.4400510204081632,-0.1025510204081632,0.2106632653061224,-0.2046938775510204,0.0105102040816326,0.1764285714285713,0.3189795918367347,0.1164285714285714,-0.5448979591836735,0.1580612244897958,0.1822448979591837,0.0086734693877551,-0.0546938775510204,-0.3344897959183673,0.3580612244897959,-0.2012244897959183,0.0190204081632653,-0.0390306122448979,-0.062438775510204,-0.1180102040816326,-0.0125204081632653,0.0121428571428571,0.0414285714285714,-1.02715,0.4888591836734695,1.0398744897959185,-0.6124489795918369,0.3782653061224489,-0.4897959183673469,0.6686734693877551,-0.3763265306122449,0.3676530612244898,0.4062244897959183,0.1286734693877551,0.2319489795918368,0.012438775510204,-0.0086020408163265,-0.1058571428571428,-0.7578367346938776,-0.2381224489795918,-0.1028571428571428,-0.0626428571428571,-0.1483469387755102,0.0883265306122448,0.075234693877551,0.2067244897959183,-0.3027418367346939,-0.7374714285714286,0.1284551020408163,-0.2312469387755102,0.600304081632653,0.5114010204081632,-0.812423469387755,0.0220316326530612,-0.5080040816326531,-0.1346591836734694,-0.1117408163265306,-4.018469387755102,0.4261224489795919,-0.2081632653061224,0.2976530612244897,0.4322448979591837,-0.1218367346938775,0.0825510204081632,0.0442857142857142,-0.108469387755102,0.2053061224489795,-0.1668367346938775,0.3868367346938776,-0.0959183673469387,-0.7339795918367348,0.3138775510204081,0.32,-0.221734693877551,0.1916326530612244,-0.1976530612244898,0.1016326530612244,-0.321938775510204,-0.8390816326530611,-0.2780612244897958,0.2041836734693877,0
MSRRCDLTGKAVQTGNLVSHSNHKTRTRFLPNLCNVTLISDVLQRKVRFRVAVAALRSVEHRGGLDAFLAKADDAELSLGARAIKREILKKQAAAS,0.0256089208333333,-0.1988725261458333,-0.4066122072916667,0.5490081875,0.0108659222916666,0.1815624999999999,-0.3431249999999999,-0.1831249999999999,-0.0047916666666666,0.1427083333333333,0.2170833333333333,0.1220833333333333,-0.0366666666666666,0.1575,-0.0167708333333333,-0.1089583333333333,-0.3007291666666666,0.1691666666666667,-0.29875,0.2084166666666666,-0.1903125,0.5129895833333332,-0.0174270833333333,0.21925,-0.2689583333333333,-0.2764583333333333,0.1051041666666667,0.2355208333333333,-0.2422916666666666,-0.3982291666666667,0.0557291666666666,-0.0789583333333333,0.0522916666666666,0.165,-0.4172916666666666,0.3660416666666666,-0.2984375000000001,0.02553125,0.0051458333333333,-0.108875,-0.0819166666666666,-0.0300625,-0.4746875,-0.0362499999999999,-1.3524458333333336,-0.9122802083333332,0.337675,-0.5898958333333334,-0.5023958333333335,-0.6175,0.6518749999999999,0.0363541666666666,0.3227083333333334,-0.0047916666666666,0.125,0.2306145833333333,0.0401145833333333,-0.0529791666666666,-0.05471875,-0.9020416666666669,-0.2364166666666666,-0.2624166666666667,0.0003229166666666,-0.1239791666666666,-0.3148958333333334,0.2339375,0.3388124999999999,-0.74444375,-1.0484041666666666,-0.0839864583333334,-0.0104708333333333,0.40265625,-0.1066687499999999,-1.414883333333333,-0.3333239583333333,-0.54570625,-0.4637239583333334,0.7835427083333332,-4.859895833333334,0.263125,-0.0230208333333333,0.3589583333333333,0.7597916666666666,-0.1547916666666666,-0.1540625,-0.1898958333333333,-0.1609374999999999,0.0998958333333333,-0.1141666666666667,0.315625,-0.0621875,-0.8601041666666666,0.2277083333333333,0.463125,-0.4772916666666666,0.196875,-0.2052083333333333,0.4526041666666667,-0.5754166666666668,-0.58625,-0.2323958333333332,0.3566666666666666,0
MVPYEYYVVLSGLLMVLGLIGIIIRKNLIAMLLSTELMLNAVNIAFVAFDMKLYDVSGQVFVFFILTIAAAEAAVGLGLIMAIYRLRKDVDVNTLTELKL,-0.3704313278000001,-0.3392092876,0.196719813,0.5590591100000001,0.01186533,-0.3619999999999999,-0.4191,-0.3147999999999999,0.0432999999999999,-0.1301,0.2623,0.0754,0.0212,0.0904,0.0303999999999999,-0.4146,-0.2546999999999999,-0.0431,0.0813299999999999,0.29795,0.09084,0.6860399999999999,-0.03141,0.00625,-0.3885,-0.2463999999999999,0.2085,-0.2259,-0.1109,-0.5483999999999999,0.0293,0.1258,0.0237,0.0482,-0.4472,0.4794,-0.3615999999999999,-0.0822799999999999,0.0390099999999999,-0.11664,-0.09066,0.0154699999999999,-0.2378999999999999,-0.5589,2.509449,-1.6145000000000005,0.5767800000000001,1.5074999999999996,-1.1283,-0.9052,0.3586999999999999,-0.3775,0.2763,0.2249,-0.0006,0.24028,0.07286,-0.02755,-0.08331,-0.8748400000000001,-0.33358,-0.11986,0.0230399999999999,-0.25986,-0.07523,-0.02587,0.13944,-1.231915,-0.660182,0.546154,-0.4299189999999999,0.285881,0.2786570000000001,-1.877647,0.387799,-0.515397,-1.724967,0.227766,-4.7135,-0.0606999999999999,-0.0999,0.5899,0.5463,0.3682999999999999,-0.1683,-0.1054,-0.4208,0.0042999999999999,-0.5559,0.0763999999999999,-0.2617,-0.8426,0.2404999999999999,0.5098999999999999,-0.2328,-0.1051,-0.1945,-1.1268,-0.8822,-0.5362000000000001,-0.4865999999999999,0.2410999999999999,0
MSAQAGAAQANEDESHKYWGKAEQQFKHKPASQFFDPCQEFADRSIKCMRRNAGDRDMCTDYFQAYRDCKKAWMTQRKEASR,0.3144041799999999,-0.1794513429268292,-0.3414319914634147,0.0468322012195122,-0.0561796543902438,0.4045121951219512,-0.0064634146341463,-0.082560975609756,-0.0773170731707317,0.2040243902439024,0.0564634146341463,-0.0360975609756097,0.0367073170731707,0.2745121951219512,-0.0639024390243902,0.1069512195121951,-0.2674390243902439,0.063170731707317,-0.3493414634146342,0.1448170731707317,-0.167780487804878,0.0134390243902439,-0.057560975609756,0.0150975609756097,-0.1765853658536585,-0.0629268292682926,-0.267560975609756,0.3350000000000001,-0.0870731707317073,-0.0089024390243902,0.1095121951219512,-0.0123170731707317,0.0306097560975609,-0.0859756097560975,-0.1541463414634146,0.3067073170731708,-0.2902439024390244,0.071280487804878,-0.0474756097560975,-0.052170731707317,0.0097439024390243,0.0072073170731707,-0.2108536585365853,0.2539024390243902,-2.788868292682927,0.3363902439024389,-0.2396012195121952,-1.483536585365854,0.4330487804878047,-0.283170731707317,0.1071951219512195,0.1217073170731707,0.231829268292683,-0.3215853658536585,0.3614634146341463,0.2166585365853658,-0.0465243902439024,-0.0282560975609756,-0.0123780487804878,-0.7643658536585366,-0.0647195121951219,-0.1261951219512195,-0.0450121951219512,0.0004146341463414,-0.3135609756097561,0.2497926829268292,0.3658536585365853,0.0275402439024389,-0.2144134146341463,-0.7261817073170733,0.2936951219512195,0.0239536585365853,0.0923634146341463,-0.2960743902439022,-0.6192134146341463,-0.138880487804878,0.7418817073170731,0.273869512195122,-4.053658536585366,0.3262195121951219,-0.0845121951219512,-0.032560975609756,0.6559756097560975,-0.3420731707317073,0.028780487804878,-0.0746341463414634,0.1468292682926829,-0.0302439024390244,0.2592682926829268,0.1490243902439023,-0.0232926829268292,-0.7378048780487805,0.1836585365853658,0.3076829268292683,-0.3870731707317073,0.4660975609756097,-0.1657317073170731,0.9902439024390244,0.121829268292683,-0.0240243902439024,-0.0860975609756097,0.1223170731707317,0
IDWKKLLDAAKQIL,0.0865302707142856,-0.5647620578571428,-0.6973014214285714,0.2675073642857143,-0.3550795064285714,-0.0685714285714285,-0.3,-0.3257142857142857,-0.2607142857142857,0.0335714285714285,0.1742857142857142,-0.1571428571428571,0.1428571428571428,0.0878571428571428,-0.0657142857142857,-0.1328571428571428,-0.1649999999999999,-0.0221428571428571,0.0192142857142857,0.5165714285714286,0.2443571428571428,0.6277142857142858,-0.0380714285714285,-0.0569285714285714,-0.5521428571428572,0.05,-0.2557142857142857,0.0621428571428571,-0.1335714285714286,-0.7892857142857144,0.1135714285714285,-0.1307142857142857,0.06,-0.1042857142857142,-0.3935714285714286,0.3171428571428571,-0.2221428571428571,-0.0216428571428571,-0.0740714285714285,-0.123,-0.1212142857142857,0.0844285714285714,0.1671428571428571,-0.1314285714285714,0.4908000000000001,0.4940214285714287,1.2396928571428572,0.3878571428571427,0.4985714285714285,-1.1721428571428572,0.387142857142857,-0.6764285714285713,0.4921428571428571,0.1378571428571428,0.3064285714285714,0.2330714285714286,-0.0029999999999999,-0.0298571428571428,-0.2099285714285715,-0.7347857142857144,-0.2746428571428571,-0.1744285714285714,-0.1325714285714285,-0.1388571428571428,0.3075714285714285,0.1334285714285714,0.1884999999999999,-0.5991357142857143,-1.1540642857142858,1.0270142857142854,-0.6140357142857142,0.3565642857142857,0.4356928571428571,-0.9171571428571428,0.3131785714285713,-0.5653857142857144,-1.1656142857142855,-0.4323571428571427,-3.871428571428571,0.3278571428571428,-0.185,0.5221428571428571,0.3871428571428571,0.1178571428571429,0.2378571428571428,0.1592857142857143,-0.325,0.1214285714285713,-0.3021428571428571,0.3128571428571428,-0.2021428571428571,-0.7157142857142856,0.3078571428571429,0.4335714285714285,-0.1035714285714285,0.1242857142857143,-0.0749999999999999,-0.5657142857142858,-0.2164285714285714,-0.7964285714285715,-0.1764285714285714,0.5099999999999999,0
MALEEKERIIIPDENGDEHLFEVLFTFDVDETEQSYIAVVPAEQAEEEEVEVYAFRFEEQENEDFTLFPIESDDEWQMVEEMLNTLAEEEEA,0.2079048623913043,-0.5405696382608695,0.2366870989130434,0.268137702173913,-0.4972149364130435,0.2917391304347826,-0.116195652173913,-0.353804347826087,-0.0465217391304347,-0.2228260869565217,0.0642391304347826,-0.3260869565217392,0.0551086956521739,0.2930434782608695,0.0660869565217391,0.0809782608695651,-0.3417391304347826,-0.3725,-0.4079565217391303,0.4886630434782607,-0.0481086956521739,0.3227282608695652,0.1828804347826086,-0.4159782608695651,-0.5511956521739132,-0.0530434782608695,-0.4042391304347826,0.2126086956521739,-0.3969565217391305,-0.1242391304347826,-0.0965217391304348,0.1057608695652174,0.075,-0.1376086956521739,-0.1297826086956521,0.2383695652173912,-0.3475,0.0262608695652173,-0.0607173913043478,-0.1317934782608695,0.0095108695652173,0.0981304347826087,-0.0508695652173912,0.0804347826086956,-1.4656728260869565,-0.3642163043478261,-0.1531467391304347,-0.8229347826086955,0.1868478260869565,-1.5828260869565218,-0.5968478260869564,-0.6947826086956522,0.2253260869565217,-0.0639130434782608,-0.2023913043478261,0.2365326086956522,-0.0550978260869565,-0.0387065217391304,-0.0401195652173913,-0.7521956521739132,-0.32125,-0.2149130434782608,-0.1402391304347826,0.0895326086956521,0.0786847826086956,0.0451086956521738,0.1288043478260869,-0.8493684782608696,-0.5721826086956521,0.0711391304347825,0.4253684782608695,-0.5803032608695653,0.6832434782608697,-0.3007402173913043,-0.6258478260869567,0.2422336956521738,-0.9311391304347828,-0.5979728260869566,-3.873260869565216,0.3225,0.2065217391304348,-0.0032608695652173,0.4673913043478261,-0.1635869565217391,0.0714130434782608,-0.0045652173913043,-0.2132608695652174,-0.6918478260869565,-0.2243478260869565,0.1426086956521739,0.0075,-0.7082608695652174,0.1031521739130435,0.2378260869565218,-0.4716304347826088,0.2104347826086957,-0.0430434782608695,0.3522826086956522,-0.1692391304347826,-0.1229347826086956,-1.145326086956522,0.1644565217391304,0
MKKTFYHYMMKHRAPLVKNEISDLAEAIYDDLSFPKQSEDYHEISSYLECSGLIESMSIFDKAWDLYLQER,0.1230820371830985,-0.1805820453521126,-0.3284898295774648,0.0842279816901408,-0.3190717404225352,0.1085915492957746,-0.0357746478873239,-0.3025352112676056,0.0483098591549295,-0.0218309859154929,0.0564788732394366,-0.1033802816901408,-0.0038028169014084,0.1795774647887324,-0.0504225352112676,0.0429577464788732,-0.2346478873239436,-0.0608450704225352,-0.1406338028169014,0.2026901408450704,0.0752112676056338,0.2218732394366197,0.0407887323943662,-0.1320422535211267,-0.1749295774647887,0.0428169014084506,-0.1838028169014084,0.0978873239436619,-0.063943661971831,-0.2864788732394366,-0.198450704225352,-0.0190140845070422,0.0145070422535211,0.0753521126760563,-0.1980281690140845,0.3653521126760563,-0.3423943661971831,0.0129295774647887,-0.036169014084507,-0.0462112676056338,-0.0277746478873239,0.0351830985915492,0.0708450704225352,0.0256338028169014,-0.6133845070422538,0.2655450704225351,0.0946140845070423,-0.3616901408450703,0.3809859154929577,-0.6664788732394364,-0.0505633802816901,-0.3045070422535212,0.0190140845070422,-0.0261971830985915,0.0292957746478873,0.2293380281690141,-0.0369295774647887,0.0023521126760563,-0.011225352112676,-0.7052535211267603,-0.1342535211267606,-0.0901549295774647,-0.1372957746478872,0.0133098591549295,0.0158309859154929,0.0623098591549295,0.1117042253521126,0.7847295774647887,-0.6099661971830986,0.0097830985915493,-0.0412098591549296,-0.1566422535211267,0.3013605633802817,0.9175098591549296,-0.3998577464788732,-0.1926197183098591,1.188657746478873,-0.0826478873239437,-3.695352112676056,0.1826760563380282,-0.0850704225352112,0.0246478873239436,0.3890140845070422,-0.0508450704225351,0.1166197183098591,0.0659154929577464,-0.0891549295774647,-0.1595774647887324,-0.0199999999999999,0.0411267605633802,-0.0154929577464789,-0.682394366197183,0.13,0.2769014084507042,-0.1715492957746479,0.3370422535211268,-0.0785915492957746,0.0722535211267605,0.0581690140845069,-0.0874647887323944,-0.3473239436619718,0.1347887323943661,0
MAKKGTRVVVTLECTEARTSSEPRRSNGVSRYTTEKNKRNTTERLELKKFNPHLNKMTIHKEIK,0.37592397859375,-0.115666549375,0.5039518203125,0.3291308078125,0.51678151125,0.4145312499999999,-0.22828125,-0.3126562499999999,-0.0815625,0.1831249999999999,0.16671875,0.05015625,-0.25359375,0.055,-0.08578125,0.16796875,-0.25171875,0.223125,-0.5051093750000001,0.1459218749999999,-0.1255,0.258484375,0.0687656249999999,0.33753125,-0.1153124999999999,-0.023125,0.1992187499999999,0.5334375,-0.0390625,-0.2284375,0.1665624999999999,-0.1376562499999999,-0.09703125,0.161875,-0.3521875,0.391875,-0.211875,0.0704375,-0.045203125,-0.051421875,-0.087109375,-0.056,-0.1028124999999999,0.28921875,-2.9365328125000003,0.5977171874999999,0.5347,-1.5409375,0.5904687499999999,-0.3659374999999999,0.7746875,-0.07015625,0.16015625,0.15390625,0.0142187499999999,0.2318125,-0.0002968749999999,-0.0389687499999999,-0.010203125,-0.778625,-0.201859375,-0.23459375,-0.0682343749999999,0.010296875,-0.04078125,0.2366249999999999,0.1218125,-0.0128859375,-1.0456421875,-0.3009906249999999,-0.1291578125,0.2944890624999999,0.1061625,-0.2659124999999999,-0.6534078125,-0.2812375,0.4913265624999998,0.2566812499999999,-4.1190625,0.5821875,-0.1246874999999999,0.17640625,0.47546875,-0.3896874999999999,0.0140624999999999,0.0042187499999999,-4.163336342344337e-17,0.1484374999999999,0.0578125,0.3712499999999999,0.1049999999999999,-0.74171875,0.28859375,0.30578125,-0.3390624999999999,0.25765625,-0.06859375,0.9046875,-0.2146875,-0.8,-0.2254687499999999,0.1578125,0
MKFKLQDHMLVPKHEVLSKEEAEELLKILGIGKEQLPKIKADDPIAKEIGAKPGDIVKITRKSLTAGESVFYRLVV,0.1162063814473684,-0.2803119559210525,-0.0883081828947369,0.394890047368421,-0.0599625825,0.1636842105263158,-0.3190789473684211,-0.3218421052631579,-0.1361842105263158,-0.0821052631578947,0.0957894736842105,0.0310526315789473,0.0892105263157894,0.1505263157894736,-0.0318421052631578,-0.1434210526315789,-0.2842105263157894,0.0319736842105263,-0.2958157894736842,0.2584605263157896,-0.0500394736842105,0.5485394736842106,0.1565,-0.0199868421052631,-0.3255263157894736,-0.1467105263157895,-0.0722368421052631,0.188157894736842,0.0472368421052631,-0.5394736842105264,0.0977631578947367,-0.004078947368421,-0.0584210526315789,0.1048684210526315,-0.3992105263157894,0.3310526315789473,-0.2539473684210525,0.0176578947368421,-0.0165526315789473,-0.1009736842105263,-0.0990526315789473,0.0441447368421052,-0.2623684210526315,-0.0573684210526315,-0.7463236842105261,-0.5489473684210525,1.2251565789473686,-0.6214473684210529,-0.2615789473684211,-0.6980263157894736,0.4696052631578948,-0.6827631578947368,0.3617105263157894,0.114078947368421,-0.0197368421052631,0.2319999999999999,0.0382368421052631,-0.0323157894736842,-0.1221052631578947,-0.8522368421052633,-0.269,-0.1476973684210526,-0.0400657894736842,-0.189171052631579,0.0003815789473683,0.1322894736842105,0.2253421052631578,-0.800884210526316,-0.8636973684210527,0.0221315789473684,-0.1652802631578947,0.380521052631579,0.4327986842105262,-1.336959210526316,0.0692776315789473,-0.425578947368421,-0.8767789473684212,-0.09665,-4.529868421052631,0.226578947368421,-0.228157894736842,0.39,0.4875,-0.0592105263157894,-0.0614473684210526,-0.0894736842105263,-0.151578947368421,-0.0105263157894737,-0.3651315789473684,0.4135526315789474,0.0447368421052631,-0.8111842105263157,0.272236842105263,0.4163157894736843,-0.1913157894736842,0.1618421052631578,-0.2371052631578948,-0.0096052631578947,-0.6023684210526316,-0.66,-0.3780263157894737,0.3194736842105263,0
MSHSVKIYDTCIGCTQCVRACPTDVLEMIPWDGCKAKQIASAPRTEDCVGCKRCESACPTDFLSVRVYLRSETTRSMALSY,-0.1050736297530864,0.0618650651851851,-0.3508207765432099,0.2595393913580247,-0.1661063350617283,0.0532098765432098,-0.3818518518518519,0.0301234567901234,0.0185185185185185,0.1645679012345679,-0.0224691358024691,-0.0608641975308641,-0.1071604938271605,0.1620987654320988,-0.0055555555555555,-0.0987654320987654,-0.3382716049382716,0.0998765432098765,-0.1779012345679012,0.0135679012345679,-0.2898024691358025,0.0986419753086419,0.0292222222222222,0.1425308641975308,-0.0387654320987654,-0.2969135802469136,0.172962962962963,0.0703703703703703,-0.2086419753086419,0.0379012345679012,0.0104938271604938,-0.2755555555555555,-0.0272839506172839,0.2049382716049383,-0.4181481481481482,0.3981481481481481,-0.3745679012345679,0.0136172839506172,0.0374074074074074,-0.0374691358024691,-0.0057283950617284,-0.0665679012345679,-0.5590123456790124,0.0008641975308641,-0.6482481481481479,-1.187627160493827,-0.3239037037037037,-0.2641975308641975,-0.76,-0.3179012345679012,0.2139506172839505,0.2637037037037037,-0.0987654320987654,0.0661728395061728,0.2266666666666667,0.2232839506172839,0.0384074074074074,-0.0676666666666666,0.0395925925925925,-0.9040493827160492,-0.2755308641975308,-0.2258148148148147,0.0589876543209876,-0.0580987654320987,-0.3890864197530864,0.1913703703703703,0.0401851851851851,-0.6101703703703704,-0.3868827160493828,-0.5056802469135802,-0.2537283950617284,0.0635777777777777,-0.0470419753086419,-1.1550234567901234,-0.3865197530864198,-0.147816049382716,-0.2967444444444445,0.6112012345679011,-4.879876543209877,-0.0828395061728394,-0.0124691358024691,0.2732098765432099,0.6691358024691357,-0.1024691358024691,-0.2579012345679012,-0.1981481481481481,-0.2151851851851851,-0.0407407407407407,-0.0135802469135802,-0.1065432098765432,0.1187654320987654,-0.8634567901234569,0.1075308641975308,0.487283950617284,-0.3092592592592592,0.1869135802469136,-0.1302469135802469,0.3518518518518518,-0.6430864197530863,0.0628395061728394,-0.3330864197530864,-0.0929629629629629,0
MKDPRDIIKRPVITERSTELMTEKKYTFEVDVKANKTEVKDAIEAIFGVKVAKVNIMNYKGKFKRVGRYSGLTNRRRKAIVTLTPDSKEIELFEV,0.2287716809473684,-0.1994549738947368,0.5157371157894737,0.3660069810526317,0.3392857991578946,0.2129473684210526,-0.2787368421052631,-0.3272631578947368,-0.0926315789473683,-0.0184210526315789,0.1683157894736842,-0.0047368421052631,-0.0668421052631578,0.125578947368421,-0.1121052631578947,-0.0087368421052631,-0.2425263157894736,0.0957894736842105,-0.4458842105263156,0.1832421052631579,-0.0024526315789473,0.3884315789473684,0.0196842105263157,0.2296105263157895,-0.191157894736842,-0.0371578947368421,0.2028421052631578,0.3630526315789474,-0.0567368421052631,-0.3710526315789474,0.0665263157894736,0.0568421052631578,-0.0550526315789473,0.0777894736842105,-0.3709473684210525,0.337578947368421,-0.2174736842105263,0.0292421052631579,-0.0348105263157894,-0.0647157894736842,-0.1008526315789474,-0.0266736842105263,-0.0545263157894736,0.0562105263157894,-1.4933557894736846,0.2680484210526316,0.8398157894736846,-0.8131578947368419,0.3044210526315788,-0.6365263157894736,0.5215789473684213,-0.2933684210526316,0.209578947368421,0.313578947368421,0.1257894736842104,0.231,0.0135473684210526,-0.0323052631578947,-0.0762,-0.7812736842105263,-0.2480421052631579,-0.1713894736842105,-0.034978947368421,-0.1090842105263157,-0.0005578947368421,0.1309789473684211,0.1576736842105263,-0.3416778947368419,-0.8814842105263158,-0.109438947368421,-0.1792863157894737,0.3816273684210526,0.4048715789473683,-0.7417999999999999,-0.2645442105263158,-0.3727863157894736,-0.0311421052631578,0.1653957894736842,-4.116631578947367,0.4566315789473685,-0.1521052631578947,0.2783157894736842,0.454842105263158,-0.1942105263157894,0.0538947368421052,0.0156842105263157,-0.1355789473684211,0.0588421052631578,-0.1388421052631579,0.3302105263157895,0.0672631578947368,-0.7463157894736842,0.3041052631578947,0.3206315789473685,-0.2974736842105263,0.1388421052631578,-0.1522105263157895,0.3232631578947368,-0.3449473684210526,-0.7756842105263158,-0.3706315789473684,0.1696842105263158,0
MSRRPKIEEAMKRVESRYELVHAAVRRTLQLLREGEDFFVQEGGEVHKKTFAAIEDIAEGKVKIIKKKEESGSKEE,0.3168730756578947,-0.4011211196052631,0.2690518907894736,0.3609150631578947,0.1686333794736843,0.363421052631579,-0.1792105263157894,-0.3473684210526316,-0.1473684210526315,0.0457894736842105,0.1631578947368421,0.0030263157894736,0.1009210526315789,0.279078947368421,-0.0193421052631579,0.0388157894736842,-0.2639473684210525,0.0461842105263158,-0.5028815789473683,0.3851842105263157,-0.0918947368421052,0.4256578947368421,0.0173026315789473,0.105328947368421,-0.4381578947368421,-0.07,-0.0628947368421052,0.4428947368421053,-0.1807894736842105,-0.3136842105263159,0.0993421052631578,0.1156578947368421,-0.1419736842105263,0.1039473684210526,-0.3047368421052632,0.2660526315789473,-0.1668421052631579,0.050407894736842,-0.0617368421052631,-0.1190921052631579,-0.0707894736842105,0.0173684210526315,-0.1294736842105263,0.1893421052631579,-2.308632894736842,0.2029973684210526,0.6013526315789474,-1.2761842105263157,0.3272368421052631,-0.8235526315789474,0.3815789473684211,-0.4727631578947369,0.6093421052631578,0.0082894736842105,-0.045,0.2330526315789474,-0.0041842105263157,-0.0227631578947368,-0.0899605263157894,-0.790578947368421,-0.203328947368421,-0.1625921052631579,-0.0584210526315789,-0.1023552631578947,-0.071578947368421,0.2404736842105263,0.3852105263157895,-0.0351644736842106,-0.9588236842105264,-0.5756249999999999,0.2083947368421052,0.2081644736842105,0.4259934210526316,-0.564728947368421,-0.5801763157894737,-0.4659749999999998,0.4602578947368421,0.0852144736842105,-4.173026315789473,0.6311842105263158,-0.1902631578947368,0.1949999999999999,0.5557894736842105,-0.3064473684210526,0.0173684210526315,-0.0386842105263157,0.0180263157894736,-0.0743421052631579,-0.1532894736842105,0.5125,-0.0210526315789473,-0.7527631578947368,0.3382894736842105,0.3344736842105263,-0.3310526315789473,0.3514473684210526,-0.1610526315789473,0.7310526315789473,-0.3639473684210526,-0.776842105263158,-0.4327631578947368,0.1373684210526315,0
MAVHIRLARAGTKKTPFYRIVVADQRSPRGGRFIERLGTYDPRRTEIRLDVPRVRHWISNGAQPTHTVALLLKHPGLAQAAAPADAAK,0.0494891599999999,-0.0683901998863636,-0.0611172852272728,0.5100873284090909,0.2285984048863636,0.18875,-0.2602272727272727,-0.1467045454545454,-0.087840909090909,0.01625,0.0444318181818181,0.2465909090909091,-0.0492045454545454,0.1571590909090909,0.0198863636363636,-0.1742045454545454,-0.2561363636363636,0.1655681818181818,-0.2565340909090909,0.0290681818181818,-0.1311022727272727,0.4241136363636364,0.2117727272727273,0.1951022727272727,-0.1052272727272727,-0.21875,0.1106818181818182,0.1672727272727272,-0.2186363636363636,-0.3054545454545454,0.0727272727272727,-0.1363636363636363,0.0545454545454545,0.1195454545454545,-0.3496590909090909,0.4084090909090909,-0.2947727272727273,0.0244090909090909,0.0180227272727272,-0.0587045454545454,-0.0969545454545454,-0.0040795454545454,-0.3654545454545454,-0.085340909090909,-1.092369318181818,-0.7888749999999999,1.174784090909091,-0.6114772727272727,-0.5084090909090911,-0.1511363636363636,0.6670454545454545,-0.1714772727272727,0.1367045454545454,-0.0069318181818181,0.1326136363636363,0.2204772727272727,0.073875,-0.0244204545454545,-0.0692954545454545,-0.8498409090909091,-0.2266022727272727,-0.2152386363636363,-0.0384772727272727,-0.2056931818181818,-0.4340568181818182,0.2494318181818181,0.3256931818181818,-1.0185511363636366,-0.6930340909090908,0.0906113636363636,0.1516943181818182,0.5295761363636363,-0.0901840909090909,-1.5342488636363634,0.1349602272727272,-0.3436034090909091,-0.9620534090909092,0.8155477272727272,-4.532045454545455,-0.0520454545454545,-0.0717045454545454,0.2288636363636363,0.6744318181818181,-0.0995454545454545,-0.0718181818181818,-0.1693181818181818,-0.0935227272727272,0.1680681818181818,-0.2314772727272727,0.3314772727272727,0.2089772727272727,-0.8185227272727271,0.1193181818181818,0.3952272727272726,-0.4421590909090909,0.1214772727272727,-0.3348863636363637,0.2172727272727272,-0.4572727272727273,-0.5961363636363637,0.0360227272727273,0.3809090909090909,0
MDMVSLKFIGIGLMAIGMYGAALGVSNIFSSLLSSIARNPSAAENLQRMALIGAGLAEAMGLFSFVIAMLLIFS,-0.4533378993243243,-0.2196832981081081,-0.1513975351351351,0.5755269108108108,-0.0279399966216215,-0.2314864864864864,-0.4222972972972972,-0.0986486486486486,0.0571621621621621,-0.0806756756756756,0.3679729729729729,0.2162162162162162,0.0556756756756756,0.1513513513513513,0.0252702702702702,-0.4932432432432432,-0.339054054054054,0.0528378378378378,0.2457972972972973,0.1513783783783783,-0.1523648648648648,0.6942567567567568,-0.0336621621621621,-0.1799324324324324,-0.3293243243243243,-0.4908108108108108,-0.0127027027027026,-0.2889189189189189,-0.1077027027027027,-0.4143243243243243,-0.0089189189189189,0.1608108108108107,-0.0971621621621621,-0.1404054054054054,-0.490945945945946,0.4791891891891892,-0.4424324324324324,-0.054081081081081,0.0900675675675675,-0.1321351351351351,-0.0546756756756756,0.0431081081081081,-0.7447297297297297,-0.6028378378378377,1.8811702702702704,-2.8999216216216213,0.4054837837837838,0.8947297297297299,-2.004864864864865,-0.6205405405405405,0.4189189189189189,-0.2840540540540541,0.3487837837837838,-0.1643243243243243,0.0666216216216216,0.238472972972973,0.0980135135135135,-0.0312702702702702,-0.0273918918918918,-1.0064324324324323,-0.2955945945945946,-0.1668648648648648,0.0786351351351351,-0.2746081081081081,-0.4407297297297298,0.0542027027027027,0.3473648648648648,-1.0198864864864867,-0.637631081081081,-0.0508121621621621,-0.3598527027027026,0.4529459459459459,0.0398891891891892,-2.160218918918919,0.1916027027027026,-0.741427027027027,-1.0451135135135137,0.7489243243243243,-5.54972972972973,-0.2578378378378377,-0.1552702702702703,0.628108108108108,0.8295945945945946,0.3428378378378378,-0.3964864864864865,-0.3939189189189189,-0.2464864864864865,-0.0251351351351351,-0.5487837837837838,0.1001351351351351,-0.3527027027027027,-0.9697297297297296,0.2044594594594594,0.649054054054054,-0.2420270270270269,0.1383783783783783,-0.3571621621621622,-0.8140540540540542,-1.0827027027027023,-0.1364864864864865,-0.3870270270270269,0.3355405405405405,0
MGKQCEFCGKKPQTGNNVSHSNIKTKRRFMPNLQSARHQLPTGQIKTVSVCTRCLRSGAVVKPVVKKTA,0.0980324253623188,0.1168539078260869,-0.1631031101449276,0.2970499057971014,0.2034551149275362,0.2685507246376811,-0.3189855072463768,-0.1198550724637681,-0.0713043478260869,0.1840579710144927,0.0927536231884057,0.1466666666666666,-0.1281159420289855,0.0537681159420289,-0.0305797101449275,-0.0627536231884058,-0.3071014492753623,0.2526086956521739,-0.4068695652173913,-0.0665072463768115,-0.2657101449275362,0.2001014492753623,0.0525072463768115,0.3333043478260869,0.0282608695652173,-0.237391304347826,0.2791304347826087,0.2931884057971014,0.2237681159420289,-0.1697101449275362,0.2317391304347826,-0.1659420289855072,-0.0736231884057971,0.0317391304347826,-0.408840579710145,0.4808695652173913,-0.306231884057971,0.0462898550724637,0.0244347826086956,-0.0293333333333333,-0.0660289855072463,-0.0755362318840579,-0.5052173913043478,0.0997101449275362,-1.7615347826086956,-0.6570681159420287,0.5216608695652174,-1.0707246376811594,-0.4156521739130436,0.114927536231884,0.8597101449275364,0.1389855072463768,0.1097101449275362,0.1307246376811593,0.1223188405797101,0.222768115942029,0.0404927536231884,-0.0606666666666666,-0.0201739130434782,-0.9048115942028984,-0.2040289855072464,-0.1905797101449275,0.0501884057971014,-0.1340144927536232,-0.290463768115942,0.2440579710144927,0.1777246376811594,-0.656885507246377,-0.5910637681159422,-0.6002246376811594,-0.1326217391304347,0.5048985507246377,-0.104627536231884,-1.4033898550724635,-0.176995652173913,-0.3470434782608696,-0.322472463768116,0.4203855072463768,-4.838260869565217,0.1336231884057971,-0.1779710144927536,0.2889855072463768,0.6249275362318839,-0.2321739130434782,-0.2608695652173914,-0.1979710144927536,-0.0326086956521739,0.2723188405797101,-0.0434782608695652,0.2276811594202897,0.0801449275362318,-0.8569565217391304,0.2114492753623188,0.4413043478260869,-0.2930434782608695,0.2289855072463768,-0.2242028985507246,0.5573913043478261,-0.5802898550724638,-0.4805797101449275,-0.0684057971014492,0.1689855072463768,0
MVLKTVGVAGTLESSDAMITVEPANQGGIVIDISSSVKRQFGRQIEETVLNTIKELGVENANVKVVDKGALNYALIARTKAAVYRAAESNDYKF,-0.0299324505319149,-0.1471583870212765,0.0580093478723403,0.5475312510638298,0.0070799871276595,0.1487234042553191,-0.3628723404255319,-0.1691489361702128,0.0144680851063829,-0.0656382978723404,0.2706382978723404,0.0486170212765957,-0.0586170212765957,0.2024468085106383,0.0507446808510638,-0.1470212765957446,-0.3830851063829787,0.0544680851063829,-0.3568510638297872,0.1107127659574467,-0.1933936170212765,0.5626808510638298,-0.0908191489361702,0.0282659574468085,-0.230531914893617,-0.366063829787234,0.180531914893617,0.187659574468085,-0.1238297872340425,-0.3793617021276596,-0.0703191489361702,0.1324468085106382,-0.1123404255319149,-0.0840425531914893,-0.4178723404255319,0.3630851063829787,-0.3857446808510638,0.0169148936170212,0.0363085106382978,-0.1067659574468085,-0.0768510638297872,-0.0220531914893617,-0.6254255319148937,-0.1212765957446808,-1.01776914893617,-1.6801829787234048,0.4485882978723404,-0.631276595744681,-0.9737234042553192,-0.8108510638297872,0.4373404255319149,-0.1601063829787234,0.3269148936170213,0.3132978723404255,0.0593617021276595,0.2320957446808511,0.0485,-0.0677765957446808,-0.0486170212765957,-0.9479680851063832,-0.3398085106382978,-0.2851170212765958,0.0167340425531914,-0.0910851063829787,-0.3606170212765957,0.0737021276595744,0.2870744680851064,-1.3587095744680853,-0.8879670212765957,0.0229882978723404,0.066109574468085,0.3237744680851063,0.1877627659574468,-1.9887617021276596,-0.2391329787234042,-0.4175999999999999,-1.359873404255319,0.5061265957446808,-5.1191489361702125,0.0675531914893617,0.1106382978723404,0.4017021276595743,0.802872340425532,-0.0880851063829787,-0.2277659574468084,-0.295,-0.251063829787234,-0.088936170212766,-0.3388297872340425,0.2697872340425531,-0.1684042553191489,-0.901595744680851,0.1674468085106382,0.4853191489361702,-0.5218085106382978,0.120531914893617,-0.2545744680851064,0.2103191489361702,-0.8618085106382978,-0.4942553191489363,-0.6664893617021275,0.3047872340425532,0
GRTFFVGGNW,-0.264470641,0.460508824,1.2914855099999998,0.2635562199999999,1.071382468,-0.069,0.3259999999999999,0.438,0.0349999999999999,-0.1809999999999999,0.596,0.339,0.008,-0.048,-0.135,-0.326,-0.205,0.108,-0.0878999999999999,-0.6611999999999999,-0.0719999999999999,0.2916999999999999,-0.4833999999999999,-0.0109999999999999,0.514,-0.2029999999999999,0.237,-0.1999999999999999,-0.154,-0.115,0.482,0.8629999999999999,-0.3549999999999999,-0.0059999999999999,-0.0069999999999999,0.395,-0.4529999999999999,-0.0079999999999999,0.1414,0.0482999999999999,-0.0335,0.0038999999999999,-0.3509999999999998,-0.1979999999999999,0.8200100000000002,-1.6073399999999995,0.4689899999999999,-0.088,-1.7110000000000003,1.545,-0.4370000000000001,0.1029999999999999,0.766,0.3,0.201,0.2058999999999999,0.1049,0.073,0.0281999999999999,-0.7858,-0.1114,-0.0031999999999999,0.0045999999999999,-0.3257,-0.9499000000000002,0.1742999999999999,0.7976999999999999,-0.6591300000000002,0.9161,-0.34935,0.8101099999999999,1.0912799999999998,-0.0397,-1.71158,0.6441600000000001,-0.5706399999999999,-0.6233800000000003,1.00084,-4.135,-0.5189999999999999,-0.0299999999999999,-0.1449999999999999,1.063,0.19,-0.129,-0.4029999999999999,0.626,0.0819999999999999,-0.2199999999999999,0.3359999999999999,-0.488,-0.7809999999999999,-0.0009999999999999,0.283,-0.623,0.441,-0.8270000000000002,-0.192,-0.506,-0.133,0.059,-0.295,0
MADQLTLEIISAINKLVKAENGERTSVALGEITTDTELTSLGIDSLGLADVLWDLEQLYGIKIEMNTADAWSNLNNIGDVVEAVRGLLTKEV,-0.0772279663043478,-0.2205540907608695,-0.0757035184782609,0.5424765097826088,-0.1836664169565217,0.0951086956521739,-0.3755434782608695,-0.1505434782608695,-0.001195652173913,-0.1156521739130434,0.3197826086956521,-0.0878260869565217,-0.064891304347826,0.0835869565217391,0.0879347826086956,-0.1193478260869565,-0.3941304347826087,-0.0644565217391304,-0.175,0.1775543478260869,-0.1608478260869565,0.6315,-0.069445652173913,-0.191695652173913,-0.2884782608695652,-0.3504347826086956,0.0060869565217391,0.0884782608695652,-0.3002173913043478,-0.3871739130434782,-0.0438043478260869,0.0740217391304347,-0.1179347826086956,-0.0435869565217391,-0.411195652173913,0.3251086956521739,-0.4305434782608696,0.0075,0.0358260869565217,-0.1222391304347826,-0.0618260869565217,0.0221630434782608,-0.5728260869565217,-0.1290217391304348,-0.5702934782608695,-1.8512130434782608,0.2870097826086956,-0.4115217391304348,-1.0539130434782609,-1.0854347826086956,0.034891304347826,-0.3067391304347826,0.3363043478260869,0.2728260869565218,-0.0292391304347826,0.2350326086956522,0.0331086956521739,-0.0790869565217391,-0.0502934782608695,-0.9398913043478262,-0.3778152173913043,-0.3455760869565217,-0.0345108695652174,-0.0008152173913043,-0.2150434782608695,0.043641304347826,0.2011413043478261,-1.6933532608695652,-1.075745652173913,0.511666304347826,-0.0735597826086956,0.0455478260869565,0.221679347826087,-2.0120434782608694,-0.3303152173913044,-0.2885326086956522,-2.1131271739130435,0.2380347826086956,-5.071521739130435,0.083695652173913,0.1998913043478261,0.4655434782608695,0.780217391304348,-0.0029347826086956,-0.1702173913043478,-0.2788043478260869,-0.275,-0.3019565217391305,-0.3993478260869564,0.2433695652173912,-0.2434782608695652,-0.8923913043478262,0.1527173913043478,0.5080434782608695,-0.5075,0.1240217391304347,-0.1655434782608695,0.021086956521739,-0.8943478260869565,-0.4319565217391305,-0.887608695652174,0.3245652173913043,0
MSILDYFRSSKKPNTASLAKERLQIIVAHQRGERGAPDYFPKMKQEIIEVIRKYVQISDDQVSVQLDQNDDNLSVLELNVTLPDSK,0.1548803503488372,-0.0529361536046511,-0.6044121104651162,0.3090066779069768,-0.4258520726744186,0.2543023255813954,-0.2561627906976744,-0.3259302325581395,-0.0341860465116279,-0.0633720930232558,0.1066279069767441,-0.0813953488372093,-0.007906976744186,0.093953488372093,-0.0176744186046511,0.0274418604651162,-0.2997674418604651,-0.0238372093023255,-0.3777441860465116,0.1042674418604651,-0.0398488372093023,0.3633139534883721,0.103953488372093,0.0306046511627907,-0.1023255813953488,-0.0940697674418605,0.0554651162790697,0.2561627906976744,-0.0432558139534883,-0.3472093023255814,-0.1387209302325581,-0.1082558139534883,0.0554651162790697,-0.1226744186046512,-0.3275581395348837,0.3831395348837209,-0.3401162790697675,0.0345930232558139,-0.0145465116279069,-0.0531046511627906,-0.0738372093023255,-0.0094418604651162,-0.1822093023255813,0.0538372093023255,-1.538748837209302,-0.2204779069767441,0.5152302325581396,-0.9455813953488372,0.1341860465116278,-0.7969767441860465,0.2651162790697674,-0.1886046511627906,-0.0248837209302326,0.2534883720930233,0.050813953488372,0.2276279069767442,-0.0274186046511627,-0.0618372093023255,-0.0642325581395348,-0.8154302325581395,-0.2099651162790698,-0.2319767441860465,-0.0699186046511628,-0.0031395348837209,0.0011162790697674,0.0795813953488372,0.1122558139534884,-0.1390941860465115,-1.210286046511628,0.0804476744186046,-0.0197151162790697,-0.0081209302325581,0.1874267441860465,-0.1153802325581394,-0.4692976744186046,-0.2628465116279069,0.1654488372093024,0.1368244186046511,-4.258139534883721,0.3154651162790698,0.0201162790697674,0.2059302325581394,0.4890697674418605,-0.1712790697674418,0.0246511627906976,-0.0438372093023256,-0.1986046511627907,-0.1141860465116279,-0.1215116279069767,0.1596511627906976,0.0711627906976744,-0.7645348837209303,0.1744186046511627,0.3277906976744186,-0.3463953488372093,0.2174418604651163,-0.0876744186046511,0.297906976744186,-0.2333720930232558,-0.4486046511627907,-0.5875581395348837,0.407093023255814,0
MGSFSIWHWLIVLVIVMLVFGTKKLRNIGQDLGGAVKGFKDGMKDGEGKAAADPAQSKELRDSTTIDVEAKEKTRQQ,0.0447719075324675,-0.1315723535064935,-0.146976177922078,0.3660434181818182,0.0088306933766233,0.192077922077922,-0.2285714285714285,-0.1,-0.1146753246753246,-0.0564935064935065,0.277012987012987,0.0341558441558441,0.0619480519480519,0.1409090909090909,0.0025974025974025,-0.1307792207792207,-0.3312987012987013,0.0615584415584415,-0.2903376623376623,0.0705194805194805,-0.1600909090909091,0.4785844155844156,-0.1056623376623376,-0.0398961038961038,-0.1858441558441558,-0.2655844155844156,-0.0206493506493506,0.18,0.0063636363636363,-0.3597402597402597,0.0905194805194805,0.1525974025974025,-0.2267532467532467,0.0283116883116883,-0.3555844155844155,0.3222077922077921,-0.3558441558441558,0.0288311688311688,0.0211948051948051,-0.0880909090909091,-0.0641818181818181,0.0154415584415584,-0.4836363636363636,-0.0251948051948051,-1.1563675324675324,-1.1597246753246753,0.6532142857142857,-0.8815584415584419,-0.7236363636363635,-0.4303896103896103,0.2167532467532467,-0.2685714285714287,0.4763636363636361,0.0809090909090909,0.2161038961038961,0.2233246753246754,0.0334805194805194,-0.0477012987012987,-0.0787662337662337,-0.8975844155844156,-0.2282987012987012,-0.2005974025974025,-0.0008701298701298,-0.1288051948051948,-0.3026233766233766,0.1593766233766233,0.3874545454545455,-0.968025974025974,-0.6183129870129871,-0.2311311688311689,0.0507831168831169,0.4308415584415583,0.2517233766233766,-1.757464935064934,-0.1415402597402597,-0.4667337662337662,-0.9404909090909092,0.2658922077922077,-4.821168831168831,0.1411688311688312,-0.1006493506493506,0.3492207792207791,0.7507792207792208,-0.0893506493506493,-0.1431168831168831,-0.2555844155844156,-0.015064935064935,-0.0531168831168831,-0.2433766233766233,0.3537662337662338,-0.1683116883116883,-0.8587012987012985,0.2316883116883117,0.4637662337662336,-0.3627272727272727,0.2841558441558441,-0.3131168831168831,0.2623376623376623,-0.7109090909090907,-0.4985714285714285,-0.3684415584415585,0.2054545454545454,0
MKGQNVTLQDIAIELEDTISPINLHCEEEIETEEVDTPNPFAITATCYACEQVLRLAVVTSTEGIHQLQQLLFDNLFLLCAACSKQVFCNRRPERNGP,-0.0395037192857143,-0.1714064759183673,-0.1115503357142857,0.3471219969387754,-0.2355884532653061,0.1113265306122449,-0.3364285714285714,-0.181938775510204,0.0356122448979591,0.006734693877551,0.0394897959183673,-0.1040816326530612,-0.070204081632653,0.0939795918367347,0.0521428571428571,-0.0837755102040816,-0.3415306122448979,-0.0915306122448979,-0.1566938775510204,0.184469387755102,-0.1748469387755102,0.2868163265306122,0.1481428571428571,-0.068734693877551,-0.2404081632653061,-0.2343877551020408,0.0091836734693877,0.0723469387755101,-0.2169387755102041,-0.1104081632653061,0.1262244897959183,-0.1323469387755101,0.2011224489795918,-0.125204081632653,-0.3121428571428571,0.4124489795918367,-0.3761224489795919,0.006204081632653,0.0139285714285714,-0.0796836734693877,-0.0208571428571428,0.0031938775510204,-0.3980612244897959,-0.0456122448979591,-0.5129918367346937,-1.1378061224489795,-0.0283663265306123,-0.2470408163265305,-0.5971428571428572,-0.7826530612244895,0.0953061224489796,-0.1295918367346939,0.0198979591836734,0.1029591836734693,-0.111938775510204,0.2314387755102041,0.009969387755102,-0.0671020408163265,-0.0216122448979591,-0.8760918367346938,-0.3361122448979592,-0.2476428571428571,-0.0252142857142857,-0.0268979591836734,-0.1035,0.0984489795918367,0.0365816326530612,-1.4988571428571429,-0.5989612244897958,0.191238775510204,-0.0160071428571428,-0.1241673469387755,0.1406704081632653,-1.4954683673469389,-0.2269806122448979,0.0391948979591837,-1.758315306122449,-0.0265255102040816,-4.647448979591837,0.0414285714285714,0.1314285714285714,0.2586734693877551,0.5796938775510203,-0.0541836734693877,-0.178469387755102,-0.1441836734693878,-0.2739795918367346,-0.2243877551020409,-0.2118367346938775,0.0439795918367346,0.0254081632653061,-0.8268367346938778,0.0914285714285714,0.406938775510204,-0.4166326530612245,0.1104081632653061,-0.0916326530612244,0.1010204081632652,-0.5564285714285715,-0.1712244897959184,-0.7172448979591834,0.2196938775510204,0
MSKGTASFGKKNKRNTEMCRRCGRQSYHKQKNSCSSCGYPNPKMRNPGSIKARRRRTIGTGRMRYMKRELRAAKNGHKGDPILRTLWAKN,0.3636037599999999,0.1573052887777777,0.3043314066666666,0.1852939466666666,0.7546806546666668,0.4507777777777777,-0.1061111111111111,-0.0797777777777777,-0.0915555555555555,0.3062222222222222,0.1753333333333333,0.2438888888888889,-0.0563333333333333,-0.0033333333333333,-0.1376666666666666,0.0794444444444444,-0.2127777777777777,0.3552222222222223,-0.3733777777777777,-0.1460888888888888,-0.1965888888888889,0.0957888888888888,-0.0551555555555555,0.3477444444444444,0.1761111111111111,-0.0575555555555555,0.1297777777777778,0.448,-0.0158888888888888,-0.0667777777777777,0.3296666666666666,0.0178888888888888,-0.1371111111111111,0.1208888888888888,-0.3158888888888889,0.3568888888888888,-0.1724444444444444,0.0886666666666666,-0.0116,0.0022888888888888,-0.0588333333333333,-0.0582,-0.2405555555555555,0.2943333333333333,-3.087013333333333,0.5520844444444446,0.4851699999999999,-1.799777777777778,0.3126666666666665,0.5414444444444445,0.7123333333333334,0.2002222222222222,0.2997777777777778,-0.0202222222222222,0.1183333333333333,0.2191444444444444,0.0075555555555555,-0.0199888888888888,-0.0068888888888888,-0.7992333333333334,-0.0106,-0.1271555555555555,0.0112444444444444,-0.1023333333333333,-0.3440777777777778,0.3248555555555555,0.3718555555555555,0.2754077777777777,-0.7437555555555556,-0.8275711111111111,-0.0654711111111111,0.4363188888888888,-0.1908566666666666,-0.5155311111111109,-0.6321888888888889,-0.5005622222222221,1.182301111111111,0.8397944444444442,-4.284111111111111,0.5328888888888889,-0.3397777777777777,0.1615555555555555,0.643,-0.3987777777777778,-0.0081111111111111,-0.1116666666666666,0.3967777777777777,0.3308888888888888,0.1945555555555555,0.452,0.0237777777777777,-0.7675555555555555,0.3483333333333333,0.3577777777777777,-0.2676666666666666,0.4847777777777778,-0.2101111111111112,1.096,-0.0638888888888888,-0.5056666666666667,0.2422222222222222,0.1034444444444444,0
MTRSLKKNPFVANHLLRKINKLNTKAEKDIILTWSRASTIIPTMIGHTIAIHNGKEHLPIYITDRMVGHKLGEFSPTLNFRGHAKNDNRSRR,0.1250893758695652,-0.0495589285869565,0.2750251119565217,0.2732917152173913,0.419670375326087,0.2078260869565217,-0.1845652173913043,-0.2513043478260869,0.0619565217391304,0.0394565217391304,0.1774999999999999,0.1393478260869565,-0.143695652173913,-0.0521739130434782,-0.0525,-0.0242391304347825,-0.2321739130434782,0.176195652173913,-0.158141304347826,0.0297717391304348,-0.0340543478260869,0.293945652173913,0.06275,0.1588804347826087,-0.0394565217391304,-0.0697826086956521,0.1560869565217391,0.2221739130434783,-0.0120652173913043,-0.246195652173913,-0.0004347826086956,0.0219565217391304,0.0973913043478261,0.0003260869565217,-0.3214130434782608,0.4296739130434783,-0.3095652173913043,0.0251195652173913,-0.0035543478260869,-0.0349565217391304,-0.0779347826086956,-0.0163478260869565,-0.1281521739130434,0.0305434782608695,-1.017282608695652,-0.059736956521739,0.7276250000000001,-0.6029347826086956,-0.0032608695652174,-0.2045652173913043,0.6277173913043478,-0.0863043478260869,0.0395652173913043,0.12,-0.1296739130434782,0.2295543478260869,0.0265434782608695,-0.0093260869565217,-0.0394673913043478,-0.7842173913043476,-0.206141304347826,-0.2076739130434783,-0.1069999999999999,-0.0573478260869565,-0.062554347826087,0.2064782608695652,0.1273586956521739,-0.3692217391304347,-0.8234239130434782,0.3514847826086956,-0.2295652173913043,0.4097347826086958,-0.0506141304347826,-0.5484108695652172,-0.0859728260869564,-0.2919630434782608,-0.3023695652173913,0.2750543478260869,-4.17141304347826,0.166086956521739,-0.1142391304347826,0.211195652173913,0.4845652173913042,-0.1132608695652173,-0.0155434782608695,-0.0481521739130434,-0.0617391304347826,0.1581521739130434,-0.0809782608695652,0.3358695652173912,0.0601086956521739,-0.7573913043478259,0.1526086956521739,0.3614130434782608,-0.2477173913043478,0.2702173913043478,-0.1594565217391304,0.2781521739130434,-0.2044565217391304,-0.5718478260869566,0.0158695652173913,0.3317391304347826,0
MALKEMVGTVVSDKMQKTVVVAVENRFPHPIYQKIISRTTRYKAHDAENHCKVGDRVRIKESPPISAHKRWTVTDVLVKGMKSKEAAK,0.1371394751136363,-0.1473924581818182,-0.0251431068181819,0.2997481136363636,0.0801843836363636,0.2194318181818181,-0.2843181818181818,-0.2728409090909091,-0.0807954545454545,0.0337499999999999,0.0702272727272727,0.0643181818181818,-0.0845454545454545,0.1559090909090908,0.0227272727272727,-0.04625,-0.2806818181818182,0.1538636363636363,-0.4880454545454544,0.16375,-0.1091818181818181,0.2797159090909091,0.0574545454545454,0.2494431818181818,-0.2036363636363636,-0.1362499999999999,0.2055681818181818,0.3093181818181818,0.1279545454545454,-0.2656818181818182,-0.1096590909090909,-0.0871590909090909,-0.1267045454545454,0.150340909090909,-0.3930681818181818,0.4070454545454545,-0.3002272727272727,0.0270681818181818,-0.0194545454545454,-0.0632499999999999,-0.0759659090909091,-0.0425454545454545,-0.2440909090909091,0.045,-1.3557863636363636,-0.2093602272727273,0.7136602272727273,-0.7175,0.0076136363636362,-0.5059090909090909,0.7097727272727273,-0.1378409090909091,0.1171590909090909,0.13625,0.0914772727272727,0.2269431818181818,0.032625,-0.0396477272727272,-0.0598068181818181,-0.8252159090909091,-0.2400909090909091,-0.1981022727272727,-0.0348181818181818,-0.0958181818181818,-0.1540227272727272,0.2253522727272727,0.1412272727272727,-0.3829886363636363,-0.6835363636363637,-0.2263625,-0.1488045454545454,0.3746431818181817,0.1213886363636363,-0.8668261363636364,-0.1279215909090909,-0.2880318181818182,-0.2095159090909091,0.2121988636363636,-4.381022727272727,0.1506818181818182,-0.1459090909090908,0.2569318181818181,0.5005681818181817,-0.18625,-0.1011363636363636,-0.0643181818181818,-0.2051136363636363,0.1442045454545454,-0.1182954545454545,0.2707954545454545,0.1313636363636363,-0.7903409090909093,0.1901136363636363,0.4017045454545455,-0.2489772727272727,0.1631818181818182,-0.1581818181818181,0.3849999999999999,-0.4289772727272727,-0.6098863636363636,-0.0544318181818181,0.1963636363636363,0
MTYFVFFLGICFVVGVLGVASNPSPYYGVVGLVLASVAGCGWLLSLGVSFVALVLFMVYFGGMLVVFVYSVALAAEPFPEA,-0.6635840206172839,0.001657638765432,-0.083018686419753,0.619400035802469,-0.2206221835802469,-0.5027160493827161,-0.3277777777777778,-0.0134567901234567,0.0851851851851852,-0.2380246913580247,0.1954320987654321,0.2335802469135802,0.0385185185185185,0.2203703703703703,0.0303703703703703,-0.6370370370370371,-0.312962962962963,-0.0348148148148148,0.0211481481481481,-0.0359012345679012,-0.0646419753086419,0.6786172839506173,0.0090246913580246,-0.0749753086419753,-0.1195061728395062,-0.4481481481481482,0.2182716049382716,-0.514320987654321,0.0072839506172839,-0.5848148148148148,0.0129629629629629,0.178641975308642,-0.1093827160493827,0.2108641975308642,-0.3975308641975308,0.534320987654321,-0.4961728395061728,-0.098716049382716,0.1323086419753086,-0.0787037037037037,-0.0736172839506172,0.0175061728395061,-0.6437037037037037,-0.7576543209876543,3.5880851851851854,-3.092712345679012,0.6731432098765431,1.808395061728395,-2.3403703703703704,-0.1291358024691358,0.218395061728395,-0.3954320987654321,0.2481481481481481,0.2045679012345679,0.0745679012345679,0.2311358024691358,0.1500246913580246,0.0007037037037037,-0.0189629629629629,-0.96120987654321,-0.3498148148148148,-0.033111111111111,0.0998765432098765,-0.433246913580247,-0.6054567901234568,-0.0445308641975308,0.3078024691358024,-1.1987296296296297,0.1735691358024691,0.0431728395061728,0.0061925925925925,0.6242555555555556,0.1461407407407407,-2.221201234567901,0.957248148148148,-0.5708456790123456,-1.583483950617284,0.6982246913580247,-5.176913580246914,-0.8019753086419752,-0.0587654320987654,0.4088888888888889,0.7796296296296296,0.5325925925925927,-0.4212345679012346,-0.3483950617283951,-0.3333333333333334,0.0095061728395061,-0.697037037037037,-0.0839506172839506,-0.2202469135802469,-0.9279012345679014,0.0201234567901234,0.5276543209876543,-0.3372839506172839,-0.1420987654320987,-0.5560493827160494,-1.441604938271605,-1.1833333333333331,-0.0090123456790123,-0.3960493827160493,0.0707407407407407,0
MPMATTIEVADYTNIMPITVSITVYLGVSIGIDTSTTGFTCFSRY,-0.3462334637777777,0.1508657666666666,0.5576565155555554,0.4241454488888889,0.1896280564444445,-0.1926666666666666,-0.4133333333333333,-0.0511111111111111,0.1288888888888889,-0.1868888888888889,0.1848888888888889,-0.0031111111111111,-0.3579999999999999,0.116,0.0268888888888888,-0.2377777777777777,-0.3726666666666666,0.0419999999999999,0.0596888888888888,-0.1776666666666666,-0.141,0.3298666666666666,0.0037333333333333,0.0551111111111111,0.0731111111111111,-0.3844444444444445,0.5024444444444445,-0.1066666666666666,-0.0504444444444444,-0.0642222222222222,-0.2,-0.0666666666666666,-0.1408888888888889,-0.0755555555555556,-0.4404444444444443,0.5553333333333333,-0.5486666666666667,-0.0385333333333333,0.1023555555555555,-0.0230888888888888,-0.0542,-0.0719555555555555,-0.5773333333333334,-0.3426666666666667,1.0222533333333337,-2.3066511111111114,0.2692866666666668,0.4684444444444445,-1.5344444444444447,-0.4524444444444445,0.2513333333333334,0.1348888888888889,-0.3584444444444444,0.4259999999999999,0.314,0.2261333333333333,0.0840444444444444,-0.0568666666666666,0.0674222222222222,-0.9240444444444444,-0.4229555555555555,-0.2711333333333333,0.0243333333333333,-0.0584666666666666,-0.4154444444444444,-0.0560666666666666,-0.0958666666666666,-1.1544488888888889,-0.2901466666666667,0.1741111111111111,-0.328191111111111,0.35762,0.216071111111111,-1.5778511111111106,0.0643266666666666,-0.1216533333333333,-1.2951977777777777,0.5350688888888888,-5.026888888888888,-0.4588888888888888,0.1593333333333334,0.3588888888888888,0.6515555555555554,0.1902222222222222,-0.304,-0.2873333333333333,-0.4746666666666667,-0.094,-0.3577777777777778,-0.2637777777777778,0.0344444444444444,-0.8933333333333332,-0.0102222222222222,0.4848888888888888,-0.3662222222222222,-0.0451111111111111,-0.2504444444444444,-0.5442222222222222,-1.0513333333333337,-0.1682222222222222,-0.6471111111111111,-0.0375555555555555,0
MSIKLVNIGFGNIVSANRIVAIVSPESAPIKRIVTEGRDRGMLIDATYGRRTRAVVITDSDHVILSAVQPETVKQRLHTDSSEDDEEIN,-0.0051552552808988,-0.0260369496629213,-0.1493213921348315,0.4742648404494382,-0.1201444429213483,0.207191011235955,-0.3804494382022472,-0.2044943820224719,0.0482022471910112,-0.1091011235955056,0.1942696629213483,-0.0098876404494381,-0.0699999999999999,0.1020224719101123,0.0561797752808988,-0.0675280898876404,-0.3613483146067415,0.0408988764044943,-0.3491348314606741,0.0462247191011236,-0.1774494382022472,0.4215730337078652,0.0201011235955055,0.0942921348314606,-0.1141573033707865,-0.2947191011235955,0.2865168539325843,0.2348314606741572,-0.2334831460674157,-0.1823595505617977,-0.2748314606741573,0.005505617977528,-0.0240449438202246,-0.0646067415730337,-0.4267415730337079,0.3661797752808989,-0.392134831460674,0.0216404494382022,0.0287078651685393,-0.0724044943820224,-0.0696853932584269,-0.0458988764044943,-0.4848314606741573,-0.0285393258426966,-1.215647191011236,-1.2682617977528092,0.3980449438202247,-0.723820224719101,-0.6610112359550562,-0.8613483146067415,0.3315730337078652,-0.0030337078651685,0.0115730337078651,0.3469662921348314,-0.0259550561797753,0.2293707865168539,0.0285842696629213,-0.0718314606741573,-0.040314606741573,-0.905483146067416,-0.3288202247191011,-0.3473932584269663,-0.031,-0.0134269662921348,-0.2412808988764045,0.1414606741573033,0.1389213483146067,-0.8321494382022472,-1.1971977528089888,0.1140247191011235,-0.0366786516853932,0.1794685393258427,0.0597752808988764,-1.1102595505617976,-0.4520460674157304,-0.306691011235955,-0.6790426966292135,0.5787775280898875,-4.832584269662922,0.1302247191011236,0.1269662921348315,0.3202247191011236,0.6770786516853933,-0.1440449438202247,-0.1521348314606741,-0.2158426966292135,-0.3037078651685393,-0.1489887640449438,-0.2361797752808988,0.2165168539325842,0.0716853932584269,-0.8555056179775281,0.1157303370786517,0.4433707865168539,-0.4583146067415729,0.1826966292134831,-0.1493258426966292,0.3848314606741572,-0.6698876404494383,-0.5074157303370787,-0.6003370786516854,0.3156179775280899,0
DLWNSIKDMAAAAGRAALNAVTGMVNQ,-0.1408819248148148,-0.2928352014814814,-0.2317169148148148,0.5395826814814814,-0.0188166118518518,0.1525925925925925,-0.3837037037037036,0.0437037037037037,-0.007037037037037,0.0237037037037037,0.3562962962962963,0.1311111111111111,-0.0351851851851851,0.1733333333333333,0.1351851851851851,-0.2722222222222222,-0.4307407407407407,0.0811111111111111,-0.1752222222222222,0.1532222222222222,-0.3282592592592592,0.5372962962962963,-0.1633703703703704,-0.2118888888888889,-0.3603703703703704,-0.5492592592592592,-0.1614814814814814,0.0281481481481481,-0.177037037037037,-0.2644444444444445,-0.0674074074074074,0.157037037037037,-0.1125925925925925,-0.2129629629629629,-0.4329629629629629,0.3362962962962963,-0.4877777777777777,0.0179259259259259,0.0545925925925926,-0.1466666666666667,-0.0218888888888888,0.030037037037037,-0.9537037037037036,-0.287037037037037,-0.8510888888888888,-2.625344444444445,0.0684259259259258,-0.464074074074074,-1.5855555555555554,-0.8244444444444442,0.3829629629629629,0.0092592592592592,0.4040740740740741,-0.1885185185185185,0.2092592592592593,0.2292962962962963,0.067,-0.0847037037037037,-0.0403333333333333,-1.0331481481481484,-0.3113333333333334,-0.3465185185185184,0.0529999999999999,-0.0704814814814814,-0.6425555555555554,0.1571851851851851,0.4191111111111111,-2.4849703703703705,-0.5324999999999999,0.2449518518518518,-0.0592962962962963,0.2580555555555556,-0.1675777777777777,-3.3613666666666666,-0.0960037037037037,-0.317462962962963,-2.8577185185185185,0.7882740740740741,-5.707407407407408,-0.2214814814814814,0.1603703703703704,0.5522222222222223,1.0544444444444443,-0.0074074074074073,-0.3492592592592593,-0.4744444444444444,-0.2051851851851852,-0.0977777777777778,-0.2896296296296296,0.2548148148148148,-0.367037037037037,-0.9948148148148148,0.1244444444444444,0.657777777777778,-0.5822222222222222,0.137037037037037,-0.2933333333333333,0.2185185185185185,-0.8559259259259258,-0.0644444444444444,-0.3096296296296296,0.5218518518518519,0
MSLEERVMELESRMAFQDDTIQALNDVLVKQRRELDHLQLQMAAMLKRQEEMGSQFETFEEDAPPPHY,0.2153813529411764,-0.4235247289705883,-0.3608868926470588,0.2209103735294118,-0.4028334054411766,0.2847058823529411,-0.1633823529411764,-0.4208823529411765,-0.1438235294117646,-0.0045588235294117,0.0542647058823529,-0.1244117647058823,0.0602941176470588,0.1566176470588235,0.065735294117647,0.0417647058823529,-0.2674999999999998,-0.1545588235294117,-0.3240294117647058,0.4259852941176469,-0.0451617647058823,0.2515,0.2243823529411764,-0.128985294117647,-0.4452941176470589,-0.0189705882352941,-0.2976470588235294,0.2401470588235294,-0.081470588235294,-0.1277941176470587,0.0694117647058823,-0.1448529411764706,0.0229411764705882,-0.0188235294117647,-0.218235294117647,0.3788235294117647,-0.2958823529411765,0.0301029411764705,-0.0650441176470588,-0.1043382352941176,-0.0112205882352941,0.0547205882352941,0.004264705882353,0.0570588235294117,-1.5600808823529406,0.1141588235294117,0.0420455882352941,-0.7894117647058825,0.4369117647058823,-1.0366176470588233,-0.0319117647058823,-0.3617647058823529,0.1476470588235294,-0.355,0.0191176470588235,0.2296617647058823,-0.0590588235294117,-0.0506617647058823,-0.0546176470588235,-0.7603088235294118,-0.129985294117647,-0.1447794117647058,-0.0777647058823529,0.0105147058823529,0.0944117647058823,0.1539705882352941,0.1516029411764706,-0.3033117647058823,-0.7703676470588235,-0.3121058823529412,0.1060705882352941,-0.4269588235294117,0.2897352941176471,-0.1871544117647058,-0.6457558823529412,0.0033382352941176,-0.1155029411764705,-0.2981308823529411,-3.952941176470589,0.5105882352941177,-0.1085294117647058,0.1491176470588235,0.3963235294117646,-0.1710294117647058,0.045,0.0336764705882352,-0.0810294117647059,-0.2798529411764706,-0.0610294117647058,0.1410294117647058,0.0398529411764705,-0.7145588235294117,0.2675,0.3054411764705881,-0.2674999999999999,0.2460294117647058,0.0148529411764706,0.3258823529411764,-0.073235294117647,-0.3555882352941177,-0.5126470588235295,0.2716176470588235,0
MSTPQIDVAYIAKLARIDLTEEETALFSKDLDKVLAYITKLESYDVTGIAPMNHPLPAMDVMREDIPETGFTQEEALSNAPQQSQGQFRTPKVVESA,0.0544464191752576,-0.1493359157731958,-0.2731098927835052,0.408190075257732,-0.3336275087628865,0.209381443298969,-0.3179381443298969,-0.2196907216494845,-0.0757731958762886,-0.1288659793814433,0.0486597938144329,-0.0468041237113402,-0.1009278350515464,0.1985567010309278,0.0294845360824742,-0.0839175257731958,-0.3609278350515463,-0.0603092783505154,-0.2578659793814433,0.1242371134020618,-0.1529999999999999,0.4118350515463918,0.2509484536082474,-0.147061855670103,-0.2069072164948453,-0.249381443298969,-0.1009278350515464,0.1363917525773195,-0.0818556701030928,-0.2930927835051546,-0.0589690721649484,-0.1849484536082473,0.0031958762886597,-0.0972164948453608,-0.3405154639175257,0.3970103092783505,-0.4102061855670102,0.0276701030927835,0.0135257731958762,-0.0806082474226804,-0.0570927835051546,0.032041237113402,-0.4451546391752576,-0.0837113402061855,-1.2143175257731955,-1.2395628865979382,0.6881123711340206,-0.836082474226804,-0.5486597938144331,-0.8310309278350514,0.2105154639175257,-0.385360824742268,-0.0668041237113402,0.0221649484536082,0.1629896907216494,0.2266907216494845,0.0207938144329896,-0.0644536082474226,-0.0331649484536082,-0.8829072164948455,-0.3055360824742267,-0.2522783505154639,-0.045041237113402,-0.0418659793814432,-0.2117113402061856,0.0551134020618556,0.1072989690721649,-1.122262886597938,-0.7280938144329896,0.0870268041237113,0.0403185567010309,0.0552793814432989,0.2885422680412371,-1.2158597938144329,-0.1850701030927835,-0.0633896907216494,-1.144821649484536,0.1340072164948453,-4.698969072164948,-0.037422680412371,0.0763917525773196,0.2494845360824742,0.5904123711340206,-0.0815463917525773,-0.111340206185567,-0.1853608247422681,-0.2720618556701031,-0.2177319587628866,-0.2743298969072165,0.0794845360824742,0.1330927835051546,-0.8370103092783506,0.0912371134020618,0.3919587628865979,-0.4056701030927835,0.090721649484536,-0.2075257731958763,0.0969072164948453,-0.5435051546391754,-0.2463917525773196,-0.6492783505154638,0.370721649484536,0
MASDRQNLQDAFLNHVRKTKVPVTIFLINGVKLQGVITWFDNFCVLLRRDGQSQLVYKHAISTIMPAQPISLYEGEDAN,-0.0538547060759493,-0.0605633424050633,-0.2598588898734177,0.3182590696202532,-0.1629139272151899,0.0520253164556962,-0.2320253164556961,-0.2273417721518987,0.0274683544303797,-0.0534177215189873,0.1539240506329113,0.010506329113924,-0.040759493670886,0.0462025316455696,0.0162025316455696,-0.1222784810126582,-0.2789873417721519,-0.0068354430379746,-0.1892658227848101,0.0625949367088607,-0.028759493670886,0.3505189873417722,0.0257215189873417,0.0481645569620253,-0.1045569620253164,-0.1520253164556962,0.140632911392405,0.0594936708860759,-0.0141772151898734,-0.2875949367088608,-0.0118987341772152,-0.0001265822784809,0.0956962025316455,-0.1253164556962025,-0.3021518987341772,0.4569620253164557,-0.3860759493670886,-0.0044177215189873,0.0180379746835443,-0.0506455696202531,-0.0600632911392405,-0.0117215189873417,-0.2262025316455695,-0.1246835443037974,-0.1090531645569619,-0.7487113924050635,0.3892088607594937,-0.0865822784810127,-0.4039240506329115,-0.5017721518987341,0.280632911392405,-0.0727848101265822,0.0435443037974683,0.2055696202531645,0.0254430379746835,0.2270379746835443,0.0117721518987341,-0.041759493670886,-0.0519367088607595,-0.8268860759493672,-0.240759493670886,-0.1899113924050633,-0.0467088607594936,-0.0840759493670886,-0.1142911392405063,0.0876962025316455,0.1365949367088607,-0.7455088607594937,-0.6830721518987342,0.2705101265822784,-0.0405506329113923,0.1680455696202532,0.0704658227848101,-0.9032886075949368,-0.0243582278481012,-0.2309696202531645,-0.8416417721518985,0.1577784810126582,-4.355949367088607,0.029493670886076,0.0251898734177215,0.239746835443038,0.5499999999999998,0.0145569620253164,-0.0815189873417721,-0.0950632911392405,-0.2111392405063291,-0.0170886075949367,-0.1984810126582278,0.100886075949367,-0.0474683544303797,-0.7868354430379746,0.1160759493670886,0.3753164556962025,-0.351139240506329,0.1417721518987341,-0.1679746835443038,-0.1248101265822785,-0.3935443037974682,-0.3791139240506329,-0.3891139240506329,0.3111392405063291,0
MAERSLSGLTEEEAVAVHAQFQTTFSAFIVLAAVAHVLVWVWKPWF,-0.3373746915217391,-0.4224248867391303,-0.2415604413043479,0.447863502173913,-0.3590709295652174,-0.2182608695652173,-0.2071739130434782,-0.1504347826086957,-0.083695652173913,-0.0610869565217391,0.1456521739130434,0.0539130434782608,-0.1265217391304348,0.3495652173913043,0.1439130434782608,-0.3143478260869565,-0.2630434782608696,-0.0478260869565217,-0.1183260869565217,0.3861304347826087,-0.0105652173913043,0.4898695652173913,0.0664999999999999,-0.0009130434782608,-0.5399999999999999,-0.2467391304347826,0.0073913043478261,-0.1747826086956521,-0.1567391304347826,-0.3841304347826086,-0.1673913043478261,-0.1241304347826086,-0.1167391304347826,-0.0202173913043478,-0.298695652173913,0.5465217391304347,-0.4508695652173912,-0.062695652173913,0.018195652173913,-0.1269347826086956,-0.0551086956521739,0.0327608695652173,-0.2632608695652171,-0.3999999999999999,1.6786913043478264,-1.5764717391304353,0.4359260869565218,1.1580434782608693,-0.9360869565217392,-0.8639130434782606,0.4313043478260869,-0.3541304347826087,0.2791304347826088,-0.1199999999999999,0.1467391304347826,0.2340652173913043,0.0831304347826086,0.0006521739130434,-0.0285869565217391,-0.8174782608695652,-0.3900434782608695,-0.1941086956521739,-0.0862173913043478,-0.1831304347826086,-0.3782173913043479,0.1826956521739131,0.2442608695652174,-0.4541717391304348,-0.1602913043478261,0.2514565217391304,0.1184717391304347,0.4084499999999998,0.0862413043478261,-0.8454369565217391,0.5138760869565216,-0.3264304347826087,-0.8359108695652175,0.1849913043478261,-4.328695652173914,-0.5173913043478261,0.093695652173913,0.1741304347826087,0.638695652173913,0.2536956521739131,-0.2045652173913044,-0.1121739130434783,-0.4780434782608696,0.0093478260869564,-0.4395652173913041,-0.0497826086956521,-0.1184782608695652,-0.8004347826086956,-0.0563043478260869,0.4389130434782608,-0.3839130434782608,0.002391304347826,-0.3041304347826087,-0.7289130434782609,-0.6265217391304346,-0.2971739130434783,-0.1869565217391304,0.1895652173913044,0
MKRNNIKKARMEQSRRPKKNPLKAAGIEKVDYKDINTLRQFISDRHKIRSRRVTGLTPQQQRQVATAVKNAREMALLPFTSR,0.3540282957317073,-0.1345808386585366,0.0140581231707316,0.3334654829268292,0.3224775618292683,0.3826829268292683,-0.2451219512195121,-0.3560975609756097,-0.1649999999999999,0.1764634146341463,0.1306097560975609,0.1134146341463415,-0.0756097560975609,0.0706097560975609,-0.0897560975609756,0.07,-0.1980487804878049,0.2053658536585365,-0.4403658536585366,0.1576219512195122,-0.0400731707317073,0.2816829268292683,0.1166463414634146,0.3831707317073171,-0.1362195121951219,0.0067073170731707,0.1668292682926829,0.4801219512195122,-0.0453658536585365,-0.2665853658536585,0.1841463414634146,-0.1635365853658536,0.0407317073170731,-0.083170731707317,-0.3507317073170732,0.4178048780487804,-0.167560975609756,0.0591951219512195,-0.0544878048780487,-0.0486097560975609,-0.1026219512195121,-0.0428414634146341,-0.0102439024390243,0.174390243902439,-2.592743902439025,0.8163073170731706,0.8482304878048783,-1.3201219512195124,0.7414634146341462,-0.3581707317073171,0.86890243902439,-0.0257317073170731,0.1486585365853658,0.0657317073170731,0.1735365853658536,0.2262073170731707,-0.0146585365853658,-0.0439878048780487,-0.0774390243902439,-0.7660243902439023,-0.1238658536585365,-0.1935609756097561,-0.0420975609756097,-0.0868170731707317,-0.0299268292682926,0.2559634146341463,0.2255609756097561,0.0679329268292683,-1.2169756097560975,-0.3019768292682927,-0.1112731707317073,0.3351695121951218,0.0253853658536585,-0.2953231707317071,-0.5105987804878049,-0.4300121951219511,0.6888121951219514,0.4352682926829268,-4.01390243902439,0.6492682926829269,-0.2146341463414633,0.2292682926829267,0.4590243902439023,-0.3347560975609756,0.0948780487804877,0.0464634146341463,0.0004878048780487,0.2614634146341463,0.0409756097560975,0.3635365853658536,0.1335365853658536,-0.7260975609756097,0.3428048780487804,0.3060975609756097,-0.3135365853658536,0.2481707317073171,-0.0868292682926829,0.6870731707317074,-0.0364634146341463,-0.872439024390244,-0.0554878048780487,0.3835365853658536,0
MTLPKILDVIQMDDSSLSEEIIAIKRQLFDLRLKRATRQDFKPHLFKHSKHRLAQLLTVEKSRAQSN,0.1659631164179104,-0.2697737320895522,-0.6465858104477613,0.3047600029850746,-0.2623759291044776,0.1880597014925372,-0.251044776119403,-0.4292537313432836,-0.0732835820895522,0.0891044776119403,0.1134328358208955,-0.0286567164179104,-0.0359701492537313,0.0831343283582089,-0.0649253731343283,0.0277611940298507,-0.2086567164179104,0.0649253731343283,-0.2152537313432836,0.3277910447761194,0.0387313432835821,0.3865522388059701,0.1526119402985075,0.1881791044776119,-0.3043283582089551,0.0101492537313432,0.005820895522388,0.2725373134328358,-0.0522388059701492,-0.4120895522388059,-0.0049253731343283,-0.2537313432835821,0.1402985074626865,0.0307462686567164,-0.341044776119403,0.4353731343283581,-0.2573134328358208,0.0194328358208955,-0.0543880597014925,-0.0801492537313432,-0.0888805970149253,-0.0024328358208955,0.0523880597014925,0.0519402985074627,-1.1796701492537311,0.4684029850746267,0.5660089552238806,-0.5152238805970151,0.5643283582089552,-0.8277611940298506,0.5716417910447762,-0.1801492537313433,0.0588059701492537,-0.0511940298507462,0.1117910447761194,0.2317910447761194,-0.0268955223880597,-0.0355522388059701,-0.0797611940298507,-0.7554925373134327,-0.1695373134328358,-0.1904328358208955,-0.1059850746268656,-0.0481791044776119,0.1679253731343283,0.1937910447761194,0.115865671641791,0.4178999999999999,-1.271320895522388,0.0765298507462686,-0.2264910447761193,0.163810447761194,0.1131,0.3381791044776119,-0.3989223880597015,-0.4161791044776119,0.7915761194029851,0.0546820895522388,-3.946716417910448,0.5008955223880597,-0.156865671641791,0.2344776119402985,0.3680597014925372,-0.1392537313432835,0.0814925373134328,0.0934328358208955,-0.212089552238806,0.0841791044776119,-0.0283582089552238,0.1980597014925373,0.0897014925373134,-0.7168656716417909,0.2598507462686568,0.3235820895522388,-0.2116417910447761,0.245820895522388,-0.0262686567164179,0.2094029850746268,-0.0988059701492537,-0.7056716417910448,-0.2191044776119402,0.4058208955223881,0
MDHSVLNVLVCPICKANLYYDKENQVLVCKADKLAYPIRENIPVMLVEEAKKMTLEEVKKYG,0.0575366043548386,-0.255731917580645,0.0502695516129031,0.2611093983870967,-0.0969418901612903,0.0383870967741935,-0.3243548387096774,-0.3327419354838709,-0.0188709677419354,0.0124193548387096,0.0056451612903225,-0.0482258064516128,0.0362903225806451,0.0774193548387096,0.0077419354838709,-0.1187096774193548,-0.2724193548387096,-0.0198387096774193,-0.3442419354838709,0.277790322580645,-0.0130483870967741,0.3193225806451613,0.0744193548387096,0.0183548387096774,-0.2745161290322581,-0.0804838709677419,0.0249999999999999,0.101774193548387,0.0732258064516128,-0.3716129032258065,0.0640322580645161,-0.0120967741935483,0.0446774193548387,0.157258064516129,-0.3683870967741936,0.3625806451612902,-0.2722580645161289,-0.0035322580645161,-0.0240967741935483,-0.0742096774193548,-0.0521612903225806,0.0054677419354838,-0.1361290322580645,-0.0951612903225806,-0.0526225806451611,-0.2151725806451613,0.4069548387096774,0.0251612903225805,-0.0361290322580645,-0.7225806451612901,0.3279032258064516,-0.3959677419354839,0.1577419354838709,0.2158064516129032,-0.1590322580645161,0.2350483870967742,0.0133870967741935,-0.0422903225806451,-0.0767903225806451,-0.8145806451612901,-0.2476129032258064,-0.1016774193548387,-0.0085645161290322,-0.1189516129032258,0.0746935483870967,0.0654193548387097,0.0216935483870968,-1.0059209677419354,-0.5578790322580646,0.1588629032258063,-0.3433548387096775,-0.0617016129032257,0.2996080645161291,-1.2427193548387094,-0.0043193548387096,-0.1213032258064516,-1.2566612903225811,-0.2206887096774193,-4.3103225806451615,0.1820967741935484,-0.1498387096774193,0.3691935483870968,0.3919354838709676,-0.0199999999999999,-0.0646774193548387,0.0125806451612903,-0.2225806451612903,-0.0287096774193548,-0.2332258064516129,0.1919354838709676,-0.0166129032258064,-0.774032258064516,0.2496774193548387,0.4040322580645161,-0.1648387096774193,0.0383870967741935,-0.0548387096774193,-0.1372580645161291,-0.3903225806451612,-0.3306451612903227,-0.3825806451612903,0.1785483870967742,0
MTDLHQTYYRQVKNPNPVFTPREGAGTLKFCEKLMEKAVGFTSRFDFAIHVAHARSKGLRRRMPPVLRRRAIDALLQ,0.1033985442857143,-0.122116297012987,0.074866909090909,0.3588577402597402,0.2597643376623376,0.15,-0.1828571428571428,-0.2516883116883117,-0.067012987012987,0.0679220779220779,0.0597402597402597,0.1684415584415584,-0.0405194805194805,0.0997402597402597,-0.0716883116883116,-0.1101298701298701,-0.1974025974025974,0.1249350649350649,-0.2578441558441559,0.1085454545454545,-0.0356233766233766,0.2985974025974026,0.177051948051948,0.2347272727272727,-0.1187012987012987,-0.0564935064935064,0.0793506493506493,0.18,-0.0801298701298701,-0.2733766233766234,0.1927272727272727,-0.0971428571428571,0.1085714285714285,0.169090909090909,-0.2859740259740259,0.4314285714285714,-0.2483116883116883,0.0173116883116883,-0.0133246753246753,-0.0456103896103896,-0.0767792207792207,-0.0079220779220779,-0.0762337662337662,-0.0485714285714285,-0.8848467532467531,0.0443233766233766,0.7598402597402598,-0.4170129870129871,0.0451948051948052,-0.1206493506493505,0.544805194805195,-0.1268831168831169,0.0979220779220779,-0.0951948051948052,0.134025974025974,0.2235714285714285,0.0301298701298701,-0.0096493506493506,-0.0518961038961039,-0.7724935064935065,-0.1407402597402597,-0.1035064935064934,-0.0345844155844155,-0.1905194805194805,-0.1908701298701299,0.2155974025974026,0.2434675324675324,-0.3409272727272727,-0.5219805194805195,-0.1698480519480519,0.022590909090909,0.3710883116883117,0.0272753246753247,-0.723490909090909,-0.0119415584415585,-0.3012506493506493,-0.0510909090909091,0.470661038961039,-4.064155844155844,0.2032467532467532,-0.2033766233766233,0.1602597402597402,0.495064935064935,-0.0972727272727272,0.0053246753246752,-0.0161038961038961,-0.017012987012987,0.1707792207792207,-0.0706493506493506,0.2374025974025973,0.1563636363636363,-0.7423376623376623,0.2183116883116883,0.3124675324675326,-0.3080519480519481,0.155064935064935,-0.2314285714285714,0.1585714285714285,-0.1827272727272727,-0.5472727272727272,0.0415584415584416,0.2390909090909091,0
DINGGGATLPQALYQTSGVL,-0.2168764655,0.2975622315,-0.31511868,0.66944837,-0.056620976,0.147,-0.306,0.153,0.0264999999999999,-0.1909999999999999,0.304,0.217,-0.0455,0.1045,0.137,-0.2995,-0.5025000000000001,0.042,-0.0658999999999999,-0.4016499999999999,-0.3952499999999999,0.71685,-0.0374,-0.3016,0.1839999999999999,-0.6595000000000001,0.046,-0.073,-0.061,-0.4185,0.2255,0.1564999999999999,-0.2135,-0.1375,-0.37,0.3979999999999999,-0.5655,0.03415,0.15755,-0.0643,-0.07245,0.0212,-1.233,-0.2245,-0.8998599999999998,-3.696355,0.896105,-1.137,-2.534,0.091,0.0779999999999999,-0.203,0.379,0.3145,0.145,0.21515,0.1012499999999999,-0.09035,-0.0218,-1.11005,-0.3177,-0.3036999999999999,0.0708999999999999,-0.15655,-0.84245,-0.0431499999999999,0.48785,-2.8994349999999995,-0.533145,0.1913399999999999,0.4993549999999999,0.4535699999999999,0.0140799999999999,-3.78402,0.1146049999999999,-0.3522950000000001,-3.4133000000000004,0.8462500000000001,-6.08,-0.4765,0.2495,0.4474999999999999,1.1665,0.0515,-0.4365,-0.6965000000000001,0.0209999999999999,-0.1934999999999999,-0.575,0.2794999999999999,-0.2735,-1.0530000000000002,0.025,0.58,-0.723,0.154,-0.5725,-0.0209999999999999,-1.416,-0.1905,-0.8634999999999999,0.3959999999999999,0
MKEQKWIHEGLITESLPNGMFRIRLDNEDMILGYVSGKIRRSFIRILPGDRVKIEVSRYDSTRGRIIYRLRNKNSKD,0.1986535953246753,0.0083105148051948,0.2726827155844156,0.2539014064935065,0.353545489090909,0.2033766233766233,-0.1444155844155843,-0.2951948051948052,-0.0303896103896104,0.0155844155844155,0.2312987012987013,0.0467532467532467,0.0453246753246753,-0.0355844155844155,-0.0958441558441558,0.0288311688311688,-0.1767532467532468,0.1018181818181818,-0.2586103896103897,0.0228831168831168,0.0694675324675325,0.2944935064935065,-0.0546623376623376,0.229,0.0263636363636363,0.0549350649350649,0.2471428571428571,0.2962337662337662,-0.2363636363636364,-0.2014285714285714,0.0112987012987013,0.1358441558441558,-0.0407792207792207,0.0124675324675324,-0.3106493506493507,0.3475324675324674,-0.1998701298701298,0.0271038961038961,-0.0238051948051947,-0.018064935064935,-0.0845844155844156,-0.0338181818181818,0.1223376623376624,0.1042857142857143,-1.2234233766233766,0.6481909090909093,0.5824883116883117,-0.70987012987013,0.4474025974025972,-0.2771428571428571,0.2681818181818182,-0.0758441558441558,0.211948051948052,0.3280519480519481,-0.07,0.2277142857142857,-0.0167532467532467,-0.0127922077922077,-0.0639740259740259,-0.7231038961038961,-0.1137272727272727,-0.1557012987012987,-0.0735974025974026,-0.0726233766233766,0.0132077922077921,0.183051948051948,0.2215714285714285,0.6064623376623375,-1.2384324675324676,-0.0906506493506493,-0.149012987012987,0.176525974025974,0.1197558441558441,0.3432285714285714,-0.5691948051948053,-0.5193233766233766,1.1832935064935064,0.4692064935064935,-3.766753246753245,0.601168831168831,-0.2037662337662338,0.1945454545454545,0.4446753246753246,-0.1702597402597402,0.1612987012987013,0.0548051948051948,0.0898701298701298,0.0566233766233765,-0.0546753246753246,0.36,0.0053246753246753,-0.6893506493506494,0.3153246753246754,0.2931168831168831,-0.2299999999999999,0.3654545454545454,-0.0894805194805195,0.3614285714285713,-0.0703896103896104,-0.7287012987012987,-0.2376623376623376,0.1561038961038961,0
MSLTYMNMLLAFMISLMGLLMYRSHMMSSLLCLEGMMLSLFVMMTVTILNTHMTLASMLPIILLVFAACEAALGLSLLVMVSTTYGMDYVQNLNLLQC,-0.4957289270408163,-0.3344903985714285,-0.0996524520408163,0.3739772969387755,-0.1037172303061224,-0.4514285714285714,-0.4479591836734694,-0.3168367346938774,0.040204081632653,0.0381632653061224,0.251530612244898,0.0682653061224489,-0.1074489795918367,-0.0360204081632653,0.0926530612244898,-0.4110204081632653,-0.256734693877551,-0.0080612244897959,0.3235,0.3498061224489796,0.0093163265306122,0.4631428571428572,0.0386020408163265,-0.058234693877551,-0.4089795918367347,-0.265,0.0848979591836734,-0.3667346938775509,0.1298979591836734,-0.2792857142857142,0.0814285714285714,-0.1472448979591836,-0.1241836734693877,0.1795918367346939,-0.4875510204081633,0.6272448979591836,-0.440204081632653,-0.0951836734693877,0.0453469387755102,-0.1096836734693877,-0.0239489795918367,0.0103061224489795,-0.2663265306122449,-0.6240816326530612,3.1100275510204085,-1.844077551020408,-0.2165438775510204,1.923163265306122,-1.249387755102041,-0.7513265306122449,0.358265306122449,-0.1375510204081632,0.0390816326530612,-0.2818367346938775,0.0309183673469387,0.2428877551020408,0.053234693877551,-0.0409897959183673,0.012204081632653,-0.8926326530612244,-0.2313775510204081,-0.0763571428571428,0.0611836734693877,-0.1737448979591837,-0.0115102040816326,0.0090204081632653,-0.0585918367346938,-0.6977744897959184,-0.4439275510204081,0.1051673469387754,-0.8750816326530613,-0.091688775510204,0.0139867346938775,-1.3827020408163266,0.1030632653061224,-0.3643653061224489,-1.1128704081632654,0.0628602040816326,-4.882040816326531,-0.0870408163265306,-0.2765306122448979,0.6733673469387754,0.4390816326530611,0.4572448979591837,-0.3196938775510204,-0.1064285714285714,-0.3803061224489796,0.0241836734693877,-0.4003061224489795,-0.2082653061224489,-0.319795918367347,-0.860204081632653,0.2913265306122449,0.6091836734693877,0.0378571428571428,-0.0487755102040816,-0.0145918367346938,-1.2891836734693878,-0.8679591836734696,-0.1763265306122449,-0.2432653061224489,0.0857142857142857,0
QGPWMEEEEAAYGWMDF,0.1402915682352941,-0.3350967488235294,0.5636906647058822,-0.1269132470588235,-0.118740934117647,0.2035294117647058,0.3047058823529411,0.0694117647058823,-0.31,-0.2011764705882353,0.0811764705882352,-0.1323529411764706,0.1723529411764706,0.2911764705882353,0.1535294117647059,-0.0594117647058823,-0.2535294117647059,-0.3347058823529412,-0.173,0.1548235294117647,-0.0108823529411764,0.0161764705882353,0.0418235294117646,-0.7167647058823531,-0.2858823529411765,0.0123529411764706,-0.7847058823529411,-0.0947058823529411,-0.2317647058823529,0.1647058823529411,0.1141176470588235,0.2994117647058823,-0.4888235294117646,-0.1764705882352941,0.0699999999999999,0.2635294117647059,-0.4023529411764706,0.0247647058823529,-0.0245294117647058,-0.0547058823529411,0.0788823529411764,0.1811176470588235,0.0188235294117647,-0.0052941176470587,-0.571405882352941,-0.4455764705882351,0.1151294117647058,-0.6823529411764706,-0.18,-0.2258823529411763,-1.0770588235294118,-0.8382352941176472,0.5694117647058823,-0.5058823529411766,0.0758823529411764,0.2152941176470588,-0.0224117647058823,0.0318823529411764,-0.0005294117647058,-0.665705882352941,-0.1025882352941176,-0.0098235294117646,-0.1387647058823529,-0.0197647058823529,-0.4359411764705883,0.1532941176470588,0.451,-0.3755823529411766,0.7221352941176472,-0.452964705882353,0.6338941176470589,-0.4926529411764705,0.5319941176470588,-0.3379588235294116,-0.1073294117647059,0.2754764705882352,-0.6127882352941176,-0.4823588235294118,-3.438235294117647,-0.2505882352941175,-0.0694117647058823,-0.2041176470588235,0.6105882352941177,0.0258823529411765,0.1299999999999999,-0.1011764705882352,0.378235294117647,-0.5599999999999999,-0.2352941176470587,0.1170588235294117,-0.2135294117647059,-0.6594117647058824,0.0305882352941176,0.268235294117647,-0.2670588235294118,0.4505882352941177,-0.3176470588235294,-0.0052941176470589,0.1058823529411765,0.4364705882352941,-0.3435294117647058,-0.1752941176470588,0
MQDLKTYLSTAPVLAISSFIFLAGLLIEINRFFPDALTFAFF,-0.3788815021428571,-0.2509078188095238,-0.065070819047619,0.4908484357142856,-0.1885146454761904,-0.3535714285714286,-0.2847619047619047,-0.2195238095238095,0.0876190476190476,-0.1721428571428571,0.1769047619047619,0.0454761904761904,-0.1064285714285714,0.1747619047619047,-0.1816666666666666,-0.3916666666666666,-0.2154761904761904,-0.0838095238095238,0.3117380952380952,0.1889285714285714,0.1302857142857143,0.6049761904761904,0.2012142857142857,-0.1023571428571428,-0.2661904761904762,-0.1697619047619047,-0.0373809523809523,-0.335,-0.1838095238095238,-0.5938095238095238,0.0657142857142857,-0.0607142857142856,0.3392857142857143,-0.1454761904761904,-0.31,0.5352380952380953,-0.419047619047619,-0.0759047619047619,0.0453809523809523,-0.083047619047619,-0.0884047619047619,0.0615,-0.1457142857142856,-0.5838095238095237,2.5007857142857146,-1.4355880952380953,0.7268238095238095,1.3992857142857142,-0.9719047619047616,-0.6830952380952381,0.2561904761904761,-0.4219047619047619,-0.1247619047619047,-0.0392857142857142,0.2861904761904761,0.2358809523809523,0.0662380952380952,0.0135714285714285,-0.0277380952380952,-0.8105476190476189,-0.3382380952380953,-0.0851428571428571,-0.0499285714285714,-0.2691904761904762,-0.1056428571428571,-0.0559761904761904,0.106047619047619,-0.4206642857142856,-0.3102857142857143,0.5967095238095238,-0.2692357142857143,0.540354761904762,0.3358380952380953,-0.6517071428571426,0.6372595238095238,-0.42975,-0.4811238095238093,0.2639833333333334,-4.31,-0.3449999999999998,-0.0288095238095237,0.2764285714285714,0.4914285714285714,0.4169047619047618,-0.0754761904761905,-0.0557142857142857,-0.4397619047619048,-0.0216666666666667,-0.4021428571428571,-0.1876190476190476,-0.0409523809523809,-0.7890476190476191,0.0542857142857142,0.3580952380952381,-0.2819047619047619,-0.0595238095238095,-0.3516666666666667,-1.2383333333333335,-0.4785714285714285,-0.1428571428571429,-0.4554761904761903,0.35,0
MRLKPLGDRVVVKVIQAEEVTKGGVILPGTAKEKPQQGEVVAVGTGEYIDGKKVELEVKVGDRVIFSKYAGTEVKLDGEEYLLLRESDILAIIE,0.0441513251063829,-0.1757034721276595,0.1526234787234042,0.5397923297872342,5.173712765960598e-05,0.1523404255319149,-0.3377659574468085,-0.2254255319148936,-0.1242553191489361,-0.1551063829787234,0.1884042553191489,0.0229787234042553,0.117127659574468,0.1919148936170213,0.0547872340425531,-0.1711702127659574,-0.3493617021276595,-0.0143617021276595,-0.4438617021276594,0.143595744680851,-0.1356702127659574,0.6297234042553193,-0.0035744680851063,-0.0071063829787233,-0.2513829787234042,-0.2780851063829788,0.1175531914893616,0.2036170212765957,-0.1027659574468085,-0.4726595744680851,0.1067021276595744,0.1707446808510638,-0.2236170212765957,0.1419148936170212,-0.4040425531914892,0.2884042553191489,-0.2908510638297872,0.017595744680851,0.0209680851063829,-0.1051808510638297,-0.0959361702127659,0.0108510638297872,-0.4722340425531915,-0.0618085106382978,-0.8931382978723407,-1.2933234042553192,0.9958606382978724,-0.736276595744681,-0.8130851063829789,-0.6920212765957446,0.2192553191489361,-0.5572340425531918,0.554468085106383,0.3827659574468084,-0.0253191489361702,0.2288297872340425,0.0526702127659574,-0.0573936170212765,-0.1127021276595744,-0.9153723404255316,-0.3122765957446809,-0.197627659574468,0.019531914893617,-0.1893936170212766,-0.2348829787234042,0.085031914893617,0.3423297872340424,-1.4312691489361702,-0.8549542553191488,-0.1288829787234041,0.1566691489361702,0.3142393617021277,0.4605968085106381,-2.157654255319149,-0.0960425531914893,-0.441231914893617,-1.6013234042553193,0.1922053191489361,-4.879148936170212,0.2114893617021276,-0.0626595744680851,0.4179787234042553,0.6952127659574471,-0.0822340425531915,-0.1456382978723404,-0.2341489361702127,-0.1181914893617021,-0.1474468085106383,-0.4762765957446807,0.4472340425531915,-0.0808510638297872,-0.865,0.2670212765957447,0.4436170212765956,-0.4143617021276596,0.1190425531914893,-0.2992553191489362,0.0989361702127658,-0.956063829787234,-0.7309574468085106,-0.7217021276595746,0.1734042553191489,0
MTKEDCIEMQGVVIDTLPNTMFRVQLDNKHIVTAHISGKMRKNYIRILTGDKVTLELTPYDLSKGRIIFRSR,0.0562666704166666,-0.0852794294444444,0.2603547833333333,0.2772649319444444,0.2396331837499999,0.0847222222222222,-0.2830555555555555,-0.3019444444444444,0.0077777777777777,-0.0138888888888888,0.1761111111111111,-0.0113888888888888,-0.0798611111111111,-0.0230555555555555,-0.0309722222222222,-0.0461111111111111,-0.245,0.0718055555555555,-0.1982083333333333,0.0936805555555555,-0.0025416666666666,0.2880972222222222,-0.0102361111111111,0.1959583333333333,-0.0941666666666666,-0.0704166666666666,0.2891666666666667,0.2044444444444444,-0.0141666666666666,-0.1838888888888889,0.0193055555555555,0.0134722222222222,0.0002777777777777,0.0572222222222222,-0.3669444444444444,0.4219444444444444,-0.3044444444444444,0.0034166666666666,-0.0059722222222222,-0.0410555555555555,-0.0690833333333333,-0.044,-0.0706944444444444,-0.0170833333333333,-0.5151375000000001,-0.1101680555555554,0.4175694444444445,-0.2530555555555555,-0.0176388888888889,-0.5041666666666668,0.3543055555555555,-0.0163888888888888,0.0315277777777777,0.2576388888888889,0.0468055555555555,0.2283194444444444,0.0051527777777777,-0.0415555555555555,-0.0507222222222222,-0.7929305555555555,-0.2184027777777777,-0.1834722222222222,-0.0377361111111111,-0.0590416666666666,0.0356805555555555,0.1238472222222221,0.0457777777777777,-0.4741694444444445,-0.8301236111111112,0.0897736111111111,-0.3257583333333333,0.1878805555555555,0.1820083333333333,-0.7544458333333331,-0.2735222222222223,-0.262925,-0.4112069444444444,0.1267777777777777,-4.200277777777777,0.3406944444444444,-0.1279166666666666,0.3219444444444444,0.4319444444444444,-0.0677777777777777,-0.0166666666666666,-0.0113888888888889,-0.1659722222222222,0.0362499999999999,-0.1136111111111111,0.1812499999999999,0.0247222222222222,-0.7572222222222222,0.2548611111111111,0.3747222222222222,-0.2188888888888888,0.1711111111111111,-0.0661111111111111,0.0748611111111111,-0.4109722222222223,-0.6422222222222222,-0.2981944444444444,0.1309722222222222,0
MAGRKGGRAKRRKVCFFTSNGITRIDYKDVDLLKRFVSERGKILPRRVTGTSAKYQRKLTVAIKRARQMALLPYVGE,0.1676090254545454,-0.0667443122077922,0.3028466441558441,0.4555768155844156,0.5584433985714286,0.1685714285714285,-0.241038961038961,-0.2159740259740259,-0.1315584415584415,0.1379220779220779,0.2081818181818182,0.1937662337662337,0.0068831168831168,0.1271428571428571,-0.1244155844155844,-0.0911688311688311,-0.192077922077922,0.241038961038961,-0.3434155844155844,0.0607402597402597,-0.0423896103896103,0.4268831168831169,-0.051064935064935,0.4180389610389611,-0.0706493506493506,-0.0836363636363636,0.2872727272727273,0.3263636363636364,-0.1597402597402597,-0.3754545454545455,0.2832467532467533,0.0335064935064935,-0.0958441558441558,0.2122077922077922,-0.381038961038961,0.3679220779220779,-0.1596103896103896,0.0301558441558441,-0.0107142857142857,-0.0501818181818181,-0.116012987012987,-0.0523766233766233,-0.1336363636363636,0.0288311688311688,-1.4674922077922072,0.1766350649350649,0.9000428571428574,-0.7453246753246754,0.0537662337662335,-0.0468831168831169,0.7006493506493506,-0.0368831168831169,0.4127272727272727,0.1881818181818182,0.2812987012987013,0.2235324675324675,0.0374025974025974,-0.0222467532467532,-0.0768961038961039,-0.8022857142857144,-0.1314675324675324,-0.120012987012987,0.0259610389610389,-0.2326233766233766,-0.2621428571428572,0.2207532467532467,0.3901558441558441,-0.0904909090909088,-0.8954415584415586,-0.4711285714285715,-0.0345792207792208,0.609916883116883,0.1168727272727272,-0.9979064935064932,-0.2663012987012987,-0.6842519480519481,0.505896103896104,0.8152272727272727,-4.27012987012987,0.5083116883116884,-0.2766233766233766,0.3067532467532468,0.6155844155844156,-0.1853246753246752,0.0279220779220778,-0.0545454545454545,0.0803896103896103,0.2909090909090908,-0.0877922077922077,0.3985714285714285,0.0031168831168831,-0.7705194805194803,0.3798701298701298,0.3566233766233766,-0.3485714285714285,0.214025974025974,-0.2593506493506494,0.3770129870129869,-0.409090909090909,-0.8946753246753247,-0.0471428571428571,0.1254545454545454,0
ACPQKRGVCTRVYTTTPKKPNSALRKVCKVRLTNGFEVISYIGGEGHNLQEHSVVLIRGGRVKDLPGVRYHTVRGTLDTAGVKDRKQARSKYGAKRPK,0.1529211024489796,0.1452992082653061,0.1049346489795917,0.4279869775510204,0.3927112690816327,0.2759183673469387,-0.2309183673469387,-0.1041836734693877,-0.0559183673469387,0.085204081632653,0.1221428571428571,0.2025510204081632,-0.0471428571428571,0.0942857142857142,-0.0313265306122449,-0.0626530612244897,-0.2892857142857143,0.2392857142857142,-0.4695,-0.1346530612244898,-0.2013673469387755,0.3570612244897959,-0.009438775510204,0.3178061224489796,0.1003061224489796,-0.2098979591836734,0.3033673469387755,0.3215306122448979,-0.0193877551020408,-0.3063265306122449,0.2030612244897959,0.0141836734693877,-0.125204081632653,0.2603061224489795,-0.3642857142857143,0.3660204081632652,-0.265,0.0518979591836734,0.0287551020408163,-0.0267653061224489,-0.0963673469387755,-0.0624999999999999,-0.4410204081632653,0.1225510204081632,-1.961720408163265,-0.5477204081632653,0.8793408163265307,-1.228061224489796,-0.4333673469387755,0.1961224489795918,0.6328571428571428,-0.0078571428571428,0.3066326530612245,0.3104081632653061,0.0939795918367346,0.2188673469387755,0.0563775510204081,-0.0396224489795918,-0.0497755102040816,-0.8741224489795919,-0.1825102040816326,-0.1797551020408163,0.0200612244897959,-0.1752244897959183,-0.4175816326530612,0.2151836734693877,0.3439285714285715,-0.7894091836734694,-0.6866326530612246,-0.3776836734693876,0.1719438775510204,0.56519693877551,-0.0074959183673469,-1.553919387755102,-0.1616336734693877,-0.4421816326530612,-0.4953612244897958,0.7337775510204082,-4.663877551020408,0.1819387755102041,-0.1241836734693877,0.2338775510204082,0.7143877551020408,-0.2458163265306122,-0.1265306122448979,-0.2087755102040816,0.0864285714285714,0.2060204081632652,-0.1243877551020408,0.4170408163265305,0.0770408163265305,-0.8330612244897959,0.2194897959183673,0.3858163265306122,-0.4346938775510203,0.2261224489795918,-0.3252040816326531,0.6153061224489795,-0.6010204081632653,-0.6737755102040817,-0.1265306122448979,0.1333673469387755,0
MEQEQDTPWTQSTEHINTQKGGSGQQTRKLERPNSTQLMDHYLRTMNQVDMHKQTASWKQWLSLKDPTQESLKIHVLKRWKLFNKQEWTN,0.3297182215555556,-0.0695573391111111,-0.343330428888889,0.0301264999999999,-0.1407327187777777,0.3793333333333332,0.0051111111111111,-0.2758888888888889,-0.1942222222222221,0.1095555555555555,0.1346666666666666,-0.0944444444444444,-0.1906666666666666,0.0177777777777777,0.0677777777777777,0.2245555555555555,-0.2361111111111111,0.0302222222222222,-0.3662777777777777,0.1003444444444444,-0.0115333333333333,0.0952999999999999,0.0537777777777777,0.0676222222222222,-0.0874444444444444,0.0805555555555555,-0.0511111111111111,0.3703333333333334,0.1527777777777778,-0.1136666666666667,0.1002222222222222,-0.2364444444444444,-0.1965555555555555,-0.1662222222222223,-0.1698888888888889,0.4917777777777779,-0.3482222222222222,0.0591444444444444,-0.0507666666666666,-0.0215444444444444,-0.0412888888888888,-0.0053222222222222,0.0948888888888889,0.3121111111111112,-2.399745555555556,0.7482611111111112,0.3363955555555555,-1.3777777777777778,0.8064444444444444,-0.3045555555555556,0.2825555555555555,-0.0861111111111111,0.1101111111111111,0.0032222222222221,0.1287777777777777,0.2207444444444444,-0.060911111111111,-0.0418222222222222,-0.0205555555555555,-0.700211111111111,-0.1200222222222222,-0.2106888888888889,-0.1614666666666666,0.1236333333333333,0.0342555555555555,0.2091222222222222,0.1121444444444444,0.3280311111111112,-0.7916077777777779,-0.0726688888888889,0.1094244444444444,-0.0807566666666666,0.0600955555555555,0.5588066666666669,-0.5567288888888888,-0.0324899999999999,0.44368,-0.3666033333333333,-3.5922222222222224,0.358,-0.0233333333333333,-0.014,0.4065555555555556,-0.2764444444444444,0.1108888888888889,0.0587777777777777,0.0448888888888888,0.0197777777777777,0.0765555555555555,0.1506666666666666,-0.0188888888888889,-0.6671111111111112,0.1435555555555555,0.2541111111111111,-0.2806666666666666,0.3767777777777777,-0.0172222222222222,0.572111111111111,0.0815555555555555,-0.5510000000000002,-0.2219999999999999,0.2151111111111111,0
ADSRKPDDRYDMSGNDALGDVKLATYEDNPWETFK,0.3635012971428571,0.0967539757142856,-0.45428838,0.2140522657142857,-0.3470108737142857,0.504,-0.048,0.0008571428571428,-0.008,-0.1605714285714286,0.1085714285714285,-0.164,-0.0245714285714285,0.0942857142857142,-0.1388571428571428,0.1568571428571428,-0.3688571428571429,-0.0702857142857142,-0.4964285714285715,-0.1638285714285714,-0.1714571428571428,0.2438857142857142,0.0481428571428571,-0.3382571428571428,0.1711428571428571,-0.1125714285714285,-0.3925714285714286,0.2997142857142857,-0.242,-0.2925714285714286,-0.1551428571428571,0.0622857142857142,0.0014285714285714,0.1857142857142857,-0.1814285714285714,0.1199999999999999,-0.4288571428571428,0.1008571428571428,-0.0013142857142857,-0.0197714285714285,-0.0231714285714285,0.0535714285714285,-0.3705714285714285,0.2437142857142857,-3.34112,-0.2977371428571428,0.320382857142857,-2.206285714285714,0.0719999999999999,-0.4485714285714287,-0.524,-0.224,-0.0979999999999999,0.0554285714285714,0.3245714285714285,0.2131142857142857,-0.0356857142857142,-0.0527142857142857,-0.0135142857142857,-0.8083142857142858,-0.1350857142857142,-0.2501142857142857,-0.0986,0.1108285714285714,-0.3263428571428572,0.0550857142857142,0.2496857142857143,-0.8162314285714287,-0.5696657142857142,0.17238,0.2921885714285714,-0.1085599999999999,0.2610228571428571,-0.5740342857142857,-0.6049600000000002,0.0935085714285714,-0.4685142857142857,0.4142199999999999,-4.259428571428571,0.118,0.1785714285714285,-0.02,0.7179999999999999,-0.3325714285714285,0.1594285714285714,-0.1802857142857142,0.1277142857142856,-0.4282857142857142,0.1382857142857143,0.2182857142857143,0.1248571428571428,-0.7691428571428572,0.0677142857142856,0.2582857142857143,-0.5645714285714285,0.3294285714285713,-0.2637142857142857,0.9774285714285714,0.0628571428571428,0.1605714285714285,-0.5657142857142857,0.3362857142857143,0
MRLFLSLPVLVVVLAMVLEGPAPTQAAPEISSTLGRIPDKLKEFGNTLEDKARAAIESIKQSDIPAKTRNWFSETFHKVKEQLKTAFS,-0.0001698445454545,-0.1825381963636363,-0.2721356056818182,0.4787035886363636,-0.1933609277272727,0.1246590909090909,-0.3396590909090909,-0.2218181818181818,-0.1211363636363636,-0.0570454545454545,0.1035227272727272,0.0522727272727272,-0.10125,0.1786363636363636,-0.0486363636363636,-0.1610227272727272,-0.2973863636363636,0.0418181818181818,-0.2119204545454545,0.1748295454545455,-0.1027386363636363,0.5207272727272727,0.2608522727272727,-0.0067840909090908,-0.2488636363636363,-0.2152272727272727,-0.0589772727272727,0.0997727272727272,-0.0825,-0.475,0.0418181818181818,-0.2169318181818182,0.0011363636363636,-0.02375,-0.3936363636363636,0.4328409090909091,-0.3439772727272727,0.0128522727272727,0.0111818181818181,-0.0893068181818181,-0.0939545454545454,0.0330340909090909,-0.3681818181818181,-0.1545454545454545,-0.6179079545454546,-1.0419738636363634,1.038828409090909,-0.464431818181818,-0.522159090909091,-0.6562499999999999,0.5473863636363636,-0.4825,0.0723863636363636,0.0021590909090909,0.1482954545454545,0.2315909090909091,0.0518068181818182,-0.0378863636363636,-0.0516136363636363,-0.8698977272727272,-0.3122727272727272,-0.2193409090909091,-0.043875,-0.1522727272727272,-0.1828409090909091,0.1275568181818182,0.1701931818181818,-0.5983238636363637,-0.8444522727272727,0.074128409090909,-0.1185454545454545,0.4099818181818182,0.2143579545454545,-0.9526954545454543,0.0642090909090909,-0.3623738636363636,-0.5120443181818181,0.2730499999999999,-4.623181818181818,-0.0343181818181818,-0.0632954545454545,0.2980681818181818,0.5647727272727273,-0.0144318181818181,-0.1117045454545454,-0.1375,-0.2597727272727273,-0.0085227272727273,-0.3227272727272727,0.1656818181818181,0.1123863636363636,-0.8292045454545455,0.1352272727272727,0.4039772727272727,-0.3259090909090908,0.0868181818181818,-0.2748863636363636,-0.1072727272727273,-0.5440909090909091,-0.4305681818181818,-0.4055681818181817,0.4019318181818182,0
MDIRTLALFSILLGSLCLSEGKPVSLVYRCPCRYFESNVPKSNIKHLKILSTSNCSLQIVARLKHNGKQICLDPKTKWIQEYLEKALNKKVKT,0.0072098721505376,-0.0326528766666666,-0.3309495602150537,0.2946872107526881,-0.0661933832258064,0.036774193548387,-0.3047311827956989,-0.2353763440860215,-0.0161290322580645,0.1281720430107527,0.0912903225806451,0.0302150537634408,-0.0736559139784946,0.0264516129032258,-0.0806451612903225,-0.0859139784946236,-0.2386021505376343,0.1263440860215053,-0.1395483870967742,0.1107311827956989,-0.0324516129032257,0.3626021505376344,0.0736774193548387,0.1668924731182795,-0.0887096774193548,-0.0916129032258064,0.1334408602150537,0.0991397849462365,-0.005268817204301,-0.426021505376344,0.1241935483870967,-0.1895698924731182,0.0490322580645161,0.0716129032258064,-0.3999999999999999,0.4536559139784946,-0.278494623655914,0.0046881720430107,0.0027419354838709,-0.0444408602150537,-0.085010752688172,-0.0224193548387096,-0.1823655913978493,-0.0376344086021505,-0.2151666666666666,-0.245605376344086,0.568021505376344,-0.1290322580645161,-0.1275268817204301,-0.3216129032258064,0.6045161290322582,-0.1933333333333334,0.1032258064516129,0.2402150537634409,-0.0398924731182795,0.233483870967742,0.0249139784946236,-0.0307849462365591,-0.0411935483870967,-0.8200322580645162,-0.2344408602150537,-0.1541075268817204,-0.0359462365591397,-0.1220752688172043,-0.0028494623655914,0.1318924731182796,0.0702365591397849,0.0123806451612902,-0.9509397849462364,0.0883946236559139,-0.3917569892473117,0.2868612903225805,0.0580602150537634,-0.34462688172043,-0.0898709677419354,-0.4512043010752687,0.1746462365591399,0.1804999999999999,-4.348817204301074,0.163763440860215,-0.162258064516129,0.3195698924731183,0.4572043010752687,-0.024516129032258,-0.0729032258064516,-0.0189247311827957,-0.161505376344086,0.1621505376344086,-0.1664516129032258,0.1520430107526881,-0.0075268817204301,-0.7815053763440861,0.208494623655914,0.4029032258064516,-0.1690322580645161,0.1874193548387096,-0.1226881720430107,-0.0755913978494624,-0.39,-0.4329032258064517,-0.2620430107526882,0.225268817204301,0
MPKQKTHRASAKRFKRTANGGLKRHHAYTGHRFHGKTKKQRRHLRKAAMVSASDLKRIKQMLSQMR,0.3889994151515151,-0.2053240733333333,-0.0579980151515152,0.1973849939393939,0.6137815498484848,0.4074242424242423,-0.051060606060606,-0.3331818181818181,-0.1086363636363636,0.3459090909090909,0.1516666666666666,0.2934848484848484,-0.0475757575757575,0.1307575757575757,-0.0653030303030303,0.0839393939393939,-0.1566666666666666,0.386060606060606,-0.3866818181818182,0.2019545454545454,-0.0736515151515151,0.1959242424242424,-0.0296818181818181,0.4926969696969697,-0.1995454545454545,0.0275757575757576,0.0903030303030303,0.5168181818181818,0.1968181818181819,-0.2531818181818182,0.2134848484848484,-0.0684848484848484,-0.0715151515151515,0.2528787878787878,-0.2848484848484848,0.431969696969697,-0.1513636363636363,0.0665757575757575,-0.0686666666666666,-0.0561363636363636,-0.0835,-0.0479393939393939,-0.0009090909090908,0.2689393939393938,-2.807310606060606,1.1420969696969696,0.6740651515151516,-1.3772727272727274,0.8215151515151515,0.1377272727272727,1.1124242424242423,0.1340909090909091,0.4206060606060606,-0.3274242424242424,0.2106060606060606,0.2214393939393939,-0.0018030303030302,0.0034696969696969,-0.0641060606060606,-0.7356969696969696,0.018030303030303,-0.0867727272727272,-0.0673939393939393,-0.1315,-0.1668939393939394,0.4050303030303031,0.4244848484848484,0.6709924242424243,-0.7299363636363636,-0.7210666666666667,0.0192318181818181,0.6108378787878788,-0.1611424242424242,-0.1287257575757574,-0.4167090909090909,-0.5942272727272726,1.4584318181818183,0.4893681818181817,-3.93,0.6313636363636362,-0.4284848484848485,0.1318181818181817,0.5112121212121211,-0.3718181818181817,0.0337878787878787,0.0256060606060605,0.2168181818181818,0.5086363636363636,0.226060606060606,0.5148484848484848,0.0349999999999999,-0.7169696969696969,0.3675757575757575,0.3345454545454545,-0.1943939393939394,0.4618181818181818,-0.1622727272727272,0.9703030303030302,0.0257575757575757,-0.9212121212121211,0.6071212121212122,0.2254545454545454,0
RICPRILMECKADSDCLAQCICQENGFCG,-0.1704541813793103,-0.0433381520689655,-0.2897334103448276,0.0568384655172413,-0.102501158275862,0.0079310344827586,-0.4255172413793103,0.15,0.1082758620689655,0.3182758620689654,-0.0624137931034482,-0.1589655172413793,0.209655172413793,0.0375862068965517,-0.0303448275862069,-0.1796551724137931,-0.3382758620689655,-0.0062068965517241,0.078655172413793,0.103,-0.3837931034482759,-0.113,-0.1060344827586207,-0.0085862068965517,-0.1355172413793103,-0.3317241379310344,-0.0148275862068965,-0.0603448275862069,-0.3341379310344827,0.3603448275862069,0.4051724137931034,-0.0399999999999999,0.3037931034482758,-0.0127586206896551,-0.3768965517241379,0.2951724137931034,-0.2879310344827586,0.0019655172413793,0.0337931034482758,-0.0515172413793103,0.0814482758620689,-0.0421379310344827,-0.6503448275862069,0.0272413793103448,0.0119344827586208,-1.2714172413793103,-1.2666724137931036,0.1410344827586206,-1.0051724137931033,-0.2344827586206895,-0.2355172413793104,0.4493103448275861,0.1562068965517241,-0.0989655172413793,-0.0493103448275862,0.2248965517241379,0.0037931034482758,-0.0820689655172413,0.0047241379310344,-0.9470689655172416,-0.2341379310344827,-0.1421724137931034,0.1578620689655172,-0.1059310344827586,-0.2387931034482759,0.2426206896551724,0.075,-1.6583620689655176,0.0018724137931034,-0.7108379310344828,-0.4081793103448276,-0.2707965517241379,-0.0720896551724137,-2.395355172413793,-0.4629793103448276,-0.0237758620689655,-1.5688413793103446,0.2707482758620689,-5.148275862068964,0.1410344827586206,-0.1275862068965517,0.4134482758620689,0.71,-0.0720689655172413,-0.3637931034482758,-0.2320689655172413,-0.0348275862068966,-0.1668965517241379,0.0806896551724138,-0.0627586206896552,-0.0789655172413793,-0.896551724137931,0.2337931034482758,0.5782758620689655,-0.2037931034482758,0.3462068965517241,-0.0248275862068965,0.4520689655172413,-0.6468965517241378,0.453103448275862,-0.4265517241379311,-0.2286206896551723,0
MAQHSKYSDAQLSAIVNDMIAVLEKHKAPVDLLLIALGNMASNLLTTSVPQTQREALAQAFSNSLINAVKTR,-0.0900366452777777,-0.2379759352777778,-0.6500056513888889,0.5082196555555556,-0.3607260847222222,0.1045833333333333,-0.4063888888888889,-0.2543055555555555,0.0156944444444444,0.0298611111111111,0.1891666666666666,0.06,-0.1355555555555555,0.1581944444444444,0.0802777777777777,-0.1545833333333333,-0.3636111111111111,0.0601388888888888,-0.1562222222222222,0.2395694444444444,-0.1702083333333333,0.542125,0.0973888888888888,-0.0226805555555555,-0.3398611111111111,-0.34875,-0.0006944444444444,0.0831944444444444,-0.0302777777777778,-0.4251388888888889,-0.1176388888888889,-0.1938888888888889,0.0488888888888889,-0.1502777777777778,-0.435,0.4784722222222222,-0.4334722222222222,0.0056805555555555,0.0223611111111111,-0.11975,-0.0691944444444444,0.0033749999999999,-0.5816666666666667,-0.2065277777777777,-0.5885291666666665,-1.6476416666666664,0.3756694444444444,-0.2702777777777778,-0.821388888888889,-0.975,0.6669444444444443,-0.1325,0.0675,-0.0305555555555555,0.0766666666666666,0.2353194444444445,0.0345138888888888,-0.0733055555555555,-0.035875,-0.9420416666666668,-0.3132361111111111,-0.3023333333333333,-0.0266666666666666,-0.0483333333333333,-0.2304027777777778,0.0977777777777777,0.1541527777777777,-1.097209722222222,-1.0537944444444445,0.2980611111111109,-0.1728902777777777,0.1797041666666667,-0.0505722222222222,-1.457486111111111,-0.1730986111111111,-0.3429875,-1.1904,0.3717597222222221,-5.095138888888889,-0.0337499999999999,0.0916666666666666,0.4295833333333334,0.6933333333333334,-0.0077777777777777,-0.24125,-0.2327777777777778,-0.3884722222222222,-0.0113888888888888,-0.2806944444444445,0.1052777777777777,-0.10625,-0.8958333333333334,0.1175,0.5161111111111111,-0.4099999999999999,0.0902777777777777,-0.1481944444444444,-0.0308333333333333,-0.6705555555555556,-0.35,-0.4598611111111111,0.5486111111111112,0
LEEQSFSFTKFSTDQQNLILQAHY,0.0919498054166666,-0.1821994004166666,-0.6983463291666667,0.1498406583333333,-0.6024130691666666,0.1470833333333333,0.0304166666666666,-0.37125,0.0841666666666666,0.0141666666666666,0.16375,-0.1704166666666666,-0.1724999999999999,0.2366666666666666,-0.0379166666666666,0.1366666666666667,-0.2645833333333333,-0.1329166666666666,-0.0970833333333333,0.219625,0.0651666666666666,0.2776666666666667,0.0307083333333333,-0.0595416666666666,-0.23,0.0141666666666666,-0.10125,0.1529166666666667,0.0375,-0.3254166666666666,-0.0212499999999999,-0.1358333333333333,0.2066666666666666,-0.3720833333333333,-0.0795833333333333,0.5458333333333333,-0.4329166666666666,0.0133749999999999,-0.02875,-0.0600833333333333,-0.0364166666666666,0.0124999999999999,0.0429166666666667,0.0783333333333333,-1.0524541666666665,0.0248999999999998,-0.2534708333333333,-0.535,0.3829166666666666,-0.8141666666666666,0.0820833333333333,-0.0545833333333333,-0.0216666666666666,-0.0058333333333333,0.1766666666666666,0.229375,-0.0778333333333333,-0.020125,0.0154583333333333,-0.7143750000000001,-0.1857916666666667,-0.1534583333333333,-0.1729166666666667,0.09125,0.0673749999999999,-0.005125,0.1312083333333333,0.7767041666666668,-0.6948249999999999,0.0413958333333332,0.3989666666666666,-0.0866541666666666,0.2794666666666666,1.2338916666666668,-0.4954458333333333,-0.1559333333333333,1.2140791666666664,-0.372075,-3.6725,0.2254166666666667,0.1858333333333333,-0.1383333333333333,0.4508333333333333,-0.0816666666666666,0.0495833333333333,0.0408333333333333,-0.21625,-0.1608333333333333,0.0291666666666666,-0.1529166666666667,-0.1475,-0.68,0.0283333333333333,0.1829166666666667,-0.4316666666666666,0.3354166666666667,-0.0841666666666666,0.0829166666666667,0.0270833333333333,-0.2499999999999999,-0.7595833333333334,0.2858333333333333,0
MAQEQTKRGGGGDDDDVTDLGGPAGQERREKLAEDTDDLLDEIDDVLEENAEDFVRAYVQKGGQ,0.3327248615625,-0.1004195178125,-0.39401685,0.4046174375,-0.35404061046875,0.58765625,-0.15328125,-0.03375,-0.0634375,-0.18953125,0.2279687499999999,-0.18125,0.2065625,0.1687499999999999,0.0418749999999999,0.0954687499999999,-0.4696875,-0.16625,-0.586078125,-0.002296875,-0.34628125,0.44453125,-0.0928125,-0.3839531249999999,-0.10828125,-0.3317187499999999,-0.35140625,0.40203125,-0.3165624999999999,-0.2006249999999999,0.08640625,0.2943749999999999,-0.1034374999999999,0.1162499999999999,-0.214375,0.0509375,-0.3985937499999999,0.1047343749999999,0.0105,-0.101140625,-0.0082499999999999,0.0544687499999999,-0.7112499999999999,0.294375,-3.8343296875,-1.3327984375,0.0675453125,-2.53046875,-0.6348437500000003,-0.80984375,-0.7089062500000001,-0.2568750000000001,0.48828125,0.05671875,0.176875,0.213453125,-0.0374999999999999,-0.102921875,-0.0819375,-0.942203125,-0.183125,-0.303140625,-0.00846875,0.065859375,-0.39571875,0.089,0.4961249999999999,-2.23193125,-0.7260656249999999,-0.2416031249999999,0.7008265625,-0.223059375,0.4126546874999999,-2.4865140625,-0.8812859375000001,-0.0010546874999999,-2.2107546875,0.256809375,-5.02671875,0.4357812500000001,0.2203125,0.19265625,0.95453125,-0.4065624999999999,-0.04796875,-0.3925,0.1820312499999999,-0.62484375,-0.0745312499999999,0.4831249999999999,-0.1053124999999999,-0.8799999999999999,0.2153125,0.376875,-0.73953125,0.388125,-0.27640625,1.25578125,-0.60953125,-0.21859375,-1.0365625,0.27109375,0
MAIVPKRKTSKQRKRLRRSHHALDIQNLVKCSNCSQKIQQHRTCMFCGFYKNKKVEGFQARNDR,0.29759088578125,-0.08102043828125,-0.1975245453125,0.0752285093749999,0.2731711143749999,0.3121874999999999,-0.12703125,-0.2887499999999999,-0.0214062499999999,0.33796875,0.0942187499999999,0.0646875,-0.0010937499999999,0.04484375,-0.09796875,0.1109375,-0.1771875,0.2293749999999999,-0.3846875,0.1516875,-0.063453125,0.0232343749999999,-0.0920625,0.4578593749999999,-0.095625,0.0568749999999999,0.20640625,0.42921875,0.1025,-0.0840625,0.2278125,-0.0617187499999999,0.130625,0.0049999999999999,-0.27109375,0.429375,-0.17109375,0.04865625,-0.059296875,-0.025578125,-0.045109375,-0.079640625,0.04359375,0.28140625,-2.1573640625,1.1822421875,-0.0497625,-0.965625,0.860625,-0.0556249999999999,0.72875,0.34140625,0.2135937499999999,0.00421875,0.0790625,0.224296875,-0.042640625,-0.0273906249999999,-0.047640625,-0.7344999999999999,-0.046109375,-0.1003125,-0.0261874999999999,-0.0640156249999999,0.0166874999999999,0.3100624999999999,0.2141562499999999,0.5275015624999999,-0.740703125,-0.6294640625000001,-0.1134531249999999,0.2388859375,-0.1069265625,0.0918921875,-0.57029375,-0.391321875,1.2607984375,0.21986875,-3.8465625,0.66015625,-0.2764062499999999,0.11859375,0.4371874999999999,-0.3404687499999999,0.0204687499999999,0.0868749999999999,0.0931249999999999,0.3290625,0.2746875,0.2695312499999999,0.005,-0.7,0.32796875,0.306875,-0.2067187499999999,0.416875,-0.0178125,0.8492187499999999,0.0959375,-0.59859375,0.1503125,0.120625,0
MPELQERIRNFLKESKRVFLVTRKPGWEEYKKAAKITGLGIILIGLIGMLIRIMGILVLGG,-0.0901754052459016,-0.2127930947540984,0.6588807426229507,0.4449865180327869,0.5544922136065574,-0.1021311475409836,-0.3065573770491802,-0.2708196721311475,-0.1560655737704918,-0.0480327868852459,0.2724590163934426,0.1777049180327868,0.1301639344262295,0.0039344262295081,-0.0231147540983606,-0.3085245901639343,-0.1842622950819672,0.0832786885245901,0.0187704918032786,0.1651311475409836,0.0711475409836066,0.5963114754098361,0.0034262295081967,0.1170655737704917,-0.2393442622950819,-0.1190163934426229,0.1973770491803279,0.0075409836065573,-0.1191803278688524,-0.4195081967213114,0.3457377049180328,0.1926229508196721,-0.1640983606557376,0.000983606557377,-0.421967213114754,0.4208196721311474,-0.1881967213114754,-0.031983606557377,0.0160655737704918,-0.0792622950819672,-0.1124754098360655,0.0237213114754098,-0.0944262295081967,-0.261639344262295,1.013244262295082,-0.6573360655737702,1.274267213114754,0.4142622950819674,-0.6300000000000001,-0.2477049180327868,0.4808196721311475,-0.559016393442623,0.6011475409836066,0.241967213114754,-0.100655737704918,0.2338196721311476,0.0688852459016393,-0.0054754098360655,-0.1231803278688524,-0.824377049180328,-0.2359180327868852,-0.0804262295081967,0.0088688524590163,-0.3164098360655739,-0.0457049180327869,0.1428524590163934,0.310655737704918,-0.6820016393442623,-0.8601754098360657,0.033127868852459,-0.3427426229508196,0.5240770491803278,0.3244278688524591,-1.616134426229508,0.2193278688524589,-0.708883606557377,-0.8596295081967212,0.2140672131147541,-4.403114754098361,0.2977049180327868,-0.3772131147540983,0.5329508196721312,0.5059016393442624,0.1590163934426229,-0.0526229508196721,-0.0754098360655737,-0.0032786885245901,0.1554098360655737,-0.5236065573770493,0.4411475409836065,-0.1721311475409836,-0.7934426229508197,0.3873770491803278,0.4613114754098361,-0.1085245901639344,0.1601639344262295,-0.2595081967213115,-0.5909836065573773,-0.759672131147541,-0.9113114754098364,-0.241967213114754,0.1321311475409836,0
QPNPNEFFGLM,0.0434274118181818,0.1951995036363636,0.3309351999999999,0.0569972727272727,-0.0381100490909091,0.2354545454545454,0.0318181818181818,-0.1472727272727272,-0.0154545454545454,-0.3090909090909091,-0.0054545454545454,0.1390909090909091,0.0136363636363636,-0.2018181818181817,-0.1736363636363636,-0.2327272727272727,-0.2509090909090909,-0.2236363636363636,-0.0623636363636363,-0.3039999999999999,-0.0357272727272727,0.0796363636363636,0.5865454545454546,-0.5369090909090909,0.28,-0.0172727272727272,-0.5172727272727273,-0.2236363636363636,0.3545454545454545,-0.13,0.4709090909090909,0.1309090909090909,0.3854545454545455,-0.5172727272727272,-0.0245454545454545,0.5099999999999999,-0.4336363636363636,0.0254545454545454,0.0524545454545454,0.0366363636363636,0.0053636363636363,0.1503636363636363,-0.1363636363636363,-0.2799999999999999,0.0654818181818181,-0.8128727272727271,0.9944363636363636,-0.7054545454545453,-0.5472727272727274,0.5445454545454546,-0.2572727272727274,-0.7345454545454545,-0.3872727272727273,-0.33,-0.2881818181818181,0.2215454545454545,-0.0003636363636363,0.0124545454545454,-0.0004545454545454,-0.7787272727272726,-0.0855454545454545,0.0602727272727272,-0.0454545454545454,-0.1997272727272727,-0.0501818181818181,-0.0381818181818181,0.075090909090909,-1.2969363636363636,0.4228818181818182,0.1056999999999999,0.1522181818181817,-0.0480545454545454,0.1987272727272727,-0.8082272727272727,0.6006545454545453,0.3801818181818182,-1.4612454545454543,-0.4615363636363636,-3.9618181818181815,-0.3681818181818181,-0.1963636363636363,-0.0754545454545454,0.3309090909090909,0.1390909090909091,-0.0536363636363636,-0.1254545454545454,0.2872727272727272,-0.2518181818181818,-0.2381818181818182,0.0327272727272727,0.19,-0.729090909090909,0.0199999999999999,0.1781818181818182,-0.18,0.1527272727272727,-0.4154545454545454,-0.5345454545454545,0.2581818181818182,0.5154545454545455,-0.3454545454545454,0.5336363636363637,0
MAERPPEDEAPQREPWDEWVVEVLEELKEEALKHFDPRLLTALGNYIYDRHGDTLEGAGELIRILQRALFIHFRSGCAHSRIGQSRGVL,0.1016097332584269,-0.1917411005617977,-0.0864979528089888,0.3578234292134831,-0.0765653377528089,0.2098876404494382,-0.1164044943820224,-0.1961797752808989,-0.0685393258426966,-0.0506741573033707,0.0668539325842696,0.038876404494382,0.096067415730337,0.1358426966292135,0.0452808988764044,-0.0692134831460674,-0.2565168539325843,-0.0559550561797752,-0.2398876404494382,0.1714719101123595,-0.0699101123595505,0.3828539325842696,0.162876404494382,-0.0939325842696628,-0.2152808988764044,-0.1007865168539325,-0.1578651685393259,0.1284269662921348,-0.3593258426966291,-0.2368539325842696,0.0784269662921348,0.0150561797752808,0.0276404494382022,0.128314606741573,-0.2246067415730337,0.3115730337078651,-0.2846067415730337,0.0239999999999999,-0.0102134831460674,-0.0748426966292134,-0.0475168539325842,0.0525617977528089,-0.1606741573033707,0.0258426966292134,-0.9771741573033706,-0.4347292134831461,0.5996775280898875,-0.6228089887640449,-0.2152808988764046,-0.473932584269663,-0.0251685393258426,-0.4332584269662922,0.3298876404494382,-0.0421348314606741,-0.161123595505618,0.2260112359550562,0.0165617977528089,-0.0125393258426966,-0.0652471910112359,-0.7843932584269662,-0.1989101123595505,-0.1726067415730337,-0.0983820224719101,-0.1054831460674157,-0.2064719101123595,0.2048651685393258,0.3195730337078652,-0.5888910112359551,-0.7141213483146067,0.0714775280898876,0.3065853932584269,0.0103629213483145,0.1406741573033708,-0.6934494382022469,-0.2135078651685393,-0.204452808988764,-0.5904719101123597,0.2579539325842696,-4.106516853932584,0.1576404494382022,-0.0349438202247191,0.1042696629213483,0.5895505617977528,-0.0976404494382022,0.026629213483146,-0.087191011235955,0.0278651685393258,-0.1875280898876404,-0.231123595505618,0.3453932584269663,0.0641573033707865,-0.7489887640449437,0.137191011235955,0.3250561797752809,-0.3911235955056179,0.2784269662921348,-0.2213483146067415,0.2550561797752808,-0.2778651685393258,-0.3923595505617978,-0.3661797752808988,0.2279775280898875,0
MSTSAQPARRPFFRRRKTCPFSGANAPKIDYKDVKLLQRYISERGKIVPSRITAVSAKKQRELARAIKRARFLALIPYVIS,0.1240261981481481,-0.0546181866666666,-0.0921741555555555,0.4537668604938272,0.2239699293827161,0.1553086419753086,-0.2998765432098765,-0.2492592592592592,-0.1330864197530863,0.1158024691358024,0.0502469135802469,0.1965432098765432,-0.06,0.2012345679012346,-0.1446913580246913,-0.1188888888888888,-0.1828395061728395,0.218641975308642,-0.2460740740740741,0.0864938271604938,-0.0171851851851851,0.3941604938271604,0.2088395061728395,0.3736666666666666,-0.0890123456790123,-0.0762962962962962,0.2034567901234568,0.2438271604938272,-0.21,-0.3941975308641975,0.0972839506172839,-0.234320987654321,0.0874074074074074,-0.0272839506172839,-0.3987654320987654,0.4462962962962963,-0.1855555555555555,0.0232716049382716,-0.0128888888888888,-0.0421728395061728,-0.125358024691358,-0.0318271604938271,-0.1207407407407406,-0.0616049382716049,-1.1598444444444442,0.117053086419753,1.1980086419753084,-0.5635802469135803,0.1438271604938269,-0.2255555555555555,0.9211111111111108,-0.1518518518518518,0.0508641975308641,0.1103703703703703,0.2725925925925925,0.2264567901234568,0.0443456790123456,-0.0155308641975308,-0.0619753086419753,-0.7907407407407407,-0.1915432098765432,-0.156358024691358,-0.0192469135802469,-0.2312098765432099,-0.2369382716049383,0.2158148148148148,0.256037037037037,0.3941629629629629,-1.072633333333333,-0.2710629629629629,-0.128920987654321,0.6055086419753086,0.0433666666666666,-0.1824469135802468,-0.1033765432098765,-0.6254444444444445,1.140951851851852,0.8670024691358025,-4.176172839506173,0.254567901234568,-0.2225925925925926,0.2287654320987654,0.5145679012345679,-0.1356790123456789,0.0432098765432098,-0.004074074074074,-0.1207407407407407,0.3125925925925926,-0.1333333333333333,0.2213580246913579,0.2295061728395061,-0.758888888888889,0.2408641975308642,0.3332098765432099,-0.3017283950617284,0.1561728395061728,-0.2548148148148148,0.1612345679012345,-0.2109876543209876,-0.6782716049382717,-0.0222222222222222,0.3479012345679012,0
MNDSVKTSLKRTLVGKVVSNKMDKTVTVLVEHRVKHPIYGKYVVRSKKYHAHDDANTYNEGDLVEIQETRPISKTKAWVVARLVEAARVI,0.1199687039999999,-0.1246961745555555,-0.02384356,0.3770822033333333,0.035924478,0.1797777777777778,-0.2628888888888889,-0.3052222222222222,-0.0097777777777777,0.0005555555555555,0.1371111111111111,0.0351111111111111,-0.1186666666666666,0.1346666666666666,0.0408888888888888,-0.0103333333333333,-0.2887777777777777,0.1261111111111111,-0.5411111111111112,0.1522333333333333,-0.0593333333333333,0.3778666666666667,-0.0388,0.2632777777777778,-0.1723333333333333,-0.1248888888888889,0.2985555555555555,0.3148888888888889,0.0445555555555555,-0.3797777777777779,-0.1814444444444444,-0.0177777777777777,-0.1224444444444444,0.220111111111111,-0.3783333333333333,0.3915555555555556,-0.3234444444444444,0.0211555555555555,-0.0146777777777777,-0.0652888888888889,-0.0912111111111111,-0.0569333333333333,-0.2044444444444444,0.0461111111111111,-1.2586344444444444,-0.2147222222222222,0.5917355555555557,-0.6036666666666666,0.0182222222222221,-0.6397777777777778,0.6208888888888889,-0.0967777777777777,0.1568888888888889,0.3482222222222222,0.0212222222222221,0.2292222222222222,0.0266888888888888,-0.0423888888888888,-0.0584444444444444,-0.8149111111111111,-0.2597666666666667,-0.2290222222222222,-0.0598888888888888,-0.0525888888888888,-0.1400333333333333,0.1617,0.1423666666666666,-0.4298344444444445,-0.8719422222222223,0.084671111111111,-0.0510955555555555,0.3055888888888889,0.1146244444444444,-0.7518633333333333,-0.2014333333333333,-0.3088355555555555,-0.3684300000000002,0.2682322222222222,-4.308777777777777,0.184,-0.0097777777777777,0.2426666666666666,0.5351111111111111,-0.1747777777777777,-0.0577777777777777,-0.0515555555555555,-0.2486666666666667,0.0943333333333333,-0.1421111111111111,0.2837777777777778,0.0382222222222222,-0.7790000000000001,0.1673333333333333,0.3739999999999999,-0.3616666666666666,0.1187777777777777,-0.1336666666666666,0.3447777777777776,-0.4489999999999999,-0.7044444444444445,-0.2312222222222222,0.2118888888888889,0
MTKGTSSFGKRRNKTHTLCRRCGSKAYHLQKSTCGKCGYPAKRKRKYNWSAKAKRRNTTGTGRMRHLKIVYRRFRHGFREGTTPKPKRAAVAASSSS,0.2983761715463917,0.137705579484536,0.2314060412371133,0.2906144051546391,0.7518234507216495,0.3741237113402063,-0.0934020618556701,-0.0505154639175257,-0.0670103092783505,0.3297938144329896,0.1623711340206185,0.2834020618556701,-0.1632989690721649,0.1437113402061855,-0.1498969072164948,0.0638144329896907,-0.2136082474226804,0.422061855670103,-0.373742268041237,-0.1237938144329896,-0.2019690721649484,0.1865979381443299,-0.0744536082474226,0.4751546391752577,0.1306185567010309,-0.1,0.2276288659793814,0.4460824742268041,-0.0462886597938144,-0.2023711340206185,0.2729896907216494,-0.072680412371134,-0.1597938144329896,0.2883505154639175,-0.3201030927835052,0.3927835051546391,-0.1978350515463917,0.0789175257731958,-0.0029999999999999,-0.0093092783505154,-0.0855154639175257,-0.0795670103092783,-0.2951546391752577,0.2757731958762887,-2.934205154639176,0.3537927835051548,0.6065494845360826,-1.6144329896907212,0.1622680412371132,0.5530927835051547,0.9125773195876288,0.2483505154639174,0.3167010309278351,0.0006185567010309,0.302680412371134,0.2179484536082474,0.039340206185567,-0.0044536082474226,0.0110103092783505,-0.8004432989690722,-0.0663711340206185,-0.1403711340206185,-0.0084948453608247,-0.1378041237113402,-0.4898969072164948,0.3352886597938144,0.4214329896907217,0.5216061855670103,-0.6144958762886598,-0.8360577319587629,0.0938484536082473,0.7397350515463917,-0.1774567010309278,-0.3978505154639173,-0.4578525773195877,-0.6139711340206184,1.499780412371134,1.0332721649484535,-4.312061855670103,0.3569072164948454,-0.2670103092783505,0.0882474226804123,0.7107216494845361,-0.3764948453608247,-0.0427835051546391,-0.1303092783505154,0.2778350515463917,0.4318556701030927,0.1850515463917525,0.3946391752577319,0.0623711340206185,-0.7785567010309278,0.2663917525773195,0.3438144329896907,-0.3635051546391752,0.4310309278350515,-0.3089690721649485,1.048659793814433,-0.2149484536082474,-0.6172164948453609,0.3102061855670103,0.0335051546391752,0
MQALITISDKQYLVKQGDKLFVPRQQAAIGDKLTIASLAQIDGANTTLQNSNSVQAVVLEHVKDEKVIVFKKKRRKRYQSRNGHRQQMTHIEVLSL,0.1268880838541665,-0.1758499973958333,-0.4209773135416668,0.3467375791666666,-0.1333040988541666,0.2098958333333333,-0.2591666666666667,-0.3535416666666666,-0.0553124999999999,0.0673958333333333,0.1886458333333333,0.0161458333333333,-0.0310416666666666,0.1288541666666666,0.0476041666666666,-0.0052083333333333,-0.2826041666666667,0.0823958333333333,-0.3626145833333334,0.2043958333333333,-0.0533020833333333,0.4028958333333333,-0.044125,0.2231875,-0.248125,-0.1339583333333333,0.20375,0.3127083333333333,0.0785416666666666,-0.3525,0.0140624999999999,-0.0567708333333333,-0.0098958333333333,-0.1321875,-0.3460416666666666,0.4520833333333333,-0.30875,0.0233229166666666,-0.0209166666666666,-0.08053125,-0.0847708333333333,-0.0411354166666666,-0.2121875,0.0542708333333333,-1.4227197916666663,-0.2406822916666666,0.4588197916666667,-0.7178125,0.056875,-0.7055208333333334,0.6305208333333333,-0.0201041666666666,0.2577083333333333,0.20875,0.1015625,0.2281562499999999,-0.0123854166666666,-0.0613749999999999,-0.0839270833333333,-0.83240625,-0.2093645833333333,-0.2212708333333333,-0.04528125,-0.0520104166666666,-0.04521875,0.1493645833333333,0.2193020833333333,-0.4196854166666666,-1.0909458333333333,-0.0510875,0.01998125,0.2261583333333333,0.104571875,-0.7855770833333334,-0.3643104166666667,-0.4119875,-0.2624968749999998,0.1104614583333333,-4.397916666666666,0.3961458333333333,-0.0347916666666666,0.2918749999999999,0.5565625,-0.1731249999999999,-0.0647916666666666,-0.0667708333333333,-0.199375,0.1042708333333333,-0.1289583333333333,0.2521874999999999,-0.0909375,-0.7876041666666668,0.2391666666666666,0.3853125,-0.3642708333333333,0.2198958333333333,-0.0929166666666666,0.3139583333333333,-0.4335416666666667,-0.7710416666666667,-0.3790625,0.3511458333333333,0
MTPEPPAPDTASRDAENLDAAAAQQRLRKLHSKATRLKLDLHDLAEDLPIGWEGLLDVARRTYDAYAEIALLEGLAEKETSR,0.167018445,-0.2840758395121951,-0.4539590804878049,0.5382089560975609,-0.2475469479268292,0.3090243902439025,-0.2836585365853659,-0.1620731707317073,-0.1117073170731707,-0.014390243902439,0.058170731707317,0.0202439024390243,-0.0218292682926829,0.2134146341463415,0.014390243902439,-0.0534146341463414,-0.3364634146341463,-0.0065853658536585,-0.2479146341463414,0.2307682926829267,-0.1821341463414634,0.5506097560975609,0.2560853658536585,-0.1824146341463414,-0.3035365853658537,-0.2446341463414634,-0.3404878048780488,0.1956097560975609,-0.4185365853658537,-0.4353658536585366,0.0510975609756097,-0.2106097560975609,0.0641463414634146,0.1689024390243902,-0.3312195121951219,0.2613414634146341,-0.3301219512195122,0.0519512195121951,-0.0091585365853658,-0.1152560975609756,-0.0691341463414634,0.0715365853658536,-0.4634146341463415,0.0039024390243902,-2.0008402439024398,-0.9851414634146344,0.8025780487804879,-1.16,-0.4015853658536587,-0.8448780487804878,0.1734146341463415,-0.4776829268292683,0.2035365853658536,-0.180609756097561,0.1379268292682926,0.2264634146341463,0.0296097560975609,-0.0540975609756097,-0.0636463414634146,-0.8766219512195121,-0.2589634146341463,-0.2860000000000001,-0.0779146341463414,-0.0561585365853658,-0.3155243902439024,0.1593292682926829,0.3029756097560975,-1.366670731707317,-0.9688634146341464,0.3196195121951218,0.1727963414634145,0.0636182926829268,0.1356585365853659,-1.524020731707317,-0.2928219512195121,-0.176390243902439,-1.4202573170731705,0.4991219512195121,-4.700243902439024,0.1090243902439025,0.0829268292682926,0.2632926829268292,0.7252439024390243,-0.1680487804878048,-0.0051219512195122,-0.1932926829268292,-0.118780487804878,-0.2141463414634146,-0.2175609756097561,0.3203658536585366,0.1106097560975609,-0.8367073170731706,0.1385365853658536,0.4039024390243903,-0.5267073170731708,0.1536585365853658,-0.2374390243902439,0.4370731707317072,-0.4234146341463414,-0.3304878048780489,-0.4751219512195122,0.4895121951219512,0
MPKRVLQGTVVSDKNDKTVVVRVERRFAHPLLKKTVRRSKRYKAHDENNMCKVGDVVLIQETRPISKDKCWVVVNENQAQ,0.2126145675,-0.09280790025,-0.1842512675000001,0.29546277625,-0.02510457275,0.2694999999999999,-0.281625,-0.319,-0.0921249999999999,0.0794999999999999,0.09325,-0.0116249999999999,-0.039625,0.04425,-0.0015,0.03475,-0.254,0.11075,-0.6491250000000001,0.1588125,-0.07185,0.237575,0.0105499999999999,0.3522875,-0.134,-0.042625,0.28625,0.3929999999999999,0.06075,-0.2605,-0.00625,-0.086,-0.0347499999999999,0.149375,-0.367,0.385125,-0.2518749999999999,0.0355499999999999,-0.0372375,-0.048275,-0.077525,-0.0686,-0.0854999999999999,0.14425,-1.75104125,0.40353625,0.43940375,-0.836875,0.4396249999999998,-0.5299999999999999,0.590375,0.0157499999999999,0.1257499999999999,0.295875,0.02025,0.226925,-0.0060999999999999,-0.0593499999999999,-0.0780625,-0.7924625,-0.195875,-0.2043124999999999,-0.0228624999999999,-0.0596624999999999,-0.0102875,0.2273124999999999,0.1152374999999999,-0.34664125,-0.94363875,-0.18424875,-0.1105274999999999,0.1746725,0.04799125,-0.61256125,-0.35897875,-0.2508437499999999,-0.1283275,0.17625625,-4.117375,0.428875,-0.1002499999999999,0.232875,0.454,-0.270125,-0.0125,0.0272499999999999,-0.15175,0.1213749999999999,-0.0102499999999999,0.2881249999999999,0.1057499999999999,-0.7452500000000001,0.255375,0.337125,-0.3199999999999999,0.148,-0.0537499999999999,0.55375,-0.233625,-0.71425,-0.1889999999999999,0.219625,0
MPQLNPGPWFLILIFSWLVLLTFIPPKVLKHKAFNEPTTQTTEKSKPNPWNWPWT,-0.0593067870909091,0.1402114990909091,0.0136972799999999,0.1485613836363636,-0.1095516636363636,-0.0469090909090909,-0.1069090909090909,-0.1189090909090909,-0.2547272727272726,-0.176909090909091,-0.081090909090909,0.0747272727272727,-0.2905454545454545,-0.107090909090909,-0.0818181818181818,-0.1919999999999999,-0.1501818181818181,-0.0183636363636363,-0.0025454545454545,-0.1508,0.1580363636363636,0.2295454545454544,0.5604000000000001,-0.1183454545454545,0.1552727272727272,0.0898181818181818,-0.1209090909090908,-0.2019999999999999,0.1507272727272727,-0.4167272727272726,0.171090909090909,-0.4445454545454544,0.0101818181818182,-0.2012727272727272,-0.2296363636363635,0.6238181818181817,-0.4049090909090909,-0.0168,0.0259636363636363,0.0405090909090909,-0.1007272727272727,0.0841818181818181,0.1594545454545455,-0.2479999999999999,1.17318,-0.1167436363636363,1.9408745454545464,0.2767272727272727,-0.0630909090909091,0.2972727272727273,0.4258181818181819,-0.7985454545454544,-0.4049090909090909,0.115090909090909,0.0432727272727272,0.2230727272727272,0.0696,0.0241272727272727,-0.0273454545454545,-0.6849999999999998,-0.2965090909090909,-0.1100545454545454,-0.1773818181818182,-0.1755454545454545,-0.016,0.1066363636363636,-0.1255090909090909,-0.1421963636363637,-0.1906163636363636,0.8746854545454545,-0.3479745454545455,0.4669218181818181,0.1092236363636363,0.2890018181818182,1.0025072727272728,0.0638090909090909,-0.7095745454545455,-0.3201763636363637,-3.446000000000001,-0.6636363636363635,-0.127090909090909,0.0145454545454545,0.1992727272727273,0.2449090909090909,0.105090909090909,0.0969090909090908,-0.1652727272727272,0.1569090909090908,-0.3961818181818182,-0.0649090909090909,0.3559999999999999,-0.6658181818181818,-0.1094545454545454,0.2363636363636363,-0.0672727272727272,-0.035090909090909,-0.3387272727272727,-1.0158181818181815,0.0527272727272726,-0.1638181818181819,0.0696363636363636,0.3994545454545455,0
SHGKVETDEEFDARWVTYFS,0.168098303,-0.0943076824999999,-0.027600055,0.150341395,-0.2825109165,0.259,0.144,-0.083,0.06,-0.127,0.1585,-0.1885,-0.137,0.3205,-0.0359999999999999,0.167,-0.297,-0.102,-0.4789,0.0718999999999999,-0.0482499999999999,0.1755,-0.11465,-0.1075999999999999,-0.095,-0.0164999999999999,-0.1075,0.2429999999999999,-0.2745,-0.1665,-0.3234999999999999,0.1355,-0.1505,0.2225,-0.0629999999999999,0.2805,-0.442,0.04115,-0.0191,-0.0421999999999999,-0.0106,0.0089999999999999,-0.0534999999999999,0.2225,-1.83773,-0.03363,-0.24114,-1.05,0.2009999999999999,-0.6004999999999998,-0.4355,-0.123,0.128,0.094,0.202,0.22085,-0.0249,0.0106,0.0417999999999999,-0.6918,-0.2179,-0.1968,-0.18335,0.1039,-0.33,0.1334,0.2758500000000001,0.69985,-0.1720599999999999,-0.1781449999999999,0.639995,0.0398049999999999,0.3422199999999999,0.968545,-0.51332,-0.0369999999999999,1.1917,0.1474449999999999,-3.5625,-0.0199999999999999,0.243,-0.3115,0.6335,-0.2154999999999999,0.105,-0.0445,-0.046,-0.3595,0.092,0.0524999999999999,0.007,-0.6744999999999999,-0.0689999999999999,0.171,-0.5535000000000001,0.3904999999999999,-0.2545,0.681,0.0039999999999999,-0.056,-0.5230000000000002,-0.095,0
MAVCQICGKKTVFGNTVAHSATTERRTWKPNLRRVRVVLEDGSTKRIYVCAKCLKAGKVKKAV,0.0340962112698412,-0.1153393536507936,0.2122025238095237,0.4115226777777777,0.4012226917460317,0.0999999999999999,-0.3677777777777778,-0.1115873015873016,-0.085079365079365,0.2161904761904762,0.1463492063492063,0.1139682539682539,-0.0926984126984127,0.1530158730158729,-0.0247619047619047,-0.1234920634920635,-0.2715873015873016,0.256984126984127,-0.4164126984126984,0.1346190476190476,-0.1886031746031746,0.3215873015873015,-0.1189047619047619,0.432079365079365,-0.1846031746031745,-0.2269841269841269,0.3636507936507936,0.2753968253968254,-0.0339682539682539,-0.2673015873015873,0.2077777777777777,-0.0601587301587301,-0.133015873015873,0.2520634920634921,-0.4552380952380953,0.4003174603174602,-0.2423809523809524,0.0163968253968253,0.0045396825396825,-0.0707142857142857,-0.0809206349206349,-0.0847936507936508,-0.4025396825396824,0.0203174603174603,-1.0215460317460314,-0.517238095238095,0.4146206349206348,-0.3768253968253969,-0.3884126984126984,-0.2188888888888889,0.8287301587301589,0.1198412698412698,0.3739682539682539,0.233015873015873,0.2071428571428571,0.2272222222222222,0.0644603174603174,-0.0493015873015872,-0.049063492063492,-0.8794761904761905,-0.2674761904761906,-0.192095238095238,0.0613174603174603,-0.1844444444444444,-0.3216666666666667,0.2620952380952381,0.2433015873015873,-0.8543476190476189,-0.5459142857142857,-0.4207587301587302,-0.2087603174603175,0.5898952380952381,0.0133809523809524,-1.841936507936508,-0.0933603174603174,-0.4841571428571429,-0.6878603174603175,0.5777587301587301,-4.737301587301587,0.2003174603174603,-0.1571428571428571,0.3895238095238095,0.6750793650793648,-0.1661904761904761,-0.2012698412698413,-0.1358730158730159,-0.1425396825396825,0.2944444444444444,-0.1023809523809523,0.2803174603174603,-0.0338095238095238,-0.8452380952380951,0.2715873015873016,0.4753968253968254,-0.3465079365079365,0.1223809523809523,-0.2074603174603174,0.3963492063492063,-0.7088888888888889,-0.6752380952380953,-0.0428571428571429,0.0128571428571428,0
MEKKVFVVEGYAKKGSLKFRFKKYFIALKKEDAIFYTYSILGSNHKLKKTQIHIERVYELDPEKDKDKLPDKRLLAFF,0.2547545020512821,-0.2695232783333333,0.1782364576923077,0.2028725692307692,0.1749841637179487,0.1073076923076922,-0.0593589743589743,-0.3849999999999999,-0.0505128205128205,-0.0032051282051282,0.1073076923076923,0.0105128205128205,0.0542307692307692,0.1802564102564102,-0.2265384615384615,-0.0206410256410256,-0.1552564102564102,0.0629487179487179,-0.2806410256410257,0.2417820512820512,0.1806666666666666,0.4103076923076922,0.0135897435897435,0.1196923076923077,-0.2105128205128205,0.1425641025641025,-0.07,0.2310256410256409,0.0965384615384615,-0.6496153846153846,0.1547435897435897,0.1246153846153846,0.0879487179487179,0.1787179487179487,-0.2305128205128204,0.3276923076923077,-0.1797435897435897,0.015551282051282,-0.0604358974358974,-0.0543717948717948,-0.1066410256410256,0.0324871794871794,0.2344871794871795,0.0315384615384615,-0.7375076923076923,1.0347782051282048,1.0146179487179483,-0.4606410256410257,0.7352564102564104,-0.3912820512820512,0.4056410256410257,-0.5533333333333335,0.32,0.155,0.1562820512820512,0.2298846153846154,-0.0063974358974358,0.0273974358974358,-0.1020897435897435,-0.678076923076923,-0.1354871794871795,0.0134871794871794,-0.1031153846153846,-0.1892948717948717,0.1447692307692308,0.0764615384615384,0.2490641025641025,0.5226512820512821,-0.532992307692308,9.743589743592265e-05,-0.0864423076923077,0.4844628205128207,0.5590320512820512,0.2222038461538463,0.0854423076923076,-0.4899038461538462,0.9235717948717947,-0.1809794871794871,-3.5203846153846143,0.4134615384615385,-0.3030769230769229,0.1138461538461538,0.3255128205128205,-0.0775641025641025,0.2034615384615384,0.1553846153846154,-0.0083333333333333,0.1442307692307692,-0.0753846153846153,0.3266666666666666,-0.0069230769230769,-0.6596153846153846,0.2979487179487178,0.2173076923076924,-0.1511538461538461,0.2348717948717949,-0.2315384615384615,-0.0151282051282051,0.0183333333333333,-0.633974358974359,-0.1483333333333333,0.1755128205128205,0
MPQLNPNPWFTILIFTWAVFLTILPNKVTSHKMPNELLTKDPSNLLTEIWYWPWH,-0.1304074832727272,0.0414008776363636,0.0843793181818181,0.1027718781818181,-0.1257836505454545,-0.1478181818181818,-0.0905454545454545,-0.1812727272727272,-0.1287272727272727,-0.1683636363636363,-0.0265454545454545,0.0096363636363636,-0.3003636363636363,-0.1505454545454545,-0.0172727272727272,-0.1645454545454545,-0.1450909090909091,-0.0674545454545454,0.0845090909090909,-0.0470363636363636,0.2203636363636363,0.1951636363636364,0.4240727272727274,-0.1407090909090909,0.0698181818181818,0.1169090909090909,-0.0621818181818181,-0.2505454545454545,0.0692727272727272,-0.329090909090909,0.0054545454545454,-0.3523636363636362,0.0509090909090909,-0.1609090909090908,-0.2143636363636363,0.6218181818181817,-0.4394545454545455,-0.0402363636363636,0.015890909090909,0.028090909090909,-0.0751272727272727,0.0705272727272727,0.2694545454545455,-0.2836363636363636,1.7958963636363638,-0.0392527272727273,1.3539490909090912,0.818181818181818,0.013090909090909,-0.012,0.2538181818181819,-0.6221818181818183,-0.4258181818181819,0.1369090909090909,-0.0865454545454545,0.2277636363636363,0.0482545454545454,0.0249818181818181,-0.0126545454545454,-0.6556363636363635,-0.2961818181818181,-0.1294909090909091,-0.2073454545454546,-0.0873636363636363,0.082090909090909,0.0799272727272727,-0.2032727272727272,-0.1079890909090907,-0.24342,1.1607199999999998,-0.4502400000000001,0.2001836363636363,0.0466127272727273,0.5168527272727272,0.8295109090909091,0.1398872727272727,-0.8360454545454545,-0.4008218181818182,-3.307636363636364,-0.6010909090909092,-0.0441818181818181,0.0363636363636363,0.1683636363636363,0.3034545454545454,0.1261818181818181,0.1503636363636363,-0.2558181818181818,0.0749090909090909,-0.3483636363636362,-0.1298181818181818,0.2292727272727273,-0.642,-0.1178181818181818,0.2547272727272727,-0.0549090909090908,-0.0292727272727272,-0.1954545454545455,-1.1049090909090908,0.107090909090909,-0.1229090909090909,0.0323636363636363,0.3416363636363637,0
MATKTLKVTQTKSSIGRLPKHRATLTGLGLRRINHTVELEDTPAVRGMINKVYYMVKVED,0.0896437598333333,-0.1104319711666666,0.3180553933333332,0.4407327199999999,0.3591102956666667,0.1466666666666667,-0.3189999999999999,-0.2816666666666667,-0.0713333333333333,0.03,0.1796666666666666,0.104,-0.1696666666666666,0.0541666666666666,0.0221666666666666,-0.0646666666666666,-0.2795,0.1628333333333333,-0.3285166666666666,0.1034666666666666,-0.0928333333333333,0.4230333333333333,0.0399666666666666,0.2501333333333333,-0.1411666666666667,-0.1661666666666666,0.2855,0.2711666666666666,0.0313333333333333,-0.3216666666666667,0.0995,-0.0806666666666666,-0.1628333333333333,0.2278333333333333,-0.4136666666666667,0.4371666666666666,-0.3044999999999999,0.01945,0.00365,-0.0644,-0.0964833333333333,-0.0450666666666666,-0.262,-0.0121666666666666,-1.10858,-0.5122283333333334,0.7800883333333333,-0.5918333333333334,-0.2689999999999999,-0.4015,0.6565000000000001,-0.1298333333333333,0.1783333333333333,0.2043333333333333,0.1053333333333333,0.22805,0.0436,-0.0486666666666666,-0.0458,-0.8463999999999998,-0.2442,-0.2131666666666666,-0.0197666666666666,-0.0979333333333333,-0.1581,0.1519833333333333,0.1409666666666667,-0.8706366666666667,-0.8305100000000001,-0.0057283333333333,-0.1854783333333333,0.3661299999999999,0.1286866666666666,-1.3988116666666663,-0.1867066666666667,-0.3222766666666667,-0.90386,0.32083,-4.533333333333332,0.25,-0.1168333333333333,0.369,0.5476666666666666,-0.1199999999999999,-0.0981666666666666,-0.1063333333333333,-0.1485,0.1308333333333333,-0.2026666666666666,0.2898333333333334,0.0281666666666666,-0.8101666666666666,0.257,0.4151666666666667,-0.3181666666666666,0.0916666666666666,-0.1581666666666667,0.188,-0.6455000000000001,-0.8088333333333335,-0.2298333333333333,0.1693333333333333,0
MSHYGSYYGGLGYSCGGFGGLGYGYGCGCGSFCRRGSGCGYGGYGYGSGFGSYGYGSGFGGYGYGSGFGGYGYGCCRPSYNGGYGFSGFY,-0.2830429094444444,1.0117406783333331,0.6984095866666666,0.2633971033333332,0.9461477587777776,0.0497777777777777,0.3497777777777778,0.6987777777777777,0.3271111111111111,-0.0947777777777777,0.4096666666666666,0.5425555555555556,0.2574444444444445,0.2026666666666667,-0.0803333333333333,-0.3632222222222222,-0.4276666666666667,0.2365555555555555,0.0700888888888888,-1.1629444444444443,-0.4623222222222222,0.3302111111111111,-0.647688888888889,-0.3287999999999999,0.984111111111111,-0.610888888888889,0.1078888888888889,-0.2875555555555555,-0.0385555555555555,-0.1135555555555555,0.4713333333333334,1.058444444444444,-0.572,0.3738888888888889,-0.0523333333333333,0.2285555555555556,-0.5147777777777778,0.0544333333333333,0.2551555555555556,0.0863111111111111,0.0147888888888888,-0.0135888888888888,-1.3286666666666664,-0.0767777777777777,-0.5643277777777777,-3.642757777777778,0.0288244444444443,-1.4551111111111112,-3.2826666666666666,2.4031111111111105,-0.7713333333333333,0.2044444444444445,0.9637777777777778,0.3952222222222223,0.1057777777777778,0.1932777777777778,0.1328444444444444,0.0503,0.1210666666666666,-1.0338888888888889,0.0591999999999999,0.1252777777777778,0.1787777777777778,-0.3746222222222221,-1.630777777777778,-0.0558555555555555,1.0916000000000003,-0.9316277777777778,1.1195,-1.4587644444444443,1.2887,0.8182211111111111,-0.0242322222222222,-2.871877777777777,0.0638577777777777,-0.7982644444444447,-0.1920233333333335,1.8481933333333331,-5.760999999999999,-0.7241111111111109,-0.0966666666666666,-0.0637777777777777,1.531777777777778,0.067,-0.4742222222222222,-0.9197777777777778,1.0646666666666669,-0.0788888888888889,-0.2716666666666665,0.4016666666666665,-0.6424444444444445,-1.0135555555555555,0.0283333333333333,0.4684444444444444,-0.6645555555555556,0.7626666666666667,-1.0564444444444447,0.4202222222222222,-1.2413333333333334,0.643,-0.3418888888888889,-0.5836666666666666,0
MFCSIYKSTKKQGAYLYIEKKDDFAPVPQELMAMFGTPTMVMVVNLEGRKLASVDVEKVKAAIKENGFFLQLPPPPENLLEKYKKR,0.1036559438372092,-0.1615374203488372,0.0949842244186045,0.2960145209302325,0.0126514648837209,0.110813953488372,-0.2438372093023255,-0.2806976744186046,-0.1388372093023255,-0.062906976744186,0.0331395348837209,0.0623255813953488,0.0027906976744186,0.1326744186046511,-0.1019767441860465,-0.1630232558139535,-0.2499999999999999,0.0205813953488372,-0.2824186046511628,0.1331860465116278,-0.011906976744186,0.3812325581395348,0.228813953488372,-0.0279418604651162,-0.1631395348837209,-0.0763953488372093,-0.1090697674418604,0.0945348837209302,0.1733720930232558,-0.4658139534883721,0.2031395348837209,-0.055813953488372,-0.0181395348837209,0.0469767441860465,-0.327093023255814,0.4054651162790696,-0.2759302325581395,0.0140581395348837,-0.008313953488372,-0.0561046511627906,-0.0793372093023255,0.0435465116279069,-0.1598837209302324,-0.1399999999999999,-0.460581395348837,-0.3165162790697673,1.0916186046511631,-0.4616279069767443,-0.1293023255813953,-0.3261627906976743,0.4266279069767441,-0.598953488372093,0.1147674418604651,0.0191860465116279,0.118953488372093,0.2285348837209303,0.0308837209302325,-0.0196744186046511,-0.0697441860465116,-0.8102441860465116,-0.1998720930232558,-0.0493255813953488,-0.0089883720930232,-0.2115465116279069,-0.0577558139534883,0.061313953488372,0.1517325581395349,-0.5904686046511628,-0.3996953488372092,-0.1548,-0.1858046511627906,0.299089534883721,0.4036627906976743,-0.9953499999999996,0.195456976744186,-0.2539790697674418,-0.5028697674418607,-0.0662441860465116,-4.274418604651162,0.0820930232558139,-0.2661627906976744,0.2751162790697675,0.4155813953488371,-0.0075581395348836,-0.0323255813953488,-0.04,-0.0760465116279069,0.0436046511627906,-0.2644186046511628,0.1961627906976744,0.0855813953488372,-0.7734883720930232,0.2452325581395349,0.3451162790697675,-0.162906976744186,0.0781395348837209,-0.2624418604651163,-0.2167441860465117,-0.3343023255813954,-0.346046511627907,-0.2736046511627907,0.262906976744186,0
MVQCVRHFVLPRLKKDAGLPFFFPLITHSQPLNRGAFFCLGVRR,-0.1828344318181818,-0.0176116338636363,-0.1568796068181819,0.3257882386363636,0.0927606324999999,-0.1365909090909091,-0.1906818181818182,-0.201590909090909,-0.0018181818181817,0.0168181818181817,0.0013636363636363,0.2181818181818181,0.0559090909090909,0.0011363636363636,-0.144090909090909,-0.3279545454545454,-0.1393181818181817,0.0759090909090909,-0.0482727272727272,0.0341136363636363,0.0379318181818182,0.2871590909090909,0.2598181818181818,0.2399090909090909,-0.0318181818181818,-0.0413636363636363,0.1190909090909091,-0.1413636363636363,0.0220454545454545,-0.3445454545454545,0.3261363636363636,-0.0897727272727272,0.3156818181818182,0.2025,-0.2702272727272727,0.5209090909090909,-0.2679545454545455,-0.0376363636363636,0.0238863636363636,-0.0195681818181818,-0.0735227272727273,0.0049318181818181,-0.0070454545454544,-0.2990909090909091,1.376495454545455,-0.2777386363636364,0.8177204545454546,0.7745454545454543,-0.4029545454545454,0.2593181818181819,0.4743181818181818,-0.1679545454545455,-0.0115909090909091,-0.1147727272727272,0.0361363636363636,0.2240454545454546,0.0612045454545454,0.0206363636363636,-0.0615227272727272,-0.7668181818181817,-0.143340909090909,0.0216363636363636,0.00175,-0.3623181818181817,-0.1229772727272727,0.1968863636363636,0.1894999999999999,-0.2542522727272728,-0.1009659090909091,-0.0790159090909091,-0.1173,0.5524977272727273,-0.0414704545454545,-0.6968204545454545,0.6107204545454546,-0.3603840909090909,-0.149056818181818,0.3710931818181819,-3.978863636363637,-0.1068181818181817,-0.3234090909090908,0.1590909090909091,0.3977272727272728,0.18,-0.0775,0.0172727272727272,-0.0581818181818181,0.2559090909090909,-0.1695454545454545,0.0872727272727272,0.1859090909090909,-0.7359090909090908,0.1615909090909091,0.3081818181818181,-0.1634090909090909,0.0711363636363636,-0.3318181818181818,-0.5827272727272728,-0.2106818181818181,-0.3336363636363636,0.1961363636363636,0.195,0
APLEPVYPGDNATPEQMAQYAAELRRYINMLTRPRY,0.1845388644444444,-0.0081233927777777,0.3117508694444444,0.3718233555555554,0.1747144702777777,0.2211111111111111,-0.1652777777777777,-0.2394444444444444,-0.135,-0.0580555555555555,-0.1347222222222222,0.1805555555555555,-0.093611111111111,0.1411111111111111,0.0163888888888888,-0.1041666666666666,-0.235,-0.0083333333333333,-0.2341111111111111,-0.0378611111111111,-0.0215277777777777,0.2606666666666667,0.44925,-0.0561944444444444,0.0294444444444444,-0.0605555555555555,-0.1102777777777777,0.0958333333333333,-0.1980555555555555,-0.2038888888888889,0.1761111111111111,-0.2255555555555555,0.0986111111111111,-0.0749999999999999,-0.2247222222222222,0.4388888888888889,-0.2838888888888889,0.0346388888888888,0.0020555555555555,-0.0119722222222222,-0.0694722222222222,0.0461111111111111,-0.1208333333333332,-0.1127777777777777,-1.2221555555555552,-0.2587361111111111,1.2151166666666666,-0.7874999999999999,-0.0297222222222224,-0.0866666666666665,0.3180555555555556,-0.461111111111111,-0.1705555555555555,-0.0180555555555555,0.0444444444444444,0.2200555555555555,0.0296111111111111,-0.0219166666666666,-0.0263333333333333,-0.7680833333333333,-0.1552777777777778,-0.1105833333333333,-0.0549722222222222,-0.1448611111111111,-0.3233333333333333,0.0559444444444444,0.1466388888888888,-1.0183055555555556,-0.494486111111111,0.1621249999999999,0.1992388888888888,-0.0792805555555555,0.1147888888888889,-0.9085111111111112,0.0210333333333332,0.0859805555555555,-0.9719333333333332,0.4776888888888888,-4.022500000000001,-0.0575,-0.0549999999999999,0.0916666666666666,0.4713888888888889,-0.0813888888888889,0.0958333333333333,-0.0488888888888888,0.0130555555555555,-0.0199999999999999,-0.2541666666666666,0.1272222222222222,0.3027777777777778,-0.7347222222222223,0.1116666666666666,0.2633333333333334,-0.3894444444444445,0.0083333333333333,-0.2402777777777778,-0.0483333333333333,-0.0463888888888888,-0.2205555555555556,-0.2597222222222222,0.3916666666666667,0
MKRTFQPSNRKRKNKHGFRERMASANGRRVLAARRAKGRKKLTVSDEYNGQKW,0.4968744043396226,-0.0753676447169811,0.2672710018867923,0.2740593490566038,0.7214508724528302,0.5149056603773586,-0.0311320754716981,-0.2298113207547169,-0.1783018867924528,0.3071698113207546,0.2484905660377358,0.240377358490566,-0.0188679245283018,0.0886792452830188,-0.1566037735849056,0.1381132075471698,-0.1539622641509434,0.3349056603773584,-0.5663018867924527,0.0678490566037735,-0.0729811320754716,0.2268679245283019,-0.0843396226415094,0.455245283018868,-0.0316981132075471,0.0652830188679245,0.0856603773584905,0.5943396226415094,-0.0888679245283019,-0.2605660377358491,0.3145283018867924,0.0622641509433962,-0.120377358490566,0.1171698113207547,-0.2633962264150943,0.330754716981132,-0.0975471698113207,0.0925094339622641,-0.0638301886792452,-0.0353207547169811,-0.0932075471698113,-0.0451320754716981,0.0258490566037736,0.3337735849056604,-3.608107547169812,1.3556528301886792,0.689067924528302,-1.9037735849056605,0.9664150943396224,0.2009433962264151,0.8426415094339622,0.0845283018867924,0.508679245283019,-0.0635849056603773,0.2033962264150943,0.221811320754717,-0.0157735849056603,-0.0064905660377358,-0.0585471698113207,-0.7246226415094339,0.0171698113207547,-0.1217924528301886,-0.0394339622641509,-0.1162830188679245,-0.2442641509433962,0.3652075471698113,0.5086037735849057,0.7111150943396227,-0.9943320754716982,-0.7679509433962264,0.1517283018867924,0.519288679245283,-0.1022377358490566,0.0066320754716982,-0.6894132075471696,-0.6447377358490565,1.758045283018868,0.8022264150943397,-3.808490566037736,0.8052830188679244,-0.3294339622641509,0.0850943396226415,0.6056603773584904,-0.4715094339622641,0.1554716981132075,0.020377358490566,0.3781132075471698,0.3796226415094339,0.2277358490566037,0.5815094339622641,-0.0179245283018868,-0.6967924528301885,0.4118867924528303,0.2656603773584906,-0.3681132075471697,0.4641509433962263,-0.1981132075471698,1.1984905660377358,0.1849056603773585,-0.870943396226415,0.279811320754717,0.2349056603773584,0
VMNQWPGVNLRVTEGWDEDGHHFEESLHYEGRAVDITTSDRDKSKYGTLSRLAVEAGF,0.1166476310344827,-0.0042571613793103,-0.1184514224137931,0.2927438689655172,-0.0999727268965517,0.2960344827586207,-0.0153448275862069,-0.0675862068965517,0.0344827586206896,-0.0924137931034482,0.2079310344827586,-0.0156896551724137,-0.0293103448275862,0.1353448275862069,0.0567241379310344,0.0417241379310344,-0.3363793103448276,-0.0184482758620689,-0.4088965517241379,-0.0273793103448275,-0.1611724137931034,0.3141896551724137,-0.0847241379310344,-0.1184827586206896,-0.0284482758620689,-0.1760344827586207,-0.0596551724137931,0.2098275862068966,-0.216551724137931,-0.1855172413793103,-0.1305172413793103,0.1694827586206896,-0.1703448275862069,0.2089655172413793,-0.1882758620689655,0.283448275862069,-0.4201724137931034,0.0474137931034482,0.0176551724137931,-0.0524310344827586,-0.026,0.0105689655172413,-0.35,0.1425862068965517,-1.8042413793103445,-0.8044293103448275,0.1089051724137931,-1.175862068965517,-0.4281034482758621,-0.3512068965517241,-0.2108620689655172,-0.1275862068965517,0.2896551724137931,0.1008620689655172,-0.0186206896551724,0.2206551724137931,0.006,-0.0245172413793103,-0.006051724137931,-0.8140344827586207,-0.1908965517241379,-0.233603448275862,-0.1036896551724138,0.0273103448275862,-0.3943275862068965,0.1647931034482758,0.3488275862068964,-0.491405172413793,-0.5120931034482757,-0.0421758620689655,0.4758603448275861,0.0518913793103448,0.0888327586206896,-0.6031896551724136,-0.445496551724138,-0.1474913793103447,-0.3768568965517241,0.3761689655172412,-4.298275862068966,0.0381034482758621,0.1398275862068965,-0.0020689655172413,0.7527586206896552,-0.1908620689655172,-0.0394827586206896,-0.2101724137931034,0.0703448275862068,-0.2662068965517242,-0.0791379310344827,0.2905172413793103,-0.07,-0.7803448275862068,0.046551724137931,0.3258620689655173,-0.5294827586206897,0.3679310344827586,-0.2663793103448276,0.6439655172413792,-0.3479310344827585,-0.2308620689655172,-0.4408620689655171,0.1072413793103448,0
MAVKERVGVVVSDKMQKTVVVAVENRAPHPKYGKIVVKTRRYKAHDENNEAKVGDRVRIRETRPLSRTKRWVIAEILSPRTA,0.2029269085365853,-0.139471253902439,0.1841470097560975,0.4430853109756097,0.2439930623170731,0.2658536585365854,-0.3089024390243902,-0.3086585365853658,-0.1352439024390243,0.0458536585365853,0.0960975609756097,0.1109756097560975,-0.0635365853658536,0.1456097560975609,0.0197560975609756,-0.0301219512195121,-0.2457317073170732,0.1719512195121951,-0.6311463414634146,0.1690975609756098,-0.0786585365853658,0.3534268292682927,0.0708414634146341,0.3961219512195122,-0.1846341463414634,-0.096219512195122,0.3351219512195122,0.4075609756097561,-0.0956097560975609,-0.2908536585365854,-0.0567073170731707,-0.0736585365853658,-0.1241463414634146,0.1798780487804877,-0.4082926829268292,0.3776829268292683,-0.2179268292682926,0.0337073170731707,-0.0297317073170731,-0.0635121951219512,-0.1058414634146341,-0.0615853658536585,-0.1448780487804878,0.0752439024390243,-1.7643365853658537,0.1338012195121952,0.9110268292682928,-0.8395121951219511,0.2275609756097559,-0.5237804878048782,0.7873170731707317,-0.1258536585365854,0.2106097560975609,0.2873170731707317,0.038780487804878,0.2277439024390244,0.0359390243902439,-0.0429512195121951,-0.0817560975609756,-0.8043048780487807,-0.2365365853658537,-0.2279268292682927,-0.0267195121951219,-0.1270609756097561,-0.1842439024390244,0.2605365853658536,0.2115,-0.356889024390244,-1.0294439024390245,-0.2054743902439024,-0.0265439024390244,0.380340243902439,0.0671317073170731,-0.8339134146341463,-0.2634634146341463,-0.3850365853658536,-0.0663280487804877,0.5335341463414633,-4.222073170731708,0.3473170731707317,-0.1184146341463414,0.2568292682926829,0.5229268292682927,-0.258780487804878,-0.0120731707317073,-0.0201219512195121,-0.1628048780487805,0.176951219512195,-0.1473170731707316,0.3878048780487804,0.174390243902439,-0.7648780487804878,0.2476829268292683,0.3581707317073171,-0.3678048780487805,0.1110975609756097,-0.1495121951219511,0.5165853658536586,-0.3710975609756098,-0.8790243902439026,-0.1063414634146341,0.2348780487804878,0
MSRTIFCTYLQRDAEGQDFQLYPGELGKRIYNEISKDAWAQWQHKQTMLINEKKLNMMNAEHRKLLEQEMVSFLFEGKDVHIEGYTPEDKK,0.2438173584615384,-0.2431238538461538,0.1158025296703296,0.0858864593406593,0.0442305114285714,0.2348351648351649,-0.0172527472527472,-0.3025274725274725,-0.0756043956043955,0.0309890109890109,0.133076923076923,-0.0665934065934066,0.0274725274725274,0.0979120879120879,-0.0067032967032967,0.0673626373626373,-0.2262637362637362,-0.0443956043956043,-0.2531208791208791,0.2145164835164834,0.0337692307692308,0.1984835164835164,-0.012076923076923,-0.0575714285714285,-0.2213186813186813,0.0535164835164835,-0.15,0.2358241758241758,0.0205494505494505,-0.1873626373626373,0.1448351648351648,0.0904395604395604,-0.0423076923076922,-0.0613186813186813,-0.1659340659340659,0.3686813186813186,-0.2787912087912088,0.0309560439560439,-0.0492197802197802,-0.0548461538461538,-0.028,0.0326373626373626,0.0838461538461538,0.1336263736263736,-1.3418582417582416,0.4933021978021978,0.223954945054945,-0.7861538461538462,0.489120879120879,-0.4675824175824176,0.0308791208791208,-0.2928571428571428,0.3072527472527472,-0.0325274725274725,-0.0027472527472527,0.2263626373626374,-0.0441758241758241,-0.0139340659340659,-0.0522087912087912,-0.7135714285714287,-0.1168351648351648,-0.0899560439560439,-0.105032967032967,-0.0114835164835164,0.0452967032967032,0.1314725274725274,0.2141098901098901,-0.0737351648351648,-0.4946560439560439,-0.129054945054945,0.0920406593406593,-0.0900230769230769,0.3176802197802198,-0.1133736263736262,-0.387465934065934,-0.1316912087912087,0.0584857142857143,-0.3200923076923077,-3.718681318681318,0.4094505494505495,-0.1357142857142856,0.0805494505494505,0.4278021978021977,-0.1512087912087911,0.1005494505494505,0.0436263736263736,0.0767032967032966,-0.0923076923076923,-0.0303296703296703,0.2387912087912087,-0.1107692307692307,-0.6850549450549451,0.2372527472527472,0.2771428571428571,-0.2337362637362637,0.3484615384615384,-0.0832967032967033,0.3029670329670328,-0.0173626373626373,-0.4006593406593407,-0.3237362637362637,0.124065934065934,0
MQNNTTGMDTKSLKNCGQPKAVCTHCKHSPPCPQPGCVTKRPPVPPRLYLPPPVPIRQPNTKDIDNVEFKYLTRYEQHVIRMLRLCNMYQNLEK,0.1593928972340424,0.2369886905319149,-0.1084591638297873,0.1410940872340425,0.0238093019148936,0.255,-0.2579787234042554,-0.1788297872340425,-0.0780851063829787,0.0298936170212766,-0.1946808510638297,0.0869148936170212,-0.1267021276595744,-0.0940425531914893,-0.0440425531914893,-0.0508510638297872,-0.2592553191489361,0.0835106382978723,-0.3171808510638298,-0.1839893617021276,-0.1343404255319149,0.0162234042553191,0.425340425531915,0.0967978723404255,0.2291489361702127,-0.0541489361702127,0.0677659574468085,0.1337234042553191,0.2146808510638297,-0.0882978723404255,0.2382978723404255,-0.3418085106382978,0.1594680851063829,0.0340425531914893,-0.3023404255319149,0.4847872340425531,-0.3158510638297872,0.0429255319148936,0.0154787234042553,0.0362978723404255,-0.0486382978723404,-0.0142872340425531,-0.2054255319148936,0.0548936170212765,-1.2015287234042558,-0.0617574468085105,0.9369595744680852,-0.9061702127659572,0.0034042553191488,0.2922340425531916,0.4678723404255319,-0.1857446808510638,-0.3934042553191489,0.1093617021276595,-0.0722340425531914,0.2181808510638298,0.0223297872340425,-0.0453404255319148,-0.0191702127659574,-0.8073404255319149,-0.1675531914893617,-0.1149574468085106,-0.0177021276595744,-0.1110744680851063,-0.0861595744680851,0.1437553191489362,-0.0943617021276595,-0.9698095744680854,-0.3465446808510639,-0.0228446808510638,-0.2230819148936169,0.0627606382978724,-0.0357755319148936,-0.8942851063829784,0.1263999999999999,0.1862085106382979,-1.0178340425531915,0.0288031914893617,-4.203617021276596,-0.0878723404255318,-0.1793617021276596,0.1396808510638297,0.3328723404255318,-0.1411702127659574,-0.0688297872340425,-0.0374468085106383,-0.0122340425531915,0.1106382978723404,-0.0720212765957447,0.0813829787234042,0.4137234042553193,-0.76,0.1022340425531915,0.3107446808510638,-0.1634042553191489,0.0849999999999999,-0.1617021276595745,0.1621276595744679,-0.1230851063829788,-0.1253191489361702,-0.0632978723404254,0.2699999999999999,0
MSLEILDQLEEKIKQAVETIQLLQLEVEELKEKNAESQRNIENLQTENEQLKNEHRNWQEHIRSLLGKFDNV,0.3534023334722221,-0.4495383591666666,-0.1382783666666667,0.2315330597222221,-0.2765200718055555,0.3884722222222221,-0.1384722222222222,-0.5013888888888889,-0.0952777777777777,0.0598611111111111,0.1966666666666666,-0.2013888888888889,0.0269444444444444,0.0608333333333333,0.0861111111111111,0.2013888888888889,-0.2697222222222222,-0.1469444444444444,-0.412125,0.4829999999999999,0.0146666666666666,0.3644027777777778,0.0409027777777777,-0.0785416666666666,-0.4784722222222222,0.0529166666666666,-0.16875,0.4136111111111111,-0.1602777777777777,-0.2666666666666666,0.1243055555555555,0.0015277777777777,0.0540277777777777,-0.2733333333333334,-0.2088888888888889,0.3540277777777778,-0.2376388888888888,0.0454583333333333,-0.0869722222222222,-0.116375,-0.0432361111111111,0.0378472222222222,0.1023611111111111,0.2640277777777778,-2.2027291666666664,0.6160680555555555,0.0343819444444444,-1.1302777777777775,0.8238888888888889,-1.2604166666666667,0.1190277777777777,-0.4291666666666667,0.4516666666666667,0.1148611111111111,-0.3673611111111111,0.2402083333333333,-0.0858611111111111,-0.0567083333333333,-0.0882222222222222,-0.7382083333333332,-0.2150555555555555,-0.241625,-0.1539861111111111,0.1172916666666666,0.3272638888888888,0.1424027777777777,0.1508472222222222,-0.3058569444444445,-1.3967361111111112,0.2017041666666666,0.1431388888888889,-0.4350958333333333,0.3132138888888889,0.0689500000000001,-0.8504666666666667,-0.1202208333333333,-0.3425416666666666,-0.641888888888889,-3.790555555555556,0.7919444444444445,0.0519444444444444,0.1623611111111111,0.3980555555555555,-0.287361111111111,0.1118055555555555,0.0913888888888888,-0.0795833333333333,-0.2636111111111112,-0.1213888888888889,0.3783333333333333,-0.1859722222222222,-0.6866666666666666,0.2806944444444444,0.2770833333333333,-0.3597222222222222,0.3423611111111111,0.1220833333333333,0.5772222222222222,-0.0541666666666666,-0.7154166666666667,-0.8400000000000001,0.3722222222222222,0
MIVPIRCFTCGKPLGHLYITFKHRVLAGEHPGRVLDELGVHRYCCRRTLIAHVEWIDDLLVYEKRS,-0.0995667457575757,-0.0821566584848484,0.1324250969696968,0.2515508363636364,0.2043554806060606,-0.0872727272727272,-0.1693939393939394,-0.1949999999999999,0.0693939393939394,0.0486363636363636,0.0006060606060605,0.094090909090909,0.059090909090909,0.0263636363636363,0.0274242424242424,-0.1706060606060606,-0.1871212121212121,0.0628787878787878,-0.1121212121212121,0.1130909090909091,0.0105454545454545,0.2289545454545454,0.0300757575757575,0.2084545454545454,-0.1053030303030303,-0.0484848484848484,0.2299999999999999,-0.0101515151515151,-0.1836363636363636,-0.1642424242424242,0.084090909090909,0.023030303030303,0.1022727272727272,0.396060606060606,-0.2848484848484848,0.4033333333333333,-0.2672727272727273,-0.0276818181818181,0.0054848484848484,-0.0323939393939394,-0.0476666666666666,-0.0255757575757575,-0.0133333333333333,-0.0786363636363636,0.8134393939393939,-0.145812121212121,0.3394984848484848,0.582878787878788,-0.277727272727273,-0.086060606060606,0.2045454545454545,-0.0774242424242424,0.1927272727272727,0.1471212121212121,-0.2003030303030303,0.2256515151515152,0.0466363636363636,0.0077727272727272,-0.0547878787878787,-0.7526212121212121,-0.1940151515151515,-0.0783333333333333,-0.0545151515151515,-0.1904090909090909,-0.1219545454545454,0.2229090909090909,0.1467727272727272,-0.4436227272727273,-0.3193893939393939,0.139110606060606,-0.085830303030303,0.1972106060606061,-0.0022060606060605,-0.7753242424242421,0.1607727272727272,-0.2383848484848484,-0.6233924242424241,0.2623151515151514,-3.958636363636365,0.0237878787878788,-0.176060606060606,0.1813636363636363,0.4507575757575757,0.0612121212121212,-0.0446969696969697,0.0136363636363636,-0.0804545454545454,0.0931818181818181,-0.1648484848484848,0.2137878787878787,0.0828787878787879,-0.729090909090909,0.1468181818181818,0.3640909090909091,-0.1925757575757576,0.1806060606060606,-0.1610606060606061,-0.1592424242424242,-0.3733333333333334,-0.4431818181818182,0.0386363636363636,-0.0501515151515151,0
MKKDTHPDYHFITVQMNDGSTYKTRSTYGSEGDTLVLDIDPTTHPAWTGGGQQILDRGGRVSRFKKKFGFIGS,0.1111316979452054,0.2549636308219178,0.0069869767123287,0.2460681931506849,0.1801803160273972,0.2797260273972602,-0.0536986301369863,-0.004931506849315,0.0284931506849314,-0.1146575342465753,0.2065753424657534,0.0671232876712328,-0.1054794520547944,0.0667123287671233,-0.0597260273972602,-0.001917808219178,-0.3346575342465753,0.1058904109589041,-0.2694246575342466,-0.3093013698630137,-0.1752739726027397,0.2734520547945206,-0.0643972602739726,-0.0123424657534246,0.247945205479452,-0.2061643835616438,0.1042465753424657,0.206986301369863,0.0708219178082192,-0.2038356164383561,0.0220547945205479,0.1357534246575342,-0.166986301369863,0.1301369863013698,-0.2331506849315069,0.3545205479452055,-0.4405479452054794,0.0550821917808219,0.053945205479452,0.0017945205479452,-0.0545205479452054,-0.0195479452054794,-0.4505479452054793,0.1213698630136986,-1.8610917808219176,-0.9379479452054792,0.6097821917808219,-1.4434246575342466,-0.645068493150685,0.211917808219178,0.0195890410958903,0.0004109589041095,0.0794520547945205,0.1983561643835616,0.2847945205479451,0.2113561643835616,0.0252054794520548,-0.0283561643835616,-0.0007123287671232,-0.8478356164383561,-0.1613835616438356,-0.1866164383561644,-0.0511780821917808,-0.0441780821917808,-0.4350547945205479,0.1044520547945205,0.3040821917808219,-0.6044684931506848,-0.3064383561643835,-0.2053876712328767,0.2933356164383561,0.4594287671232878,0.156131506849315,-1.015221917808219,-0.1968246575342465,-0.2251136986301369,-0.3505657534246575,0.4558904109589041,-4.524657534246575,-0.0493150684931507,0.0058904109589041,0.0627397260273972,0.7347945205479453,-0.1646575342465753,-0.0819178082191781,-0.2741095890410959,0.1276712328767122,-0.0652054794520548,-0.046986301369863,0.2267123287671232,0.0243835616438356,-0.8156164383561644,0.0773972602739725,0.3341095890410959,-0.4397260273972603,0.3564383561643836,-0.3867123287671233,0.5236986301369863,-0.4953424657534247,-0.2947945205479452,-0.2963013698630136,0.086986301369863,0
MLFESISTLSNLKSASKSSMIASTGSTSSKSSNSIQCYTGCVGGGIFPIRQTSINIDINISISRGCGSCGGCACRY,-0.2474495351315789,0.412173125131579,-0.4980181434210527,0.3707146618421052,-0.0770080093421052,0.1139473684210526,-0.3807894736842105,0.1776315789473684,0.1827631578947368,0.1098684210526316,0.3014473684210526,0.0860526315789473,-0.1586842105263158,0.1222368421052632,-0.0369736842105263,-0.1364473684210526,-0.4415789473684209,0.2294736842105262,0.0187105263157894,-0.3324342105263157,-0.4324078947368421,0.310421052631579,-0.1911184210526315,0.0438684210526316,0.2353947368421052,-0.5506578947368421,0.3243421052631579,0.0355263157894736,-0.150657894736842,-0.0378947368421052,-0.1489473684210525,-0.0209210526315789,-0.1944736842105262,-0.1871052631578947,-0.4948684210526314,0.4517105263157894,-0.4989473684210526,0.0309210526315789,0.1264999999999999,-0.0272236842105263,-0.0264605263157894,-0.0892368421052631,-1.066578947368421,-0.0505263157894736,-0.9503684210526316,-2.70206447368421,-0.3224078947368421,-0.8459210526315788,-1.835921052631579,-0.0205263157894737,0.3948684210526316,0.4297368421052631,0.0211842105263158,0.3030263157894736,0.125,0.2271184210526316,0.0621315789473684,-0.0726052631578947,0.0964605263157894,-1.0500789473684211,-0.3002894736842105,-0.3313815789473684,0.0828684210526315,-0.0275394736842105,-0.6670657894736842,0.1183552631578947,0.2293552631578947,-0.0289973684210527,-0.938984210526316,-0.6819197368421053,-0.1774315789473684,0.4302144736842105,-0.2261131578947368,-1.0058171052631577,-0.6595421052631579,-0.6615526315789472,0.7704631578947365,1.1859184210526317,-5.783815789473684,-0.206578947368421,0.080921052631579,0.3561842105263157,0.988684210526316,-0.0805263157894736,-0.4777631578947368,-0.5206578947368421,-0.1007894736842105,-0.0285526315789474,-0.1477631578947368,-0.0236842105263158,-0.1802631578947368,-0.9994736842105262,0.0538157894736842,0.604078947368421,-0.4005263157894737,0.4563157894736842,-0.3077631578947368,0.4735526315789474,-1.0538157894736842,0.1371052631578947,-0.6190789473684211,0.0563157894736842,0
MAMCELCGKKPMFGHNVSHSNRKTNRKFKPNVQRVTVILNGVPKRMRICTRCLRTLYKEAREA,0.1518436298412698,-0.0828325325396825,0.3872626507936507,0.2228010587301586,0.5434011357142856,0.1857142857142857,-0.263015873015873,-0.2342857142857143,-0.0433333333333333,0.25,0.0846031746031746,0.1450793650793651,-0.0634920634920634,-0.0253968253968254,-0.0773015873015873,-0.0514285714285714,-0.1974603174603174,0.2266666666666666,-0.3308412698412697,0.1190952380952381,-0.1118253968253968,0.1078571428571428,0.0395396825396825,0.3814126984126984,-0.0873015873015873,-0.043015873015873,0.2311111111111111,0.2765079365079365,0.0415873015873015,-0.0763492063492063,0.2958730158730159,-0.0623809523809523,0.0393650793650793,0.1825396825396825,-0.364920634920635,0.434126984126984,-0.1871428571428571,0.026063492063492,-0.024063492063492,-0.0328253968253968,-0.0488412698412698,-0.061015873015873,-0.0963492063492063,0.0695238095238095,-1.1538111111111111,0.3982539682539682,0.241947619047619,-0.4695238095238096,0.2252380952380951,0.0209523809523809,0.7304761904761906,0.1196825396825396,0.1542857142857143,-0.0087301587301587,-0.0419047619047619,0.2288888888888889,0.0187301587301587,-0.0269047619047619,-0.0285873015873015,-0.7912539682539681,-0.1257142857142857,-0.1001587301587301,0.0278888888888888,-0.1473015873015873,-0.0800952380952381,0.2814444444444445,0.1301269841269841,-0.3038396825396824,-0.5370603174603175,-0.4858079365079366,-0.3480349206349206,0.267542857142857,-0.0935952380952381,-0.8918000000000001,-0.270747619047619,-0.2956190476190476,0.0636126984126984,0.3591253968253968,-4.202857142857143,0.4195238095238096,-0.3249206349206348,0.2815873015873015,0.4461904761904762,-0.1946031746031746,-0.0865079365079365,0.009047619047619,0.0511111111111111,0.2833333333333334,0.0585714285714285,0.2738095238095236,0.0668253968253968,-0.756190476190476,0.3323809523809524,0.3841269841269841,-0.1639682539682539,0.2195238095238095,-0.0785714285714285,0.4485714285714285,-0.2028571428571428,-0.5223809523809524,0.148095238095238,0.0634920634920634,0
MPPRSIEEWFYYKLLSSPGFHRFVRKVYRKVNGIKEDPFTDQSTAFQYLYKPTPRQKFKALRLLFWDEMRSTFGFRRRLGDRFKKD,0.2371740353488372,0.0126430638372092,0.1276532430232557,0.1643651720930232,0.2240243693023255,0.1299999999999999,0.0601162790697674,-0.2708139534883721,-0.1259302325581395,0.012906976744186,0.0582558139534883,0.0815116279069767,-0.028953488372093,0.0986046511627907,-0.2513953488372094,0.0056976744186046,-0.0832558139534883,0.0733720930232558,-0.2585000000000001,-0.0047558139534883,0.1962209302325581,0.2100697674418604,0.163406976744186,0.2290697674418605,0.0882558139534884,0.2340697674418605,0.0056976744186046,0.1836046511627907,-0.0787209302325581,-0.3961627906976744,0.2134883720930232,-0.0580232558139534,0.0776744186046511,0.1495348837209302,-0.1415116279069767,0.417906976744186,-0.1911627906976744,0.022360465116279,-0.0418720930232558,0.017453488372093,-0.0960348837209302,0.0122209302325581,0.408139534883721,0.0473255813953488,-0.8752151162790697,1.396725581395349,1.002746511627907,-0.5302325581395351,0.9186046511627906,0.1946511627906976,0.2587209302325581,-0.2955813953488372,0.0269767441860465,0.0460465116279069,0.2927906976744186,0.2195116279069768,-0.0125116279069767,0.0410232558139534,-0.0427325581395348,-0.6063837209302324,-0.0366511627906976,0.0239767441860465,-0.1124186046511627,-0.1894883720930233,-0.0293720930232558,0.1477674418604651,0.2474302325581395,1.3008255813953489,-0.4616883720930232,-0.2463802325581395,0.1012151162790697,0.4127651162790698,0.2680848837209303,1.24656511627907,-0.0219581395348837,-0.3950837209302325,2.0740000000000007,0.3030267441860464,-3.038953488372093,0.322906976744186,-0.292906976744186,-0.1191860465116279,0.301860465116279,-0.0901162790697674,0.3048837209302326,0.2041860465116279,0.1608139534883721,0.1852325581395349,0.0601162790697674,0.1483720930232557,0.1930232558139535,-0.5894186046511628,0.2201162790697674,0.1067441860465116,-0.2120930232558139,0.26,-0.2686046511627907,0.0148837209302325,0.3662790697674418,-0.5043023255813954,0.0524418604651163,0.1143023255813953,0
MPLFKFAIDVQYRSNVRDPRGETIERVLREEKGLPVKKLRLGKSIHLEVEAENKEKAYEIVKKACEELLVNPVVEEYEVREL,0.2417853359756098,-0.3309643404878049,0.2510417170731707,0.3985602036585366,0.0213607403658536,0.2280487804878048,-0.2389024390243902,-0.4101219512195122,-0.1304878048780487,-0.0168292682926829,0.0571951219512195,-0.0218292682926829,0.0870731707317073,0.159390243902439,-0.0217073170731707,-0.018170731707317,-0.2324390243902439,-0.0348780487804878,-0.5072073170731708,0.3561829268292683,0.0104390243902439,0.4459878048780487,0.1617073170731706,0.0885731707317073,-0.348170731707317,0.0053658536585365,-0.0108536585365853,0.3046341463414633,-0.2082926829268293,-0.4196341463414634,0.1304878048780487,0.0153658536585365,-0.0060975609756097,0.1648780487804878,-0.313780487804878,0.3002439024390244,-0.1608536585365853,0.0253536585365853,-0.0552195121951219,-0.0939024390243902,-0.0865731707317073,0.0239268292682926,0.0264634146341463,0.0679268292682927,-1.2725170731707316,0.3554902439024389,0.7986548780487804,-0.6740243902439025,0.3998780487804879,-0.8198780487804876,0.3158536585365853,-0.6209756097560977,0.4010975609756098,0.2115853658536585,-0.233780487804878,0.2363658536585366,0.0024146341463414,-0.0240975609756097,-0.1011341463414634,-0.7612073170731707,-0.2334512195121951,-0.1325853658536585,-0.0632926829268292,-0.1338048780487805,0.0773536585365853,0.1532926829268292,0.2075121951219512,-0.32865243902439,-1.0203036585365852,-0.0859219512195122,0.0531536585365853,0.017310975609756,0.4062707317073171,-0.4904146341463413,-0.3117512195121951,-0.303369512195122,-0.182620731707317,-0.0472560975609756,-3.9415853658536575,0.5131707317073171,-0.1530487804878049,0.2204878048780488,0.4059756097560976,-0.1829268292682926,0.078170731707317,0.0641463414634146,-0.0789024390243902,-0.0945121951219512,-0.2625609756097561,0.4232926829268292,0.0721951219512194,-0.7173170731707317,0.303780487804878,0.291219512195122,-0.2958536585365853,0.148780487804878,-0.1053658536585366,0.2582926829268291,-0.2662195121951219,-0.7165853658536585,-0.5310975609756097,0.2079268292682927,0
APTAFYGVR,-0.2172400977777777,0.1511737955555555,0.7106142,0.6624484444444445,0.5836752122222222,-0.0888888888888888,-0.1522222222222222,0.1077777777777778,0.0033333333333333,-0.1422222222222221,0.0111111111111111,0.4411111111111111,-0.1655555555555555,0.4033333333333333,-0.0877777777777777,-0.4388888888888889,-0.2733333333333333,0.1644444444444444,-0.135,-0.3007777777777777,-0.1348888888888888,0.4898888888888889,0.2078888888888889,0.1292222222222222,0.1455555555555555,-0.3677777777777777,0.1933333333333333,-0.1488888888888888,-0.2177777777777777,-0.4166666666666667,0.1855555555555555,0.0611111111111111,0.041111111111111,0.12,-0.2522222222222222,0.4744444444444444,-0.3955555555555556,-0.0108888888888888,0.1064444444444444,-0.0183333333333333,-0.1065555555555555,0.0035555555555555,-0.6166666666666667,-0.4466666666666666,0.3833333333333331,-2.069433333333333,1.4942888888888888,0.0477777777777778,-1.612222222222223,0.5477777777777778,0.5699999999999998,-0.23,0.0322222222222222,0.0922222222222222,0.4966666666666667,0.2121111111111111,0.1617777777777777,0.0251111111111111,0.0095555555555555,-0.8845555555555557,-0.2782222222222222,-0.0637777777777777,0.0489999999999999,-0.4244444444444444,-1.011,0.0428888888888888,0.4817777777777778,-1.4990666666666663,0.4799666666666666,-0.1125666666666666,0.5840000000000001,1.0017888888888888,0.1030111111111111,-2.382566666666666,0.8994555555555555,-0.3384222222222222,-1.3465666666666667,1.3995111111111112,-4.775555555555555,-0.7877777777777778,0.0311111111111111,0.0611111111111111,0.8955555555555554,0.1555555555555555,-0.1877777777777778,-0.3533333333333333,-0.0711111111111111,0.2211111111111111,-0.4166666666666667,0.0577777777777777,0.1922222222222222,-0.8722222222222222,-0.0633333333333333,0.34,-0.6577777777777777,-0.1155555555555555,-0.7511111111111112,-0.4677777777777777,-0.7077777777777777,-0.1411111111111111,-0.0155555555555555,0.1711111111111111,0
MIFMRKVVAEVSIIPLGKGASVSKYVKKAIEVFKKYDLKVETNAMGTVLEGDLDEILKAFKEAHSTVLNDVDRVVSSLKIDERKDKENTIERKLKAIGEL,0.1074071745,-0.2933522527,0.0110057349999999,0.427931615,-0.0368834825999999,0.1557999999999999,-0.3395,-0.3143,-0.0532,-0.0553,0.2153,-0.0402999999999999,0.0281999999999999,0.1645999999999999,-0.0502,-0.0815,-0.3055,0.0427999999999999,-0.4060999999999999,0.28421,-0.0599599999999999,0.54117,-0.0364599999999999,0.0646,-0.3346,-0.1641,0.0684,0.2619999999999999,-0.0449,-0.5065,-0.0498,0.0957999999999999,-0.0915,0.1338,-0.4213,0.2990999999999999,-0.2783,0.01732,-0.01985,-0.11008,-0.09075,0.0006699999999999,-0.2739999999999999,-0.0321,-1.0025989999999998,-0.516818,0.6631790000000001,-0.5934000000000003,-0.1853999999999999,-0.9588,0.413,-0.4078000000000001,0.3568,0.247,0.0437999999999999,0.23539,0.02171,-0.0457399999999999,-0.0932399999999999,-0.8558899999999998,-0.28604,-0.2019599999999999,-0.0241,-0.1090699999999999,-0.02352,0.11024,0.2125099999999999,-0.5998819999999999,-0.996329,-0.0139589999999999,-0.196167,0.3137110000000001,0.4010909999999999,-1.134988,-0.2456989999999999,-0.4734589999999999,-0.4765439999999999,0.1038399999999999,-4.5657,0.3558,-0.1089,0.3963,0.5577000000000001,-0.1145999999999999,-0.0614,-0.0876,-0.2236,-0.0586,-0.2517,0.3552999999999999,-0.073,-0.8143,0.2883,0.4198999999999999,-0.2965,0.1593,-0.165,0.1960999999999999,-0.5932000000000001,-0.6541999999999999,-0.513,0.2492,0
MQQGIHPDYHPVEVTCSCGNTFVTRTAGKEDHMFVDVCSQCHPFYTGKQKILDTGGRVARFEKRYGKKSK,0.1088266472857142,0.1099112448571428,0.020512577142857,0.1362710328571428,0.164370554,0.2367142857142857,-0.0921428571428571,-0.0672857142857142,0.0514285714285714,0.0525714285714285,0.0474285714285714,0.0532857142857142,-0.0317142857142857,0.1258571428571428,-0.0267142857142857,-0.0161428571428571,-0.3068571428571428,0.114,-0.3628714285714286,-0.1152714285714285,-0.2040428571428571,0.0819857142857142,-0.0578571428571428,0.1383285714285714,0.0771428571428571,-0.1632857142857142,0.1428571428571428,0.2212857142857142,0.1578571428571428,-0.0584285714285714,0.1197142857142857,0.0835714285714285,-0.0359999999999999,0.1962857142857142,-0.2291428571428571,0.3778571428571427,-0.3581428571428571,0.0415285714285714,0.0213142857142857,-0.0111714285714285,-0.0197857142857142,-0.0465714285714285,-0.3719999999999999,0.1564285714285714,-1.543841428571428,-0.4772999999999998,0.122202857142857,-1.0111428571428571,-0.3592857142857144,0.1715714285714285,0.1917142857142857,0.1277142857142856,0.128,0.0881428571428571,0.1332857142857142,0.2151142857142857,0.0162428571428571,-0.0266714285714285,-0.0054142857142857,-0.8300714285714286,-0.1491428571428572,-0.1063142857142857,-0.0043714285714285,-0.0896857142857142,-0.3371142857142858,0.1818714285714285,0.2370428571428572,-0.6284671428571428,0.0140271428571428,-0.5611457142857142,0.2262771428571428,0.3082242857142857,0.10489,-1.1185428571428566,-0.1632485714285714,-0.1138971428571428,-0.362787142857143,0.2159128571428571,-4.414,0.0301428571428571,-0.0992857142857142,0.0541428571428571,0.629142857142857,-0.2019999999999999,-0.1607142857142857,-0.178,0.0762857142857142,0.0357142857142856,0.0497142857142857,0.1804285714285713,0.0594285714285714,-0.7964285714285714,0.1215714285714286,0.3451428571428571,-0.3365714285714286,0.327142857142857,-0.2735714285714286,0.6052857142857142,-0.4147142857142857,-0.2061428571428571,-0.1278571428571428,-0.0615714285714285,0
MAKKPWKKKYGYGIRPCQRCGHVGPGLIRKYGLNLCRQCFREIAHKLGFKKLD,0.1649472726415094,0.0597837430188679,0.2995665320754716,0.101665016981132,0.6468496358490565,0.1158490566037735,-0.0447169811320754,-0.0784905660377358,-0.0932075471698112,0.2115094339622641,0.0343396226415094,0.24,0.1833962264150943,0.0158490566037735,-0.1384905660377358,-0.1415094339622641,-0.1424528301886792,0.2333962264150943,-0.158245283018868,-0.0776981132075471,-0.0206415094339622,0.1685471698113207,-0.056377358490566,0.2414905660377358,0.090566037735849,0.0194339622641509,0.0490566037735849,0.1328301886792453,0.090188679245283,-0.2781132075471698,0.5398113207547169,0.1588679245283019,-0.0084905660377358,0.2577358490566037,-0.2486792452830189,0.3477358490566037,-0.129622641509434,0.0266792452830188,-0.0042641509433962,0.003943396226415,-0.0653018867924528,-0.0044905660377358,-0.0518867924528301,0.090188679245283,-0.6192924528301885,0.5554981132075472,0.8968490566037735,-0.5118867924528304,0.0473584905660376,0.7645283018867927,0.4571698113207547,-0.191132075471698,0.5337735849056604,0.0750943396226415,0.010754716981132,0.2170943396226415,0.0389999999999999,0.0237735849056603,-0.0891132075471698,-0.7521509433962262,-0.0287169811320754,0.0671132075471698,0.0136792452830188,-0.3134716981132076,-0.2111698113207547,0.2559811320754718,0.4034716981132075,-0.2311415094339623,-0.0846094339622641,-0.4874886792452831,-0.0609811320754717,0.5684358490566037,0.0833150943396226,-1.153775471698113,0.2288075471698113,-0.5089188679245283,0.0192245283018867,0.2974094339622641,-3.987735849056604,0.2530188679245283,-0.4894339622641509,0.1937735849056603,0.5183018867924527,-0.0933962264150942,0.0150943396226415,-0.0254716981132075,0.3779245283018867,0.3756603773584905,-0.0439622641509434,0.4594339622641508,-0.0349056603773585,-0.7318867924528302,0.3335849056603774,0.3481132075471698,-0.0922641509433962,0.3767924528301887,-0.3269811320754717,0.2088679245283018,-0.190943396226415,-0.4683018867924529,0.3441509433962263,-0.0447169811320754,0
ISGTSMSCPHVAGRAYVLDTSLRVYLLDTGLR,-0.247924115,0.16604887375,-0.4828977031250001,0.5680401156249999,-0.1112435593749999,-0.0578124999999999,-0.35,-0.0471874999999999,0.08875,0.0075,0.18375,0.1434375,-0.134375,0.0993749999999999,0.0409374999999999,-0.2078124999999999,-0.3409375,0.1456249999999999,-0.099,-0.1131874999999999,-0.20515625,0.5101249999999999,-0.00684375,0.13103125,0.0649999999999999,-0.37875,0.296875,-0.033125,-0.2390625,-0.3381249999999999,-0.0996875,-0.1506249999999999,-0.1484375,0.401875,-0.4496875,0.441875,-0.4425,-0.0055624999999999,0.08584375,-0.04984375,-0.0753125,-0.056125,-0.6334374999999999,-0.2040624999999999,0.05223125,-1.955396875,0.282909375,-0.0096874999999999,-1.3528125000000002,-0.2134375,0.3231249999999999,0.1237499999999999,0.0375,0.2025,0.1615624999999999,0.224625,0.07884375,-0.0522187499999999,0.0231874999999999,-0.94134375,-0.2491875,-0.2480624999999999,0.0258125,-0.1245312499999999,-0.5329375,0.0980937499999999,0.2137812499999999,-0.5792656250000001,-0.859803125,-0.025734375,-0.05944375,0.302378125,-0.16955625,-1.2511687499999995,-0.225465625,-0.491221875,-0.4149062499999998,1.093428125,-5.10875,-0.1734374999999999,0.045,0.3590625,0.8025,0.0575,-0.2518749999999999,-0.3078125,-0.1896875,0.0040624999999999,-0.25625,0.0515624999999999,-0.024375,-0.900625,0.1015625,0.5028125,-0.4390624999999999,0.1215625,-0.2778125,-0.074375,-0.913125,-0.30375,-0.369375,0.1203125,0
MNKTELIAKVAEKQGVSKKEGAPSVEKVFDTISEALKSGEKVSIPGFGTFEVRERAARKGRNPQTGEEIDIPATKAPAFKPAKALKDAVKAK,0.220189329347826,-0.1819774029347825,0.0412256456521738,0.5067905956521739,0.1007842459782608,0.394891304347826,-0.3327173913043478,-0.1282608695652174,-0.1741304347826087,-0.0353260869565217,0.123695652173913,0.1121739130434782,-0.012391304347826,0.2934782608695652,-0.0796739130434782,-0.1116304347826086,-0.3651086956521738,0.1313043478260869,-0.4666739130434783,0.1124782608695652,-0.2665978260869565,0.5392608695652175,0.1684565217391304,-0.0187065217391304,-0.2410869565217391,-0.3154347826086957,-0.136195652173913,0.3331521739130434,-0.0285869565217391,-0.4803260869565217,0.1373913043478261,-0.0122826086956521,-0.113695652173913,-0.0266304347826086,-0.4074999999999998,0.2863043478260869,-0.2829347826086956,0.0676086956521739,0.0070978260869565,-0.1055652173913043,-0.0965543478260869,0.0353369565217391,-0.6546739130434781,0.0335869565217391,-2.4651391304347827,-1.168203260869565,1.292988043478261,-1.6723913043478262,-0.6125000000000002,-0.5077173913043478,0.6485869565217391,-0.5651086956521738,0.3713043478260869,0.0281521739130434,0.2054347826086956,0.2270978260869565,0.0634239130434782,-0.0486195652173913,-0.0788586956521739,-0.939217391304348,-0.3044673913043478,-0.2319239130434782,0.0083804347826087,-0.1821739130434782,-0.3841630434782607,0.1775869565217391,0.3866086956521739,-1.1923358695652175,-0.7269815217391304,-0.3850032608695652,0.1248326086956522,0.6370728260869566,0.3558445652173913,-1.9833086956521733,-0.0632282608695652,-0.4368445652173912,-0.8964032608695653,0.4147673913043477,-5.059021739130435,0.0945652173913043,-0.1069565217391304,0.3183695652173913,0.7547826086956525,-0.2491304347826086,-0.1682608695652174,-0.2885869565217392,-0.0664130434782608,-0.0026086956521739,-0.2920652173913042,0.4558695652173913,0.0953260869565217,-0.8947826086956523,0.208695652173913,0.4360869565217391,-0.4340217391304347,0.2,-0.4088043478260869,0.5883695652173914,-0.6926086956521739,-0.4895652173913044,-0.4159782608695652,0.3920652173913043,0
AMASSLLSGWGGPTTLLVAPM,-0.506193468095238,0.1330803247619047,-0.6080542809523809,0.6991510619047618,-0.2387449485714285,-0.1342857142857142,-0.4757142857142856,0.2019047619047619,-0.1819047619047619,-0.1261904761904762,0.2371428571428571,0.3223809523809524,-0.1866666666666666,0.1166666666666666,0.1233333333333333,-0.5376190476190477,-0.431904761904762,0.1419047619047619,0.1774761904761904,-0.1922380952380951,-0.3864761904761905,0.7369523809523809,0.2855238095238095,-0.3304761904761904,-0.03,-0.6876190476190477,-0.1657142857142857,-0.3857142857142858,-0.02,-0.4685714285714286,0.0752380952380952,-0.3176190476190476,-0.4952380952380952,0.160952380952381,-0.5666666666666667,0.5428571428571428,-0.5914285714285714,-0.017095238095238,0.1622857142857143,-0.0917142857142857,-0.0727619047619047,0.0699523809523809,-1.201428571428571,-0.5966666666666667,1.2043666666666666,-4.167828571428571,1.277195238095238,0.1371428571428571,-2.860952380952381,0.059047619047619,0.4861904761904762,-0.5242857142857142,0.13,-0.2952380952380952,0.3047619047619047,0.2251904761904762,0.1782857142857143,-0.0586666666666666,0.0349047619047619,-1.1146190476190476,-0.3525714285714286,-0.2731904761904761,0.0877619047619047,-0.2777619047619047,-0.8912380952380955,0.1029999999999999,0.3170952380952381,-1.697390476190476,-0.4266952380952381,-0.0497952380952381,-0.2770809523809524,0.6276571428571428,-0.2006714285714285,-2.919233333333333,0.5282523809523809,-0.534352380952381,-2.111861904761905,1.0801333333333332,-6.164761904761905,-0.9199999999999998,-0.0809523809523809,0.6180952380952381,1.0014285714285716,0.3485714285714285,-0.5476190476190476,-0.6347619047619047,-0.1680952380952381,-0.0152380952380952,-0.712857142857143,0.0276190476190475,-0.0928571428571428,-1.072857142857143,0.0119047619047619,0.7285714285714286,-0.3185714285714286,0.0114285714285714,-0.5828571428571429,-0.8357142857142857,-1.4528571428571428,0.0857142857142857,-0.237142857142857,0.3695238095238094,0
MAHKKAGGSTRNGRDSNPKYLGVKRYGGELVKAGTIIIRQRGTKTHPGVNVGCGKDHTLFALKDGTVKFHTGGALNRKFVSIEE,0.1116941964285714,0.1115657121428571,0.3236153238095237,0.4108460654761905,0.5497140451190476,0.305,-0.1498809523809523,-0.0125,0.0336904761904761,0.0064285714285714,0.2729761904761905,0.2375,-0.0021428571428571,0.0788095238095238,-0.0328571428571428,-0.1060714285714285,-0.3435714285714286,0.2253571428571429,-0.3470595238095238,-0.1887499999999999,-0.2655714285714285,0.4334047619047619,-0.1461904761904762,0.095,0.084047619047619,-0.3158333333333333,0.1446428571428571,0.2622619047619047,0.0475,-0.3177380952380953,0.214047619047619,0.3026190476190476,-0.1645238095238095,0.2053571428571428,-0.3207142857142858,0.3076190476190476,-0.3369047619047619,0.0567738095238095,0.0545952380952381,-0.0481904761904761,-0.0733809523809523,-0.0224880952380952,-0.6511904761904763,0.0882142857142857,-1.9262559523809528,-1.2607142857142857,0.7642488095238097,-1.4114285714285713,-0.9790476190476192,0.2685714285714285,0.4232142857142859,-0.0813095238095238,0.5089285714285714,0.191547619047619,0.0351190476190476,0.2189761904761905,0.0671190476190476,-0.0266190476190476,-0.0452738095238095,-0.9252857142857144,-0.1843809523809524,-0.178202380952381,0.0139642857142857,-0.1678571428571429,-0.5193452380952381,0.1912738095238095,0.484190476190476,-1.308277380952381,-0.4007214285714286,-0.3145892857142857,0.2807119047619048,0.6898809523809524,0.054372619047619,-2.256838095238095,-0.0755321428571429,-0.4738666666666666,-1.1817833333333336,0.6496333333333334,-5.016904761904761,0.0727380952380952,-0.1044047619047618,0.2582142857142857,0.870357142857143,-0.1992857142857142,-0.2182142857142857,-0.3663095238095238,0.2051190476190476,0.0958333333333333,-0.1688095238095238,0.5405952380952379,-0.1223809523809524,-0.8891666666666664,0.1976190476190476,0.4413095238095236,-0.4672619047619047,0.3516666666666667,-0.4420238095238096,0.6651190476190477,-0.7686904761904761,-0.5311904761904762,-0.1596428571428571,0.1442857142857143,0
MSKKITLACAVCSSRNYSTNKNVSNQSTRLEVKKFCKTCGKHTLHRETK,0.1867832159183673,0.0075874508163265,-0.1040313632653062,0.2133772897959183,0.2469600630612245,0.2806122448979591,-0.2742857142857143,-0.1532653061224489,0.0642857142857142,0.3540816326530612,0.1581632653061224,0.0151020408163265,-0.2742857142857143,0.0853061224489795,-0.0977551020408163,0.1293877551020407,-0.2993877551020408,0.3012244897959184,-0.3737142857142858,0.0835510204081632,-0.2410408163265306,0.134204081632653,-0.1268979591836734,0.3877551020408163,-0.0561224489795918,-0.1518367346938775,0.2681632653061224,0.4053061224489795,0.0961224489795918,-0.1746938775510204,0.1097959183673469,-0.1961224489795918,-0.0428571428571428,0.170204081632653,-0.3981632653061225,0.4408163265306122,-0.2955102040816326,0.0558571428571428,-0.0121020408163265,-0.043204081632653,-0.048469387755102,-0.1044081632653061,-0.377142857142857,0.2651020408163265,-2.3159040816326533,0.0028285714285713,-0.2704693877551021,-1.1116326530612244,0.1257142857142857,-0.2099999999999999,0.8518367346938774,0.3599999999999999,0.096938775510204,0.1436734693877551,0.1136734693877551,0.2314897959183673,0.0034897959183673,-0.0522448979591836,0.0406938775510204,-0.850469387755102,-0.2097551020408163,-0.2306938775510204,-0.0072653061224489,0.0296530612244898,-0.1610204081632653,0.2378367346938776,0.0806938775510204,0.1857306122448981,-0.7767979591836734,-0.5241959183673469,-0.3012918367346938,0.3469795918367346,-0.1142857142857143,-0.3432591836734694,-0.6532897959183672,-0.3698,0.8164612244897957,0.3743918367346938,-4.587551020408164,0.3581632653061224,-0.0848979591836734,0.2179591836734694,0.5961224489795919,-0.3342857142857143,-0.1895918367346939,-0.0918367346938775,-0.0887755102040816,0.2493877551020407,0.2016326530612245,0.1481632653061224,-0.0465306122448979,-0.813469387755102,0.2193877551020407,0.4146938775510204,-0.2981632653061224,0.3320408163265306,-0.0538775510204081,0.9104081632653062,-0.3724489795918367,-0.3979591836734695,-0.1395918367346938,0.033469387755102,0
MSAHCQVTGRKPGFGKSVSHSHVRTNRRWDPNIQRKTYYLPSEGRRITLTVSAKGIKTIDRDGIEAVVARLRARGEKI,0.1493317096153846,0.0818034102564102,0.0687468807692307,0.3879346243589743,0.3562154664102564,0.2856410256410256,-0.2043589743589743,-0.1376923076923077,-0.0434615384615384,0.0861538461538461,0.1667948717948717,0.1679487179487179,-0.0738461538461538,0.1053846153846154,-0.0114102564102564,-0.0125641025641025,-0.2628205128205129,0.2274358974358974,-0.381653846153846,-0.0627692307692307,-0.1541282051282051,0.3103333333333333,-0.0190384615384615,0.3250897435897436,0.0324358974358974,-0.1657692307692307,0.3115384615384615,0.3426923076923076,-0.1726923076923076,-0.1782051282051282,0.0076923076923076,-0.0132051282051282,-0.1205128205128204,0.1215384615384615,-0.3558974358974359,0.3842307692307691,-0.2734615384615385,0.0465897435897436,0.0120384615384615,-0.032025641025641,-0.0872179487179487,-0.0640897435897435,-0.3138461538461538,0.1342307692307692,-1.9569192307692311,-0.3141346153846153,0.6936423076923077,-1.1165384615384617,-0.195897435897436,-0.0537179487179487,0.608974358974359,0.0923076923076922,0.2247435897435897,0.2315384615384615,0.0874358974358974,0.2212820512820513,0.0378717948717948,-0.0314358974358974,-0.0355,-0.8307692307692307,-0.184474358974359,-0.2369871794871794,-0.0339358974358974,-0.1016538461538461,-0.3718076923076923,0.2679358974358975,0.3185769230769231,-0.118675641025641,-0.9505282051282052,-0.3177705128205128,0.1183461538461538,0.4803423076923077,-0.0832025641025641,-0.7107448717948719,-0.3904243589743589,-0.4834448717948717,0.3738935897435897,0.8276435897435898,-4.42102564102564,0.2512820512820513,-0.0865384615384615,0.1796153846153846,0.6789743589743589,-0.2529487179487178,-0.0592307692307692,-0.1515384615384615,0.0251282051282051,0.1683333333333333,-0.0705128205128205,0.3664102564102563,0.0935897435897435,-0.7957692307692307,0.1888461538461538,0.3752564102564103,-0.4125641025641026,0.3146153846153846,-0.2438461538461538,0.6764102564102564,-0.428974358974359,-0.6925641025641026,-0.0834615384615384,0.1658974358974358,0
MAKEDVIEVEGTVIEPLPNAMFRVELENGHKILAHVSGKIRMNFIRILPGDKVTVELSPYDLTRGRITYRYK,0.0507409766666666,-0.1239613029166666,0.4262161472222222,0.3767512638888889,0.2410784533333333,0.0980555555555555,-0.2544444444444445,-0.3,-0.0180555555555555,-0.105,0.1179166666666666,0.0727777777777777,-0.0020833333333333,0.0515277777777777,-0.0029166666666666,-0.1268055555555555,-0.2506944444444444,0.0256944444444444,-0.2733333333333333,0.1072777777777777,-0.0056249999999999,0.3957777777777778,0.1075,0.0823611111111111,-0.1344444444444444,-0.0974999999999999,0.1726388888888889,0.1466666666666666,-0.1027777777777777,-0.2851388888888889,0.0145833333333333,0.0898611111111111,-0.0133333333333333,0.0991666666666666,-0.3419444444444444,0.3793055555555555,-0.28,0.0027083333333333,0.0014583333333333,-0.055,-0.0798055555555555,-0.0006666666666666,-0.1215277777777777,-0.0924999999999999,-0.3278569444444446,-0.4052138888888888,0.8356152777777779,-0.2579166666666665,-0.2444444444444445,-0.4743055555555556,0.3191666666666666,-0.3606944444444445,0.1547222222222222,0.2504166666666667,-0.14,0.2303472222222222,0.0354305555555555,-0.0208333333333333,-0.0685277777777777,-0.8012361111111111,-0.2430694444444444,-0.1526944444444444,-0.0463055555555555,-0.1427222222222222,-0.0746111111111111,0.1166666666666666,0.1462638888888888,-0.6996041666666667,-0.7527236111111111,0.1378416666666666,-0.1034027777777777,0.2084069444444444,0.2470597222222222,-0.981447222222222,-0.0492583333333333,-0.2668166666666666,-0.7362138888888888,0.2017222222222222,-4.226805555555556,0.1847222222222222,-0.1291666666666666,0.27875,0.4674999999999999,-0.0320833333333333,-0.0205555555555555,-0.0515277777777777,-0.1188888888888888,-0.0286111111111111,-0.2937499999999999,0.304861111111111,0.0748611111111111,-0.7651388888888889,0.2131944444444444,0.3581944444444444,-0.2638888888888889,0.1252777777777777,-0.1811111111111111,-0.0440277777777778,-0.4454166666666667,-0.5955555555555557,-0.3387499999999999,0.1931944444444444,0
MLELIGRIDYRLGVGALIVALIIVIIVWTIAYIEYRKLVRQRRIDWLVKRIKERAEDSGNESGGDTEELETMVDMGHLRLLDGNDL,-0.0337834609302325,-0.2407569597674418,0.267056391860465,0.4306821639534883,0.1528474165116279,-0.0110465116279069,-0.2670930232558138,-0.2712790697674418,-0.0384883720930232,-0.0804651162790697,0.2703488372093023,-0.0170930232558139,0.1172093023255813,0.0287209302325581,0.0630232558139534,-0.1372093023255813,-0.2393023255813953,-0.0370930232558139,-0.1510813953488372,0.222406976744186,0.0475930232558139,0.5191279069767443,-0.1185,0.0492906976744186,-0.2615116279069767,-0.1125581395348837,0.1891860465116279,0.102906976744186,-0.3898837209302325,-0.2865116279069768,0.0082558139534883,0.1993023255813953,-0.1015116279069767,0.1063953488372092,-0.3630232558139534,0.3161627906976744,-0.2662790697674418,-0.0176744186046511,-0.003,-0.0881162790697674,-0.0746860465116279,0.0003255813953488,-0.0723255813953487,-0.1123255813953488,0.1864697674418604,-0.5127558139534882,0.4454604651162791,0.1669767441860465,-0.3437209302325583,-0.8022093023255813,0.0087209302325581,-0.2610465116279069,0.4623255813953489,0.3302325581395349,-0.1222093023255813,0.2321046511627906,0.0178023255813953,-0.0347558139534883,-0.1002906976744186,-0.8004999999999999,-0.2448023255813953,-0.2041860465116279,-0.0470813953488372,-0.1082325581395348,-0.0513255813953488,0.1286627906976744,0.2524767441860465,-0.741486046511628,-1.1006476744186044,0.3269186046511628,-0.120510465116279,0.0385976744186046,0.2330453488372093,-1.147873255813953,-0.3104209302325581,-0.4531058139534884,-0.9328372093023256,0.3075779069767441,-4.241744186046511,0.3965116279069767,-0.0623255813953488,0.4055813953488373,0.5748837209302325,0.0291860465116279,0.036860465116279,-0.0513953488372093,-0.1180232558139535,-0.1324418604651163,-0.3404651162790698,0.3509302325581395,-0.175,-0.7653488372093022,0.2915116279069767,0.4198837209302326,-0.3224418604651163,0.1886046511627907,-0.0968604651162791,-0.1298837209302327,-0.5762790697674419,-0.7536046511627905,-0.5138372093023256,0.1301162790697674,0
MSERNNRKVLVGRVVSDKMDKTITVLVETYKKHPLYGKRVKYSKKYKAHDENNVAKVGDIVKIMETRPLSATKRFRLVEVVEKAVIV,0.1946432731034482,-0.1755443582758621,0.2031886367816091,0.3731971850574712,0.2023645908045977,0.1796551724137931,-0.2859770114942528,-0.3855172413793103,-0.0674712643678161,0.0247126436781608,0.1511494252873563,0.0463218390804597,-0.0550574712643678,0.1142528735632183,-0.0406896551724138,-0.0175862068965517,-0.2420689655172414,0.1479310344827586,-0.5895057471264368,0.2085402298850575,0.0023793103448275,0.3990689655172414,-0.033287356321839,0.3428045977011494,-0.1973563218390804,-0.0402298850574712,0.3139080459770115,0.3710344827586207,0.0904597701149425,-0.4509195402298851,-0.0496551724137931,0.0306896551724137,-0.1282758620689655,0.2532183908045976,-0.4042528735632183,0.3698850574712644,-0.2264367816091953,0.0218850574712643,-0.0363448275862069,-0.0658735632183908,-0.1087241379310344,-0.0562988505747126,-0.0548275862068965,0.0485057471264367,-1.2899563218390808,0.3259758620689654,0.7742586206896552,-0.6167816091954021,0.3428735632183908,-0.6087356321839081,0.7151724137931037,-0.2089655172413793,0.2458620689655171,0.3710344827586207,0.0298850574712643,0.2319655172413793,0.0188160919540229,-0.0353103448275862,-0.0845402298850574,-0.7875747126436781,-0.2180114942528736,-0.1589310344827586,-0.0289540229885057,-0.1174367816091954,-0.0057471264367816,0.157,0.1537816091954023,-0.1443333333333333,-0.9594885057471264,-0.1254494252873563,-0.1929896551724137,0.3618563218390804,0.2486655172413794,-0.6176241379310344,-0.2295988505747127,-0.4354827586206896,0.1099999999999999,0.2039954022988506,-4.14264367816092,0.4287356321839081,-0.1764367816091954,0.3024137931034483,0.4396551724137929,-0.1935632183908046,0.0066666666666666,0.0317241379310344,-0.1772413793103448,0.1666666666666666,-0.134367816091954,0.3594252873563219,0.0375862068965517,-0.7501149425287356,0.3048275862068966,0.3478160919540231,-0.264367816091954,0.1089655172413792,-0.1141379310344827,0.307816091954023,-0.373103448275862,-0.8581609195402302,-0.2041379310344827,0.1782758620689655,0
MTTKFVFDLLAPDDILHPSNHVNLIIRLIEVEHIIIATTMPAV,-0.2764074969767441,-0.2621339427906977,0.0476948930232557,0.3807987372093023,-0.1830982116279069,-0.1751162790697674,-0.4355813953488372,-0.3597674418604651,0.1362790697674418,-0.2309302325581395,0.0383720930232558,-0.0230232558139534,-0.1337209302325581,-0.0204651162790697,0.0751162790697674,-0.2741860465116278,-0.2848837209302325,-0.0793023255813953,0.0545813953488372,0.243046511627907,0.0390930232558139,0.4069302325581395,0.266,-0.039953488372093,-0.3109302325581395,-0.1927906976744186,0.2016279069767442,-0.1425581395348837,-0.027906976744186,-0.2623255813953488,-0.2837209302325581,-0.1137209302325581,0.29,-0.0576744186046511,-0.4109302325581396,0.5127906976744185,-0.4518604651162791,-0.0623255813953488,0.0233255813953488,-0.0787441860465116,-0.0641162790697674,0.0132093023255813,-0.1790697674418604,-0.3904651162790698,1.863383720930232,-1.3007,0.6913069767441861,1.101627906976744,-0.7613953488372094,-1.0562790697674418,0.3793023255813954,-0.312093023255814,-0.3383720930232557,0.161860465116279,-0.2095348837209302,0.237093023255814,0.0594418604651162,-0.0324418604651162,-0.0647906976744186,-0.836372093023256,-0.4210930232558139,-0.2466046511627907,-0.0988837209302325,-0.0956279069767441,0.1192790697674419,0.0654418604651162,-0.1921627906976744,-1.453604651162791,-0.6233488372093023,1.0447279069767443,-0.5304186046511628,0.1683837209302325,0.1486372093023256,-1.2977511627906977,0.483306976744186,0.0188395348837209,-2.214655813953488,-0.1861279069767442,-4.440232558139535,-0.3109302325581395,0.0416279069767441,0.3974418604651162,0.3337209302325581,0.2593023255813954,-0.1553488372093023,-0.0358139534883721,-0.6304651162790699,-0.0983720930232558,-0.4234883720930232,-0.0060465116279069,0.1872093023255814,-0.8032558139534886,0.0027906976744186,0.4486046511627907,-0.1660465116279069,-0.0913953488372092,-0.0860465116279069,-0.8027906976744185,-0.601860465116279,-0.374186046511628,-0.3267441860465117,0.3974418604651162,0
MANSAQARKRARQAAKANSHNSALRSKFRTAIKAVRKAIDAGDKAKAAEIFQASSKTIDIIADKNIVHKNKAARHKSRLAAAIKGLQASAAQ,0.1771110285869564,-0.3693574016304348,-0.4305721597826086,0.5149349413043478,0.1218069116304347,0.3714130434782609,-0.346195652173913,-0.1609782608695652,-0.0233695652173912,0.223695652173913,0.2280434782608696,0.1943478260869565,-0.0414130434782608,0.3595652173913044,-0.0215217391304347,-0.0790217391304347,-0.3419565217391305,0.2781521739130434,-0.2979347826086956,0.3018478260869565,-0.2619239130434782,0.5204239130434782,-0.0722282608695652,0.175141304347826,-0.4457608695652174,-0.3666304347826087,-0.0599999999999999,0.3865217391304347,-0.1608695652173912,-0.4230434782608696,-0.0742391304347826,-0.0265217391304347,0.0863043478260869,-0.2259782608695652,-0.4358695652173912,0.3360869565217391,-0.2895652173913044,0.0580760869565217,-0.0183152173913043,-0.1465869565217391,-0.0851195652173913,-0.010391304347826,-0.6905434782608696,0.0188043478260869,-2.6072510869565213,-1.011320652173913,0.5729369565217391,-1.2847826086956522,-0.4122826086956523,-0.8406521739130434,1.0979347826086956,0.0260869565217391,0.4270652173913043,-0.1704347826086956,0.2927173913043478,0.2310652173913043,0.0416086956521739,-0.0534239130434782,-0.0762282608695652,-0.9436413043478262,-0.2635543478260869,-0.3200108695652174,-0.0158043478260869,-0.1020869565217391,-0.4570217391304347,0.2824782608695652,0.4818152173913045,-0.8693423913043477,-1.0727880434782608,-0.1612,0.0323793478260869,0.6676532608695653,-0.0872076086956521,-1.791636956521739,-0.3343434782608696,-0.6640065217391303,-0.3587989130434782,0.8725391304347826,-5.184782608695652,0.2232608695652174,-0.0053260869565217,0.3821739130434782,0.8945652173913041,-0.2898913043478261,-0.186304347826087,-0.277608695652174,-0.2073913043478261,0.2289130434782607,-0.0692391304347826,0.4276086956521738,-0.114891304347826,-0.9117391304347828,0.2034782608695652,0.5289130434782607,-0.5202173913043479,0.3113043478260869,-0.2672826086956522,0.8549999999999998,-0.5043478260869565,-0.5428260869565218,-0.0552173913043477,0.6052173913043477,0
MTGREGGKKKPLKQPKKDGKEMDEEDMAFKQKQKEQQKAMEAAKQKAAKGGPLVTGGIKKSGKK,0.5684369365624999,-0.20585451140625,0.0416407890624999,0.2291236156249999,0.36224228515625,0.6675,-0.16703125,-0.1595312499999999,-0.3721875,0.10421875,0.1726562499999999,0.12515625,0.1670312499999999,0.23,-0.104375,0.03359375,-0.343125,0.21,-0.600984375,0.09475,-0.2937031249999999,0.40378125,0.019890625,-0.0494374999999999,-0.2148437499999999,-0.19296875,-0.378125,0.58078125,0.41609375,-0.4523437500000001,0.5349999999999999,0.1343749999999999,-0.37859375,0.0167187499999999,-0.33875,0.2103124999999999,-0.1709375,0.1264374999999999,-0.03921875,-0.094375,-0.077921875,0.05834375,-0.5643750000000001,0.33984375,-4.3077015625,-0.1343124999999999,1.41735,-2.94265625,0.0485937499999998,-0.0015625,0.6140625,-0.653125,0.8060937499999999,-0.2096875,0.36546875,0.2168281249999999,0.00578125,-0.05628125,-0.13234375,-0.913734375,-0.07709375,-0.0889375,0.04790625,-0.183546875,-0.257171875,0.2374687499999999,0.58209375,-1.1186296875,-0.502115625,-1.1339640625,0.1620390625,0.612325,0.5359437499999999,-2.354440625,-0.340321875,-0.4999140625,-0.6562890625,-0.1071203124999999,-4.93890625,0.60375,-0.4609375,0.3596875,0.7187499999999999,-0.4703124999999999,-0.09484375,-0.2753125,0.4048437499999999,0.1190624999999999,-0.0931249999999999,0.74125,-0.0809375,-0.8681249999999999,0.4807812499999999,0.43125,-0.2407812499999999,0.4659375,-0.3921875,1.1559374999999998,-0.54875,-0.68515625,-0.1579687499999999,0.27734375,0
MANHSSAKKAARQTVKRTLINKKRSSAIKTFIKKVAHEISLGNKENANLALSVAQSKIMQGVKKNIIKLNTASRKISRLSKQIKSLNESK,0.2149126614444444,-0.1922425505555555,-0.2677296400000001,0.399440191111111,0.1643557126666667,0.3224444444444443,-0.3493333333333333,-0.3182222222222222,-0.0474444444444444,0.2142222222222222,0.2894444444444445,0.1204444444444444,-0.1386666666666666,0.1413333333333333,-0.0725555555555555,0.0216666666666666,-0.2907777777777778,0.2906666666666666,-0.3389333333333333,0.2267222222222222,-0.1320888888888888,0.4856888888888888,-0.0660555555555555,0.2909,-0.2705555555555555,-0.1891111111111111,0.1651111111111111,0.4291111111111111,0.0922222222222222,-0.4903333333333333,-0.019,-0.0875555555555555,-0.0644444444444444,-0.2011111111111111,-0.4766666666666666,0.435111111111111,-0.2543333333333333,0.0506444444444444,-0.0253555555555555,-0.0992333333333333,-0.1135,-0.0453444444444444,-0.3848888888888889,0.0956666666666666,-2.218726666666667,-0.2450511111111111,0.6961822222222221,-1.1904444444444444,0.0793333333333331,-0.6787777777777778,1.1952222222222224,-0.073,0.3228888888888889,0.1645555555555555,0.072,0.2382111111111111,0.0144888888888888,-0.0514444444444444,-0.0598222222222222,-0.8811555555555556,-0.2428555555555555,-0.2782555555555555,-0.0399222222222222,-0.0528555555555555,-0.0827222222222222,0.2164999999999999,0.2502111111111111,0.1712877777777778,-1.4779044444444445,-0.1734055555555556,-0.3313022222222221,0.5822666666666666,0.0027844444444444,-0.5292966666666666,-0.4849688888888889,-0.7413066666666667,0.7594144444444442,0.4201755555555555,-4.761,0.4658888888888888,-0.1432222222222221,0.4066666666666666,0.6196666666666666,-0.2685555555555555,-0.1232222222222222,-0.1171111111111111,-0.1758888888888888,0.3002222222222221,-0.091,0.397,-0.1345555555555555,-0.8405555555555555,0.2948888888888888,0.4659999999999999,-0.2854444444444444,0.3234444444444444,-0.1232222222222222,0.6125555555555554,-0.4371111111111112,-0.7891111111111111,-0.1971111111111111,0.4845555555555556,0
MAATARHYDTILSPVITEKATLLSEQNKVVFRVSADASKDEIAAAVEELFKVKVTKVNTLVTKGKTKRFRGIIGRRSDVKKAIVTLAEGQSIDITTGL,0.0176357564285714,-0.2208155835714286,0.0474194663265304,0.5686000459183673,0.0864390745918367,0.1362244897959183,-0.4119387755102041,-0.2174489795918366,-0.0470408163265306,-0.0101020408163265,0.2363265306122449,0.0288775510204081,-0.1355102040816326,0.2245918367346938,-0.0114285714285714,-0.1110204081632652,-0.3409183673469387,0.125,-0.3351428571428571,0.1982142857142857,-0.1551020408163265,0.5767346938775509,-0.028,0.1894183673469388,-0.2987755102040816,-0.3023469387755102,0.2390816326530612,0.2671428571428571,-0.1303061224489796,-0.4432653061224489,-0.0333673469387755,-0.0423469387755102,-0.0916326530612244,0.0491836734693877,-0.4624489795918367,0.3811224489795918,-0.3377551020408162,0.0162244897959183,0.0123367346938775,-0.1113265306122448,-0.1050918367346938,-0.0368979591836734,-0.4956122448979591,-0.0690816326530612,-1.1613724489795916,-1.1821632653061225,0.7018051020408165,-0.5987755102040818,-0.6288775510204082,-0.8748979591836734,0.6641836734693877,-0.1566326530612244,0.2628571428571428,0.2673469387755102,0.2413265306122448,0.2318673469387755,0.0549285714285714,-0.0627959183673469,-0.0601632653061224,-0.9139693877551016,-0.3623979591836734,-0.2970918367346939,-0.0051632653061224,-0.1059897959183673,-0.2577551020408163,0.1315714285714285,0.2269285714285714,-1.0244581632653065,-0.9831397959183674,0.0221306122448979,-0.0942765306122448,0.5389316326530612,0.2444316326530612,-1.6954704081632652,-0.1892265306122448,-0.4853448979591837,-0.9353295918367348,0.4751785714285714,-4.930918367346939,0.1635714285714286,0.0380612244897959,0.4131632653061225,0.7091836734693877,-0.1175510204081632,-0.1684693877551021,-0.2016326530612245,-0.3380612244897958,0.0348979591836734,-0.2742857142857143,0.2596938775510203,-0.0348979591836734,-0.8739795918367349,0.2009183673469388,0.4638775510204081,-0.4645918367346938,0.0858163265306122,-0.2330612244897959,0.2361224489795918,-0.8438775510204082,-0.7356122448979592,-0.5116326530612245,0.2726530612244898,0
MIKNEQPPLSFEEAMEQLEEVVEQLEQGDVPLEEAISMFQKGMNLSKVCHEKLATVEKQMDQILKEDGNFEETVLQEEQE,0.24306424,-0.4517966586249999,-0.14940835625,0.2193585287499999,-0.474732071875,0.3542499999999999,-0.21175,-0.40575,-0.1656249999999999,-0.070875,0.0852499999999999,-0.219125,0.095,0.18525,0.1069999999999999,0.056625,-0.34875,-0.23025,-0.4391375,0.44925,-0.1273625,0.3171624999999999,0.1773375,-0.273725,-0.515625,-0.102,-0.32875,0.2847499999999999,0.0149999999999999,-0.1639999999999999,0.1396249999999999,-0.0162499999999999,-0.0771249999999999,-0.188375,-0.236875,0.337625,-0.306875,0.0406375,-0.0554624999999999,-0.1275,-0.0058125,0.0701374999999999,-0.19,0.12525,-1.8337925,-0.3951212499999998,0.0801674999999999,-1.145625,0.132875,-1.2265,-0.1163749999999999,-0.6248750000000001,0.363875,-0.127875,-0.1895,0.235075,-0.0564374999999999,-0.0700875,-0.069725,-0.8244874999999998,-0.239575,-0.1781,-0.0605999999999999,0.03165,0.1490999999999999,0.099425,0.1465249999999999,-0.89351625,-0.7706662499999999,-0.36675375,0.17994625,-0.45961125,0.5331775000000001,-0.82411875,-0.644115,0.04803875,-0.958995,-0.74302625,-4.29925,0.4981249999999999,-0.039875,0.2103749999999999,0.445,-0.211125,-0.07075,-0.059625,-0.1015,-0.4271250000000001,-0.2331249999999999,0.242875,-0.075125,-0.7665000000000001,0.2631249999999999,0.343875,-0.290625,0.26375,-0.0073749999999999,0.4008749999999999,-0.3769999999999999,-0.351375,-0.9315,0.230125,0
MANDLKLILELSAGAELLFGNIKRRQLSLDGSQKWTIGSLLKWMHANILTRSPELFIQGDTVRPGILVLVNDTDWELLGGLDYELQQNDNILFISTLHGG,-0.0891705778999999,-0.0778254366999999,-0.304694453,0.4083201119999999,-0.1543550292,0.0344,-0.2145,-0.1590999999999999,-0.0107999999999999,-0.0866,0.29,0.0089999999999999,0.013,-0.0385,0.024,-0.1456,-0.2927999999999999,-0.0392999999999999,-0.01885,0.05482,-0.0363199999999999,0.55735,-0.01168,-0.15891,-0.1136999999999999,-0.1966,-0.0459,-0.0216999999999999,-0.1919,-0.4259999999999999,0.1079,0.0651999999999999,-0.0307999999999999,-0.0239999999999999,-0.3173999999999999,0.3892,-0.3933999999999999,-0.0018499999999999,0.03616,-0.07345,-0.06842,0.0406199999999999,-0.3092999999999999,-0.1429999999999999,0.0707229999999999,-1.20054,0.532725,-0.1545000000000001,-0.7709,-0.4943999999999999,0.0105999999999999,-0.3228999999999999,0.3127000000000001,0.1681,-0.0738,0.22978,0.0222099999999999,-0.0390899999999999,-0.06214,-0.8571799999999997,-0.24153,-0.2205399999999999,-0.06902,-0.0791899999999999,-0.12937,0.0741899999999999,0.2479099999999999,-0.933034,-0.951357,0.5167020000000001,-0.055617,0.13351,0.0912729999999999,-1.177007,-0.096589,-0.382347,-1.2491570000000003,0.191674,-4.5576,0.0770999999999999,0.0227999999999999,0.3438,0.6571000000000001,0.0854,-0.0633,-0.1769,-0.0684,-0.1463999999999999,-0.3349,0.2498999999999999,-0.2184,-0.8163000000000001,0.1612,0.4280999999999999,-0.3633999999999999,0.2237999999999999,-0.2134,-0.236,-0.5729000000000001,-0.4224000000000001,-0.5511,0.3388,0
QPSYDYDEEEDDRAKLRLDAR,0.6646351576190478,-0.1518745038095238,-0.7849299142857143,0.2224883095238095,-0.63639301,0.6776190476190477,0.0171428571428571,-0.2723809523809524,-0.0676190476190476,-0.0652380952380952,-0.0452380952380952,-0.3095238095238095,0.15,0.2342857142857143,-0.1214285714285714,0.3857142857142857,-0.2961904761904761,-0.1971428571428571,-0.662904761904762,0.1584761904761904,-0.0458571428571428,0.2255238095238095,0.1439047619047619,-0.2406190476190476,-0.0557142857142857,0.1214285714285714,-0.5042857142857142,0.560952380952381,-0.6323809523809525,-0.2666666666666666,-0.1628571428571429,-0.0733333333333333,0.1866666666666666,0.2690476190476191,-0.0871428571428571,0.0104761904761904,-0.2428571428571428,0.1264285714285714,-0.096047619047619,-0.0479047619047619,-0.027095238095238,0.0589523809523809,0.0723809523809524,0.5123809523809525,-4.790119047619047,1.311952380952381,0.0472190476190475,-2.6880952380952383,1.3695238095238098,-1.0699999999999998,-0.7485714285714286,-0.2795238095238095,0.0066666666666666,0.0052380952380952,0.2433333333333333,0.2147619047619048,-0.1235714285714285,-0.0585238095238095,-0.0620952380952381,-0.6808095238095238,-0.033047619047619,-0.2353333333333333,-0.1658571428571428,0.193,-0.0527142857142857,0.0886666666666666,0.2925238095238096,0.0680142857142857,-1.2649285714285714,0.0049285714285713,0.6285999999999999,-0.6757904761904762,0.4131285714285712,0.7989571428571431,-1.3484142857142851,0.1218095238095238,0.8910380952380953,0.3399666666666666,-3.457619047619048,0.8147619047619047,0.198095238095238,-0.18,0.5538095238095238,-0.5733333333333334,0.4671428571428572,0.078095238095238,0.1647619047619047,-0.5852380952380952,0.3052380952380952,0.3019047619047619,0.2619047619047619,-0.6347619047619049,0.2061904761904762,0.0947619047619047,-0.6438095238095238,0.4147619047619048,-0.0219047619047619,1.4952380952380953,0.5314285714285714,-0.1447619047619048,-0.8395238095238097,0.3557142857142857,0
MNYKVFCLVAIALIVGSIGSANGQAAFTEEQCSVERLARVNCGYSGITPQECTKQGCCFDSTIQDAPWCFYPRATPEY,-0.1603313543589743,0.0730730193589743,-0.0304757256410257,0.2943858525641026,-0.0537768984615384,0.0241025641025641,-0.2641025641025641,0.0733333333333333,0.0562820512820512,0.0551282051282051,0.0437179487179487,0.0161538461538461,-0.0514102564102564,0.2089743589743589,0.0151282051282051,-0.1879487179487179,-0.3532051282051281,0.0174358974358974,-0.0960641025641025,-0.0771538461538461,-0.2564102564102564,0.1943974358974359,-0.0122051282051282,-0.0259871794871794,-0.0156410256410256,-0.3442307692307692,0.0992307692307692,-0.0412820512820512,-0.1838461538461538,-0.0301282051282051,0.1366666666666666,-0.0199999999999999,0.0385897435897435,-0.1228205128205128,-0.3055128205128205,0.4212820512820512,-0.4105128205128204,0.0044102564102564,0.0652820512820512,-0.0396538461538461,-0.0068461538461538,-0.0251538461538461,-0.6370512820512821,-0.1111538461538461,-0.1966371794871794,-1.7297089743589744,-0.1060705128205128,-0.190128205128205,-1.1855128205128205,-0.143076923076923,0.0984615384615384,0.0849999999999999,0.0876923076923077,0.1502564102564102,0.1238461538461538,0.222525641025641,0.0496410256410256,-0.0480641025641025,0.0252051282051282,-0.916641025641026,-0.2976282051282051,-0.1799102564102564,0.051576923076923,-0.1231666666666667,-0.5120128205128205,0.0962435897435897,0.1980769230769231,-1.2038076923076924,-0.0801717948717948,-0.3172705128205129,0.1139923076923077,0.1640141025641025,0.0581307692307692,-1.738858974358974,-0.0607423076923076,-0.1421115384615384,-1.127284615384616,0.5037410256410256,-4.937051282051281,-0.2806410256410255,0.0861538461538461,0.2024358974358974,0.7812820512820513,-0.0047435897435897,-0.286025641025641,-0.2928205128205128,-0.1302564102564103,-0.0901282051282051,-0.1912820512820512,-0.0521794871794872,-0.0515384615384615,-0.8780769230769232,0.0347435897435897,0.4549999999999999,-0.4405128205128205,0.1848717948717948,-0.29,0.0797435897435897,-0.6985897435897436,0.138076923076923,-0.5187179487179486,0.0025641025641025,0
MAKAAKTIKLEQTGSAIRRHHSQRSTLIGLKLNKIGRTSELPDTPAVRGMIEKVHHLVRIVDEK,0.1299617171875,-0.19590915984375,-0.0564543500000001,0.415191415625,0.2113305760937499,0.2475,-0.31171875,-0.2996875,-0.06265625,0.076875,0.1553125,0.1296874999999999,-0.0604687499999999,0.10421875,0.0440625,-0.0493749999999999,-0.28015625,0.1871875,-0.294921875,0.20271875,-0.1336562499999999,0.43225,0.0699999999999999,0.230671875,-0.2628125,-0.1865625,0.17421875,0.32203125,-0.0320312499999999,-0.301875,0.0065624999999999,-0.0890625,-0.0751562499999999,0.1215625,-0.418125,0.40609375,-0.27234375,0.03065625,-0.0130937499999999,-0.089078125,-0.09184375,-0.026828125,-0.31359375,0.06109375,-1.499709375,-0.4625343749999999,0.821446875,-0.8154687500000001,-0.1940625000000001,-0.54078125,0.7771874999999999,-0.16609375,0.2846875,0.0581249999999999,-0.0251562499999999,0.229859375,0.0375,-0.041234375,-0.074953125,-0.856546875,-0.239984375,-0.2481249999999999,-0.0552968749999999,-0.0976093749999999,-0.1365156249999999,0.261171875,0.230328125,-0.5461265625,-1.08054375,-0.0692124999999999,-0.122853125,0.4195328124999999,0.0334421875,-1.11586875,-0.266884375,-0.451621875,-0.4271171875,0.3402453125,-4.59484375,0.30921875,-0.1520312499999999,0.3484375,0.5739062500000001,-0.1845312499999999,-0.1153125,-0.12140625,-0.14296875,0.14515625,-0.1865625,0.41796875,0.06,-0.8192187500000001,0.24078125,0.445,-0.2834375,0.25125,-0.154375,0.4420312499999999,-0.57984375,-0.8298437500000001,-0.1134374999999999,0.299375,0
MAVPKRKTSPSRRGMRRSADALKQPTYVEDKDSGELRRPHHLDLKTGMYRGRQILKPKAEA,0.3677188167213114,-0.0104250475409836,-0.2427848114754098,0.351290744262295,0.2062417029508196,0.4513114754098359,-0.190655737704918,-0.2329508196721311,-0.1980327868852458,0.1090163934426229,0.0314754098360655,0.1798360655737705,-0.0083606557377049,0.1124590163934426,-0.0795081967213114,0.0378688524590163,-0.2370491803278688,0.2159016393442623,-0.4594918032786884,0.0224098360655738,-0.1447868852459016,0.3076229508196721,0.2371311475409836,0.2091475409836066,-0.0111475409836065,-0.0649180327868853,-0.050655737704918,0.4211475409836065,-0.0654098360655737,-0.3036065573770492,0.1521311475409836,-0.2101639344262295,-0.1060655737704918,0.2842622950819672,-0.3419672131147541,0.3280327868852458,-0.1996721311475409,0.081983606557377,-0.0290983606557376,-0.0371639344262295,-0.0925901639344262,-0.0029672131147541,-0.2055737704918032,0.2001639344262295,-2.98278524590164,0.3449819672131147,1.1425491803278691,-1.7860655737704914,0.3562295081967213,-0.0268852459016393,0.6147540983606559,-0.238688524590164,0.1536065573770491,-0.1288524590163934,0.210327868852459,0.2183442622950819,0.0144098360655737,-0.0329016393442622,-0.0616885245901639,-0.8020983606557377,-0.0666065573770492,-0.1601967213114754,-0.0372786885245901,-0.1267377049180328,-0.2582459016393442,0.2772622950819672,0.3249672131147542,0.0168213114754098,-0.9967836065573772,-0.5208573770491803,0.0570229508196721,0.330911475409836,0.0210786885245901,-0.4840262295081965,-0.4574868852459016,-0.3911901639344263,0.6843360655737704,0.6723655737704917,-4.245081967213115,0.438688524590164,-0.2860655737704918,0.1754098360655738,0.5495081967213115,-0.3467213114754099,0.0665573770491803,-0.0736065573770491,0.1731147540983607,0.1555737704918032,0.010983606557377,0.4367213114754097,0.2695081967213114,-0.7632786885245901,0.3014754098360656,0.3260655737704918,-0.2963934426229507,0.3077049180327869,-0.2313114754098361,0.8231147540983607,-0.1388524590163934,-0.6391803278688524,0.0629508196721311,0.3178688524590164,0
MATTIKPLEDRVLVQPLEAEQTTASGLVIPDTAKEKPQEGKVISAGPGRVDDKGTRVPMDVKEGDVVIFSKYGGTEVKYDGQEYLLLNARDILAVVEK,0.0878397211224489,-0.0634348464285714,-0.1007286510204082,0.5040430489795918,-0.143491078877551,0.2462244897959184,-0.3440816326530612,-0.1627551020408163,-0.1196938775510204,-0.1651020408163265,0.1163265306122448,0.0040816326530612,0.0109183673469387,0.1694897959183673,0.0291836734693877,-0.121734693877551,-0.3812244897959184,-0.008469387755102,-0.4465102040816326,0.0275204081632653,-0.1998775510204081,0.5310714285714286,0.1204999999999999,-0.0716836734693877,-0.1246938775510204,-0.3029591836734693,0.0238775510204081,0.2124489795918367,-0.061734693877551,-0.4077551020408163,0.0483673469387755,0.0027551020408163,-0.1525510204081632,0.1057142857142857,-0.3901020408163265,0.3035714285714285,-0.3609183673469388,0.039234693877551,0.0300102040816326,-0.0809591836734694,-0.0834897959183673,0.0143469387755102,-0.5672448979591838,-0.0298979591836734,-1.5312581632653064,-1.4019479591836737,0.9931234693877552,-1.1459183673469386,-0.7956122448979591,-0.6079591836734695,0.1926530612244898,-0.4532653061224489,0.2355102040816326,0.2631632653061225,0.1292857142857142,0.2234183673469388,0.0457551020408163,-0.0724897959183673,-0.0786122448979591,-0.929030612244898,-0.3020306122448979,-0.241734693877551,0.0095102040816326,-0.1229387755102041,-0.3044489795918368,0.0720102040816326,0.2539591836734694,-1.595157142857143,-0.7679663265306123,-0.0533142857142857,0.1426571428571429,0.2573224489795918,0.3594877551020408,-2.0866132653061222,-0.1244561224489796,-0.2335244897959183,-1.711959183673469,0.280573469387755,-4.955816326530611,0.06,0.0172448979591836,0.3495918367346938,0.7031632653061226,-0.1342857142857142,-0.1428571428571428,-0.2681632653061224,-0.1407142857142857,-0.183469387755102,-0.3620408163265307,0.3191836734693877,0.0675510204081632,-0.876734693877551,0.1812244897959184,0.4257142857142857,-0.4601020408163265,0.0927551020408163,-0.3072448979591837,0.2535714285714285,-0.8176530612244898,-0.4923469387755103,-0.6770408163265307,0.2835714285714286,0
MAQIKITLTKSPIGRKPEQRKTVVALGLGKLNSSVIKEDNAAIRGMVTAISHLVTVEDVK,-0.0117742474999999,-0.1448600376666666,-0.0567375116666667,0.5308559133333333,0.0660269124999999,0.145,-0.4668333333333333,-0.2431666666666666,-0.0851666666666666,-0.0233333333333333,0.2126666666666666,0.0873333333333333,-0.0865,0.1186666666666666,0.0469999999999999,-0.1631666666666666,-0.3473333333333332,0.1455,-0.3205666666666667,0.14395,-0.17855,0.5572166666666668,0.0407833333333333,0.1670833333333333,-0.2473333333333333,-0.3283333333333333,0.2621666666666666,0.2283333333333333,0.0293333333333333,-0.4023333333333334,-0.0181666666666666,-0.0691666666666666,-0.1545,-0.0081666666666666,-0.5163333333333334,0.4234999999999999,-0.3381666666666666,0.0143166666666666,0.0247333333333333,-0.10015,-0.10495,-0.0337166666666666,-0.5516666666666666,-0.1061666666666666,-0.8902649999999999,-1.37437,0.930675,-0.5791666666666668,-0.7900000000000001,-0.7211666666666666,0.7838333333333335,-0.2311666666666666,0.2434999999999999,0.2693333333333333,0.0756666666666666,0.2322666666666666,0.06315,-0.0727,-0.0774166666666666,-0.94665,-0.3433666666666666,-0.2893666666666666,0.0163333333333333,-0.1328,-0.2059333333333333,0.15295,0.18075,-1.173655,-1.0959366666666666,-0.0012449999999999,-0.2604366666666667,0.4942633333333333,0.1479516666666667,-1.927648333333333,-0.1052766666666666,-0.4899583333333334,-1.2374733333333336,0.3730300000000001,-5.109166666666666,0.1298333333333333,-0.0716666666666666,0.5185000000000001,0.6576666666666665,-0.0833333333333333,-0.2368333333333333,-0.2323333333333333,-0.3021666666666667,0.0859999999999999,-0.3666666666666666,0.318,-0.0148333333333333,-0.8988333333333333,0.2311666666666666,0.5233333333333333,-0.3316666666666666,0.0951666666666666,-0.2098333333333333,0.1128333333333333,-0.9286666666666666,-0.7561666666666668,-0.4145,0.3393333333333333,0
ARARLGVRRFRRKR,0.5475600492857142,-0.2680227742857143,0.7681637428571427,0.6501488571428571,1.5671751264285716,0.3614285714285715,-0.1042857142857143,-0.4178571428571428,-0.3228571428571428,0.6135714285714287,0.2757142857142857,0.532857142857143,0.1735714285714285,0.115,-0.3064285714285715,0.0464285714285714,0.1478571428571428,0.5771428571428572,-0.619,0.3290714285714285,0.1636428571428571,0.3531428571428571,-0.0859285714285714,1.3420714285714286,-0.1749999999999999,0.3342857142857142,0.6164285714285714,0.7971428571428572,-0.8535714285714283,-0.2671428571428572,0.6478571428571429,-0.015,0.1135714285714285,0.5535714285714285,-0.3428571428571428,0.3178571428571428,0.3235714285714285,0.0574285714285714,-0.1360714285714285,-0.0463571428571428,-0.1902142857142857,-0.1422857142857143,0.7171428571428572,0.3007142857142857,-3.254092857142857,3.476178571428572,1.04885,-0.9185714285714284,2.0892857142857144,0.4271428571428571,1.4592857142857143,0.5171428571428571,0.857142857142857,-0.0999999999999999,0.3642857142857143,0.2223571428571428,0.0061428571428571,0.0417142857142857,-0.1487857142857143,-0.5602142857142858,0.1795714285714285,-0.0313571428571428,0.0238571428571428,-0.4236428571428572,-0.2317142857142857,0.6745,0.8094999999999999,2.166092857142857,-1.8005357142857146,-1.24865,0.1824,0.9432285714285716,-0.4335357142857142,0.8613571428571428,-0.9316785714285716,-1.3742357142857142,4.147064285714285,2.168121428571428,-2.8264285714285724,1.6785714285714288,-0.6792857142857143,0.1278571428571428,0.5142857142857143,-0.5514285714285714,0.49,0.3714285714285714,0.5185714285714286,0.9064285714285716,0.3907142857142857,0.8550000000000002,0.1992857142857142,-0.5442857142857143,0.772142857142857,0.1428571428571428,-0.4449999999999999,0.3878571428571428,-0.135,1.312142857142857,0.5492857142857143,-1.957142857142857,0.9492857142857144,0.11,0
SGDLGAERYAKMCKSCHGADGSNAAMSRALKGLPAEEVKAALIGYKEQTYGGKKKGMMERVVKSLTDEDIEVLATHIGTF,0.0721543842499999,-0.1552585345,0.0361369212499999,0.41614841625,0.182986679625,0.2578749999999999,-0.246125,-0.035,-0.0291249999999999,0.0381249999999999,0.2237499999999999,0.1167499999999999,0.0545,0.2413749999999999,0.0177499999999999,-0.1345,-0.388375,0.12525,-0.2751,0.077925,-0.3086624999999999,0.4737375,-0.1087875,-0.1081374999999999,-0.2131249999999999,-0.38675,-0.129,0.1967499999999999,-0.0572499999999999,-0.311,0.1272499999999999,0.184,-0.2372499999999999,0.1968749999999999,-0.37225,0.263,-0.347125,0.0484999999999999,0.0332125,-0.1077499999999999,-0.0396125,0.0199125,-0.75625,0.0051249999999999,-1.74698,-1.65537875,0.3841699999999999,-1.2032500000000002,-1.0781250000000002,-0.34475,0.259,-0.253625,0.56275,-0.07775,0.135,0.22515,0.0539625,-0.0466499999999999,-0.035975,-0.962175,-0.2171749999999999,-0.1885125,0.040225,-0.1317124999999999,-0.5110375,0.15855,0.4593,-1.32504,-0.43389,-0.505065,0.14262875,0.35872,0.205545,-2.34070375,-0.3020762499999999,-0.43898875,-1.1634725,0.5252687500000001,-5.27825,0.093625,-0.1049999999999999,0.37175,0.890125,-0.1604999999999999,-0.261125,-0.382125,0.0731249999999999,-0.087,-0.2178749999999999,0.4096249999999999,-0.193625,-0.9247499999999998,0.240125,0.52575,-0.4117499999999999,0.32575,-0.350375,0.569,-0.8629999999999999,-0.270375,-0.3697499999999999,0.13025,0
MQITDVRIRKISSEGKMKAIVSVTFDNEFVVHDIKVIEGQNGLFIAMPSRKTPTGEFKDIAHPIVMDSREKIQNEILSAYAKAIEEQDVEE,0.0865248629670329,-0.2213096712087912,0.0629074373626372,0.2957612923076922,-0.1028855189010988,0.2095604395604395,-0.2905494505494506,-0.2965934065934066,-0.0132967032967033,-0.1153846153846153,0.1486813186813186,-0.0734065934065934,0.0089010989010989,0.1629670329670329,0.0172527472527472,-0.0525274725274725,-0.322087912087912,-0.0302197802197802,-0.3228681318681318,0.2058571428571429,-0.088032967032967,0.3396263736263736,0.0397472527472527,-0.0064175824175823,-0.2791208791208791,-0.1714285714285714,0.0882417582417582,0.2386813186813187,-0.0421978021978022,-0.1868131868131868,-0.1652747252747253,0.0848351648351648,-0.0086813186813186,-0.1832967032967033,-0.3496703296703296,0.3612087912087912,-0.3399999999999999,0.0175054945054945,-0.0119230769230769,-0.0847142857142857,-0.0513956043956043,-0.002043956043956,-0.2727472527472527,-0.01,-1.049996703296703,-0.6608131868131868,0.4388054945054945,-0.6670329670329671,-0.2231868131868132,-0.9496703296703296,0.2642857142857142,-0.2596703296703297,0.12,0.1836263736263736,-0.0184615384615384,0.2313736263736264,0.0015494505494505,-0.0488901098901099,-0.0651648351648351,-0.8414835164835165,-0.2951538461538461,-0.2333406593406593,-0.0504615384615384,-0.0387692307692307,-0.0408571428571428,0.123076923076923,0.1316923076923077,-0.5942351648351648,-0.8443846153846155,-0.0732230769230768,-0.0734428571428571,0.1325483516483516,0.3447868131868132,-0.838264835164835,-0.3238912087912088,-0.2344505494505495,-0.4479219780219781,-0.0129769230769231,-4.459670329670329,0.2304395604395604,-0.0243956043956043,0.2678021978021978,0.5212087912087912,-0.1259340659340659,-0.0886813186813187,-0.1054945054945055,-0.2552747252747253,-0.1601098901098901,-0.2189010989010988,0.2197802197802197,0.0303296703296703,-0.798901098901099,0.1759340659340658,0.3937362637362637,-0.2954945054945054,0.2291208791208791,-0.1269230769230769,0.2603296703296702,-0.4790109890109891,-0.4598901098901099,-0.5587912087912088,0.2518681318681318,0
MTDSAKPEVAGLSFEKAVAELESIVARLERGDVALDESIEIYERGEALKKHCETLLSAAENRIEKIRLDRAGKPQGVEPLDGA,0.1334143006024096,-0.3034457475903614,-0.1668450903614458,0.5456489240963854,-0.1491347548192771,0.3128915662650602,-0.3292771084337349,-0.1704819277108434,-0.0881927710843373,-0.0324096385542168,0.1420481927710843,0.0075903614457831,0.0883132530120481,0.2628915662650603,0.0250602409638554,-0.0872289156626505,-0.3696385542168675,-0.0074698795180723,-0.3539277108433735,0.2681204819277108,-0.2431445783132529,0.5776144578313253,0.1126506024096385,-0.1432409638554216,-0.3720481927710843,-0.312289156626506,-0.2065060240963855,0.2473493975903613,-0.3804819277108434,-0.3767469879518073,0.0381927710843373,0.0162650602409638,-0.0587951807228915,0.1053012048192771,-0.3808433734939758,0.2254216867469879,-0.2896385542168675,0.0477831325301204,-0.0013253012048192,-0.1356626506024096,-0.0614698795180723,0.049156626506024,-0.5797590361445784,0.0224096385542168,-1.9229927710843373,-1.291557831325301,0.602589156626506,-1.1895180722891563,-0.6644578313253013,-0.9412048192771084,0.1799999999999999,-0.506987951807229,0.4632530120481928,-0.0179518072289156,-0.0372289156626506,0.2321566265060241,0.0352168674698795,-0.0568072289156626,-0.0721204819277108,-0.9239638554216868,-0.2967349397590361,-0.2719397590361445,-0.0206385542168674,-0.097433734939759,-0.3129759036144579,0.1717951807228915,0.3758433734939758,-1.2054168674698795,-1.0265891566265062,-0.1487253012048192,0.1943469879518072,0.1235939759036144,0.2751807228915663,-1.7203963855421684,-0.4471361445783132,-0.3689626506024097,-1.066151807228916,0.4488999999999999,-4.971686746987952,0.2492771084337349,0.0142168674698795,0.3354216867469879,0.7769879518072289,-0.1990361445783132,-0.1272289156626506,-0.2592771084337349,-0.0934939759036144,-0.2579518072289157,-0.308433734939759,0.4295180722891566,-0.012289156626506,-0.8756626506024098,0.2162650602409639,0.4542168674698795,-0.4871084337349398,0.2419277108433734,-0.2502409638554216,0.5563855421686745,-0.691566265060241,-0.4098795180722891,-0.6745783132530121,0.3290361445783132,0
MRNDVLTLTNPMEEKELEQILGGGNGVLKTISHECNMNTWQFLFTCC,-0.0353849461702127,-0.1058067776595744,0.3783308638297871,0.1818945957446808,0.1612513010638299,0.0889361702127659,-0.2182978723404255,-0.1148936170212766,0.0346808510638297,0.0499999999999999,0.2146808510638297,-0.0842553191489361,-0.0919148936170212,-0.1002127659574468,0.0357446808510638,-0.062127659574468,-0.3165957446808511,-0.0493617021276595,-0.0942978723404255,0.0867446808510638,-0.1630425531914893,0.1819999999999999,-0.0445106382978723,-0.1227872340425531,-0.1257446808510638,-0.1759574468085106,-0.0095744680851063,0.041063829787234,-0.022127659574468,0.0004255319148936,0.3048936170212766,0.0829787234042553,-0.0217021276595744,-0.0259574468085106,-0.2761702127659574,0.417872340425532,-0.3878723404255319,0.0068510638297872,0.0222340425531914,-0.0562765957446808,0.0102553191489361,0.0047021276595744,-0.3146808510638298,-0.0138297872340425,-0.2699702127659572,-0.9494382978723408,-0.3641914893617021,-0.2204255319148937,-0.6187234042553192,-0.3397872340425532,-0.0895744680851064,-0.0572340425531914,0.201063829787234,0.0319148936170212,-0.1863829787234042,0.2314893617021276,-2.127659574468264e-05,-0.0522978723404255,0.0096595744680851,-0.8524468085106384,-0.2421914893617021,-0.1757659574468084,-0.0075744680851063,0.002127659574468,-0.0548936170212766,0.1099787234042553,0.053531914893617,-1.402,-0.2744893617021275,0.0198489361702127,-0.2096872340425531,-0.1589106382978722,0.1025255319148936,-1.5827489361702127,-0.2951255319148936,0.0391872340425532,-1.771827659574468,-0.2402617021276595,-4.548936170212766,0.1440425531914894,-0.0219148936170212,0.2974468085106383,0.5674468085106382,-0.016595744680851,-0.1959574468085106,-0.1529787234042553,-0.0072340425531915,-0.1948936170212766,-0.1299999999999999,0.1102127659574467,-0.2140425531914893,-0.8099999999999998,0.1906382978723404,0.4317021276595746,-0.2753191489361702,0.2280851063829787,-0.0691489361702127,0.0863829787234041,-0.5270212765957446,-0.1225531914893617,-0.5385106382978723,0.0076595744680851,0
MPQLDTIYILMTHLWAWLMLYLTTQKIKTFIMTSHPMIYHKPNKQTPTPTWL,-0.1095817359615384,-0.092332368076923,0.3163318423076922,0.0299846903846153,0.1675375367307691,-0.2244230769230769,-0.1398076923076923,-0.3234615384615384,-0.1428846153846154,-0.053076923076923,-0.0407692307692307,0.0301923076923077,-0.3490384615384615,-0.0826923076923077,0.0494230769230769,-0.1398076923076923,-0.1303846153846154,0.0246153846153846,0.2173076923076922,0.07625,0.2438269230769231,0.1242692307692307,0.3207500000000001,0.0481346153846153,-0.0671153846153846,0.1228846153846154,0.1178846153846154,-0.1613461538461538,0.3096153846153845,-0.2013461538461537,0.0711538461538461,-0.4163461538461538,-0.0788461538461538,-0.0542307692307692,-0.2659615384615384,0.7038461538461538,-0.4094230769230769,-0.0526730769230769,-0.0059423076923076,0.0156538461538461,-0.0713653846153846,0.0221346153846153,0.3371153846153846,-0.2638461538461539,1.8065461538461536,0.22775,1.152921153846154,1.0073076923076922,0.1948076923076923,-0.0732692307692307,0.5078846153846153,-0.3817307692307692,-0.3942307692307692,0.0040384615384615,0.1740384615384615,0.2246923076923077,0.0344423076923077,0.0112692307692307,-0.0104807692307692,-0.6513269230769231,-0.2349615384615384,-0.0710192307692307,-0.164826923076923,-0.0791730769230768,0.1579807692307692,0.0654615384615384,-0.2595,-0.0883634615384614,-0.1035615384615383,0.7708423076923077,-0.6430307692307693,0.1856596153846154,0.1639942307692307,0.1638288461538462,0.6475096153846154,0.1129346153846154,-0.768676923076923,-0.5692134615384616,-3.382307692307693,-0.355,-0.2153846153846153,0.1821153846153846,0.0859615384615384,0.2942307692307693,0.0846153846153846,0.1886538461538461,-0.3078846153846153,0.2407692307692308,-0.2690384615384615,-0.2048076923076923,0.1776923076923077,-0.6469230769230769,0.0365384615384615,0.3151923076923077,0.0953846153846154,-0.0367307692307692,-0.0709615384615384,-1.1278846153846156,-0.1148076923076923,-0.4263461538461539,0.198076923076923,0.1288461538461538,0
MEKHPADLYKDHVRPFLYSKLEEFKILGYDDVELESLWSYLTDKKWKKKTELSIYELASDILSVKIGEFMNYATVESFKTSNWLGSEEGQEALEELLR,0.1650013765306122,-0.2268182423469388,-0.13377055,0.2478896897959183,-0.2350725734693877,0.1413265306122449,-0.0572448979591836,-0.2783673469387754,-0.0646938775510204,-0.0524489795918367,0.1485714285714285,-0.1063265306122449,-0.025,0.1796938775510204,-0.0631632653061224,0.0415306122448979,-0.2446938775510204,-0.066734693877551,-0.2487959183673469,0.2322142857142857,0.0667244897959184,0.4336530612244897,0.0407959183673469,-0.1501224489795918,-0.2242857142857142,0.023673469387755,-0.2146938775510204,0.1501020408163265,-0.1627551020408163,-0.4992857142857143,-0.0238775510204081,-0.000204081632653,-0.1206122448979591,0.1546938775510203,-0.2229591836734693,0.3223469387755101,-0.3068367346938775,0.0221530612244898,-0.0335,-0.0711224489795918,-0.0659081632653061,0.0564897959183673,0.0289795918367347,0.0540816326530612,-0.9044836734693876,0.1173459183673469,0.5161051020408163,-0.608775510204082,0.2661224489795917,-0.701938775510204,-0.0324489795918367,-0.5908163265306122,0.2969387755102041,0.1141836734693877,0.0041836734693877,0.2325306122448979,-0.014438775510204,-0.000969387755102,-0.0367857142857142,-0.7255306122448979,-0.2004795918367347,-0.1278061224489795,-0.1423673469387755,-0.0229591836734694,-0.0030408163265306,0.0610306122448979,0.2081224489795918,0.4585030612244898,-0.8007734693877551,0.1303367346938775,0.0675591836734693,0.0072316326530612,0.4264326530612244,0.4894693877551023,-0.3251561224489796,-0.3145551020408163,0.6695632653061225,-0.1158928571428571,-3.784489795918368,0.2404081632653062,-0.046938775510204,0.0766326530612245,0.463673469387755,-0.0689795918367346,0.1332653061224489,0.0326530612244897,-0.0428571428571428,-0.186734693877551,-0.1731632653061224,0.2085714285714285,-0.0891836734693877,-0.6983673469387757,0.1675510204081632,0.2713265306122449,-0.2779591836734694,0.2827551020408163,-0.1613265306122449,0.0617346938775509,-0.1385714285714285,-0.348265306122449,-0.5491836734693878,0.1523469387755101,0
MAQGGQVSAGGGRRDDDEPIEQTSGAGTQQVNVTGTDDLLDEIDGLLENNAEEFVRSYVQKGGQ,0.1473679051562499,0.10518219859375,-0.3351721015625001,0.4616115843749999,-0.22964678296875,0.499375,-0.18296875,0.0321874999999999,-0.0181249999999999,-0.16015625,0.31390625,-0.035,0.09640625,0.14640625,0.1159375,0.0034374999999999,-0.49921875,-0.0734374999999999,-0.48809375,-0.1818437499999999,-0.4150781249999999,0.466734375,-0.145203125,-0.2861249999999999,0.0251562499999999,-0.4709375,-0.09546875,0.3071875,-0.17109375,-0.1396875,0.091875,0.2945312499999999,-0.2203124999999999,-0.11296875,-0.2604687499999999,0.21609375,-0.4717187500000001,0.08796875,0.06725,-0.082203125,-0.017671875,0.0115781249999999,-0.94125,0.178125,-3.19539375,-2.226953125,0.0839234374999999,-2.2615625,-1.3151562500000002,-0.44890625,-0.36671875,-0.06703125,0.48296875,0.194375,0.0968749999999999,0.2146875,-0.0018437499999999,-0.10653125,-0.037453125,-1.013421875,-0.221546875,-0.33,0.0309687499999999,0.0295937499999999,-0.5905156250000001,0.0749843749999999,0.5143281249999999,-2.1445140625,-0.742490625,-0.3893421874999999,0.7290046874999999,-0.0191828125,0.18805625,-2.6626093750000006,-0.75839375,-0.1623140625,-2.1094015625,0.4987015625000001,-5.45046875,0.18484375,0.25703125,0.23671875,1.065,-0.3160937499999999,-0.25,-0.5342187500000001,0.1576562499999999,-0.4659375,-0.2115625,0.4049999999999999,-0.22046875,-0.94734375,0.14421875,0.450625,-0.7598437499999999,0.3915625,-0.3521875,1.02078125,-0.91375,-0.2351562499999999,-1.03140625,0.2678125,0
ENEDPFYYDYETVRNGGLIFAALAFIVGLVIILSKRFRCGAKKKHRQIPEDGL,0.0218319522641509,-0.0995816532075472,0.3096532132075471,0.3554657735849057,0.2325434037735848,0.0498113207547169,-0.1324528301886792,-0.1794339622641509,0.0533962264150943,-0.0760377358490566,0.1422641509433962,0.0881132075471698,0.1090566037735849,0.1294339622641509,-0.0966037735849056,-0.1664150943396226,-0.2347169811320755,0.0050943396226414,-0.148377358490566,0.0447924528301886,0.0147547169811321,0.4282641509433962,-0.0151320754716981,0.0079622641509434,-0.0856603773584906,-0.0999999999999999,0.0424528301886792,0.0577358490566037,-0.209811320754717,-0.3856603773584907,0.1537735849056603,0.2562264150943396,0.1445283018867924,0.0375471698113207,-0.2430188679245283,0.320566037735849,-0.2690566037735848,0.001377358490566,0.0130377358490566,-0.0515849056603773,-0.0724150943396226,0.0227924528301886,-0.1581132075471698,-0.1052830188679245,-0.1315358490566037,-0.4581566037735848,0.6876886792452831,-0.1905660377358491,-0.3941509433962266,-0.2403773584905661,0.109811320754717,-0.3250943396226415,0.33,0.2364150943396226,-0.0392452830188679,0.2264905660377358,0.0325094339622641,0.0038490566037735,-0.0761698113207547,-0.7917735849056603,-0.2051320754716981,-0.0813018867924528,-0.0403207547169811,-0.2086226415094339,-0.195433962264151,0.0797358490566037,0.3312830188679244,-0.6982754716981131,-0.4515150943396226,0.1334754716981132,0.1549113207547169,0.3546698113207547,0.2955415094339622,-1.0968622641509431,0.0997075471698113,-0.388456603773585,-0.6076018867924525,0.3332056603773585,-4.184716981132076,0.120943396226415,-0.0930188679245283,0.1794339622641509,0.5975471698113208,0.0084905660377358,0.0139622641509433,-0.0896226415094339,0.0071698113207546,-0.0290566037735849,-0.2411320754716981,0.3092452830188679,-0.0594339622641509,-0.762830188679245,0.1847169811320755,0.320188679245283,-0.3660377358490566,0.2135849056603773,-0.3152830188679245,-0.0624528301886791,-0.3560377358490565,-0.3988679245283018,-0.3652830188679245,0.1745283018867924,0
MKVKGSLKSHRNRDKNCKVVKRGGRIYIINEIKPRCKTRQGS,0.3631005157142857,0.1276495395238095,0.2601621166666665,0.1903955476190476,0.6754859292857144,0.3961904761904762,-0.2059523809523809,-0.2197619047619047,-0.0633333333333333,0.2611904761904761,0.1909523809523809,0.1666666666666666,0.0457142857142857,-0.0404761904761904,-0.1373809523809523,0.0828571428571428,-0.2004761904761904,0.3497619047619048,-0.5125952380952381,-0.0632142857142857,-0.1128095238095238,0.1648095238095238,-0.1644523809523809,0.5168571428571427,0.1166666666666666,-0.0071428571428571,0.3942857142857143,0.5319047619047619,0.0728571428571428,-0.1811904761904762,0.2269047619047618,0.1209523809523809,-0.104047619047619,0.1164285714285714,-0.3945238095238095,0.3338095238095238,-0.1111904761904762,0.0713333333333333,-0.0287380952380952,-0.0046190476190476,-0.0919761904761904,-0.0993809523809523,-0.1183333333333333,0.3297619047619047,-2.683869047619047,0.9407952380952382,0.6218880952380952,-1.534047619047619,0.5554761904761903,0.2469047619047618,0.853095238095238,0.1802380952380952,0.3928571428571428,0.3711904761904762,-0.0378571428571428,0.224047619047619,-0.0008809523809523,-0.0307619047619047,-0.0744999999999999,-0.7926190476190478,-0.0679285714285714,-0.1357619047619047,0.016547619047619,-0.1272619047619047,-0.087047619047619,0.3153333333333333,0.3004285714285714,0.3935166666666664,-1.1095952380952383,-0.6993690476190475,-0.22985,0.5248952380952381,-0.0463809523809524,-0.4519904761904761,-0.5977142857142856,-0.6581142857142857,1.213802380952381,0.5797595238095238,-4.200476190476191,0.7428571428571429,-0.3773809523809524,0.2728571428571428,0.5283333333333333,-0.4071428571428572,0.008095238095238,-0.0209523809523809,0.244047619047619,0.3861904761904761,0.1202380952380952,0.5599999999999999,0.013095238095238,-0.7526190476190476,0.4204761904761905,0.3638095238095238,-0.1873809523809524,0.4554761904761905,-0.1257142857142857,1.0247619047619048,-0.1904761904761904,-0.8595238095238097,0.1183333333333333,0.088095238095238,0
MIKNLFIPFISQKKKEEENPGSVEFQVVNFTNKIRKLTSHFKLHPKDYLSQRGLRKILGKRQGLLSYLLERDKRRFEKLMSELNTRDSQIR,0.2784907876923077,-0.1246640908791209,-0.0412081,0.2462957648351648,0.1437910008791209,0.2386813186813186,-0.116043956043956,-0.4142857142857142,-0.084065934065934,0.0842857142857142,0.176043956043956,0.0341758241758241,-0.002087912087912,0.0136263736263736,-0.1574725274725274,0.0646153846153846,-0.1589010989010989,0.0917582417582417,-0.2985604395604395,0.1718021978021978,0.1003406593406593,0.3511538461538461,0.082021978021978,0.2269890109890111,-0.1086813186813186,0.1258241758241758,0.0627472527472527,0.3265934065934066,-0.0096703296703296,-0.4332967032967032,0.2062637362637362,-0.0309890109890109,0.0709890109890109,0.0125274725274724,-0.2672527472527472,0.4098901098901099,-0.1752747252747253,0.0339230769230769,-0.0527802197802197,-0.0397472527472527,-0.1008351648351648,-0.0038791208791208,0.2105494505494505,0.1315384615384615,-1.4654945054945057,1.0373153846153844,0.7557164835164836,-0.8329670329670332,0.8041758241758239,-0.3281318681318681,0.5065934065934067,-0.2873626373626374,0.2296703296703296,0.1436263736263736,-0.02010989010989,0.2313736263736263,-0.0322857142857142,-0.0063406593406593,-0.0748021978021978,-0.7023626373626374,-0.0995494505494505,-0.0914725274725274,-0.0963956043956043,-0.1007252747252747,0.1828131868131867,0.1607912087912088,0.2028571428571428,0.7932252747252748,-1.1548175824175824,-0.1417340659340659,-0.1051098901098901,0.2529945054945055,0.2210725274725274,0.6527604395604397,-0.406432967032967,-0.5055681318681318,1.3780725274725274,0.0394241758241758,-3.612967032967033,0.6563736263736263,-0.2637362637362637,0.138021978021978,0.3353846153846153,-0.1852747252747252,0.1672527472527472,0.1343956043956044,0.0630769230769231,0.14,-0.0206593406593406,0.3352747252747253,0.0159340659340659,-0.6654945054945055,0.3346153846153846,0.2312087912087913,-0.193956043956044,0.3202197802197802,-0.0974725274725274,0.2795604395604395,0.055054945054945,-0.7779120879120879,-0.2399999999999999,0.2763736263736263,0
FWGSGPFGMFPGGWGGPWNSPWYGPYGGYPYGGYGYPYGL,-0.2206528709999999,1.0720965375,0.7439992575,0.0860286825,0.6543019555,-0.0069999999999999,0.4955,0.6377499999999999,-0.08025,-0.44,0.0902499999999999,0.56275,0.1217499999999999,0.0274999999999999,-0.0605,-0.45525,-0.26425,0.05475,0.0947,-1.2729499999999998,-0.1045749999999999,0.229925,0.0585999999999999,-0.6122249999999999,1.13525,-0.2524999999999999,-0.25225,-0.554,0.11975,-0.2655,0.39625,0.6032500000000001,-0.6034999999999999,0.087,0.0704999999999999,0.3855,-0.5465,0.0313,0.2262249999999999,0.173175,-0.0392499999999999,0.129575,-0.656,-0.3,0.9335525000000002,-2.5413274999999995,2.1510125,-0.9527499999999998,-2.44275,2.741,-0.77325,-0.7862500000000001,0.3540000000000001,0.311,0.0829999999999999,0.185875,0.164375,0.1081999999999999,0.059775,-0.818525,0.0137499999999999,0.17865,-0.02285,-0.4475749999999999,-1.376425,-0.05105,0.782125,-0.66769,1.3995925,-0.2936924999999999,1.0712499999999998,0.8453575000000001,0.07027,-1.5074424999999998,1.2951799999999998,-0.26868,-0.7914625,1.11687,-4.333,-1.44725,-0.1845,-0.32075,1.0215,0.34025,-0.0879999999999999,-0.5952500000000001,0.97425,-0.01925,-0.59275,0.2682499999999999,-0.0839999999999999,-0.8167500000000001,-0.24275,0.26175,-0.3859999999999999,0.4429999999999999,-1.159,-0.7525000000000002,-0.45825,0.71975,0.15925,-0.1754999999999999,0
MANNKSAKKRIQIAERNRLMNKSYKSTVRTLTKKTLENCEKYKKNPNEDNKNLVKTSLNKAFSLIDKAVKKNVLHKNNGANRKSKINNFVKTTLTTK,0.4197901670103093,-0.1127476230927835,0.2824730329896906,0.2796813762886597,0.4501869242268041,0.429381443298969,-0.239381443298969,-0.3254639175257731,-0.0038144329896907,0.2075257731958762,0.2693814432989691,0.0389690721649484,-0.2318556701030928,-0.0292783505154639,-0.1797938144329897,0.1681443298969072,-0.2637113402061855,0.2521649484536082,-0.4972061855670103,0.1174948453608247,-0.0709587628865979,0.3299690721649484,-0.0720927835051546,0.2609896907216494,-0.0746391752577319,-0.014020618556701,0.112061855670103,0.5255670103092784,0.1573195876288659,-0.4751546391752577,0.169381443298969,0.006701030927835,0.0538144329896907,-0.0741237113402061,-0.3664948453608247,0.3671134020618556,-0.2297938144329896,0.0770824742268041,-0.0481237113402061,-0.0529793814432989,-0.1010515463917525,-0.0433298969072164,-0.1468041237113401,0.2475257731958763,-2.9806680412371134,0.713101030927835,0.5510721649484536,-1.623917525773196,0.7059793814432989,-0.4278350515463917,0.9318556701030928,-0.0614432989690721,0.1763917525773196,0.2888659793814433,0.0132989690721649,0.2359587628865979,-0.0196597938144329,-0.0465773195876288,-0.0424226804123711,-0.8001340206185567,-0.1890309278350515,-0.2274329896907216,-0.064360824742268,0.0272371134020618,0.0838659793814432,0.1437938144329896,0.1232680412371134,-0.2904958762886597,-1.159261855670103,0.1205845360824741,-0.3483185567010309,0.3976886597938144,0.0937649484536082,-0.524179381443299,-0.5076288659793815,-0.3779525773195876,0.1219103092783505,0.1051061855670103,-4.258762886597938,0.6085567010309278,-0.0996907216494845,0.2795876288659794,0.4969072164948453,-0.3722680412371134,0.0385567010309278,0.0041237113402061,-0.0149484536082474,0.2390721649484536,0.1058762886597938,0.4202061855670103,-0.0988659793814432,-0.761340206185567,0.3167010309278351,0.3296907216494846,-0.3311340206185566,0.2563917525773196,-0.0638144329896907,0.8340206185567013,-0.0531958762886597,-0.6915463917525773,-0.2295876288659793,0.4265979381443299,0
MHCLKAVVKGKVQGVYFRDFTRTQAIRLGLCGYAQNLESGTDVEVIAEGDKDILLEFLKLLRSGPPHAEVQEVEVSWSSTNGNYGDFHIKY,-0.0102144992307692,-0.0451619971428571,-0.1160888901098901,0.3491027670329669,-0.0708625048351648,0.1139560439560439,-0.1513186813186813,-0.1365934065934066,0.0363736263736263,-0.0527472527472527,0.1747252747252747,0.0338461538461538,0.0314285714285714,0.1402197802197802,0.0241758241758241,-0.1054945054945054,-0.3156043956043955,0.0043956043956043,-0.2837252747252747,0.0308461538461538,-0.1146043956043955,0.4059010989010989,-0.0705494505494505,-0.0229780219780219,-0.0952747252747252,-0.2087912087912088,0.0583516483516483,0.0986813186813186,-0.0803296703296703,-0.3252747252747252,0.041098901098901,0.1506593406593406,-0.0621978021978021,0.1151648351648352,-0.2702197802197802,0.3547252747252746,-0.3692307692307692,0.0141648351648351,0.0282747252747252,-0.0629340659340659,-0.0508021978021978,-0.0001428571428571,-0.3756043956043956,-0.0287912087912087,-0.64050989010989,-1.0153241758241756,0.3179582417582418,-0.4974725274725274,-0.6616483516483519,-0.3375824175824175,0.0817582417582417,-0.1893406593406593,0.3374725274725274,0.2061538461538461,-0.0236263736263736,0.2252087912087912,0.0266923076923076,-0.0291758241758241,-0.0415824175824175,-0.8528021978021977,-0.2237472527472527,-0.1598901098901099,-0.0324395604395604,-0.1078791208791208,-0.293043956043956,0.1008131868131868,0.3082747252747252,-0.7749758241758242,-0.4975923076923077,-0.0511725274725274,0.2409197802197802,0.2074516483516483,0.1708791208791209,-1.186651648351648,-0.1284230769230769,-0.3101076923076922,-0.7753736263736264,0.2694483516483516,-4.531098901098901,0.0336263736263736,0.0156043956043956,0.1854945054945055,0.6927472527472527,-0.0525274725274725,-0.1241758241758242,-0.1946153846153846,-0.0397802197802197,-0.1045054945054945,-0.2207692307692307,0.2472527472527472,-0.1257142857142857,-0.8145054945054946,0.1302197802197802,0.3824175824175823,-0.4210989010989011,0.243076923076923,-0.2743956043956044,0.1579120879120878,-0.5673626373626374,-0.3331868131868132,-0.4691208791208792,0.1312087912087912,0
MKRTFQPSNLRRARTHGFRERMSTKNGRKVLARRRAKGRKTLTA,0.4297615447727272,-0.1139118897727272,0.5165173272727271,0.4366051477272727,0.9988267393181818,0.4313636363636364,-0.1581818181818181,-0.2795454545454546,-0.1988636363636363,0.3734090909090909,0.2545454545454546,0.3072727272727272,-0.1427272727272727,0.0625,-0.1777272727272727,0.0981818181818182,-0.1195454545454545,0.4177272727272728,-0.4495681818181818,0.1186818181818181,-0.0817272727272727,0.2829545454545454,0.0162727272727272,0.6752727272727274,-0.0747727272727272,0.044090909090909,0.2788636363636363,0.6113636363636363,-0.2138636363636363,-0.2170454545454545,0.4379545454545454,-0.1245454545454545,-0.0747727272727272,0.2663636363636363,-0.3452272727272727,0.405909090909091,-0.059090909090909,0.0769318181818181,-0.0602272727272727,-0.0438863636363636,-0.1192727272727272,-0.0801363636363636,0.0602272727272727,0.2690909090909091,-3.3336113636363645,1.3237931818181818,0.7882727272727272,-1.5609090909090908,0.8979545454545452,0.2004545454545454,1.1104545454545456,0.2365909090909091,0.3984090909090909,-0.1461363636363636,0.33,0.2232045454545454,0.0098181818181818,-0.0126590909090909,-0.0425,-0.7335454545454546,-0.0118636363636363,-0.1523863636363636,-0.0120227272727272,-0.1610909090909091,-0.2405909090909091,0.4099772727272728,0.4416818181818182,0.639347727272727,-1.148709090909091,-0.8112931818181817,-0.0087954545454545,0.6693045454545453,-0.1832204545454545,-0.2027340909090907,-0.7138204545454544,-0.7091999999999999,1.741531818181818,1.0831863636363634,-3.886363636363636,0.9075000000000002,-0.3790909090909091,0.1815909090909091,0.5724999999999999,-0.4429545454545455,0.1295454545454545,0.0468181818181818,0.2845454545454545,0.4993181818181819,0.2265909090909091,0.5277272727272727,0.104090909090909,-0.7068181818181818,0.4729545454545454,0.2827272727272727,-0.3781818181818182,0.3481818181818182,-0.1670454545454545,1.0911363636363636,0.0129545454545455,-1.1611363636363636,0.3661363636363636,0.184090909090909,0
ISHGFRYDAIAKLFRPFFCGDGYGHRIGETVYYAGSLKYCARSFDVGAEIICKGFYYFGIYKRRVSEV,-0.0960631414705882,0.1034883376470588,0.5021484338235292,0.2460500676470588,0.4558404202941176,-0.090735294117647,0.0405882352941176,-0.0223529411764706,0.1851470588235294,-0.023235294117647,0.1475,0.1772058823529411,0.1117647058823529,0.2516176470588235,-0.1338235294117647,-0.2013235294117647,-0.2073529411764705,0.0888235294117647,-0.0597647058823529,-0.1548529411764705,0.0207205882352941,0.2832794117647059,-0.2370588235294117,0.1201029411764706,0.1167647058823529,-0.1067647058823529,0.2147058823529411,-0.040735294117647,-0.2095588235294118,-0.2638235294117647,0.0775,0.4304411764705881,0.0491176470588235,0.175735294117647,-0.1635294117647059,0.3411764705882352,-0.295735294117647,-0.0135294117647058,0.0461323529411764,-0.005735294117647,-0.04975,-0.0234117647058823,-0.1742647058823528,-0.1230882352941176,0.441989705882353,-0.5428823529411765,0.2598823529411764,0.1480882352941177,-0.655,0.3297058823529411,-0.0048529411764706,0.0029411764705882,0.3691176470588235,0.295,0.1105882352941176,0.2191176470588235,0.0494117647058823,0.0462205882352941,-0.0113088235294117,-0.7596617647058825,-0.1296029411764706,0.0263529411764706,-0.0132058823529411,-0.2618529411764705,-0.4950882352941177,0.0668088235294117,0.4574558823529411,0.1692205882352941,0.1089455882352941,-0.3433735294117647,0.3804632352941177,0.5328926470588234,0.2373411764705882,-0.5517441176470586,0.1320426470588235,-0.5388044117647058,0.7017867647058823,0.7640970588235294,-4.053529411764706,-0.0854411764705881,-0.1210294117647058,-0.0027941176470588,0.7074999999999999,0.0623529411764706,-0.0227941176470588,-0.1347058823529411,0.140735294117647,0.0801470588235293,-0.1235294117647059,0.1730882352941176,-0.1441176470588235,-0.7488235294117647,0.1169117647058823,0.2930882352941177,-0.3760294117647058,0.3339705882352941,-0.4408823529411765,-0.070735294117647,-0.3492647058823529,-0.1575,-0.1535294117647058,-0.1710294117647058,0
MEFKIMSKVDNIEQKVIKVIADNQGKKIEEISVDSRFAEDLGVDSLSTVEIMMEIEKEFGVDVPDEEATKIKKVADVVNYIKEHKS,0.1620095566279069,-0.3111390072093022,-0.0249344325581396,0.2693617755813953,-0.2707650610465116,0.2530232558139534,-0.3115116279069767,-0.3458139534883722,-0.0251162790697674,-0.1452325581395349,0.18,-0.1881395348837209,0.065813953488372,0.1796511627906976,-0.0032558139534883,0.0025581395348837,-0.3490697674418604,-0.0755813953488372,-0.489860465116279,0.3066860465116278,-0.0818837209302325,0.3816511627906978,-0.0434883720930232,-0.0647209302325581,-0.3644186046511629,-0.1467441860465116,0.0198837209302325,0.3151162790697675,0.0198837209302325,-0.2962790697674418,-0.235,0.1625581395348837,-0.0834883720930232,-0.0726744186046511,-0.373139534883721,0.2733720930232557,-0.3266279069767441,0.0264651162790697,-0.0336511627906976,-0.105953488372093,-0.0491976744186046,0.0044418604651162,-0.254767441860465,0.0562790697674418,-1.39333488372093,-0.454267441860465,0.3038430232558139,-0.8748837209302327,-0.0126744186046511,-1.2587209302325582,0.1325581395348837,-0.3846511627906976,0.2260465116279069,0.2648837209302325,-0.0380232558139535,0.2349767441860465,-0.018360465116279,-0.0603023255813953,-0.085860465116279,-0.8439418604651163,-0.3045348837209302,-0.2323837209302325,-0.0466395348837209,0.0005465116279069,0.084453488372093,0.0922674418604651,0.1160232558139535,-0.5480011627906978,-0.939556976744186,-0.1182732558139534,-0.1453697674418605,0.0308337209302325,0.522853488372093,-0.787563953488372,-0.4708232558139535,-0.2451011627906976,-0.3974290697674418,-0.2565162790697675,-4.463255813953487,0.3853488372093023,-0.0325581395348837,0.3122093023255815,0.4940697674418604,-0.1823255813953488,-0.0633720930232558,-0.0756976744186046,-0.2795348837209301,-0.2626744186046512,-0.1982558139534883,0.2805813953488371,-0.0361627906976744,-0.7963953488372094,0.2377906976744186,0.3962790697674418,-0.2677906976744186,0.2368604651162791,-0.0745348837209302,0.3955813953488371,-0.4881395348837209,-0.4687209302325582,-0.7194186046511627,0.2195348837209302,0
