SEQUENCE,AF1,AF2,AF3,AF4,AF5,BLOSUM1,BLOSUM2,BLOSUM3,BLOSUM4,BLOSUM5,BLOSUM6,BLOSUM7,BLOSUM8,BLOSUM9,BLOSUM10,PP1,PP2,PP3,F1,F2,F3,F4,F5,F6,KF1,KF2,KF3,KF4,KF5,KF6,KF7,KF8,KF9,KF10,MSWHIM1,MSWHIM2,MSWHIM3,E1,E2,E3,E4,E5,PD1,PD2,PRIN1,PRIN2,PRIN3,ProtFP1,ProtFP2,ProtFP3,ProtFP4,ProtFP5,ProtFP6,ProtFP7,ProtFP8,SV1,SV2,SV3,SV4,ST1,ST2,ST3,ST4,ST5,ST6,ST7,ST8,SVGER1,SVGER2,SVGER3,SVGER4,SVGER5,SVGER6,SVGER7,SVGER8,SVGER9,SVGER10,SVGER11,T1,T2,T3,T4,T5,VHSE1,VHSE2,VHSE3,VHSE4,VHSE5,VHSE6,VHSE7,VHSE8,VSTPV1,VSTPV2,VSTPV3,VSTPV4,VSTPV5,VSTPV6,Z1,Z2,Z3,Z4,Z5,ACTIVITY
SGSSGHGRQGTTHGQTGDTT,0.09875717699999997,0.739632788,-0.3370643300000002,0.452410415,0.34008567149999996,0.7374999999999999,-0.003999999999999992,0.433,0.14950000000000002,-0.030500000000000017,0.4565,0.2635,-0.3015,0.13399999999999998,0.1935,0.1325,-0.6370000000000001,0.3235,-0.3851,-0.8243499999999999,-0.82135,0.3299,-0.31945000000000007,-0.10404999999999998,0.5765,-0.7964999999999999,0.22599999999999998,0.4445000000000001,0.11350000000000002,0.14550000000000002,0.04150000000000004,0.22799999999999992,-0.6240000000000001,0.16249999999999995,-0.2495,0.3504999999999999,-0.7035,0.15315,0.18405000000000002,-0.007449999999999998,-0.007949999999999999,-0.0898,-1.67,0.481,-5.171809999999999,-3.776529999999999,-0.012830000000000003,-3.7435,-2.5620000000000003,0.924,0.013999999999999947,0.634,0.40950000000000014,0.10950000000000001,0.325,0.19495,0.07225000000000001,-0.09974999999999998,0.1273,-1.1569,-0.19130000000000003,-0.4716,0.017399999999999992,0.14040000000000002,-1.3240500000000002,0.2265,0.699,-1.9160800000000002,-0.3030149999999999,-1.0319949999999998,1.199115,0.6989749999999999,-0.355865,-3.01748,-0.9283750000000002,-0.27158999999999994,-1.5312000000000003,1.3126449999999998,-6.413500000000001,-0.3425,0.384,0.017499999999999995,1.5110000000000001,-0.5155,-0.6224999999999999,-0.9905000000000002,0.4554999999999999,-0.21849999999999997,-0.006999999999999984,0.449,-0.1945,-1.1025,-0.1095,0.5485,-0.9549999999999998,0.743,-0.665,1.9579999999999997,-1.507,-0.19600000000000004,-0.5870000000000001,-0.009500000000000003,0
GLDDLLEPVLNSADNLVHGL,-0.17253753600000002,-0.015120455499999968,-1.157138005,0.617726785,-0.8412911565,0.1325,-0.354,-0.118,0.1705,-0.279,0.21350000000000002,-0.032500000000000036,0.1105,-0.14150000000000001,0.08249999999999999,-0.21350000000000002,-0.45599999999999996,-0.1755,-0.20500000000000002,-0.0002499999999999947,-0.23404999999999995,0.7630999999999999,0.15214999999999998,-0.5233999999999999,-0.06650000000000002,-0.4254999999999999,-0.3325000000000001,-0.14100000000000001,-0.22300000000000003,-0.6599999999999999,-0.10400000000000005,0.07350000000000002,0.185,0.348,-0.3665,0.22799999999999998,-0.5429999999999999,0.016449999999999992,0.08050000000000002,-0.10885000000000003,-0.0487,0.09295,-0.7950000000000002,-0.22549999999999998,-0.15183500000000025,-2.5890449999999996,0.40632,-0.48850000000000027,-1.6119999999999997,-0.853,-0.39599999999999996,-0.52,0.12400000000000003,0.11600000000000002,-0.394,0.23159999999999997,0.04075,-0.08285000000000001,-0.0772,-1.01025,-0.2955,-0.31735,-0.05275,-0.03280000000000001,-0.20339999999999997,-0.012200000000000013,0.2032,-2.56585,-1.069635,1.1318899999999998,0.06491999999999994,-0.18916500000000003,-0.05682499999999998,-2.4635,-0.004515000000000102,-0.08104000000000001,-3.4354800000000005,0.26435000000000003,-5.406499999999999,-0.21799999999999992,0.25849999999999995,0.44399999999999995,0.8179999999999998,0.09700000000000006,-0.223,-0.3929999999999999,-0.17200000000000001,-0.5199999999999999,-0.43100000000000005,0.347,-0.12600000000000003,-0.942,0.036000000000000004,0.507,-0.5465000000000001,0.08800000000000001,-0.26450000000000007,-0.10850000000000015,-0.804,0.015499999999999991,-0.8654999999999999,0.6759999999999999,0
EKHCQTSGEKGYCHGTKCK,0.33853924578947364,0.16157547947368425,0.15281325263157886,-0.13738281052631576,0.5170811536842105,0.496842105263158,0.037368421052631544,0.16105263157894734,0.10578947368421054,0.4147368421052632,-0.009473684210526334,0.04,0.003157894736842102,0.1873684210526316,0.0005263157894736905,0.1910526315789474,-0.38368421052631585,0.2910526315789474,-0.3957894736842105,-0.14905263157894733,-0.4971052631578948,-0.17257894736842105,-0.32494736842105265,0.11621052631578949,0.1,-0.2426315789473684,-0.031052631578947398,0.43631578947368416,0.29578947368421055,0.16526315789473683,0.45368421052631575,0.17157894736842103,-0.21684210526315786,0.4447368421052631,-0.18315789473684213,0.2521052631578947,-0.2915789473684211,0.10847368421052629,0.01205263157894737,-0.012421052631578944,0.04894736842105263,-0.06815789473684211,-0.7242105263157894,0.6373684210526317,-3.5581526315789476,-0.3504473684210526,-0.6596736842105264,-2.233684210526316,-0.40631578947368396,0.7689473684210526,0.1826315789473684,0.3131578947368421,0.638421052631579,-0.04157894736842107,-0.044736842105263144,0.21178947368421053,0.006052631578947366,-0.026473684210526306,0.045736842105263145,-0.8896315789473686,-0.08973684210526318,-0.0734736842105263,0.02557894736842105,-0.00078947368421053,-0.49768421052631584,0.32768421052631586,0.38710526315789473,-0.8161947368421053,0.5040684210526316,-1.3352894736842107,0.3827,0.28652631578947363,0.051557894736842094,-1.7998684210526315,-0.5866842105263158,-0.08308947368421053,-0.432242105263158,-0.05311578947368414,-4.874736842105262,0.18578947368421056,-0.20105263157894737,-0.0052631578947368324,0.8289473684210527,-0.5084210526315789,-0.3505263157894736,-0.33421052631578946,0.46684210526315795,0.09736842105263153,0.3094736842105263,0.4221052631578947,-0.14578947368421052,-0.8610526315789473,0.1768421052631579,0.43894736842105264,-0.2836842105263158,0.7168421052631578,-0.2663157894736843,1.6889473684210528,-0.6157894736842104,0.029999999999999943,0.007894736842105246,-0.4794736842105263,0
AAAGSCVWGAVNYTSDCAAE,-0.3572587565,-0.024726505500000016,-0.44834672500000006,0.5461972449999999,-0.2789681104999999,0.0725,-0.3505,0.48549999999999993,0.14150000000000001,0.10350000000000001,0.186,0.08400000000000005,-0.08250000000000002,0.4805,0.17049999999999998,-0.3135,-0.5609999999999999,0.0905,-0.16715000000000002,-0.07260000000000004,-0.6232500000000001,0.3989500000000001,-0.28700000000000003,-0.30659999999999993,-0.19250000000000003,-0.826,-0.14999999999999997,-0.1355,-0.47650000000000003,-0.077,-0.178,0.11199999999999999,-0.20299999999999999,0.0025000000000000187,-0.402,0.263,-0.6049999999999999,0.024,0.13144999999999998,-0.12874999999999998,0.03794999999999999,-0.005200000000000005,-1.5439999999999998,-0.221,-0.8093649999999999,-4.139010000000001,-0.7107600000000001,-0.49700000000000005,-2.736999999999999,-0.4655,0.01599999999999997,0.2585,0.42800000000000005,-0.060499999999999964,0.29549999999999993,0.22225,0.12655,-0.0806,0.07749999999999999,-1.1414,-0.44065000000000004,-0.38544999999999996,0.11379999999999998,-0.07059999999999998,-1.2708,0.1577,0.5180000000000001,-2.60038,0.20543000000000006,-0.27973,0.4169199999999999,0.30726,-0.241605,-3.75563,-0.09172999999999995,-0.23598999999999998,-2.755365,1.3608500000000001,-6.383,-0.8814999999999997,0.44849999999999995,0.334,1.4304999999999999,-0.025499999999999995,-0.62,-0.7515,-0.22799999999999998,-0.2655,-0.279,0.005499999999999994,-0.3490000000000001,-1.108,-0.16249999999999998,0.7245,-0.8269999999999997,0.2125,-0.51,0.5405,-1.2894999999999999,0.6900000000000001,-0.5615,0.08449999999999998,0
RKLKKSVKKRAKKFFKKPRVI,0.6438750657142857,-0.30038597095238095,0.2621445380952381,0.23037964285714282,0.8352426409523808,0.32,-0.2033333333333333,-0.5700000000000001,-0.40285714285714275,0.3595238095238096,0.08238095238095237,0.25476190476190474,0.052380952380952375,0.15333333333333335,-0.49904761904761896,0.04285714285714285,0.04238095238095239,0.52,-0.6814761904761905,0.3599047619047619,0.2715714285714286,0.40438095238095234,0.1035238095238095,0.912047619047619,-0.22666666666666666,0.4042857142857142,0.23761904761904762,0.7038095238095238,0.4214285714285715,-0.958095238095238,0.5071428571428571,-0.1595238095238095,-0.0019047619047618907,0.3223809523809523,-0.44476190476190475,0.3761904761904762,0.18714285714285714,0.05971428571428571,-0.15052380952380948,-0.03528571428571429,-0.23266666666666666,-0.04995238095238095,0.6271428571428571,0.2623809523809524,-2.4694000000000003,3.456090476190476,2.3720142857142856,-1.2300000000000002,2.2809523809523813,0.17047619047619045,1.8695238095238098,-0.5514285714285714,0.5219047619047619,0.1823809523809524,0.47714285714285704,0.2312857142857143,0.01261904761904762,0.045619047619047615,-0.20557142857142857,-0.5986666666666667,-0.011333333333333332,0.10580952380952383,-0.03528571428571429,-0.42809523809523803,0.3929999999999999,0.37338095238095237,0.34223809523809523,2.2120190476190476,-1.1915285714285715,-0.8471095238095239,-0.6500571428571429,1.4292238095238095,0.4661571428571429,1.0642380952380952,0.1873190476190476,-1.197366666666667,3.581604761904762,0.14700476190476192,-3.031904761904762,1.1023809523809522,-0.9166666666666666,0.2638095238095238,0.06523809523809525,-0.3833333333333333,0.3723809523809524,0.44476190476190475,0.14238095238095244,0.9790476190476189,0.15428571428571425,0.7085714285714285,0.26857142857142857,-0.5823809523809523,0.6695238095238094,0.17238095238095238,0.14904761904761904,0.2528571428571428,-0.23619047619047623,0.49285714285714294,0.379047619047619,-1.594285714285714,0.7795238095238094,0.28904761904761905,0
TKLNSAACGAHCLALG,-0.376406925,-0.14744695687499998,-0.5560734062500001,0.61169429375,0.091818403125,0.0018749999999999878,-0.4743750000000001,0.313125,0.206875,0.32,0.195,0.27874999999999994,-0.033124999999999974,0.21625000000000005,0.091875,-0.40625,-0.495625,0.263125,0.1761875,0.06681249999999997,-0.6208125,0.5631249999999999,-0.15768750000000004,-0.18006249999999996,-0.29625,-0.805625,-0.21375,-0.18500000000000003,-0.223125,-0.320625,0.33249999999999996,0.003750000000000017,0.08437499999999999,0.27812500000000007,-0.49937499999999996,0.333125,-0.483125,0.0119375,0.12306249999999999,-0.1574375,0.003812499999999993,0.014562499999999999,-1.52375,-0.260625,-0.11277499999999996,-3.8999812499999997,-0.36444375000000007,-0.09687499999999999,-2.7900000000000005,-0.10125,0.5731250000000001,0.15437499999999998,0.604375,-0.3625,0.00687500000000002,0.230625,0.1479375,-0.06912499999999999,0.022187499999999995,-1.1841875000000002,-0.36431250000000004,-0.2873125,0.1379375,-0.211375,-0.9234375000000001,0.2291875,0.486,-3.17196875,0.01029374999999999,-0.037725000000000036,-0.06220625000000006,0.5714187499999999,-0.4255375,-4.6576812499999996,0.21980000000000002,-0.44944375,-3.6836625,1.0559125,-6.695625,-0.5875,0.08875,0.6331249999999999,1.2875,0.065,-0.721875,-0.71375,-0.10812500000000004,0.05624999999999998,-0.290625,0.27124999999999994,-0.39749999999999996,-1.14625,0.05437500000000001,0.816875,-0.5599999999999999,0.22750000000000004,-0.45749999999999996,0.303125,-1.464375,0.311875,-0.16312499999999996,0.24625000000000005,0
YGRDDRSDVCRQVQHNWLV,0.1887990626315789,0.17520808947368424,-0.8686498052631578,0.032491494736842104,-0.42593715578947366,0.27263157894736845,0.055263157894736833,-0.14105263157894735,0.0594736842105263,0.10789473684210528,0.0931578947368421,-0.1478947368421053,0.09947368421052633,-0.029473684210526308,0.09789473684210526,0.20526315789473681,-0.2205263157894737,-0.025263157894736852,-0.6287368421052634,-0.05942105263157895,-0.015052631578947382,-0.071,-0.27505263157894744,0.28642105263157897,0.15789473684210517,0.08421052631578947,0.2868421052631579,0.32157894736842113,-0.25789473684210523,0.08789473684210529,-0.21842105263157902,0.05736842105263156,0.018947368421052633,0.22473684210526318,-0.12052631578947369,0.3157894736842105,-0.3405263157894737,0.03984210526315788,-0.03178947368421053,0.020842105263157894,0.0004736842105263074,-0.09857894736842106,0.13947368421052633,0.35315789473684217,-1.9010315789473684,0.9830842105263159,-0.7759263157894738,-0.7952631578947372,0.77,-0.21894736842105264,-0.3331578947368422,0.6278947368421053,0.08789473684210529,0.35842105263157903,-0.006315789473684204,0.21115789473684213,-0.08363157894736842,-0.04921052631578947,-0.03584210526315789,-0.6769473684210527,-0.020473684210526335,-0.20442105263157895,-0.09931578947368423,0.11868421052631581,-0.15989473684210526,0.2651578947368421,0.2224210526315789,0.4207368421052631,-0.7853315789473685,-0.09286315789473686,0.4316052631578947,-0.4011368421052632,-0.30135263157894737,0.7028157894736843,-0.8562421052631582,-0.04417894736842105,0.7773842105263158,0.4442,-3.393157894736842,0.43736842105263163,0.15789473684210525,-0.14105263157894737,0.5647368421052632,-0.323157894736842,0.17157894736842105,0.07894736842105263,0.08368421052631579,-0.10210526315789477,0.3236842105263158,0.12631578947368424,-0.01578947368421053,-0.6363157894736842,0.09999999999999999,0.21842105263157896,-0.5026315789473683,0.4173684210526315,0.044210526315789485,0.9394736842105262,0.27473684210526317,-0.32210526315789473,-0.1663157894736842,0.006315789473684235,0
AVKNGLQKLRNQCQANNGQ,0.3176999394736842,0.017511214210526337,-0.3934543947368422,0.2728831684210526,0.15840994473684214,0.5536842105263158,-0.17736842105263162,-0.12894736842105262,-0.023157894736842103,0.31947368421052635,0.3131578947368421,0.12789473684210528,0.06842105263157897,-0.06052631578947366,0.07947368421052632,0.07210526315789474,-0.36894736842105263,0.1431578947368421,-0.49947368421052635,-0.036,-0.32189473684210523,0.25873684210526315,-0.2508421052631579,0.10568421052631578,-0.03578947368421056,-0.27736842105263154,0.01684210526315791,0.44210526315789467,0.18578947368421056,-0.16947368421052633,0.57,0.2073684210526316,0.1168421052631579,-0.5547368421052631,-0.2473684210526316,0.39789473684210525,-0.2921052631578947,0.09394736842105264,0.006052631578947365,-0.06726315789473684,-0.02721052631578948,-0.040684210526315795,-0.6531578947368422,0.2805263157894737,-3.47958947368421,-0.6318210526315787,-0.19429473684210521,-2.026842105263158,-0.2663157894736843,-0.013684210526315795,0.6142105263157894,0.32947368421052636,0.6463157894736842,0.1694736842105263,-0.16052631578947366,0.22347368421052635,-0.048263157894736834,-0.10905263157894737,-0.07889473684210525,-0.9536842105263158,-0.09289473684210525,-0.2385263157894737,0.0611578947368421,-0.0037894736842105326,-0.26647368421052636,0.1838421052631579,0.47305263157894734,-2.0972368421052634,-0.9068315789473683,-0.2752,0.36373157894736846,0.02226315789473689,-0.29151052631578944,-2.658157894736842,-0.6538526315789474,-0.27161052631578947,-2.1028368421052632,0.17684210526315797,-5.097368421052632,0.5878947368421052,0.06368421052631579,0.3352631578947369,0.8989473684210525,-0.42368421052631583,-0.23157894736842108,-0.31526315789473686,0.27736842105263154,0.1384210526315789,0.040526315789473674,0.5121052631578947,-0.4657894736842106,-0.8857894736842106,0.31631578947368416,0.4505263157894736,-0.6215789473684211,0.41052631578947363,-0.12368421052631581,1.1352631578947368,-0.3636842105263157,-0.4699999999999999,-0.4747368421052631,0.5463157894736842,0
PLNQGACHNHCRSIRRR,0.21679688529411767,0.21484353235294115,-0.2725353882352942,0.07637343529411768,0.5130192511764706,0.42411764705882354,-0.08764705882352944,-0.08647058823529413,0.19588235294117648,0.4882352941176471,-0.04588235294117647,0.27588235294117647,0.023529411764705885,-0.15352941176470591,0.024705882352941178,0.10470588235294118,-0.1811764705882353,0.3305882352941176,-0.26682352941176474,-0.0964705882352941,-0.2657647058823529,-0.22511764705882353,0.01458823529411761,0.5184117647058823,0.18294117647058822,-0.04470588235294119,0.2947058823529412,0.35470588235294126,-0.2817647058823529,0.36588235294117644,0.19647058823529412,-0.09823529411764706,0.41411764705882353,0.1182352941176471,-0.22705882352941176,0.42058823529411765,-0.1823529411764706,0.06488235294117647,-0.01464705882352941,0.023176470588235295,0.00917647058823529,-0.11141176470588236,-0.17647058823529402,0.38294117647058823,-2.387982352941176,0.7660705882352941,-0.5509823529411765,-1.008235294117647,0.38352941176470606,0.6070588235294118,0.6823529411764706,0.8194117647058823,0.04058823529411763,-0.12235294117647062,-0.4835294117647058,0.21958823529411764,-0.012764705882352942,-0.016999999999999994,0.007882352941176469,-0.7691176470588235,0.0024705882352941003,-0.1898235294117647,-0.043176470588235295,-0.02917647058823528,-0.2791176470588235,0.522235294117647,0.236,0.004505882352941072,-0.7602294117647058,-0.4134352941176472,0.0965647058823529,0.015429411764705874,-0.8750647058823527,-0.19044705882352908,-0.6910294117647059,-0.1671882352941177,0.6350823529411764,0.9561,-4.055294117647058,0.4252941176470588,-0.1564705882352941,-0.017647058823529422,0.5941176470588235,-0.4229411764705882,-0.09764705882352943,-0.03941176470588239,0.29294117647058826,0.3464705882352941,0.40117647058823525,0.38588235294117645,0.19588235294117648,-0.7311764705882353,0.15117647058823533,0.3517647058823529,-0.32705882352941174,0.571764705882353,0.0017647058823529558,1.3764705882352943,0.24058823529411769,-0.27,0.5452941176470587,0.16294117647058826,0
CRWCCNCCKANKGCGFCC,-0.3672689916666667,0.31244062944444445,0.15336508888888886,-0.41533117222222216,0.5682612122222221,-0.20833333333333337,-0.3122222222222223,0.8205555555555556,0.2988888888888889,0.9172222222222223,-0.18000000000000002,-0.1322222222222222,0.20722222222222222,-0.09777777777777777,-0.18222222222222223,-0.23722222222222225,-0.2972222222222222,0.2661111111111112,0.21350000000000005,-0.1992777777777778,-0.668777777777778,-0.8131666666666667,-0.6013888888888889,0.2533888888888889,0.23500000000000001,-0.38111111111111107,0.0977777777777778,-0.2833333333333333,-0.31166666666666665,0.8888888888888888,0.9905555555555554,0.09611111111111113,0.3783333333333333,0.3816666666666667,-0.3238888888888889,0.24333333333333332,-0.2338888888888889,-0.003888888888888888,0.0821111111111111,0.04172222222222223,0.2181111111111111,-0.1456666666666667,-0.9283333333333333,0.2161111111111111,0.9762,-1.1057722222222222,-3.1389666666666667,0.9455555555555555,-1.502777777777778,1.3766666666666667,-0.3788888888888889,1.4027777777777777,0.385,-0.15166666666666664,-0.07055555555555554,0.21672222222222226,0.04711111111111111,-0.04955555555555555,0.1383888888888889,-0.9698333333333333,-0.15916666666666668,0.03866666666666666,0.34544444444444444,-0.19194444444444445,-0.6447222222222223,0.467,0.08388888888888889,-1.9876944444444444,1.7564444444444443,-1.551611111111111,-0.7485999999999999,-0.08630555555555554,-0.6310055555555556,-3.5207666666666664,-0.17588333333333328,0.11466111111111107,-1.8526888888888888,0.5782722222222224,-5.394444444444444,-0.25833333333333325,-0.2872222222222222,0.31666666666666665,0.9444444444444444,-0.08777777777777779,-0.6672222222222222,-0.3133333333333333,0.3777777777777778,0.20499999999999996,0.6105555555555555,-0.2677777777777779,-0.3466666666666667,-0.9416666666666669,0.18722222222222223,0.7083333333333334,-0.07944444444444446,0.5466666666666667,-0.07444444444444444,0.9266666666666666,-0.5777777777777776,1.4761111111111112,0.35055555555555556,-1.0666666666666664,0
QWSNFPPKCIRECAMVSS,-0.10119308166666666,0.2020640611111111,-0.6564810277777778,0.005177561111111105,-0.422184245,0.09333333333333331,-0.2561111111111111,0.05111111111111111,-0.09833333333333333,0.17055555555555557,-0.1122222222222222,-0.017777777777777795,-0.1088888888888889,0.0888888888888889,-0.05611111111111111,-0.1144444444444444,-0.25611111111111107,0.08055555555555556,-0.15461111111111114,-0.0738333333333333,-0.20688888888888884,-0.13644444444444448,0.2595555555555556,0.06505555555555556,0.08611111111111112,-0.13944444444444445,-0.004444444444444439,-0.04777777777777782,-0.021666666666666654,0.14166666666666666,-0.045555555555555544,-0.4277777777777778,-0.008333333333333304,-0.22666666666666668,-0.345,0.5344444444444444,-0.37333333333333335,0.013055555555555551,0.027722222222222218,0.01666666666666667,0.010833333333333327,-0.0258888888888889,-0.3227777777777778,-0.04611111111111111,-0.1717777777777775,-0.6025444444444445,-0.01830555555555555,-0.1722222222222223,-0.3227777777777777,0.06944444444444449,0.37722222222222224,0.07722222222222223,-0.35277777777777775,-0.10388888888888885,0.07111111111111108,0.22499999999999998,0.023166666666666662,-0.03077777777777778,0.06305555555555556,-0.8194444444444444,-0.21805555555555553,-0.1588888888888889,0.006111111111111122,-0.08183333333333333,-0.29094444444444445,0.2683888888888889,-0.04472222222222222,0.7856944444444444,-0.3219166666666667,-0.68105,-0.3912333333333333,0.05314999999999995,-0.22989999999999997,0.5709222222222222,-0.14572222222222223,-0.12926111111111113,1.4177000000000002,0.39692777777777777,-4.296666666666667,-0.3222222222222222,-0.1588888888888889,0.06388888888888891,0.46111111111111114,-0.04277777777777782,-0.2011111111111111,-0.07333333333333336,-0.12833333333333333,0.07555555555555554,0.00555555555555556,-0.24388888888888893,0.24833333333333338,-0.78,-0.002777777777777768,0.4099999999999999,-0.07388888888888892,0.29444444444444445,-0.14555555555555558,0.08777777777777783,-0.07055555555555555,0.4222222222222222,-0.020555555555555535,0.06777777777777778,0
GESCAMISFCFTEVIGCSCKNKVC,-0.38718218458333337,0.05404201083333334,0.0019446666666665946,0.10223245416666665,-0.0093566620833333,-0.14750000000000002,-0.45416666666666666,0.24458333333333335,0.22333333333333336,0.2854166666666667,0.08416666666666665,-0.11416666666666668,0.020416666666666656,0.16041666666666668,-0.07666666666666667,-0.26416666666666666,-0.40125000000000005,0.10333333333333333,0.022833333333333334,0.023833333333333307,-0.46741666666666665,-0.05075000000000004,-0.2828333333333333,0.07204166666666667,-0.10625,-0.48458333333333337,0.21791666666666665,-0.13874999999999998,-0.08374999999999999,0.26,0.1958333333333334,0.07791666666666669,0.04416666666666666,0.07500000000000001,-0.4595833333333334,0.38083333333333336,-0.3983333333333334,-0.021625000000000002,0.084,-0.058125,0.07512499999999998,-0.09004166666666667,-0.9225,-0.10708333333333332,0.8489791666666667,-2.257858333333333,-1.4868750000000002,0.5291666666666668,-1.7333333333333332,-0.14250000000000015,0.05166666666666664,0.51875,0.16625000000000004,0.054166666666666675,0.015833333333333328,0.23258333333333334,0.05937499999999999,-0.062,0.08829166666666667,-1.0179583333333333,-0.3458333333333334,-0.13891666666666666,0.20087500000000003,-0.13875,-0.441125,0.19320833333333332,0.05854166666666666,-0.9625249999999999,0.34292083333333334,-1.1250333333333333,-0.5082541666666667,0.17262916666666664,-0.006408333333333312,-2.145858333333333,-0.2856458333333333,-0.27187916666666667,-0.5965166666666667,0.41277083333333336,-5.607083333333333,-0.21999999999999997,-0.11041666666666665,0.4116666666666667,0.8162500000000001,0.02999999999999998,-0.6183333333333333,-0.3679166666666667,-0.18458333333333335,-0.07833333333333337,0.0008333333333333526,-0.20375000000000007,-0.22041666666666668,-0.97375,0.14083333333333334,0.6475,-0.17458333333333334,0.32958333333333334,-0.17083333333333336,0.25249999999999995,-1.0558333333333332,0.5970833333333334,-0.4633333333333333,-0.46291666666666664,0
FLRTFKSPVRTVFHT,-0.1068308586666667,0.0036043699999999974,0.34645003999999996,0.3669445533333333,0.3376770533333333,-0.15733333333333338,-0.11466666666666667,-0.3366666666666666,0.04733333333333334,-0.004666666666666671,0.060000000000000005,0.14800000000000002,-0.40866666666666673,0.10333333333333333,-0.2546666666666667,-0.11866666666666668,-0.08533333333333333,0.18,-0.18906666666666666,0.043400000000000015,0.17260000000000006,0.24166666666666672,0.27166666666666667,0.6151333333333333,0.012666666666666689,0.12600000000000003,0.5086666666666667,0.07266666666666666,0.08200000000000003,-0.4026666666666668,0.07333333333333332,-0.3086666666666666,0.2573333333333333,0.3373333333333334,-0.23600000000000007,0.6686666666666666,-0.31933333333333336,-0.04120000000000001,-0.003466666666666668,0.008999999999999992,-0.12746666666666667,-0.07853333333333333,0.35133333333333344,-0.18466666666666665,0.8544399999999999,0.6648399999999999,0.8877866666666667,0.7553333333333332,0.37866666666666665,0.09200000000000001,0.8699999999999998,0.078,-0.42600000000000005,0.08199999999999999,0.39333333333333326,0.22586666666666666,0.05873333333333333,0.048666666666666664,0.024199999999999996,-0.6380666666666667,-0.23513333333333333,-0.04926666666666666,-0.11406666666666668,-0.23553333333333334,-0.03193333333333336,0.17673333333333335,-0.028133333333333326,1.1744200000000002,-0.13319333333333333,0.0017800000000000185,-0.08947999999999998,0.9390533333333334,0.08583999999999999,1.1607800000000001,0.5217666666666667,-0.32589333333333337,1.7128066666666666,0.37979333333333326,-3.2166666666666663,-0.11066666666666668,-0.15599999999999994,-0.12933333333333333,0.21733333333333332,0.09533333333333334,0.05666666666666664,0.21533333333333335,-0.3406666666666666,0.41000000000000003,0.03066666666666668,-0.162,0.39999999999999997,-0.6266666666666666,0.030666666666666714,0.11866666666666668,-0.26399999999999996,-0.046666666666666655,-0.30066666666666664,-0.48933333333333323,-0.017333333333333364,-0.7326666666666666,0.2333333333333334,0.031333333333333324,0
GRCNASAGPPYCCSSYCFQIA,-0.31101076714285714,0.5111691409523809,-0.5004386999999999,0.17438857142857142,-0.08697092095238095,0.007142857142857168,-0.261904761904762,0.4428571428571428,0.22952380952380957,0.2652380952380953,-0.14809523809523809,0.17571428571428574,-0.018095238095238095,0.24904761904761907,-0.07095238095238096,-0.2857142857142857,-0.39952380952380945,0.17666666666666667,0.10528571428571427,-0.45595238095238094,-0.5088095238095239,-0.07814285714285717,0.0036666666666666818,-0.04695238095238094,0.37999999999999984,-0.531904761904762,0.04571428571428574,-0.24333333333333332,-0.23999999999999996,0.19857142857142857,0.1876190476190476,-0.12047619047619049,0.18904761904761905,-0.07904761904761902,-0.3190476190476191,0.42095238095238086,-0.45285714285714285,0.023142857142857153,0.13976190476190475,0.02876190476190476,0.050047619047619035,-0.05585714285714286,-1.1238095238095238,-0.1223809523809524,-0.16755238095238068,-2.6129333333333333,-0.6341571428571429,-0.3128571428571429,-2.003333333333333,0.7942857142857145,0.12238095238095235,0.508095238095238,-0.1547619047619048,0.010476190476190517,0.13666666666666666,0.21404761904761904,0.08933333333333333,-0.03833333333333333,0.12657142857142856,-1.0177142857142856,-0.22409523809523813,-0.1201904761904762,0.1597142857142857,-0.1974761904761905,-0.9851904761904761,0.1367142857142857,0.25071428571428567,-0.9761952380952381,0.4302190476190476,-0.894214285714286,0.11624761904761904,0.23576666666666668,-0.37719047619047613,-1.8841238095238093,-0.021438095238095277,-0.1768904761904762,-0.35113809523809536,1.3067809523809524,-5.594285714285713,-0.7461904761904761,0.04523809523809523,0.11333333333333336,1.0099999999999998,-0.009999999999999995,-0.511904761904762,-0.51,0.06904761904761901,0.03428571428571429,-0.01190476190476191,-0.24857142857142864,0.03904761904761904,-0.9790476190476189,-0.10142857142857142,0.5461904761904762,-0.42380952380952375,0.3414285714285714,-0.4457142857142858,0.3409523809523809,-0.700952380952381,0.9980952380952379,-0.22999999999999993,-0.12619047619047621,0
LSFEAKGIAVNHSAC,-0.272493716,-0.19972864399999998,-0.5093991266666668,0.45159445999999986,-0.21349794933333335,0.06133333333333333,-0.32333333333333336,0.05466666666666667,0.252,0.11266666666666668,0.19466666666666665,0.15133333333333338,-0.01266666666666667,0.31933333333333336,0.04533333333333334,-0.2766666666666666,-0.43200000000000005,0.134,-0.06353333333333333,0.17033333333333325,-0.3940666666666666,0.4569333333333333,-0.12100000000000002,-0.1235333333333333,-0.35066666666666674,-0.5633333333333334,-0.09200000000000001,-0.06133333333333336,-0.1446666666666667,-0.29200000000000004,-0.17066666666666666,0.136,0.12799999999999997,-0.04000000000000001,-0.3960000000000001,0.37000000000000005,-0.4726666666666667,0.0017999999999999997,0.07053333333333334,-0.13853333333333334,-0.00713333333333334,0.006066666666666665,-1.0346666666666666,-0.21200000000000008,-0.11194666666666654,-2.75082,-0.31044000000000005,-0.0786666666666667,-1.8073333333333335,-0.6133333333333333,0.5333333333333334,0.021333333333333412,0.36000000000000004,-0.15666666666666665,-0.13733333333333336,0.23693333333333333,0.09,-0.03006666666666667,0.015466666666666668,-1.0314,-0.3675333333333334,-0.2650666666666666,0.019333333333333327,-0.13339999999999996,-0.6211333333333334,0.20059999999999997,0.381,-1.2274,-0.29970666666666684,-0.13721333333333333,0.08202666666666664,0.48826666666666674,-0.17447999999999997,-2.1109133333333334,0.03507333333333334,-0.48081333333333326,-1.1346,0.7115333333333335,-5.695333333333333,-0.442,0.11999999999999998,0.32066666666666666,0.9973333333333333,0.015333333333333348,-0.5186666666666667,-0.4686666666666667,-0.276,-0.04533333333333336,-0.24266666666666664,0.18333333333333326,-0.2486666666666667,-0.996,-0.028666666666666656,0.618,-0.4693333333333333,0.3166666666666666,-0.36999999999999994,0.2886666666666667,-0.9226666666666667,0.2153333333333333,-0.3006666666666666,0.29533333333333334,0
IKSIASKVANTVQKLKRKAKNAV,0.2168122117391304,-0.30193642260869563,-0.2094359826086958,0.5324079521739129,0.22466917695652178,0.27956521739130435,-0.4969565217391304,-0.33826086956521734,-0.13086956521739132,0.23260869565217399,0.26,0.15913043478260872,-0.13608695652173908,0.2408695652173913,-0.0817391304347826,-0.06869565217391305,-0.2995652173913043,0.3643478260869565,-0.5387391304347826,0.3168695652173913,-0.1334782608695652,0.6053913043478262,-0.09947826086956522,0.4666521739130435,-0.3952173913043478,-0.2478260869565217,0.30130434782608695,0.4930434782608696,0.20130434782608692,-0.7008695652173912,0.00999999999999996,-0.10652173913043479,-0.07608695652173914,-0.1795652173913043,-0.5808695652173913,0.42478260869565215,-0.2082608695652174,0.043086956521739134,-0.03373913043478261,-0.12608695652173912,-0.15708695652173918,-0.0693478260869565,-0.47782608695652173,0.01869565217391306,-2.151386956521739,-0.30973478260869564,1.1549869565217392,-1.0408695652173914,0.042608695652173914,-0.837391304347826,1.6217391304347828,-0.13347826086956524,0.4286956521739131,0.33739130434782616,0.24521739130434786,0.23899999999999996,0.050478260869565236,-0.0682608695652174,-0.1183913043478261,-0.9248260869565218,-0.3250869565217392,-0.28756521739130436,0.01843478260869565,-0.15839130434782606,-0.12639130434782614,0.2194782608695653,0.2776086956521739,-0.4973304347826086,-1.4309695652173915,-0.10933913043478262,-0.42861304347826096,0.9105391304347826,0.09494782608695652,-1.545782608695652,-0.12751739130434786,-0.8495521739130435,-0.09250000000000014,0.4703521739130435,-5.014347826086957,0.4100000000000001,-0.15913043478260872,0.5617391304347826,0.6547826086956521,-0.2752173913043478,-0.16826086956521744,-0.12000000000000005,-0.35130434782608694,0.48869565217391303,-0.18652173913043482,0.467391304347826,-0.11652173913043477,-0.8834782608695653,0.33869565217391306,0.5169565217391304,-0.33434782608695646,0.12347826086956518,-0.18347826086956526,0.5117391304347827,-0.6391304347826087,-1.0326086956521738,-0.10695652173913035,0.5656521739130437,0
KISGKAIKNLFIKGAKNVGKR,0.2273741828571428,-0.07187378476190477,0.5381374809523809,0.4131715714285714,0.8852316738095238,0.27999999999999997,-0.27904761904761904,-0.1519047619047619,-0.06904761904761904,0.12142857142857141,0.4085714285714285,0.310952380952381,0.1142857142857143,0.06714285714285713,-0.2247619047619048,-0.17523809523809522,-0.25333333333333335,0.38999999999999996,-0.31323809523809526,-0.01695238095238096,-0.10476190476190475,0.6202380952380953,-0.2665238095238095,0.28176190476190477,-0.07857142857142863,-0.21238095238095234,0.1947619047619048,0.3738095238095238,0.2228571428571428,-0.6866666666666668,0.35142857142857137,0.4423809523809523,-0.10952380952380951,-0.13999999999999999,-0.4714285714285714,0.2938095238095238,-0.1447619047619048,0.05138095238095238,0.010333333333333326,-0.07638095238095238,-0.14861904761904765,-0.017047619047619048,-0.4804761904761904,0.024761904761904763,-1.7165095238095238,-0.3783285714285713,1.5354809523809525,-1.2885714285714287,-0.4242857142857144,0.12952380952380943,1.1623809523809523,-0.339047619047619,0.8166666666666668,0.39285714285714285,0.06285714285714288,0.23142857142857146,0.07190476190476192,-0.010142857142857144,-0.14738095238095236,-0.912904761904762,-0.19704761904761908,-0.11952380952380953,0.045857142857142846,-0.3155714285714286,-0.216904761904762,0.20633333333333334,0.555904761904762,-0.6937857142857142,-0.9391142857142857,-0.2737238095238095,-0.2894857142857143,1.2323761904761905,0.24411428571428567,-2.181042857142857,0.16076666666666664,-1.0607428571428572,-0.2738952380952381,0.5267285714285714,-4.9785714285714295,0.4414285714285714,-0.4138095238095238,0.5366666666666665,0.7533333333333333,-0.18999999999999997,-0.1276190476190476,-0.23380952380952383,0.1795238095238095,0.4766666666666667,-0.24857142857142864,0.7942857142857143,-0.2904761904761905,-0.8809523809523809,0.43666666666666665,0.4947619047619048,-0.22999999999999995,0.38238095238095243,-0.44,0.45809523809523806,-0.6666666666666665,-0.9538095238095239,0.045238095238095244,0.38190476190476197,0
GCPGNQLKCNNHCKSISCRA,0.0023958444999999883,0.39604906050000005,-0.5127043600000001,0.020162005000000004,0.1620709505,0.33899999999999997,-0.29850000000000004,0.27649999999999997,0.2475,0.45899999999999996,0.003499999999999992,0.10899999999999999,0.023000000000000013,-0.11049999999999996,-0.047,-0.04200000000000002,-0.3995,0.28700000000000003,-0.1534,-0.30269999999999997,-0.57365,-0.17580000000000007,-0.15760000000000002,0.09795000000000001,0.2914999999999999,-0.417,0.07150000000000002,0.1255,0.021500000000000047,0.262,0.35550000000000004,-0.003499999999999983,0.2495,-0.025499999999999974,-0.3675,0.344,-0.3535,0.07305,0.07595,0.008100000000000001,0.059899999999999995,-0.08639999999999999,-1.004,0.2685,-1.9584,-1.42759,-0.9933849999999997,-1.2415,-1.1480000000000001,0.6769999999999999,0.389,0.6874999999999999,0.1085,0.03300000000000004,-0.32549999999999996,0.2218,0.0273,-0.0739,0.06080000000000001,-1.0154,-0.16050000000000003,-0.20785,0.12444999999999999,-0.03664999999999999,-0.5011,0.32110000000000005,0.17395,-1.4401900000000003,-0.14728499999999994,-0.7004149999999999,-0.23076,0.102975,-0.601005,-2.2226999999999997,-0.47298999999999997,-0.12243500000000003,-1.1157849999999996,0.6637200000000001,-5.5584999999999996,-0.06850000000000003,-0.07550000000000001,0.273,0.8895,-0.3095,-0.5045,-0.4175,0.23600000000000004,0.13049999999999998,0.24049999999999994,0.19349999999999995,-0.09800000000000002,-0.9599999999999997,0.10350000000000001,0.588,-0.3,0.5469999999999999,-0.16549999999999998,1.2059999999999997,-0.5214999999999999,0.536,-0.03100000000000001,0.020500000000000056,0
FKKILKYLAGPAKFLHSAK,0.06566068736842101,-0.3081672110526316,-0.09302283157894746,0.3445780789473684,0.3244607242105263,-0.0442105263157895,-0.12210526315789473,-0.27789473684210525,-0.06842105263157895,0.09736842105263156,0.07315789473684212,0.3242105263157895,0.038947368421052626,0.2647368421052631,-0.27052631578947367,-0.2905263157894737,-0.14157894736842105,0.26473684210526316,0.013473684210526317,0.22778947368421054,0.12726315789473688,0.6324736842105264,0.14278947368421052,0.11026315789473688,-0.28157894736842104,-0.025263157894736883,-0.23210526315789473,-0.0005263157894737198,0.291578947368421,-0.991578947368421,0.321578947368421,0.010526315789473675,0.15,0.19999999999999996,-0.32,0.42526315789473684,-0.18736842105263157,-0.005315789473684212,-0.019052631578947366,-0.08157894736842104,-0.1496842105263158,0.0798421052631579,-0.08736842105263158,-0.24631578947368418,0.4231368421052634,0.0691789473684211,1.8739421052631584,0.07105263157894716,-0.08578947368421057,0.09894736842105266,1.1073684210526316,-0.7989473684210526,0.45578947368421063,-0.15421052631578946,0.24526315789473685,0.23157894736842102,0.0881578947368421,0.06457894736842104,-0.12110526315789474,-0.7699999999999999,-0.1606842105263158,0.08105263157894736,-0.07215789473684209,-0.42299999999999993,-0.1130000000000001,0.12610526315789472,0.41589473684210526,0.18725263157894734,-0.22095263157894737,0.12867368421052627,-0.2403684210526316,1.1630157894736841,0.3594842105263158,-0.7565789473684208,0.9270473684210527,-0.8330157894736842,0.4124263157894737,0.13152105263157898,-4.146315789473684,-0.0889473684210527,-0.49105263157894735,0.2694736842105263,0.45684210526315777,0.13263157894736846,0.0131578947368421,0.004736842105263104,-0.023157894736842113,0.5210526315789474,-0.2768421052631579,0.4105263157894737,-0.03789473684210526,-0.7652631578947368,0.24526315789473685,0.35631578947368425,-0.05105263157894733,0.17368421052631575,-0.5042105263157893,-0.541578947368421,-0.2489473684210526,-0.5615789473684211,0.396842105263158,0.4157894736842105,0
IKEAAKTAGLMAMGFV,-0.25452704812500004,-0.600195605,0.68107761875,0.5833167374999999,0.54968442625,-0.098125,-0.45687500000000003,-0.06437500000000002,-0.12875,-6.938893903907228e-18,0.340625,0.26625,0.068125,0.3525,0.04312499999999998,-0.524375,-0.370625,0.14375,0.042124999999999996,0.38262499999999994,-0.269875,0.689875,-0.102375,-0.14531249999999996,-0.669375,-0.5625,-0.17562499999999998,-0.08500000000000002,0.11124999999999999,-0.410625,0.291875,0.2875,-0.28312499999999996,0.01062500000000001,-0.511875,0.378125,-0.355,-0.028625,0.04806250000000001,-0.1965,-0.048125,0.0670625,-0.901875,-0.52375,0.7636187500000002,-2.83219375,0.742,0.3424999999999999,-1.9668750000000004,-0.668125,0.69625,-0.495625,0.774375,-0.456875,0.37374999999999997,0.23462500000000003,0.1325,-0.0355625,-0.07862500000000001,-1.0464375000000001,-0.330625,-0.11331249999999998,0.1485,-0.368,-0.571875,0.14331249999999998,0.512625,-2.46015,0.15687500000000001,-0.499425,-0.30555000000000004,0.78955625,0.37845625,-4.26395625,0.47920625000000006,-0.625075,-2.8012187500000003,0.42030625,-5.875624999999999,-0.18624999999999997,-0.32187499999999997,0.760625,0.923125,0.20437500000000003,-0.478125,-0.4625,-0.18062499999999998,0.09562499999999997,-0.54625,0.341875,-0.391875,-1.0237500000000002,0.34687500000000004,0.723125,-0.253125,0.05437499999999998,-0.465,-0.44875000000000004,-1.356875,-0.364375,-0.10687500000000001,0.181875,0
KVPVGAIKKGGKAIKTGLGVVG,-0.1370996481818182,0.16885459818181817,0.4703604363636364,0.7442644636363638,0.7238015581818181,0.1445454545454545,-0.47590909090909095,0.13999999999999999,-0.17090909090909093,-0.15954545454545457,0.35999999999999993,0.45772727272727276,0.1859090909090909,0.16045454545454543,0.02045454545454545,-0.5177272727272727,-0.4477272727272727,0.35000000000000003,-0.42136363636363644,-0.31454545454545446,-0.4211818181818181,0.8864545454545454,-0.1916818181818182,0.09286363636363641,0.036363636363636355,-0.6904545454545455,0.3222727272727273,0.11999999999999997,0.345,-0.7177272727272727,0.40136363636363637,0.4840909090909091,-0.5377272727272727,0.21272727272727276,-0.610909090909091,0.2836363636363636,-0.32772727272727276,0.03231818181818182,0.14009090909090913,-0.09595454545454546,-0.15409090909090917,-0.010500000000000004,-1.3154545454545452,-0.24227272727272728,-0.7017818181818182,-3.3315045454545453,2.210004545454545,-1.1859090909090908,-2.621363636363636,0.5099999999999999,0.9386363636363633,-0.595,1.0163636363636364,0.5236363636363636,0.14136363636363639,0.21831818181818183,0.2008181818181818,-0.0574090909090909,-0.15904545454545452,-1.1693636363636364,-0.35322727272727267,-0.17322727272727279,0.20077272727272727,-0.5078636363636363,-0.8392272727272728,0.1579090909090909,0.719409090909091,-3.008309090909091,-0.32526818181818185,-0.5219545454545454,0.08889090909090905,1.501440909090909,0.2951136363636364,-5.2865,0.8056954545454544,-0.9833954545454545,-3.437904545454545,0.8737818181818183,-6.466818181818181,-0.3190909090909091,-0.3181818181818181,0.7831818181818182,1.1431818181818183,0.003181818181818182,-0.5668181818181818,-0.7159090909090909,0.12681818181818175,0.30409090909090897,-0.7768181818181819,0.8522727272727273,-0.2454545454545455,-1.1190909090909094,0.31090909090909086,0.7195454545454545,-0.41,0.14,-0.8068181818181818,0.040909090909090846,-1.8990909090909092,-0.8836363636363637,-0.1959090909090909,0.21590909090909094,0
IGAGKSAAQSVLKSLSCKIS,-0.22262528300000003,0.08243267849999998,-1.2447398150000002,0.6178988649999999,-0.40823859099999993,0.13499999999999995,-0.5405,0.07649999999999998,-0.009999999999999995,0.18350000000000002,0.311,0.19349999999999995,-0.03600000000000002,0.34650000000000003,-0.0085,-0.262,-0.4660000000000001,0.3295,-0.10960000000000003,-0.010950000000000005,-0.4644500000000001,0.71475,-0.13805,0.07780000000000001,-0.16799999999999998,-0.6775,0.12000000000000002,0.099,-0.015500000000000003,-0.571,-0.12049999999999997,-0.16749999999999995,-0.306,-0.10750000000000001,-0.6500000000000001,0.42399999999999993,-0.42650000000000005,0.034350000000000006,0.10015,-0.12664999999999998,-0.0965,-0.04465,-1.297,-0.14749999999999996,-1.1884299999999999,-3.0966099999999996,0.537095,-0.9565000000000001,-1.9844999999999995,-0.46499999999999997,1.0514999999999999,-0.018999999999999972,0.4640000000000001,0.1335,0.286,0.23355,0.10405,-0.08465,-0.007250000000000012,-1.1432,-0.35364999999999996,-0.34745,0.1081,-0.1824,-0.7071000000000001,0.18205000000000002,0.461,-0.2104200000000001,-1.3572549999999999,-0.73353,-0.209895,0.85795,-0.137665,-1.81092,-0.34469500000000003,-1.1256100000000002,0.51557,1.209695,-6.35,-0.18100000000000002,-0.05349999999999995,0.6105,1.098,-0.07849999999999994,-0.56,-0.5845,-0.25050000000000006,0.18349999999999997,-0.37349999999999994,0.22899999999999995,-0.2655,-1.0885,0.16,0.7335,-0.3869999999999999,0.38049999999999995,-0.42400000000000004,0.3649999999999999,-1.3815,-0.2415000000000001,-0.4835,0.38049999999999995,0
GSGCIGQTVVGGWLGGAI,-0.5953704711111112,0.5358103627777777,0.2503730666666666,0.6305136944444444,0.4928823033333334,-0.061111111111111116,-0.27888888888888885,0.6355555555555555,0.007222222222222223,-0.18388888888888888,0.5427777777777777,0.38833333333333336,0.22500000000000003,0.0961111111111111,0.25722222222222224,-0.6,-0.5511111111111111,0.17444444444444443,0.043888888888888894,-0.6884444444444444,-0.6280555555555556,0.6912222222222223,-0.5307222222222222,-0.26649999999999996,0.31666666666666665,-0.9699999999999999,0.3338888888888889,-0.2944444444444444,-0.10777777777777776,-0.10055555555555554,0.3572222222222223,0.7066666666666666,-0.7383333333333333,-0.025555555555555567,-0.4555555555555556,0.3277777777777778,-0.59,5.5555555555555606e-05,0.26050000000000006,-0.05883333333333333,-0.027000000000000003,-0.019000000000000003,-1.7633333333333332,-0.32333333333333336,0.7271222222222226,-5.4741833333333325,0.6143333333333333,-0.531666666666667,-4.277777777777779,0.9961111111111111,-0.17777777777777778,0.017777777777777767,1.153888888888889,0.49166666666666664,0.021666666666666643,0.2075,0.20272222222222222,-0.06861111111111112,-0.023500000000000007,-1.2561666666666667,-0.3597222222222223,-0.26955555555555555,0.22666666666666663,-0.36883333333333335,-1.4081666666666666,0.15211111111111114,0.883611111111111,-3.369666666666667,0.19415555555555564,-0.6581222222222222,0.6071888888888887,1.004888888888889,-0.13610555555555554,-5.652555555555556,0.4459055555555555,-0.8289388888888889,-4.06495,1.3651444444444443,-7.001666666666666,-0.8522222222222221,0.06833333333333336,0.6294444444444445,1.6038888888888887,0.21555555555555558,-0.8183333333333334,-1.0694444444444444,0.3361111111111111,-0.10944444444444444,-0.8227777777777777,0.5255555555555554,-0.6527777777777779,-1.2066666666666666,0.04277777777777778,0.8416666666666668,-0.661111111111111,0.4233333333333334,-0.8783333333333336,-0.07111111111111115,-2.2922222222222217,-0.10777777777777778,-0.586111111111111,-0.18611111111111114,0
IFTKIQGTYRGKAKC,0.131476868,0.02319373133333332,0.98934206,0.2076099333333334,1.0598084119999998,0.06133333333333333,-0.15266666666666664,-0.04200000000000002,-0.051999999999999984,0.22533333333333333,0.2046666666666667,0.16999999999999998,-0.055333333333333304,0.19733333333333333,-0.17933333333333337,-0.10066666666666665,-0.20533333333333334,0.3126666666666667,-0.06106666666666667,-0.10093333333333335,-0.06173333333333333,0.24173333333333336,-0.30306666666666665,0.4330666666666667,0.029333333333333312,-0.11800000000000002,0.4139999999999999,0.2773333333333333,0.10133333333333333,-0.22733333333333341,0.5566666666666665,0.23066666666666663,-0.09066666666666666,-0.07666666666666666,-0.314,0.41866666666666663,-0.17800000000000002,0.021400000000000006,0.01506666666666667,-0.014466666666666664,-0.09253333333333333,-0.07886666666666667,-0.24866666666666665,0.1,-1.0354466666666664,0.005793333333333391,0.7435666666666666,-0.6353333333333334,-0.26466666666666677,0.4779999999999999,0.7439999999999999,0.13533333333333333,0.552,0.3873333333333335,0.45999999999999996,0.21733333333333338,0.050333333333333334,-0.003666666666666666,-0.05386666666666668,-0.8101333333333333,-0.18780000000000002,-0.03440000000000001,0.056133333333333334,-0.2612,-0.3285333333333334,0.1486,0.3871333333333333,-0.5878066666666667,-0.040453333333333376,-0.63086,-0.05614666666666667,0.9703333333333334,0.3749866666666667,-1.8610533333333332,0.09065333333333339,-0.6399399999999998,-0.18037333333333347,0.3801733333333334,-4.406000000000001,0.30066666666666664,-0.30199999999999994,0.2846666666666667,0.6713333333333333,-0.13466666666666663,-0.08400000000000002,-0.128,0.14066666666666663,0.4519999999999999,-0.05866666666666667,0.30466666666666664,-0.1826666666666667,-0.7973333333333336,0.33666666666666667,0.386,-0.27733333333333327,0.314,-0.36400000000000005,0.28533333333333327,-0.6586666666666667,-0.7673333333333334,-0.0333333333333333,-0.20400000000000001,0
KKAAHVAKHVAKAALTH,0.06244736176470586,-0.7367734388235294,-0.4508697941176471,0.502938594117647,0.19772499352941178,0.2188235294117647,-0.29882352941176477,-0.2576470588235294,0.07,0.2717647058823529,0.01235294117647058,0.3888235294117648,-0.10529411764705883,0.5011764705882353,0.1652941176470588,-0.2264705882352941,-0.35058823529411764,0.4011764705882353,-0.38894117647058823,0.6097058823529412,-0.28441176470588236,0.5723529411764706,-0.005882352941176476,0.2380588235294118,-0.8358823529411765,-0.4294117647058824,-0.14882352941176466,0.27941176470588236,0.33882352941176475,-0.681764705882353,-0.181764705882353,-0.06941176470588235,0.09999999999999998,0.40176470588235297,-0.4247058823529412,0.39294117647058824,-0.3452941176470588,0.02011764705882353,-0.038000000000000006,-0.20923529411764705,-0.08776470588235294,0.014647058823529414,-0.776470588235294,-0.08647058823529413,-1.3058941176470586,-1.313829411764706,0.9814411764705883,-0.3652941176470588,-0.7129411764705883,-0.7864705882352941,1.6905882352941175,-0.2529411764705883,0.6194117647058823,-0.5211764705882352,0.07705882352941174,0.23323529411764704,0.12947058823529412,-0.0017647058823529395,-0.1192941176470588,-0.9503529411764705,-0.33976470588235297,-0.22705882352941179,-0.08617647058823528,-0.22464705882352942,-0.5065294117647059,0.41211764705882353,0.474529411764706,-1.961905882352941,-0.03170588235294116,0.2826823529411765,0.08633529411764707,1.0824352941176472,-0.17021176470588234,-3.103252941176471,0.7524294117647059,-0.44272941176470587,-2.4857058823529417,0.26784117647058825,-5.302352941176471,-0.3864705882352941,-0.1041176470588235,0.3770588235294118,0.824705882352941,-0.1488235294117647,-0.40529411764705886,-0.2776470588235295,-0.4370588235294117,0.5182352941176471,-0.18352941176470589,0.6047058823529411,-0.0411764705882353,-0.9452941176470588,0.039411764705882375,0.6188235294117647,-0.38058823529411756,0.12705882352941178,-0.37941176470588234,0.5470588235294118,-0.7805882352941176,-0.6629411764705884,0.7611764705882352,0.5711764705882354,0
ITSCSMQNCGTGSCKKR,-0.021714541764705827,0.40882536999999997,-0.2684803000000001,0.0858335235294118,0.31457062294117655,0.2841176470588235,-0.4052941176470588,0.27352941176470585,0.08117647058823531,0.48294117647058826,0.20058823529411765,0.009999999999999998,-0.1741176470588235,0.0211764705882353,-0.07117647058823529,0.02705882352941175,-0.42411764705882354,0.37470588235294117,-0.14411764705882357,-0.2923529411764706,-0.6074117647058824,-0.12041176470588238,-0.32035294117647056,0.304,0.25352941176470584,-0.4782352941176471,0.35411764705882354,0.278235294117647,0.08000000000000003,0.3452941176470588,0.31823529411764706,-0.14764705882352944,-0.24882352941176467,0.02764705882352944,-0.5041176470588236,0.4241176470588235,-0.3776470588235294,0.07305882352941177,0.08229411764705884,-0.002941176470588234,0.037294117647058804,-0.1565294117647059,-1.0499999999999998,0.2988235294117647,-2.464064705882353,-1.6448941176470586,-1.151464705882353,-1.4800000000000002,-1.2058823529411764,0.4623529411764705,0.5047058823529412,0.906470588235294,0.13176470588235295,0.0811764705882353,0.2752941176470588,0.22017647058823528,0.022882352941176468,-0.10694117647058822,0.12076470588235297,-1.0448235294117647,-0.18517647058823533,-0.26429411764705885,0.19205882352941175,0.020823529411764716,-0.5781176470588235,0.2882352941176471,0.14935294117647058,-0.41202941176470587,-0.4083352941176471,-1.5347764705882354,-0.43714705882352933,0.2820176470588236,-0.3381529411764706,-1.7396882352941176,-1.0328705882352942,-0.4233294117647059,0.5105588235294118,0.877764705882353,-5.789999999999999,0.2035294117647058,-0.15058823529411763,0.4041176470588235,0.9329411764705883,-0.3547058823529412,-0.5511764705882354,-0.45705882352941185,0.14705882352941174,0.1623529411764706,0.27058823529411763,-0.014117647058823568,-0.18058823529411763,-0.9911764705882352,0.25588235294117645,0.6411764705882355,-0.26235294117647057,0.5617647058823528,-0.12647058823529414,1.261764705882353,-0.9558823529411765,0.17999999999999994,-0.2711764705882352,-0.3235294117647059,0
RRWVRRVRRVWRRVVRVVRRWV,0.201550635,-0.1274162086363637,0.6448577818181817,0.3816762863636363,0.9646870013636364,-0.12136363636363634,-0.04136363636363641,-0.4995454545454546,-0.5027272727272726,0.43818181818181823,0.19090909090909094,0.26,0.04272727272727272,-0.06681818181818183,0.02999999999999998,0.04454545454545456,0.295,0.37999999999999995,-0.9837727272727274,0.3769545454545455,0.5506818181818182,0.023636363636363598,-0.21972727272727274,1.6896363636363636,-0.11818181818181817,0.6631818181818182,1.3286363636363638,0.5754545454545456,-0.8263636363636363,0.013181818181818173,0.005454545454545449,-0.22772727272727272,-0.36590909090909085,0.6195454545454546,-0.3372727272727272,0.5559090909090908,0.225,-0.05449999999999999,-0.15640909090909086,0.03854545454545455,-0.18895454545454546,-0.25022727272727274,1.5522727272727275,0.16863636363636367,0.21015000000000003,4.617899999999999,0.7927545454545455,1.4372727272727273,2.865909090909091,0.15,1.208181818181818,0.7095454545454547,0.5509090909090909,0.6822727272727271,0.10227272727272729,0.22318181818181818,-0.0004090909090909044,0.05036363636363636,-0.15377272727272728,-0.32518181818181824,0.046090909090909044,-0.08922727272727271,-0.09640909090909093,-0.3086818181818182,0.05881818181818181,0.7584545454545456,0.34049999999999997,3.6997090909090904,-1.8405954545454544,-0.5759454545454546,-0.11681363636363637,0.48275000000000007,-0.6543681818181818,3.2162818181818182,-0.5383272727272728,-1.0770863636363635,4.8456090909090905,1.603522727272727,-1.2381818181818183,1.2390909090909092,-0.48772727272727284,-0.06227272727272726,0.0709090909090909,-0.2540909090909091,0.6713636363636364,0.802272727272727,0.04272727272727277,0.9572727272727272,0.2081818181818182,0.42500000000000004,0.28818181818181815,-0.32,0.5181818181818181,0.05045454545454548,-0.23227272727272724,0.08772727272727275,0.18954545454545454,0.22363636363636366,0.8272727272727273,-2.229545454545454,1.1549999999999996,-0.309090909090909,0
YMCPVVSSFCKQHCARL,-0.3148399105882353,0.05485807764705881,-0.7349717588235296,-0.0018591823529411683,-0.31085200235294114,-0.23705882352941174,-0.29352941176470587,-0.05294117647058823,0.1388235294117648,0.3670588235294118,-0.21352941176470594,0.047647058823529424,-0.010588235294117652,0.1535294117647059,-0.012941176470588206,-0.23588235294117652,-0.22294117647058823,0.15,-0.056882352941176516,0.11429411764705882,-0.18399999999999997,-0.18447058823529416,0.03441176470588235,0.35676470588235293,-0.07470588235294116,-0.1623529411764706,0.25529411764705884,-0.17647058823529416,0.15411764705882358,0.11411764705882355,0.0811764705882353,-0.34470588235294114,0.1864705882352941,0.32352941176470584,-0.3552941176470588,0.5741176470588235,-0.33235294117647063,-0.04441176470588236,0.025058823529411765,-0.006529411764705882,0.03494117647058822,-0.09829411764705882,-0.2888235294117646,-0.15823529411764706,1.4911588235294118,-0.5505176470588236,-0.8981823529411765,1.181764705882353,-0.5188235294117647,0.1641176470588236,0.5052941176470588,0.5105882352941177,-0.20411764705882357,-0.17529411764705877,0.05294117647058824,0.22576470588235295,0.03564705882352942,-0.01894117647058824,0.058764705882352934,-0.8271176470588235,-0.14894117647058824,0.015882352941176483,0.09805882352941175,-0.20452941176470588,-0.2548235294117647,0.24923529411764705,-0.056411764705882356,0.40096470588235306,0.3011705882352942,-0.9026058823529413,-0.4458588235294118,0.03305882352941176,-0.30428235294117645,-0.2560588235294118,0.061958823529411775,-0.16953529411764712,0.8434117647058824,0.35902352941176463,-4.420588235294117,-0.2611764705882353,-0.28941176470588237,0.1711764705882353,0.4305882352941176,0.09176470588235293,-0.35764705882352943,-0.017647058823529446,-0.23235294117647054,0.2841176470588235,0.12882352941176473,-0.34294117647058825,0.10882352941176468,-0.7958823529411765,0.09764705882352939,0.47058823529411764,0.007058823529411784,0.18117647058823527,-0.06117647058823527,-0.18588235294117647,-0.34,0.3652941176470588,0.26235294117647057,-0.27588235294117647,0
RWCVYSYVRVRGVLVRYRRC,-0.07945907499999999,0.18861838049999996,0.47991842499999987,0.25755641500000004,0.6709288485,-0.32349999999999995,-0.04350000000000003,-0.2245,-0.04299999999999997,0.38900000000000007,0.03849999999999999,0.202,0.05050000000000001,0.08299999999999999,-0.021500000000000012,-0.08399999999999998,0.05800000000000002,0.2685,-0.48545,0.02240000000000001,0.28495,-0.003999999999999981,-0.3457,1.0847000000000002,0.17650000000000002,0.2895,1.0345,0.15150000000000002,-0.5469999999999999,-0.026500000000000034,0.10949999999999997,-0.014000000000000002,-0.16449999999999995,0.659,-0.279,0.505,-0.01499999999999999,-0.05885,-0.03384999999999999,0.06035,-0.09635000000000002,-0.21434999999999998,0.7040000000000001,0.004000000000000008,1.1925,2.124535,-0.22500500000000007,1.497,1.0369999999999997,0.5365,0.5485,0.729,0.35250000000000004,0.7295,0.054000000000000006,0.221,0.020649999999999995,0.03665,-0.020150000000000008,-0.5403499999999999,0.00784999999999999,0.053100000000000015,0.02834999999999998,-0.28955000000000003,-0.2802,0.3265,0.26044999999999996,2.2202849999999996,-0.7225550000000002,-0.69677,0.008299999999999974,0.17310499999999998,-0.36164499999999994,1.5486900000000006,-0.38611500000000004,-0.7681549999999999,3.1692600000000004,1.4151799999999999,-2.6565000000000003,0.5630000000000002,-0.3005,-0.008999999999999963,0.3630000000000001,-0.042,0.265,0.3815,0.08300000000000005,0.6055,0.12799999999999997,0.046999999999999986,0.009499999999999972,-0.53,0.34450000000000003,0.19,-0.2639999999999999,0.12249999999999998,0.003999999999999992,-0.09849999999999992,0.1645,-0.9650000000000001,0.434,-0.5645,0
SSIGSILGKFAKGGAQAFLQPK,-0.1353739040909092,0.12222956227272729,-0.5527515681818183,0.5459335727272726,0.016108337272727324,0.16636363636363638,-0.2540909090909091,0.09590909090909093,-0.08545454545454546,-0.04090909090909092,0.3131818181818181,0.335,0.10318181818181821,0.2909090909090909,-0.09772727272727272,-0.36363636363636354,-0.38727272727272727,0.2168181818181818,-0.0031818181818181746,-0.20909090909090902,-0.31768181818181807,0.7276363636363636,-0.009181818181818239,-0.13059090909090906,-0.01227272727272728,-0.5381818181818182,-0.12136363636363634,-0.010909090909090908,0.13363636363636366,-0.63,0.2745454545454545,0.15863636363636366,-0.1836363636363636,-0.27318181818181825,-0.40772727272727266,0.4127272727272727,-0.39818181818181825,0.03613636363636364,0.10895454545454543,-0.08695454545454545,-0.10504545454545457,0.04872727272727272,-1.055,-0.23,-0.8643227272727269,-2.7681545454545455,1.41535,-1.1500000000000001,-1.9663636363636359,0.25409090909090903,0.694090909090909,-0.43681818181818177,0.6050000000000001,-0.018636363636363614,0.32954545454545453,0.2210909090909091,0.10895454545454544,-0.026363636363636363,-0.06177272727272729,-1.0548181818181819,-0.24200000000000002,-0.15418181818181817,0.07422727272727274,-0.35063636363636363,-0.731409090909091,0.11368181818181816,0.6791818181818182,-0.878609090909091,-0.551109090909091,-0.614659090909091,0.2714454545454545,1.110209090909091,0.14694545454545455,-2.381781818181818,0.3202863636363636,-0.9677454545454548,-0.43939545454545426,0.870190909090909,-5.784090909090908,-0.3018181818181818,-0.1877272727272727,0.4027272727272727,1.0454545454545452,0.03318181818181821,-0.39909090909090916,-0.5718181818181819,0.10818181818181816,0.16409090909090907,-0.4786363636363637,0.39454545454545437,-0.23818181818181824,-1.011818181818182,0.1545454545454545,0.5636363636363636,-0.4122727272727272,0.3877272727272727,-0.7031818181818182,0.0009090909090908494,-1.1204545454545451,-0.27727272727272734,-0.3372727272727273,0.43636363636363634,0
ELEALKGSITNFVQTA,-0.06601539,-0.319304064375,0.11132568749999988,0.6074561875,-0.065740748125,0.11875000000000001,-0.35687499999999994,-0.18437499999999998,-0.010624999999999982,-0.04000000000000001,0.310625,-0.01625,-0.17812499999999998,0.25812500000000005,0.04125,-0.13125000000000003,-0.400625,-0.01875000000000003,-0.15531249999999996,0.2559999999999999,-0.206375,0.66975,0.0024374999999999952,-0.10881249999999996,-0.41625,-0.39375000000000004,-0.0062500000000000056,0.13312499999999997,-0.180625,-0.45187499999999997,0.13624999999999998,0.0062500000000000056,-0.039374999999999966,-0.235,-0.37187499999999996,0.4275,-0.41875,0.010500000000000002,0.033562499999999995,-0.14618750000000003,-0.0744375,0.021875,-0.65875,-0.14374999999999996,-0.8664562499999999,-2.02761875,0.37851250000000003,-0.5368750000000001,-1.125625,-1.039375,0.416875,-0.34562499999999996,0.393125,0.13437500000000002,0.09125,0.23800000000000002,0.046250000000000006,-0.0663125,-0.024312500000000004,-0.957125,-0.423,-0.312625,-0.023499999999999993,-0.0598125,-0.2903125000000001,0.033562499999999995,0.26775000000000004,-1.5905562500000001,-0.8252875,0.17381874999999997,0.14821874999999995,0.32977500000000004,0.31905625,-2.0525625,-0.19050625000000002,-0.35423750000000004,-1.78615625,0.15509374999999997,-5.179375,0.025000000000000022,0.208125,0.37812500000000004,0.8143749999999998,-0.028749999999999984,-0.27,-0.31124999999999997,-0.324375,-0.17875000000000005,-0.41375,0.1825,-0.253125,-0.911875,0.12375,0.471875,-0.5856250000000001,0.1,-0.266875,0.029374999999999984,-0.9768749999999999,-0.48812500000000003,-0.9424999999999999,0.34187500000000004,0
AKFLGKNLLKQGACYAACKASK,0.02690931409090906,-0.26156952954545454,-0.27518099090909093,0.41262842727272725,0.3067669463636364,0.09499999999999999,-0.2927272727272727,0.054545454545454515,-0.04454545454545453,0.36818181818181817,0.17499999999999996,0.24454545454545454,0.09227272727272728,0.32272727272727275,-0.16,-0.2677272727272727,-0.3154545454545455,0.3009090909090909,-0.06927272727272726,0.18104545454545454,-0.27831818181818185,0.5379545454545456,-0.1871363636363636,0.0490909090909091,-0.30954545454545457,-0.38181818181818183,-0.26045454545454544,0.08045454545454543,0.06681818181818183,-0.6595454545454544,0.5695454545454546,0.07999999999999999,0.031818181818181815,0.10500000000000002,-0.40863636363636374,0.31090909090909097,-0.23090909090909095,0.0345,0.023318181818181825,-0.12404545454545457,-0.06768181818181819,0.027545454545454543,-0.814090909090909,-0.10318181818181814,-1.041127272727273,-1.351481818181818,0.5053227272727272,-0.6286363636363637,-1.0272727272727276,0.04818181818181819,0.8759090909090909,-0.21409090909090905,0.8027272727272727,-0.19454545454545452,0.34954545454545455,0.2289545454545454,0.08095454545454547,-0.025409090909090905,-0.06750000000000002,-0.9819090909090911,-0.1932727272727273,-0.055318181818181815,0.11340909090909093,-0.32545454545454544,-0.534909090909091,0.16840909090909092,0.5806818181818183,-1.4100909090909086,-0.11887272727272725,-0.5071772727272728,-0.11281818181818183,0.8304954545454546,0.10348181818181819,-2.963081818181818,0.24169999999999997,-0.7765545454545454,-1.1780818181818182,0.6038681818181818,-5.456818181818182,0.02590909090909094,-0.2777272727272727,0.4990909090909092,0.9463636363636361,-0.07045454545454545,-0.30772727272727274,-0.3400000000000001,0.09772727272727272,0.35909090909090896,-0.14545454545454545,0.39045454545454544,-0.3859090909090908,-0.9554545454545452,0.32227272727272727,0.5822727272727272,-0.3468181818181818,0.27090909090909093,-0.44999999999999996,0.2736363636363636,-0.7763636363636363,-0.1572727272727273,0.00045454545454547514,0.24363636363636365,0
MTDAGISGAIAGAVAGCA,-0.56194247,-0.08929821111111114,-0.011320777777777827,0.8291568888888888,0.2296387722222223,0.02055555555555557,-0.6222222222222222,0.5255555555555556,0.12555555555555553,-0.07,0.38166666666666665,0.33111111111111113,0.10888888888888887,0.4416666666666667,0.21555555555555558,-0.6511111111111111,-0.66,0.18722222222222223,0.12199999999999998,-0.15038888888888888,-0.8025555555555557,0.7492777777777779,-0.31122222222222223,-0.40599999999999997,-0.2972222222222222,-1.2000000000000002,-0.07222222222222222,-0.22888888888888895,-0.31666666666666665,-0.11166666666666665,-0.00222222222222219,0.4238888888888889,-0.30166666666666664,-0.10666666666666666,-0.615,0.2361111111111111,-0.6244444444444445,0.007722222222222223,0.20505555555555555,-0.19100000000000003,0.009055555555555553,0.021444444444444436,-2.146111111111111,-0.5238888888888888,-0.1156722222222221,-6.1662,0.0839555555555555,-0.48055555555555557,-4.3116666666666665,-0.40333333333333343,0.26666666666666666,0.0961111111111111,0.7416666666666667,-0.21111111111111105,0.3705555555555555,0.22044444444444444,0.20955555555555555,-0.10977777777777778,-0.004111111111111111,-1.3706111111111112,-0.4959444444444445,-0.4076666666666666,0.2655,-0.29238888888888886,-1.472111111111111,0.15138888888888885,0.7460000000000001,-4.474688888888889,0.19286111111111107,-0.48057777777777777,0.21787222222222213,0.8540888888888889,-0.11157222222222221,-6.738944444444445,0.26899999999999996,-0.5888277777777778,-4.973572222222221,1.6642722222222224,-7.83111111111111,-0.9177777777777776,0.21055555555555555,0.8511111111111112,1.6883333333333335,0.135,-0.9377777777777779,-1.125,-0.20000000000000007,-0.22277777777777777,-0.6627777777777778,0.3205555555555555,-0.4633333333333333,-1.3266666666666667,0.023888888888888897,0.9955555555555556,-0.7633333333333332,0.19444444444444448,-0.7427777777777779,0.2433333333333333,-2.248333333333333,0.34777777777777774,-0.5466666666666667,0.23166666666666666,0
LLGDFFRKAKEKIGKEFKRIVQRIKDFLRNLVPR,0.2854501364705882,-0.2857407817647059,0.3469447676470587,0.31755082058823525,0.46502499676470593,0.13088235294117645,-0.1411764705882353,-0.4308823529411765,-0.15382352941176472,0.0652941176470588,0.18941176470588242,0.08088235294117647,0.17852941176470588,0.03411764705882354,-0.2944117647058824,-0.06676470588235293,-0.062058823529411784,0.1097058823529412,-0.31070588235294117,0.2758529411764706,0.226,0.44308823529411767,0.0383235294117647,0.38191176470588234,-0.21352941176470586,0.22,0.10323529411764709,0.31911764705882356,-0.12441176470588236,-0.5817647058823529,0.40941176470588236,0.1511764705882353,0.2202941176470589,0.10088235294117648,-0.27794117647058825,0.3226470588235294,-0.02911764705882355,0.0115,-0.07794117647058825,-0.05370588235294119,-0.13594117647058823,0.008323529411764697,0.43205882352941183,0.035294117647058844,-0.7645764705882354,1.6641676470588234,1.2143176470588235,-0.3400000000000002,1.0438235294117646,-0.2749999999999999,0.5623529411764706,-0.41500000000000004,0.4570588235294118,0.1788235294117647,0.1138235294117647,0.23041176470588237,-0.010970588235294123,0.02188235294117647,-0.1626470588235294,-0.6538529411764706,-0.09005882352941177,0.007764705882352942,-0.05591176470588236,-0.2955294117647059,0.264235294117647,0.2105,0.3372647058823529,0.5722882352941177,-0.9705499999999998,-0.1259529411764706,-0.1769029411764705,0.6262705882352941,0.41192352941176463,0.0870794117647059,-0.005461764705882372,-0.7178970588235295,1.1600882352941175,0.1233029411764706,-3.319411764705882,0.8252941176470588,-0.44735294117647056,0.21294117647058824,0.28764705882352937,-0.12235294117647051,0.28911764705882353,0.2447058823529412,0.09794117647058821,0.2829411764705882,-0.049411764705882336,0.49764705882352933,0.045588235294117645,-0.6255882352941178,0.46941176470588236,0.19529411764705878,-0.16205882352941176,0.23794117647058818,-0.19441176470588234,0.06323529411764704,0.12529411764705886,-1.0579411764705882,-0.01823529411764707,0.24823529411764705,0
GTVKDLLIGAGKSAAQSVLTANSCKL,-0.19905235230769233,-0.02778492153846155,-0.7074243653846154,0.707747873076923,-0.1744342642307692,0.11153846153846156,-0.5273076923076923,0.07500000000000001,0.0026923076923076957,0.0842307692307692,0.3338461538461538,0.1473076923076923,-0.08230769230769232,0.21538461538461537,0.027692307692307686,-0.27461538461538465,-0.4807692307692308,0.21423076923076925,-0.1548846153846154,0.002269230769230767,-0.4385384615384616,0.7675769230769229,-0.13107692307692306,-0.03607692307692307,-0.1896153846153846,-0.6638461538461538,0.05269230769230772,0.06769230769230769,-0.06615384615384617,-0.5942307692307693,0.11692307692307692,-0.05153846153846153,-0.1965384615384615,0.07423076923076921,-0.5738461538461539,0.3646153846153846,-0.4596153846153846,0.028999999999999995,0.09996153846153845,-0.13684615384615384,-0.0878846153846154,-0.01696153846153847,-1.2407692307692306,-0.18846153846153843,-1.0502076923076922,-3.1695769230769235,0.5114692307692308,-0.8192307692307694,-2.071923076923077,-0.5165384615384615,0.6934615384615384,-0.08576923076923072,0.4888461538461539,0.14230769230769233,0.2730769230769231,0.2303076923076923,0.10611538461538463,-0.09919230769230768,-0.031230769230769236,-1.1342692307692308,-0.37953846153846155,-0.34923076923076923,0.10630769230769228,-0.16273076923076923,-0.6585769230769233,0.10538461538461538,0.42011538461538467,-1.9934807692307692,-0.9358730769230769,-0.11792307692307694,-0.09264615384615389,0.6900115384615384,-0.04066153846153848,-3.3052769230769226,-0.09735384615384615,-0.7178115384615384,-2.0648423076923077,0.9215153846153845,-6.285769230769231,-0.19576923076923075,0.0884615384615385,0.6515384615384616,1.1123076923076922,-0.03423076923076921,-0.5042307692307693,-0.583076923076923,-0.23,0.03115384615384614,-0.40346153846153854,0.28807692307692306,-0.3057692307692308,-1.08,0.16615384615384615,0.6942307692307694,-0.5596153846153846,0.16115384615384618,-0.42,0.23384615384615381,-1.4303846153846154,-0.31730769230769224,-0.6088461538461539,0.3903846153846154,0
NPGEYLAKYCFEPVILCCKPLSPTPTK,-0.04875071481481479,0.2860623918518518,0.02029447407407409,0.24927188888888893,-0.0507859785185185,0.01777777777777776,-0.3437037037037037,0.012222222222222216,-0.06444444444444443,-0.02444444444444444,-0.32629629629629625,0.09481481481481481,-0.13703703703703704,0.047037037037037044,-0.16148148148148145,-0.2481481481481482,-0.2848148148148148,0.05,-0.06562962962962963,-0.2472962962962963,-0.1684074074074074,0.16725925925925922,0.5697037037037037,-0.1047777777777778,0.26185185185185184,-0.16999999999999998,-0.1,-0.16370370370370374,0.06444444444444443,-0.3225925925925925,0.37925925925925935,-0.4274074074074074,0.21,0.15333333333333335,-0.35074074074074074,0.45444444444444443,-0.32851851851851854,0.015444444444444441,0.06537037037037036,0.03362962962962962,-0.06233333333333334,0.03885185185185185,-0.4466666666666666,-0.16333333333333327,0.25622222222222213,-1.0537296296296297,1.3515333333333333,-0.28592592592592586,-0.8248148148148148,0.4692592592592592,0.3614814814814815,-0.6151851851851852,-0.4107407407407407,0.1748148148148148,-0.018888888888888886,0.22185185185185186,0.09607407407407408,-0.017962962962962965,0.009296296296296292,-0.8663333333333334,-0.3034814814814816,-0.047518518518518515,0.023037037037037033,-0.26866666666666666,-0.26522222222222225,0.02692592592592593,-0.11425925925925925,-1.2670444444444444,0.08745925925925928,0.08231111111111111,-0.3213259259259259,0.31307037037037033,0.20871851851851855,-1.405737037037037,0.6935888888888888,0.11669999999999998,-1.4452814814814814,0.13199999999999998,-4.583703703703704,-0.5907407407407407,-0.18333333333333332,0.18259259259259258,0.40111111111111103,0.08259259259259262,-0.16740740740740737,-0.13296296296296295,-0.09444444444444447,0.057037037037037025,-0.3244444444444445,-0.05925925925925928,0.4692592592592593,-0.825925925925926,-0.0014814814814814745,0.35370370370370374,-0.1322222222222222,-0.05481481481481481,-0.38148148148148153,-0.4474074074074075,-0.4485185185185185,0.29148148148148145,-0.2674074074074074,0.1511111111111111,0
KKSCHTGLKKSAGWVIPIGTLVKNGI,-0.09177442538461542,0.18253637730769232,0.08713356923076918,0.35947755000000003,0.4156065180769231,0.08576923076923074,-0.3119230769230769,0.06192307692307689,-0.05615384615384612,0.03153846153846156,0.24384615384615388,0.23153846153846155,-0.058461538461538454,0.020000000000000018,-0.013076923076923097,-0.24192307692307688,-0.33384615384615385,0.3034615384615385,-0.15919230769230774,-0.20788461538461536,-0.2331153846153846,0.4809230769230769,-0.12353846153846157,0.12584615384615389,0.08384615384615383,-0.3669230769230769,0.26346153846153847,0.08076923076923073,0.2165384615384615,-0.4415384615384615,0.1623076923076923,0.10769230769230773,-0.31269230769230766,0.08538461538461538,-0.4846153846153846,0.41346153846153844,-0.3619230769230769,0.019653846153846154,0.08126923076923077,-0.03826923076923077,-0.10330769230769232,-0.028692307692307698,-0.7307692307692307,-0.05961538461538461,-0.3297769230769232,-1.7105961538461534,1.2737846153846155,-0.6242307692307694,-1.363846153846154,0.3438461538461538,0.7980769230769231,-0.25461538461538463,0.46846153846153854,0.4038461538461539,0.010384615384615338,0.22423076923076923,0.11800000000000001,-0.027884615384615383,-0.061999999999999986,-0.965923076923077,-0.31365384615384617,-0.2076923076923077,0.021384615384615387,-0.23369230769230767,-0.4407692307692308,0.20896153846153845,0.319423076923077,-1.0980961538461538,-0.5182115384615384,-0.04519230769230765,-0.2778346153846154,0.9855076923076924,0.020476923076923066,-2.3014115384615383,0.41641538461538463,-0.6674961538461539,-1.317946153846154,0.4480807692307693,-5.266538461538461,-0.27653846153846157,-0.20576923076923076,0.46615384615384614,0.7888461538461538,0.000384615384615402,-0.33153846153846156,-0.36538461538461536,-0.0034615384615384903,0.30076923076923073,-0.3950000000000001,0.4515384615384615,-0.13499999999999998,-0.9334615384615385,0.14500000000000002,0.5765384615384616,-0.21346153846153842,0.28153846153846146,-0.451923076923077,0.042307692307692206,-1.0603846153846153,-0.5407692307692309,-0.00999999999999995,0.14423076923076922,0
ISRLAGLLRKGGEKIGEKLKKIGQKIKNFF,0.22339132633333325,-0.17505133033333337,0.5143789833333333,0.39345083666666664,0.7567492153333332,0.20033333333333334,-0.17933333333333337,-0.23866666666666664,-0.1583333333333333,0.08899999999999997,0.3809999999999999,0.23000000000000007,0.22399999999999995,0.05966666666666667,-0.20933333333333334,-0.15766666666666665,-0.18966666666666665,0.23766666666666664,-0.15590000000000004,0.10330000000000002,0.006166666666666698,0.6621,-0.17036666666666667,0.18216666666666673,-0.17066666666666666,-0.07999999999999999,0.04600000000000001,0.29666666666666663,0.04933333333333332,-0.6706666666666666,0.5696666666666668,0.3903333333333333,-0.12433333333333335,-0.03099999999999998,-0.375,0.29433333333333334,-0.08433333333333333,0.03493333333333334,-0.010300000000000005,-0.08383333333333334,-0.1407,0.028299999999999995,-0.18799999999999997,0.04166666666666666,-1.1712433333333332,0.045996666666666866,1.4950733333333335,-0.9943333333333337,-0.17600000000000016,0.08433333333333329,0.7233333333333333,-0.5836666666666666,0.9733333333333333,0.25433333333333336,0.00866666666666666,0.23109999999999997,0.04216666666666667,0.00683333333333334,-0.16066666666666668,-0.8350333333333334,-0.13773333333333335,-0.03663333333333334,0.009700000000000005,-0.3381333333333333,-0.046666666666666724,0.18873333333333336,0.5883333333333333,-0.2590566666666669,-0.9839200000000005,-0.3785333333333334,-0.11687333333333336,0.9478833333333332,0.4340133333333334,-1.5497766666666668,0.026176666666666678,-1.0430300000000001,0.12175666666666642,0.22333999999999996,-4.483,0.6656666666666666,-0.4933333333333333,0.46,0.6326666666666666,-0.11333333333333333,0.0013333333333333346,-0.12066666666666664,0.30199999999999994,0.31433333333333324,-0.3113333333333334,0.7716666666666666,-0.3023333333333333,-0.8026666666666666,0.5103333333333334,0.4096666666666666,-0.1716666666666667,0.42966666666666664,-0.3916666666666667,0.1949999999999999,-0.6019999999999998,-1.0726666666666667,-0.16499999999999998,0.22766666666666666,0
RRGKPSGGSRGSKMGSKDSKGGWRGRPGS,0.3572525651724139,0.8169635055172414,-0.37809095517241387,0.4127282655172414,0.6472588931034484,0.7955172413793105,-0.0013793103448275894,0.4093103448275863,-0.24517241379310345,0.09724137931034481,0.41137931034482755,0.506551724137931,0.14103448275862068,0.05275862068965518,-0.16000000000000003,-0.015172413793103452,-0.38034482758620686,0.5203448275862068,-0.5824137931034483,-0.8318620689655173,-0.5870344827586207,0.3979655172413793,-0.1423793103448276,0.10079310344827594,0.7358620689655171,-0.45137931034482764,-0.006896551724137911,0.4910344827586207,-0.035172413793103444,-0.2210344827586207,0.29655172413793107,0.26379310344827583,-0.7882758620689655,0.33172413793103456,-0.38551724137931037,0.1810344827586207,-0.2862068965517241,0.1757586206896552,0.12113793103448277,0.037482758620689664,-0.09093103448275863,-0.02937931034482759,-1.1382758620689655,0.42034482758620695,-5.197037931034483,-1.6218862068965518,1.459941379310345,-3.946206896551724,-1.3696551724137933,1.6572413793103447,0.4144827586206896,-0.011379310344827597,0.7537931034482761,0.033103448275862056,0.3248275862068966,0.1986206896551724,0.08786206896551724,-0.029275862068965517,0.011172413793103438,-1.0279310344827588,0.07848275862068967,-0.208,0.10472413793103448,-0.22924137931034477,-1.1835862068965517,0.41120689655172427,0.9797931034482757,0.582013793103448,-0.9930758620689655,-1.8691482758620688,0.6263551724137931,1.0871344827586207,-0.33184137931034485,-1.2697103448275862,-0.8224206896551725,-1.127593103448276,2.1938379310344827,2.0437413793103447,-5.60551724137931,0.20689655172413793,-0.4013793103448275,0.1372413793103448,1.266551724137931,-0.553448275862069,-0.2420689655172414,-0.6993103448275862,0.9810344827586208,0.20344827586206896,-0.012758620689655146,0.8637931034482755,-0.02000000000000004,-0.9758620689655173,0.3034482758620691,0.4837931034482759,-0.4886206896551725,0.8841379310344828,-0.7841379310344826,1.8275862068965518,-0.7486206896551724,-0.3672413793103449,0.15551724137931033,0.10931034482758623,0
PRYDIGNVELSTAYRSFANQKAPGRLNQ,0.20701190714285714,0.1858652425,-0.09605910357142859,0.40610983571428566,0.1230928417857143,0.3632142857142857,-0.10607142857142855,-0.12178571428571429,0.011785714285714288,0.013571428571428564,0.135,0.1775,-0.08214285714285711,0.1053571428571429,-0.06464285714285715,-0.0017857142857143151,-0.29321428571428576,0.09928571428571428,-0.34414285714285714,-0.20307142857142854,-0.12974999999999998,0.34778571428571425,0.10614285714285711,0.041071428571428585,0.18464285714285714,-0.16107142857142856,0.032857142857142904,0.24428571428571427,-0.19,-0.3057142857142857,0.10750000000000003,0.01821428571428572,0.10214285714285717,-0.20999999999999996,-0.22642857142857145,0.38928571428571423,-0.33,0.06582142857142857,0.029071428571428574,-0.012428571428571431,-0.07875,-0.005714285714285715,-0.375,0.060357142857142866,-2.3320892857142854,-0.5477392857142857,0.7328857142857144,-1.4967857142857144,-0.24464285714285722,0.03142857142857148,0.3821428571428572,-0.06678571428571432,0.058928571428571434,0.22214285714285717,0.046071428571428576,0.22053571428571428,0.00964285714285715,-0.03421428571428572,-0.013750000000000004,-0.8345357142857145,-0.14260714285714285,-0.2031428571428571,-0.04696428571428572,-0.0739642857142857,-0.43385714285714283,0.08510714285714285,0.34842857142857137,-0.5387964285714284,-0.8847357142857143,0.003617857142857101,0.4051,0.22038928571428576,-0.06824285714285712,-0.6669535714285713,-0.3458928571428572,-0.2867785714285714,-0.046999999999999986,0.8177999999999999,-4.403214285714286,0.11250000000000002,0.08892857142857147,0.05285714285714289,0.7328571428571429,-0.23214285714285712,0.010357142857142853,-0.1960714285714286,0.12,0.018928571428571416,-0.09285714285714286,0.26499999999999996,0.03392857142857143,-0.7914285714285716,0.10285714285714287,0.28357142857142853,-0.5842857142857143,0.25999999999999995,-0.31214285714285717,0.5457142857142857,-0.12749999999999995,-0.28071428571428575,-0.4135714285714286,0.4603571428571428,0
KTYFPHFDLSHGSAQVKGHGAKVAAALTKAVE,-0.03620983343750001,-0.16597620187500006,-0.4050651656250001,0.45567915,-0.04972160531250003,0.194375,-0.14593750000000003,-0.05375,0.0784375,-0.012812500000000004,0.11468749999999998,0.251875,-0.05874999999999998,0.371875,0.046250000000000006,-0.2078125,-0.3871875,0.17562499999999998,-0.296625,0.070375,-0.28021874999999996,0.52425,0.006562500000000027,-0.04881249999999998,-0.2515625,-0.4196875,-0.1275,0.09843750000000001,0.17750000000000002,-0.5325,-0.06531249999999998,0.08812500000000002,-0.04062500000000001,0.223125,-0.2925,0.37875000000000003,-0.45281250000000006,0.030249999999999992,0.046218749999999996,-0.10965625,-0.0648125,0.026999999999999993,-0.806875,-0.1009375,-1.1356374999999999,-1.9517999999999998,0.7967437500000001,-0.8271875,-1.26,-0.2078124999999999,0.6596875,-0.27656250000000004,0.38968749999999996,-0.179375,0.1690625,0.22218749999999998,0.09503125000000001,-0.008843749999999994,-0.03821875000000001,-0.9490937500000001,-0.2705625,-0.17515624999999999,-0.04225,-0.19409375,-0.64275,0.1796875,0.48625,-1.3277062499999999,0.004240624999999998,-0.10755,0.44999999999999996,0.783525,0.05419375,-2.164034375,0.40131249999999996,-0.3828625,-1.3959593750000001,0.478275,-5.1812499999999995,-0.44937499999999997,0.018437500000000002,0.16375,0.8959374999999999,-0.06593749999999998,-0.3350000000000001,-0.3953125,-0.13156250000000003,0.10093749999999999,-0.24593749999999998,0.3440625,-0.06093750000000002,-0.924375,-0.0153125,0.4746875,-0.498125,0.23124999999999998,-0.526875,0.3221875,-0.7946875,-0.22718750000000004,-0.010937499999999975,0.336875,0
IFSKFAGRGLKNLFMKGAKKIGKEVGMDVLR,0.04945701032258059,-0.19912086354838712,0.4684202096774192,0.38088463870967737,0.6434847361290323,0.07935483870967744,-0.2029032258064516,-0.16387096774193552,-0.10451612903225804,0.025161290322580635,0.3916129032258064,0.24032258064516132,0.21032258064516127,0.0761290322580645,-0.19677419354838702,-0.2812903225806452,-0.22096774193548382,0.20612903225806453,-0.19499999999999995,0.09709677419354841,-0.0535806451612903,0.5745806451612903,-0.19670967741935486,0.11812903225806454,-0.18806451612903233,-0.1709677419354839,0.004516129032258075,0.14258064516129032,0.16612903225806447,-0.5651612903225807,0.42225806451612896,0.4416129032258065,-0.1748387096774193,0.1667741935483871,-0.3864516129032259,0.30290322580645157,-0.18870967741935485,0.011741935483870968,0.012193548387096778,-0.08987096774193545,-0.09645161290322582,0.02561290322580645,-0.3122580645161291,-0.15999999999999998,-0.3445967741935483,-0.580790322580645,1.0143967741935482,-0.463225806451613,-0.6164516129032258,0.0658064516129032,0.5383870967741934,-0.40903225806451604,0.7903225806451613,-0.012903225806451615,0.18096774193548387,0.22874193548387098,0.05903225806451614,0.00406451612903226,-0.11919354838709678,-0.8706451612903227,-0.11054838709677418,0.005645161290322601,0.07641935483870964,-0.36267741935483866,-0.20600000000000002,0.17529032258064522,0.5556451612903225,-0.5346032258064516,-0.4086806451612903,-0.6042645161290323,-0.2100741935483871,0.8783548387096773,0.35320322580645164,-1.9736806451612898,0.16302903225806453,-0.8947935483870967,-0.17380322580645166,0.39098064516129033,-4.71483870967742,0.4074193548387097,-0.5109677419354839,0.4825806451612903,0.68,0.002258064516129056,-0.11935483870967746,-0.18838709677419355,0.23322580645161287,0.24290322580645163,-0.24483870967741933,0.577741935483871,-0.3054838709677418,-0.840967741935484,0.4761290322580645,0.4632258064516129,-0.1525806451612903,0.3209677419354838,-0.42677419354838714,-0.0038709677419355303,-0.6490322580645159,-0.7025806451612904,0.014838709677419374,0.13483870967741937,0
TLASHLPSDFTPAVHASLDKFLANVSTVLTSK,-0.21847354687499998,-0.0069915315625,-1.0874827,0.59932695625,-0.6650546490625001,0.052812499999999984,-0.40375,-0.119375,0.11812500000000001,-0.08468750000000001,0.09906250000000001,0.06875,-0.34812499999999996,0.1934375,-0.030000000000000002,-0.17656249999999998,-0.4078125,0.10656249999999998,-0.1565625,0.039781250000000004,-0.24371874999999996,0.60053125,0.28790625000000003,-0.054562500000000014,-0.12718750000000004,-0.42312500000000003,-0.01999999999999999,-0.035312500000000024,0.013124999999999984,-0.630625,-0.3215625,-0.42937499999999995,0.1075,0.21812499999999999,-0.445625,0.5025,-0.575,0.006968749999999996,0.0696875,-0.09,-0.09181250000000002,0.0039374999999999966,-0.7684374999999999,-0.25375000000000003,-0.3262781250000001,-2.287340625,0.6841312500000002,-0.28718749999999993,-1.2759375,-0.7359375,0.675,-0.18937500000000002,-0.351875,-0.04656250000000001,0.23875,0.23165624999999998,0.08721875000000001,-0.0520625,0.030999999999999993,-0.9684999999999999,-0.397625,-0.34240625,-0.07565625000000001,-0.05424999999999998,-0.39959375,0.07290624999999998,0.04356250000000003,-0.7423312500000001,-0.7910562499999999,0.51096875,-0.122640625,0.544921875,-0.10897812499999998,-0.8909874999999999,0.20621874999999992,-0.27287812499999997,-0.763109375,0.6117781250000001,-5.2309375,-0.5753125,0.2190625,0.250625,0.7190624999999999,0.06125000000000001,-0.3146875,-0.30593750000000003,-0.5396875,-0.03531250000000001,-0.25406249999999997,-0.0740625,0.175,-0.9265625000000002,-0.1253125,0.469375,-0.474375,0.0015625000000000083,-0.3434375,-0.1403125,-0.7559375,-0.06750000000000003,-0.38468749999999996,0.5549999999999999,0
CVRGRCPSGMCCSQFGYCGKGPKYC,-0.19484795920000003,0.6347228011999999,-0.018827432000000036,-0.029015684000000014,0.45325594040000006,0.024399999999999977,-0.19200000000000003,0.494,0.0888,0.38800000000000007,-0.11720000000000003,0.20639999999999997,0.1992,0.0628,-0.126,-0.2788,-0.3272,0.27959999999999996,-0.06000000000000003,-0.5596,-0.5349600000000001,-0.26972,-0.19868000000000005,0.17764000000000002,0.5384,-0.4052,0.1912,-0.12799999999999997,0.04320000000000003,0.35840000000000005,0.6704000000000001,0.09760000000000002,-0.1052,0.406,-0.32519999999999993,0.34,-0.28919999999999996,0.035800000000000005,0.12704000000000001,0.0704,0.06856,-0.09712000000000001,-0.95,0.08319999999999998,-0.372092,-1.6814719999999996,-0.7318640000000002,-0.5552000000000001,-1.7252,1.6371999999999998,-0.06240000000000003,0.5988,0.27720000000000006,0.0212,0.14239999999999997,0.20459999999999998,0.08132,-0.03172,0.08728,-0.9870800000000002,-0.03940000000000001,0.07615999999999999,0.27895999999999993,-0.32892000000000005,-0.8761599999999998,0.25780000000000003,0.35900000000000004,-0.903404,0.903164,-1.8314,-0.026260000000000047,0.32711599999999996,-0.261744,-2.5163039999999994,-0.10126800000000002,-0.296588,-0.19832400000000003,1.0600880000000001,-5.4108,-0.29000000000000004,-0.4099999999999999,0.21080000000000002,0.922,-0.102,-0.518,-0.4572,0.5244,0.1968,0.13360000000000002,0.0015999999999999216,-0.03760000000000007,-0.9456,0.20679999999999998,0.5548,-0.1632,0.4864,-0.4427999999999999,0.6152,-0.8271999999999999,0.7084,0.11720000000000001,-0.6431999999999999,0
PKIRYSDVKKLEMKPKYPHCEEKMVI,0.3847235923076922,-0.1465941026923077,0.21536129999999992,-0.032829199999999996,0.13527738576923076,0.23730769230769239,-0.18,-0.45346153846153847,-0.19538461538461538,0.03461538461538462,-0.2226923076923077,0.008461538461538473,0.05884615384615385,0.07653846153846154,-0.12692307692307694,0.019999999999999983,-0.15038461538461537,0.09615384615384616,-0.45657692307692316,0.20450000000000002,0.10707692307692307,0.05711538461538461,0.3367307692307693,0.15826923076923077,-0.11192307692307694,0.21846153846153846,-0.052307692307692284,0.2988461538461538,0.36115384615384616,-0.31538461538461543,0.08307692307692302,-0.18730769230769231,-0.046923076923076915,0.26153846153846155,-0.32230769230769235,0.3688461538461538,-0.11961538461538461,0.035500000000000004,-0.08319230769230769,-0.0028461538461538455,-0.07638461538461538,0.01792307692307693,0.30384615384615377,0.14384615384615385,-1.1416499999999998,1.5932115384615386,1.3265076923076924,-0.783846153846154,1.1626923076923077,-0.1703846153846154,0.6000000000000001,-0.6926923076923077,-0.04884615384615383,0.08269230769230768,-0.08576923076923076,0.2275,-0.006692307692307687,0.007153846153846155,-0.09465384615384617,-0.6653846153846155,-0.10176923076923076,0.04419230769230769,-0.07376923076923075,-0.16803846153846153,0.29369230769230764,0.1735769230769231,-0.060499999999999984,0.6208307692307693,-0.48378461538461537,-0.38530769230769224,-0.5019576923076923,0.1226769230769231,0.4816230769230768,0.47289615384615397,0.046696153846153825,-0.12181153846153844,0.96985,-0.5083923076923077,-3.4153846153846157,0.36769230769230765,-0.5530769230769231,0.15615384615384614,0.029999999999999995,-0.18384615384615374,0.1661538461538462,0.2496153846153846,0.0038461538461538668,0.1988461538461538,-0.06423076923076924,0.2919230769230769,0.39,-0.6373076923076924,0.32499999999999996,0.2526923076923077,0.1973076923076923,0.1938461538461538,-0.06000000000000002,0.12576923076923077,0.15269230769230765,-0.47500000000000003,0.15384615384615385,0.08538461538461539,0
VFDIIKGAGKQLIARAMGKIAEKVGLNKD,0.0272160527586207,-0.2927689403448276,0.2604960068965517,0.4698857,0.3830854293103447,0.1417241379310345,-0.3627586206896551,-0.1417241379310345,-0.07586206896551725,-0.04655172413793104,0.33413793103448275,0.14586206896551723,0.22793103448275864,0.15241379310344824,-0.038965517241379304,-0.2844827586206897,-0.3306896551724138,0.1275862068965517,-0.20775862068965517,0.16265517241379313,-0.15196551724137927,0.6437586206896551,-0.20444827586206896,-0.009517241379310308,-0.3306896551724137,-0.3493103448275862,0.020000000000000018,0.1762068965517241,0.026551724137931002,-0.49758620689655175,0.21689655172413796,0.41448275862068973,-0.09206896551724138,-0.10551724137931033,-0.45137931034482764,0.253448275862069,-0.26,0.01582758620689655,0.021241379310344834,-0.1277241379310345,-0.08993103448275865,0.026482758620689648,-0.6148275862068965,-0.15551724137931033,-0.6993896551724135,-1.4236413793103446,1.0118724137931032,-0.6310344827586207,-1.02,-0.5358620689655172,0.5117241379310346,-0.3906896551724138,0.7562068965517244,0.1689655172413793,0.1196551724137931,0.22882758620689655,0.06386206896551724,-0.046620689655172416,-0.15779310344827585,-0.9629655172413795,-0.26444827586206904,-0.1651724137931035,0.06810344827586207,-0.27179310344827595,-0.26817241379310347,0.14589655172413793,0.5039310344827587,-1.8810206896551724,-0.665506896551724,-0.09882758620689655,-0.14580689655172416,0.712851724137931,0.36765172413793096,-3.175079310344827,0.13839655172413792,-0.7033517241379311,-2.0228448275862068,0.3212344827586207,-5.2634482758620695,0.2596551724137931,-0.23551724137931032,0.617241379310345,0.8155172413793103,-0.0379310344827586,-0.20448275862068968,-0.3144827586206897,-0.03034482758620694,0.07896551724137926,-0.39379310344827584,0.5958620689655173,-0.2955172413793103,-0.9244827586206897,0.37137931034482763,0.5675862068965517,-0.3172413793103448,0.24379310344827584,-0.37,0.12517241379310343,-0.9451724137931032,-0.6941379310344828,-0.30586206896551715,0.3331034482758621,0
EAKGFAANHSLCAAHCLAIGRKGGACQNGVCVCR,-0.24613185705882354,-0.08343284500000005,-0.17151897941176478,0.3956163,0.3049646847058824,0.10058823529411764,-0.3388235294117647,0.2920588235294118,0.1976470588235294,0.33382352941176463,0.13705882352941176,0.25352941176470584,0.1652941176470588,0.22676470588235298,0.08558823529411765,-0.3397058823529412,-0.4294117647058823,0.23558823529411765,-0.07641176470588236,0.023470588235294132,-0.5769117647058825,0.2577647058823529,-0.28817647058823526,0.021117647058823567,-0.21794117647058828,-0.6502941176470588,-0.016470588235294088,-0.03323529411764706,-0.21000000000000002,0.015882352941176497,0.343235294117647,0.2641176470588235,0.1111764705882353,0.1635294117647059,-0.3926470588235294,0.2841176470588235,-0.3685294117647059,0.019852941176470587,0.09029411764705883,-0.11567647058823528,0.03702941176470587,-0.03226470588235294,-1.2458823529411764,-0.08323529411764707,-0.5695382352941174,-2.8257676470588238,-0.6966823529411766,-0.28705882352941176,-2.1635294117647064,0.15588235294117653,0.39676470588235296,0.393235294117647,0.7111764705882353,-0.22352941176470587,-0.10764705882352942,0.2241470588235294,0.10738235294117647,-0.052470588235294116,-0.005205882352941174,-1.093294117647059,-0.2669117647058824,-0.19258823529411764,0.16605882352941176,-0.24311764705882352,-0.8669411764705881,0.3300882352941176,0.5600294117647058,-2.6095500000000005,0.27084411764705874,-0.6598588235294118,0.1822088235294117,0.47628529411764703,-0.3753441176470588,-4.128394117647058,0.02779411764705882,-0.4033647058823529,-2.7299264705882353,0.9837823529411764,-6.096470588235294,-0.30147058823529405,-0.02735294117647058,0.44411764705882345,1.1929411764705882,-0.08676470588235292,-0.633529411764706,-0.5932352941176472,0.07470588235294112,0.08323529411764703,-0.12,0.3517647058823529,-0.3323529411764706,-1.0544117647058822,0.12147058823529414,0.7108823529411766,-0.5176470588235293,0.37500000000000006,-0.40970588235294114,0.7114705882352941,-1.1455882352941178,0.2429411764705882,-0.027352941176470573,-0.0002941176470587805,0
SCSGTISPYGLRTCRATKTKPSHPTTKETHPQTLP,0.12128402114285713,0.4453995511428571,-0.20916966857142863,0.3561788771428571,0.13789646485714288,0.36942857142857144,-0.316,0.05057142857142859,-0.06599999999999999,0.08114285714285711,-0.14257142857142857,0.16114285714285714,-0.4794285714285715,0.09142857142857144,-0.04714285714285713,0.02857142857142856,-0.37628571428571433,0.2871428571428571,-0.2175714285714286,-0.3901714285714286,-0.3935142857142857,0.1557428571428571,0.46748571428571434,0.1633428571428571,0.3562857142857143,-0.31857142857142856,0.17428571428571427,0.24057142857142863,0.09142857142857143,-0.11857142857142855,0.13114285714285717,-0.6408571428571429,-0.08857142857142854,0.1977142857142857,-0.3951428571428571,0.5345714285714286,-0.446,0.08125714285714286,0.0759142857142857,0.03137142857142857,-0.08154285714285714,-0.05305714285714288,-0.7402857142857144,0.18657142857142853,-2.5851371428571426,-1.3522485714285712,1.1974457142857144,-1.8188571428571427,-0.8174285714285715,0.49257142857142855,0.7994285714285714,-0.0342857142857143,-0.4982857142857142,0.08771428571428573,0.28428571428571425,0.21322857142857143,0.08905714285714286,-0.05662857142857143,0.08534285714285711,-0.9256285714285714,-0.3078285714285714,-0.30688571428571426,-0.044,-0.032799999999999975,-0.5466,0.1897142857142857,-0.035857142857142844,-0.7593428571428571,-0.47916285714285717,-0.25192857142857134,-0.01362571428571428,0.5834542857142857,-0.13338,-0.984462857142857,-0.04549428571428581,0.026565714285714272,-0.49100857142857135,0.6575371428571427,-4.982571428571428,-0.44285714285714295,0.02971428571428574,0.07514285714285715,0.6359999999999999,-0.2582857142857143,-0.26457142857142857,-0.31200000000000006,-0.09942857142857146,0.15400000000000003,-0.08314285714285714,0.012285714285714223,0.5397142857142857,-0.8848571428571429,-0.082,0.38400000000000006,-0.3851428571428571,0.16000000000000003,-0.366,0.6285714285714284,-0.6774285714285715,-0.17428571428571432,-0.15799999999999995,0.18200000000000002,0
VLNKSEYMCPVVSSFCKQHCARLGKS,-0.09930266076923079,0.0911550326923077,-0.7265418423076923,0.1635173269230769,-0.28069796230769223,0.04730769230769232,-0.28615384615384615,-0.08307692307692308,0.07423076923076927,0.2692307692307693,0.003461538461538469,0.05923076923076924,-0.026538461538461542,0.1384615384615385,-0.04576923076923077,-0.11576923076923075,-0.2976923076923077,0.18576923076923077,-0.28561538461538466,0.04984615384615386,-0.24726923076923074,0.10265384615384614,-0.023307692307692307,0.23407692307692313,-0.03692307692307692,-0.22423076923076923,0.15538461538461543,0.06000000000000002,0.16153846153846155,-0.1676923076923077,0.040769230769230766,-0.19423076923076926,-0.025000000000000005,0.24730769230769228,-0.3973076923076923,0.46846153846153843,-0.3323076923076923,0.010846153846153846,0.026846153846153846,-0.03473076923076923,-0.0141923076923077,-0.0713846153846154,-0.4799999999999999,-0.0023076923076922884,-0.35467307692307715,-0.7736846153846154,-0.3585692307692308,-0.15038461538461545,-0.533076923076923,-0.0161538461538461,0.5796153846153845,0.2053846153846154,0.06576923076923075,0.009615384615384606,-0.011923076923076925,0.22965384615384613,0.029115384615384616,-0.03726923076923077,0.03249999999999999,-0.8875000000000001,-0.16926923076923076,-0.09507692307692309,0.06446153846153847,-0.1351923076923077,-0.27557692307692305,0.2142692307692308,0.115,0.3971730769230769,-0.38726153846153843,-0.8366807692307693,-0.2706,0.1927730769230769,-0.17152307692307692,-0.32436153846153826,-0.27043846153846157,-0.41261538461538455,1.0011538461538463,0.43471538461538456,-4.758461538461538,-0.017307692307692267,-0.21538461538461537,0.22653846153846152,0.5834615384615384,-0.09115384615384615,-0.32230769230769235,-0.14423076923076927,-0.09807692307692308,0.17961538461538457,0.030769230769230792,-0.013846153846153888,-0.016923076923076912,-0.8434615384615383,0.16230769230769232,0.4707692307692307,-0.14192307692307693,0.29653846153846153,-0.1473076923076923,0.29,-0.47153846153846146,0.0688461538461538,-0.07384615384615383,-0.035769230769230734,0
VIPCGESCVFIPCISTLLGCSCKNKVCYR,-0.41968186689655174,0.30238704275862066,-0.1982210379310345,0.19869037241379314,-0.06086154482758616,-0.2544827586206897,-0.5258620689655172,0.17310344827586208,0.17034482758620684,0.2265517241379311,-0.10344827586206895,-0.016206896551724147,1.914177628664063e-18,0.018275862068965518,-0.07689655172413792,-0.3258620689655172,-0.32689655172413795,0.13310344827586204,0.0493793103448276,-0.15427586206896549,-0.32741379310344826,0.018827586206896514,-0.022034482758620716,0.22062068965517243,0.1503448275862069,-0.3786206896551724,0.42275862068965525,-0.23034482758620692,-0.13034482758620689,0.08000000000000002,0.23034482758620692,-0.18068965517241373,0.16034482758620688,0.18275862068965518,-0.5089655172413794,0.45482758620689656,-0.3455172413793104,-0.037827586206896545,0.09989655172413794,0.003068965517241375,0.007172413793103432,-0.10293103448275863,-0.7196551724137928,-0.18344827586206885,1.648489655172414,-1.8489448275862068,-0.5221793103448277,0.9137931034482757,-1.5582758620689656,0.21689655172413794,0.27724137931034487,0.3482758620689655,-0.11379310344827585,0.3937931034482758,-0.11586206896551725,0.22896551724137926,0.08979310344827586,-0.05634482758620691,0.04713793103448277,-0.973551724137931,-0.3523103448275862,-0.12331034482758621,0.17131034482758614,-0.23337931034482756,-0.3480689655172415,0.15548275862068967,-0.09120689655172412,-0.9473931034482758,-0.03780344827586211,-0.538806896551724,-0.6354862068965516,0.23433448275862065,-0.1335,-1.8363551724137934,0.1256827586206897,-0.2626379310344828,-0.8515241379310348,0.573748275862069,-5.275172413793104,-0.3686206896551725,-0.14310344827586208,0.4300000000000001,0.6355172413793103,0.12862068965517243,-0.4858620689655173,-0.2472413793103449,-0.24586206896551727,0.09655172413793103,-0.1651724137931035,-0.20206896551724146,0.06517241379310343,-0.9251724137931032,0.09413793103448277,0.5848275862068966,-0.11448275862068967,0.13172413793103446,-0.1806896551724138,-0.23310344827586213,-0.9710344827586207,0.35999999999999993,-0.3427586206896552,-0.3079310344827586,0
GEENVSYKPFVVSWKYGVAGCFYTHC,-0.16316491423076926,0.24525408615384617,0.30055570769230755,0.11139376153846149,0.10633824153846157,-0.07961538461538463,0.0696153846153846,0.10538461538461535,0.1503846153846154,-0.029230769230769206,0.04615384615384615,0.0996153846153846,-0.043461538461538454,0.24115384615384614,-0.01115384615384616,-0.1703846153846154,-0.28615384615384615,0.046923076923076915,-0.29219230769230775,-0.24680769230769226,-0.10134615384615385,0.10900000000000001,-0.1954230769230769,0.006923076923076938,0.2003846153846154,-0.16884615384615384,0.17923076923076925,-0.11576923076923079,0.07076923076923076,-0.18384615384615383,-0.013461538461538466,0.28076923076923077,-0.1757692307692308,0.23538461538461536,-0.14307692307692307,0.41346153846153844,-0.4296153846153846,-0.008846153846153849,0.07080769230769232,0.017500000000000012,-0.01034615384615385,-0.03119230769230769,-0.3569230769230769,-0.08,0.5546000000000001,-1.0728730769230768,-0.0007961538461539719,0.10076923076923078,-0.9434615384615385,0.5046153846153846,-0.058461538461538454,-0.05038461538461539,0.23884615384615385,0.36538461538461536,-0.02730769230769229,0.21880769230769231,0.06546153846153846,0.031269230769230764,0.0515,-0.7924615384615386,-0.20646153846153845,-0.0015769230769230934,-0.01726923076923078,-0.1778076923076923,-0.6033846153846154,0.06353846153846153,0.2956923076923077,-0.07049615384615372,0.5934153846153846,-0.39664230769230774,0.42074999999999996,0.3581961538461539,0.13364230769230773,-0.565830769230769,0.3292846153846154,-0.1932307692307692,0.06856153846153885,0.37136153846153847,-4.192307692307692,-0.5573076923076922,0.013846153846153869,-0.11461538461538459,0.7076923076923076,0.06692307692307693,-0.19576923076923083,-0.2003846153846154,0.07115384615384614,0.013846153846153833,-0.15961538461538455,0.00538461538461533,-0.13423076923076924,-0.776153846153846,-0.07307692307692305,0.31807692307692303,-0.36423076923076925,0.2576923076923077,-0.44461538461538463,-0.09692307692307692,-0.44,0.23615384615384613,-0.18807692307692309,-0.2961538461538461,0
CSQQCKDREHFAYGGACHYQFPSVKCF,-0.013016312962962975,0.1241247962962963,-0.5203744925925926,-0.12696137037037036,-0.1657370281481482,0.10592592592592591,0.07814814814814813,0.08296296296296299,0.1988888888888889,0.26740740740740737,-0.14074074074074078,0.019629629629629615,0.10370370370370371,0.27999999999999997,-0.06629629629629628,-0.04370370370370372,-0.2707407407407408,0.06481481481481483,-0.1543703703703704,-0.08166666666666664,-0.23051851851851854,-0.2172222222222222,-0.13292592592592595,0.08788888888888892,0.06629629629629631,-0.12888888888888891,-0.05555555555555555,0.012222222222222242,0.10333333333333335,0.13,0.21185185185185182,0.0640740740740741,0.2533333333333333,0.1107407407407407,-0.06814814814814815,0.40259259259259256,-0.35555555555555557,0.023185185185185173,0.019296296296296287,0.008148148148148146,0.059703703703703696,-0.041629629629629634,-0.35814814814814816,0.16629629629629633,-0.7287407407407402,-0.305314814814815,-0.8991629629629629,-0.38777777777777805,-0.34481481481481485,0.4955555555555555,-0.05296296296296296,0.4251851851851851,0.12444444444444448,-0.18185185185185182,0.11851851851851856,0.21211111111111108,-0.01066666666666666,0.008296296296296291,0.04677777777777778,-0.7868148148148149,-0.06485185185185185,0.04174074074074072,0.014000000000000004,-0.12662962962962965,-0.4517037037037038,0.21059259259259258,0.2979629629629629,0.05753703703703709,0.7368592592592593,-0.9886111111111111,0.4522962962962963,0.10802962962962963,-0.05177037037037033,-0.3970037037037034,-0.0992407407407408,-0.04144074074074074,0.6545481481481482,0.19073703703703707,-4.174814814814815,-0.18444444444444438,-0.10074074074074073,-0.19666666666666668,0.6607407407407406,-0.14222222222222222,-0.2207407407407407,-0.14000000000000004,0.15777777777777777,0.060740740740740734,0.2788888888888889,-0.09481481481481487,-0.020370370370370348,-0.7629629629629628,0.006296296296296304,0.31,-0.29777777777777775,0.49074074074074076,-0.2792592592592593,0.5966666666666668,-0.0881481481481481,0.4851851851851852,0.03037037037037038,-0.26407407407407407,0
VKGLFHAGRMIHGLVNRRRHRHGMEELDLD,0.13921551033333332,-0.24521289566666665,0.14110380666666658,0.22842178666666663,0.4729835386666667,0.2406666666666667,0.012333333333333378,-0.31300000000000006,0.11033333333333338,0.08299999999999998,0.21899999999999997,0.22633333333333333,0.22366666666666676,-0.08033333333333333,0.08266666666666665,-0.050999999999999976,-0.18766666666666662,0.11933333333333328,-0.29496666666666665,0.21076666666666669,-0.053766666666666664,0.25323333333333337,-0.11716666666666663,0.16493333333333335,-0.21933333333333332,-0.021000000000000008,0.027333333333333282,0.23900000000000005,-0.09500000000000001,-0.08633333333333333,0.08133333333333331,0.3683333333333334,0.046333333333333344,0.5299999999999999,-0.19633333333333333,0.2916666666666667,-0.22766666666666666,0.019899999999999998,-0.0332,-0.0739,-0.020766666666666666,0.0005999999999999857,0.012666666666666644,0.11433333333333336,-0.9577999999999999,0.31850666666666655,0.03632,-0.42600000000000005,0.07466666666666646,-0.06800000000000009,0.14066666666666663,0.0263333333333333,0.5796666666666669,-0.2806666666666667,-0.41700000000000004,0.22466666666666665,0.0006666666666666673,0.016566666666666677,-0.09050000000000001,-0.7449000000000001,0.008133333333333327,-0.07463333333333332,-0.08796666666666668,-0.12496666666666668,-0.09869999999999997,0.3782666666666668,0.44553333333333345,-0.42112000000000016,-0.5249,-0.15359333333333336,0.21417333333333327,0.0960466666666667,-0.2057133333333333,-0.8866466666666662,-0.33926000000000006,-0.33621333333333325,-0.3934600000000001,0.3186166666666667,-3.9396666666666667,0.5286666666666667,-0.30666666666666664,0.14966666666666664,0.5536666666666666,-0.15899999999999992,-0.009666666666666716,-0.04200000000000004,0.28399999999999986,0.04766666666666664,0.04100000000000001,0.6496666666666666,-0.09433333333333337,-0.7183333333333335,0.3086666666666667,0.3616666666666667,-0.23533333333333328,0.47733333333333333,-0.12766666666666668,0.6443333333333333,-0.136,-0.6993333333333333,0.3490000000000001,0.107,0
MDTAKNVAKNEAGNLLDNLKCKITKAC,0.17043450111111105,-0.2823351474074074,0.08967422592592589,0.3357106962962963,0.2325806711111111,0.29370370370370374,-0.4366666666666666,-0.07037037037037033,0.05555555555555555,0.2059259259259259,0.22962962962962963,-0.04740740740740742,-0.0674074074074074,0.008518518518518538,-0.09148148148148148,-0.046666666666666676,-0.3970370370370371,0.14148148148148149,-0.2846296296296296,0.20822222222222223,-0.308962962962963,0.36288888888888887,-0.15303703703703705,-0.07677777777777776,-0.27555555555555555,-0.33111111111111113,-0.1666666666666667,0.2685185185185185,0.012592592592592588,-0.34518518518518515,0.2840740740740741,0.0962962962962963,0.13962962962962963,0.015185185185185206,-0.44703703703703696,0.23444444444444443,-0.3251851851851852,0.05618518518518518,-0.0028518518518518545,-0.11607407407407407,-0.026296296296296304,0.0030740740740740707,-0.7133333333333334,0.05888888888888891,-2.0153444444444446,-1.0490592592592591,-0.1041444444444445,-1.0977777777777777,-0.5633333333333334,-0.7140740740740741,0.46296296296296297,-0.03222222222222221,0.3288888888888889,0.027407407407407398,0.05333333333333333,0.23496296296296293,0.018370370370370367,-0.0908148148148148,-0.05255555555555556,-0.9751851851851853,-0.291962962962963,-0.26699999999999996,0.057629629629629635,-0.012925925925925933,-0.13855555555555554,0.12718518518518518,0.1605925925925926,-2.4679518518518515,-0.5557444444444445,0.22143703703703696,-0.48518888888888895,0.19856666666666667,0.10074814814814816,-3.110014814814815,-0.29082962962962966,-0.15389629629629625,-2.7457074074074077,0.09073333333333339,-5.362592592592592,0.2803703703703705,-0.008888888888888875,0.5707407407407408,0.7737037037037036,-0.22555555555555548,-0.23962962962962966,-0.26333333333333336,-0.10925925925925926,-0.025185185185185248,-0.009629629629629639,0.3581481481481481,-0.2581481481481482,-0.9299999999999999,0.29666666666666663,0.5644444444444444,-0.3922222222222222,0.1722222222222222,-0.11037037037037037,0.6940740740740738,-0.6103703703703702,-0.13962962962962974,-0.4059259259259259,0.3607407407407408,0
IKVNGKPCKGSGEKKCSGGWSCKFNVCV,-0.01424691678571431,0.40259773892857137,-0.08458281428571432,0.1172658107142857,0.29063257500000006,0.23642857142857138,-0.24000000000000002,0.32749999999999985,-0.0032142857142856873,0.21357142857142858,0.17214285714285718,0.12499999999999997,0.11,0.03821428571428572,-0.13285714285714287,-0.16892857142857148,-0.3814285714285715,0.2946428571428571,-0.39282142857142865,-0.366392857142857,-0.46296428571428583,0.11735714285714287,-0.2917142857142857,0.09075000000000001,0.2928571428571428,-0.39892857142857147,0.12785714285714286,0.12607142857142853,0.22214285714285714,-0.13821428571428573,0.36499999999999994,0.2514285714285714,-0.29607142857142854,0.17428571428571432,-0.4182142857142857,0.2757142857142857,-0.32107142857142856,0.0614642857142857,0.09064285714285715,-0.00039285714285714125,-0.011714285714285727,-0.05850000000000001,-0.9539285714285712,0.16464285714285717,-1.4155892857142856,-1.5883392857142855,0.11536428571428561,-1.305714285714286,-1.3892857142857142,0.8403571428571429,0.3464285714285714,0.08892857142857143,0.5553571428571428,0.32571428571428573,-0.007499999999999992,0.21907142857142856,0.08121428571428571,-0.04121428571428572,0.0024642857142857136,-1.0064642857142856,-0.20335714285714285,-0.11021428571428574,0.15474999999999997,-0.22517857142857142,-0.6111428571428572,0.2644285714285715,0.4020357142857142,-0.8227321428571429,0.056921428571428526,-1.1211857142857145,-0.14056071428571432,0.7241464285714285,-0.04800357142857143,-2.2809285714285714,-0.026717857142857165,-0.5693571428571428,-0.40137142857142866,0.5847714285714287,-5.476071428571429,-0.16107142857142856,-0.27607142857142847,0.32107142857142856,0.925,-0.20285714285714285,-0.4539285714285714,-0.45,0.3207142857142856,0.17571428571428568,-0.06214285714285711,0.3725,-0.20142857142857146,-0.959642857142857,0.19678571428571426,0.5692857142857142,-0.22535714285714284,0.4978571428571429,-0.4632142857142857,0.7796428571428572,-0.8874999999999998,0.15857142857142853,-0.09499999999999996,-0.20249999999999993,0
LIGSCVWGAVNYTSDCNGECKRRGYKGGHCGSFANVNC,-0.14172115605263158,0.3956168907894736,0.12199753421052628,0.19709545263157893,0.37598048526315786,0.1518421052631579,-0.11105263157894736,0.3660526315789473,0.24552631578947368,0.1873684210526316,0.24184210526315783,0.1421052631578947,0.06026315789473685,0.03526315789473685,-0.001315789473684214,-0.14526315789473684,-0.4031578947368421,0.19026315789473683,-0.21739473684210528,-0.40597368421052626,-0.4505526315789474,0.09181578947368418,-0.4394473684210526,-0.00794736842105257,0.3234210526315789,-0.45552631578947367,0.1818421052631579,0.01131578947368421,-0.1628947368421053,0.08710526315789473,0.2092105263157895,0.4289473684210526,-0.11947368421052632,0.1771052631578947,-0.2781578947368421,0.27026315789473676,-0.42710526315789477,0.04192105263157895,0.11434210526315791,-0.003289473684210528,0.03518421052631578,-0.07018421052631581,-0.9660526315789472,0.0931578947368421,-1.0261447368421053,-2.0838026315789473,-0.8016736842105265,-0.8289473684210529,-1.7228947368421053,0.6902631578947368,-0.12526315789473685,0.5047368421052632,0.48710526315789476,0.29131578947368425,-0.13815789473684212,0.2171315789473684,0.06315789473684211,-0.037289473684210525,0.06078947368421052,-0.9863421052631579,-0.17894736842105266,-0.16836842105263156,0.11007894736842105,-0.10202631578947371,-0.8219473684210525,0.19581578947368425,0.4564736842105262,-1.413339473684211,0.1795157894736842,-0.6262894736842105,0.272578947368421,0.29407368421052626,-0.30206315789473687,-2.4540868421052635,-0.30186315789473683,-0.3235605263157895,-1.2122631578947367,0.9903394736842107,-5.402105263157895,-0.2528947368421052,0.06342105263157895,0.1863157894736842,1.1021052631578947,-0.14210526315789473,-0.42657894736842106,-0.5123684210526317,0.3142105263157894,-0.04210526315789477,0.007631578947368448,0.25315789473684214,-0.3565789473684211,-0.9478947368421051,0.06394736842105264,0.5397368421052633,-0.5234210526315789,0.491842105263158,-0.39868421052631575,0.8086842105263158,-0.8049999999999997,0.3618421052631579,-0.26421052631578945,-0.2236842105263157,0
ATKPTPSKPGYCRVMDELILCPDPPLSKDLCKNDSDCP,0.09444751789473685,0.3880870739473684,-0.9232733210526317,0.21428689736842096,-0.5830249065789476,0.3065789473684211,-0.44421052631578944,0.08263157894736843,-0.0723684210526316,-0.06684210526315792,-0.30236842105263156,-0.07184210526315789,-0.06605263157894735,-0.05657894736842104,-0.17131578947368417,-0.09921052631578946,-0.3847368421052632,0.025789473684210508,-0.2585789473684211,-0.31697368421052635,-0.3452368421052632,0.09886842105263155,0.5729736842105263,-0.23634210526315788,0.35657894736842105,-0.2573684210526317,-0.27578947368421053,0.012631578947368403,0.003947368421052641,-0.2081578947368421,0.10184210526315791,-0.5371052631578948,0.20421052631578948,0.2757894736842105,-0.4257894736842105,0.29368421052631577,-0.40736842105263166,0.07107894736842103,0.05892105263157894,0.030342105263157896,-0.030368421052631593,0.034289473684210516,-0.6876315789473686,0.038421052631578925,-1.6255473684210526,-1.1914,0.9549315789473686,-1.4378947368421056,-0.711578947368421,0.10421052631578949,0.008421052631578973,-0.3642105263157895,-0.6586842105263156,0.020263157894736875,0.15263157894736842,0.21455263157894738,0.047,-0.0817105263157895,0.002894736842105259,-0.9402105263157897,-0.24760526315789474,-0.20636842105263153,0.03415789473684211,-0.09021052631578948,-0.25136842105263163,0.09463157894736843,-0.154,-1.4279236842105263,-0.41873684210526313,-0.002278947368421012,-0.4376105263157896,0.02476315789473679,0.05322368421052634,-1.4030736842105263,0.06444736842105252,0.2395605263157895,-1.3561763157894735,0.3470421052631578,-4.995263157894738,-0.3778947368421052,-0.09631578947368424,0.24473684210526317,0.49894736842105264,-0.14368421052631578,-0.1531578947368421,-0.23,-0.08394736842105263,-0.19736842105263164,-0.06947368421052631,-0.031315789473684234,0.604736842105263,-0.8794736842105264,0.021315789473684205,0.4115789473684211,-0.19157894736842104,0.08342105263157894,-0.2744736842105263,0.32763157894736833,-0.3552631578947368,0.4963157894736841,-0.35684210526315796,0.33842105263157896,0
AGSCVWGAVNYTSDCNGECKRRGYKGGHCGSFANVNCWCRT,-0.10123973829268293,0.39049486439024395,0.16588993902439017,0.13662540487804878,0.4392517787804879,0.1770731707317073,-0.061463414634146354,0.44219512195121946,0.1878048780487805,0.2726829268292683,0.2080487804878049,0.12585365853658537,0.002195121951219509,0.06878048780487805,0.0007317073170731592,-0.09585365853658537,-0.37902439024390244,0.22048780487804873,-0.24873170731707317,-0.39990243902439015,-0.4655121951219512,-0.02900000000000001,-0.45170731707317074,0.05460975609756102,0.32682926829268283,-0.41560975609756096,0.1634146341463415,0.04658536585365853,-0.23658536585365852,0.19999999999999998,0.23951219512195124,0.3375609756097561,-0.16926829268292687,0.21268292682926832,-0.24658536585365856,0.27512195121951216,-0.4163414634146341,0.0495609756097561,0.10156097560975612,0.007414634146341462,0.049390243902439,-0.0804878048780488,-0.9031707317073171,0.16560975609756098,-1.3509902439024388,-1.7621390243902437,-0.9596878048780488,-0.8970731707317073,-1.5002439024390248,0.8068292682926829,-0.13073170731707315,0.628048780487805,0.4731707317073171,0.20146341463414638,-0.012682926829268294,0.21373170731707317,0.06036585365853659,-0.032682926829268294,0.08370731707317074,-0.9503658536585367,-0.16490243902439025,-0.17668292682926828,0.10031707317073171,-0.07468292682926828,-0.9018536585365855,0.2646341463414634,0.4618292682926829,-1.202909756097561,0.35158780487804875,-0.7543999999999998,0.3095268292682926,0.28575365853658535,-0.3808634146341463,-2.2216926829268293,-0.35684146341463413,-0.2532926829268292,-0.9209048780487807,1.0739829268292682,-5.198048780487805,-0.28048780487804875,0.07878048780487806,0.09829268292682927,1.1136585365853657,-0.19536585365853662,-0.38829268292682934,-0.47463414634146345,0.35048780487804876,0.003414634146341446,0.11926829268292682,0.19390243902439025,-0.3195121951219512,-0.9195121951219511,0.03585365853658538,0.5182926829268293,-0.5487804878048781,0.5107317073170732,-0.3853658536585366,0.9729268292682927,-0.6656097560975609,0.42121951219512194,-0.10902439024390244,-0.3197560975609756,0
LKSLERRRLMITISTMLQFGLFLIALIGLVIKLIELSNKK,-0.19695426,-0.38676184199999997,0.13453130749999992,0.5177560925,0.22800924224999997,-0.283,-0.44425,-0.47450000000000003,-0.093,0.06100000000000002,0.3275,0.08125,0.0029999999999999914,-0.03525,-0.08700000000000001,-0.28474999999999995,-0.13925,0.08575000000000002,0.21260000000000004,0.422525,0.19637500000000002,0.7196750000000001,0.04004999999999999,0.24235000000000007,-0.434,-0.04850000000000001,0.25525,-0.04375,-0.14099999999999996,-0.623,0.27125,-0.08449999999999999,0.022000000000000026,-0.00124999999999999,-0.51075,0.5347500000000001,-0.18849999999999997,-0.06725,-0.011624999999999996,-0.113175,-0.13865,0.0046249999999999954,0.10900000000000003,-0.37474999999999997,1.9145225,-0.3082824999999997,0.9339875,1.2322499999999998,-0.25299999999999995,-0.83025,0.768,-0.442,0.3935,0.18325,-0.03450000000000001,0.24677500000000002,0.041325,-0.016224999999999996,-0.111175,-0.7979749999999999,-0.268775,-0.11465,-0.0221,-0.261375,0.28717499999999996,0.092675,0.1059,0.1367424999999999,-1.4396550000000001,0.36292499999999994,-0.7818350000000001,0.443135,0.261145,-0.5635475000000001,0.057805000000000016,-0.8754025000000001,0.08707000000000029,0.095525,-4.257250000000001,0.50175,-0.36475,0.65225,0.33649999999999997,0.26750000000000007,-0.015000000000000013,0.09050000000000001,-0.304,0.23724999999999996,-0.4615,0.22174999999999997,-0.2245,-0.76475,0.44025,0.4680000000000001,-0.01499999999999999,0.06324999999999999,-0.05625000000000002,-0.978,-0.67225,-1.0547499999999999,-0.3409999999999999,0.27475,0
CENRCKCKVQLMGNCIKVPFKCFLWKQKRFMCECYGPIS,-0.03478073,-0.014468604871794867,0.21543119230769223,-0.14873946923076922,0.29101086333333337,-0.09589743589743595,-0.20948717948717943,-0.024615384615384615,-0.03974358974358972,0.361025641025641,-0.08205128205128204,-0.04333333333333333,0.1238461538461539,-0.02025641025641027,-0.17256410256410254,-0.1548717948717949,-0.15,0.11102564102564101,-0.06476923076923077,0.09461538461538464,-0.07461538461538463,-0.2083846153846154,-0.07423076923076924,0.2644102564102564,-0.03179487179487181,0.03666666666666664,0.10076923076923079,-0.027435897435897444,0.1251282051282051,0.10461538461538462,0.5684615384615385,-0.03974358974358974,0.14512820512820515,0.09435897435897436,-0.2946153846153846,0.4317948717948718,-0.1605128205128205,-0.014948717948717953,-0.015384615384615392,0.009615384615384616,0.024102564102564086,-0.047897435897435905,0.0035897435897436613,0.02307692307692308,0.7350025641025641,0.5922666666666669,-0.45863589743589744,0.5405128205128205,0.12384615384615373,0.41076923076923066,0.24179487179487175,0.16538461538461527,0.18820512820512825,-0.00025641025641025343,0.007179487179487197,0.22589743589743586,0.002717948717948713,-0.0072564102564102555,-0.014,-0.7520769230769232,-0.11184615384615385,0.08900000000000002,0.10120512820512823,-0.23656410256410254,0.029410256410256404,0.24741025641025644,0.025846153846153835,-0.020912820512820486,0.34307435897435895,-0.8646666666666664,-0.6019076923076924,0.11866153846153846,0.08318461538461541,-0.7522153846153847,0.06010769230769227,-0.1950820512820513,0.28067692307692316,-0.1733820512820512,-3.963846153846154,0.20948717948717954,-0.48153846153846147,0.23717948717948723,0.33717948717948726,-0.003076923076923088,-0.13743589743589743,0.09307692307692306,0.11589743589743588,0.26333333333333336,0.13307692307692306,-0.03410256410256417,-0.041282051282051285,-0.7233333333333334,0.3202564102564103,0.39769230769230773,0.1007692307692308,0.2917948717948718,-0.06538461538461539,-0.02897435897435905,-0.1235897435897436,0.11538461538461534,0.14487179487179488,-0.35384615384615375,0
LKSLERRRLMITISTMLQFGLFLIALIGLVIKLIELSN,-0.30371319894736837,-0.3775862384210527,0.11354749736842092,0.559591155263158,0.15329246868421045,-0.35789473684210527,-0.4655263157894736,-0.45736842105263165,-0.05315789473684209,0.021052631578947385,0.3394736842105263,0.07447368421052632,-0.00368421052631579,-0.04657894736842104,-0.0468421052631579,-0.33131578947368423,-0.15184210526315792,0.03763157894736841,0.29678947368421044,0.41465789473684206,0.19171052631578947,0.7400263157894739,0.05105263157894737,0.19421052631578944,-0.43894736842105264,-0.09421052631578948,0.2807894736842106,-0.13552631578947363,-0.22947368421052639,-0.5705263157894737,0.22499999999999992,-0.08473684210526318,0.048421052631578955,-0.03289473684210525,-0.5107894736842105,0.5586842105263156,-0.23,-0.08357894736842104,0.005605263157894738,-0.1168157894736842,-0.1288421052631579,0.00628947368421052,0.06631578947368422,-0.45921052631578935,2.462855263157895,-0.7072868421052629,0.7796394736842105,1.5597368421052633,-0.5294736842105262,-0.9107894736842107,0.6505263157894735,-0.4005263157894737,0.3400000000000001,0.1828947368421053,-0.08210526315789472,0.2477631578947369,0.04744736842105263,-0.019657894736842107,-0.09750000000000003,-0.8134473684210528,-0.2958157894736842,-0.1363157894736842,-0.019842105263157894,-0.2547631578947368,0.249078947368421,0.06992105263157893,0.08236842105263156,-0.020713157894736867,-1.441689473684211,0.47797368421052633,-0.7611842105263158,0.3506947368421053,0.21127894736842107,-0.6507605263157894,0.06878947368421046,-0.8357394736842105,-0.17832631578947358,0.16656842105263156,-4.345,0.405,-0.295,0.6649999999999999,0.3652631578947368,0.3431578947368421,-0.05263157894736842,0.05842105263157894,-0.3621052631578948,0.16342105263157897,-0.5210526315789474,0.14763157894736842,-0.24315789473684216,-0.7786842105263159,0.39710526315789485,0.48684210526315796,-0.04947368421052632,0.02973684210526315,-0.04921052631578949,-1.1500000000000001,-0.7544736842105263,-0.9792105263157896,-0.43736842105263163,0.27289473684210525,0
WFKGAKKGFQDYRYQKDMAKMNKRYGPNWQQRGGQEPPADAQ,0.478924342142857,0.09712413095238093,0.011278433333333221,-0.027672276190476214,0.2795480516666667,0.5007142857142857,0.2042857142857143,-0.05857142857142855,-0.26357142857142857,0.0595238095238095,0.07952380952380951,0.13404761904761903,0.13095238095238096,0.14333333333333337,-0.08214285714285714,0.07857142857142857,-0.20523809523809527,0.07999999999999999,-0.45302380952380944,-0.19859523809523807,-0.032380952380952364,0.05838095238095238,-0.01690476190476191,-0.051190476190476154,0.16976190476190467,0.07261904761904761,-0.2980952380952381,0.3419047619047619,0.2040476190476191,-0.18357142857142858,0.39690476190476187,0.18166666666666667,-0.175,-0.22571428571428573,-0.04285714285714285,0.3221428571428571,-0.2430952380952381,0.09511904761904762,-0.030071428571428575,0.020047619047619047,-0.03907142857142857,0.04838095238095237,-0.035952380952380944,0.2792857142857143,-3.1111023809523806,0.8356571428571429,0.9764952380952381,-2.124761904761905,0.6057142857142855,0.6138095238095239,0.08404761904761898,-0.2628571428571429,0.4247619047619048,-0.0880952380952381,0.3633333333333334,0.2039047619047619,-0.03873809523809524,-0.0016428571428571417,-0.07476190476190477,-0.7063809523809523,0.06473809523809523,0.005404761904761908,-0.05892857142857143,-0.12178571428571427,-0.36700000000000005,0.1819047619047619,0.5434761904761904,-0.15208095238095237,-0.02354285714285717,-0.6443,0.5626142857142857,0.25633809523809525,0.21718095238095236,-0.5468571428571425,-0.16736190476190482,-0.1863928571428571,0.34663333333333324,0.11949047619047622,-3.651666666666667,0.2752380952380952,-0.24952380952380954,-0.11023809523809522,0.6145238095238094,-0.3249999999999999,0.19428571428571426,-0.07261904761904764,0.5361904761904762,0.12333333333333328,0.0976190476190476,0.39476190476190465,-0.04880952380952384,-0.6821428571428572,0.2321428571428571,0.20285714285714285,-0.34809523809523807,0.48238095238095235,-0.3745238095238096,0.7547619047619047,0.28571428571428575,-0.26357142857142857,0.08452380952380956,0.21523809523809526,0
CEDVNGQCQPRGNPCLRLRGACPRGSRCCMPTVAA,-0.06852329285714287,0.3246289425714286,-0.3162420171428571,0.3072888228571429,0.1376966565714286,0.25571428571428567,-0.4337142857142857,0.2717142857142857,-0.029714285714285697,0.29228571428571437,-0.1237142857142857,0.1577142857142857,0.08714285714285716,-0.016285714285714282,0.0028571428571428532,-0.21742857142857142,-0.37,0.17399999999999996,-0.2377142857142857,-0.2664571428571429,-0.5622285714285714,-0.03860000000000005,0.16694285714285714,0.12597142857142865,0.22285714285714284,-0.45342857142857146,0.06800000000000005,0.04914285714285716,-0.2774285714285714,0.29228571428571437,0.5145714285714286,-0.2225714285714286,0.13171428571428573,0.1822857142857143,-0.4154285714285714,0.3371428571428571,-0.29971428571428566,0.05511428571428572,0.08445714285714287,-0.005200000000000005,0.030399999999999996,-0.057571428571428565,-0.9554285714285714,0.05742857142857142,-1.5229171428571426,-1.7938399999999999,-0.255337142857143,-0.9668571428571427,-1.4071428571428573,0.5937142857142857,0.1917142857142857,0.4051428571428571,0.0377142857142857,-0.12114285714285715,-0.013142857142857142,0.21339999999999998,0.06911428571428573,-0.09254285714285712,0.024285714285714282,-1.0237142857142856,-0.1774571428571429,-0.19254285714285713,0.19982857142857138,-0.20225714285714289,-0.6853714285714285,0.3278285714285714,0.2281142857142857,-2.137311428571429,-0.09673428571428579,-0.9271285714285712,-0.052277142857142876,0.043702857142857106,-0.44460285714285713,-3.057514285714286,-0.29083428571428577,-0.025508571428571422,-1.924957142857143,1.0696771428571425,-5.544857142857144,-0.11085714285714283,-0.13371428571428573,0.34885714285714275,0.8839999999999999,-0.22085714285714286,-0.434,-0.4179999999999999,0.1945714285714286,0.01771428571428571,0.006857142857142828,0.1311428571428571,0.20371428571428574,-0.9611428571428572,0.1722857142857143,0.562,-0.40457142857142847,0.24514285714285713,-0.268,0.8045714285714285,-0.7302857142857141,0.31599999999999995,-0.12571428571428567,-0.011428571428571389,0
HIVKGLFHAGRMIHGLVNRRRHRHGMEELDLDQRAFEREKA,0.2350253646341463,-0.37242736609756094,0.20980264390243897,0.21568086097560973,0.46254080731707325,0.29829268292682926,0.025853658536585368,-0.3641463414634147,0.05731707317073171,0.13390243902439025,0.1704878048780488,0.18756097560975613,0.20097560975609752,0.04853658536585367,0.05926829268292682,0.0070731707317073286,-0.1670731707317073,0.10804878048780488,-0.32578048780487806,0.3351219512195122,-0.023390243902439014,0.22731707317073166,-0.07407317073170733,0.2131951219512196,-0.34926829268292686,0.03292682926829268,-0.014878048780487775,0.33146341463414636,-0.16585365853658535,-0.07878048780487806,0.09609756097560977,0.2965853658536585,0.11121951219512194,0.3473170731707317,-0.16658536585365855,0.30097560975609755,-0.17609756097560975,0.027560975609756094,-0.06492682926829269,-0.08858536585365855,-0.027073170731707313,0.004853658536585361,0.11121951219512201,0.17634146341463414,-1.450051219512195,0.7467951219512196,0.08648780487804883,-0.5900000000000001,0.46658536585365834,-0.28268292682926827,0.2790243902439024,-0.022682926829268348,0.5970731707317073,-0.31073170731707317,-0.3341463414634146,0.22651219512195123,-0.014731707317073173,0.02104878048780488,-0.09651219512195122,-0.7078536585365854,-0.019707317073170732,-0.0820731707317073,-0.11251219512195124,-0.11334146341463415,-0.057853658536585376,0.39475609756097557,0.4566829268292683,-0.11784390243902454,-0.5842341463414633,-0.2534243902439024,0.3066414634146341,0.11623658536585366,-0.0964414634146341,-0.4933243902439023,-0.4136731707317074,-0.34116341463414634,0.10632439024390246,0.2312219512195122,-3.716341463414634,0.6231707317073171,-0.2785365853658537,0.07243902439024388,0.5153658536585366,-0.23268292682926822,0.05439024390243899,0.03000000000000001,0.22268292682926827,0.07414634146341463,0.07439024390243901,0.6219512195121951,-0.05000000000000002,-0.6848780487804879,0.30463414634146335,0.3117073170731708,-0.2714634146341463,0.4851219512195122,-0.10365853658536588,0.7675609756097561,0.008536585365853748,-0.7639024390243903,0.288780487804878,0.13829268292682928,0
IPAAVAGTVLNVVEAGGWVTTIVSILTAVGSGGLSLLAAAGRESI,-0.512784106888889,-0.023720831333333327,-0.1054622533333334,0.9239239711111111,-0.035598671999999984,-0.11799999999999995,-0.5744444444444443,0.13777777777777778,0.0035555555555555475,-0.1728888888888889,0.368,0.258,-0.09066666666666665,0.2677777777777778,0.20422222222222225,-0.5135555555555554,-0.49777777777777776,0.1168888888888889,-0.08031111111111111,-0.05448888888888887,-0.4132222222222222,0.9164888888888888,-0.06902222222222225,-0.09973333333333333,-0.2324444444444444,-0.8102222222222221,0.278,-0.1724444444444444,-0.30688888888888893,-0.4875555555555555,-0.09422222222222221,0.09422222222222221,-0.34044444444444444,-0.013777777777777766,-0.5977777777777777,0.4295555555555554,-0.5431111111111111,-0.028044444444444434,0.15753333333333333,-0.14853333333333335,-0.09924444444444445,-0.006955555555555562,-1.3446666666666667,-0.508,0.8544155555555555,-4.47017111111111,0.9250488888888889,0.20133333333333348,-3.0591111111111116,-0.6091111111111112,0.5742222222222222,-0.27133333333333337,0.5171111111111112,0.32600000000000007,0.07444444444444441,0.23195555555555558,0.18355555555555556,-0.08155555555555555,-0.03155555555555555,-1.1676,-0.534888888888889,-0.407288888888889,0.10279999999999999,-0.26255555555555554,-0.9248666666666666,0.09239999999999998,0.45597777777777776,-2.647491111111111,-0.7754644444444445,0.21970444444444448,0.11261999999999991,0.7866666666666668,-0.05405999999999997,-4.012668888888888,0.36754222222222216,-0.69198,-3.2256955555555553,1.2184644444444444,-6.457999999999999,-0.6868888888888888,0.23755555555555558,0.6797777777777778,1.2104444444444444,0.21911111111111115,-0.612888888888889,-0.7004444444444445,-0.40822222222222226,-0.0846666666666667,-0.824,0.2657777777777778,-0.2726666666666667,-1.1184444444444444,0.0037777777777777983,0.7473333333333332,-0.666888888888889,-0.022444444444444458,-0.5624444444444444,-0.4331111111111112,-1.8451111111111111,-0.39733333333333337,-0.7171111111111111,0.3393333333333333,0
TVLQTVVHKVGKTQFGCPAYQGYCDDHCQDIEKKEGFCHGFKCKCGIPMG,-0.02947499060000001,0.1206467302,-0.007924212000000073,0.01666987799999999,0.11820582300000002,0.118,-0.1192,0.0852,0.09600000000000002,0.0834,-0.0216,0.009199999999999991,0.1206,0.11419999999999998,0.002599999999999987,-0.13520000000000001,-0.34919999999999995,0.0616,-0.22390000000000002,-0.14679999999999996,-0.29713999999999996,-0.006760000000000015,-0.15980000000000003,0.004299999999999997,0.06480000000000001,-0.2682,0.063,0.0506,0.26180000000000003,0.04120000000000001,0.3276,0.20959999999999998,0.01659999999999999,0.2072,-0.2206,0.3386,-0.37799999999999995,0.023779999999999996,0.04946,-0.013300000000000001,0.026899999999999993,-0.03318,-0.5912,0.11259999999999998,-0.630102,-1.1222699999999999,-0.2231960000000001,-0.6086,-0.9674,0.3962,-0.07440000000000004,0.14119999999999996,0.2988,0.0734,0.06319999999999998,0.21200000000000002,0.03154,-0.03381999999999999,-0.020020000000000003,-0.8956999999999999,-0.17322000000000007,-0.033920000000000006,0.07024,-0.16128,-0.38376000000000005,0.16698000000000002,0.25458,-1.5995620000000002,0.622196,-0.680962,0.18543199999999999,0.27362400000000003,0.17431000000000002,-2.3859579999999996,0.13069599999999995,-0.00578599999999998,-1.7397900000000002,-0.08692599999999993,-4.82,-0.1628,-0.14959999999999998,0.151,0.7061999999999999,-0.0996,-0.3272,-0.28479999999999994,0.12679999999999997,-0.015600000000000027,-0.005999999999999994,0.15459999999999996,-0.0644,-0.86,0.11800000000000001,0.4408000000000001,-0.2626,0.3495999999999999,-0.32339999999999997,0.4371999999999999,-0.7019999999999998,0.10059999999999995,-0.16240000000000002,-0.2488,0
SSVAATCQTPKIACKNGDKNCHQSHGAVSLTMCKLTSGKYPNCRYKE,0.06573311638297873,0.17688489446808509,-0.38173743829787243,0.19234455319148933,0.04068516234042555,0.28595744680851065,-0.2791489361702127,0.06978723404255317,0.09319148936170214,0.2619148936170213,0.03042553191489362,0.0725531914893617,-0.16170212765957445,0.13297872340425532,-0.019574468085106378,-0.009361702127659573,-0.3948936170212764,0.2440425531914893,-0.27531914893617027,-0.13289361702127658,-0.40734042553191496,0.09295744680851062,-0.05514893617021278,0.10417021276595745,0.08489361702127658,-0.35829787234042554,0.07680851063829786,0.2112765957446808,0.1270212765957447,-0.07531914893617025,0.1172340425531915,-0.15255319148936167,-0.03340425531914892,0.11148936170212767,-0.3768085106382979,0.396595744680851,-0.3989361702127659,0.06265957446808511,0.047361702127659555,-0.028787234042553192,-0.009000000000000015,-0.06451063829787237,-0.8095744680851064,0.17042553191489365,-2.0810723404255316,-1.2861808510638297,-0.1853553191489362,-1.275744680851064,-0.8229787234042552,0.11914893617021272,0.5546808510638298,0.2859574468085106,0.050212765957446795,0.04914893617021276,0.10851063829787233,0.22176595744680852,0.03827659574468084,-0.06491489361702128,0.04834042553191491,-0.9577446808510638,-0.22251063829787243,-0.22108510638297874,0.04738297872340426,-0.023978723404255314,-0.48719148936170203,0.19570212765957448,0.16151063829787235,-0.937648936170213,-0.2706659574468085,-0.5531297872340425,-0.0894957446808511,0.2854148936170214,-0.1707638297872341,-1.6201148936170209,-0.3525936170212767,-0.17746170212765955,-0.6108553191489362,0.5125829787234042,-5.231063829787234,-0.11744680851063832,-0.017446808510638286,0.23212765957446804,0.7936170212765957,-0.25957446808510637,-0.35680851063829794,-0.331276595744681,-0.013829787234042573,0.1106382978723404,0.07404255319148935,0.10829787234042547,-0.011489361702127637,-0.9159574468085104,0.08744680851063831,0.5059574468085106,-0.355531914893617,0.33702127659574466,-0.22595744680851065,0.8365957446808512,-0.627659574468085,0.10382978723404247,-0.17808510638297867,0.06510638297872343,0
VVREQGFSGHVHEQQAGHHHEAGHHEQAGHHEQSGQQVHGQGHGY,0.17086517733333334,-0.010022435555555561,-0.6776868822222223,-0.0008627422222222557,-0.1611105284444444,0.6075555555555556,0.36644444444444446,-0.11955555555555561,0.26533333333333337,0.018444444444444423,0.07288888888888886,0.2777777777777778,0.19355555555555554,0.2695555555555556,0.4671111111111111,0.102,-0.4315555555555555,0.04911111111111109,-0.5322222222222222,-0.04777777777777774,-0.4175333333333333,0.03566666666666667,-0.2168,-0.14471111111111107,-0.1557777777777778,-0.3406666666666666,-0.11688888888888892,0.3244444444444444,0.4037777777777779,0.20822222222222225,-0.19844444444444445,0.49044444444444435,-0.128,0.10111111111111108,0.08377777777777774,0.39244444444444443,-0.5246666666666667,0.07864444444444445,0.027111111111111124,-0.07064444444444445,0.06475555555555555,0.0011111111111111046,-0.7153333333333333,0.44688888888888895,-2.9515511111111112,-1.4438333333333333,-0.44522666666666666,-1.9711111111111113,-0.9188888888888891,0.3086666666666667,0.023111111111111082,0.19199999999999992,0.7675555555555555,-0.3562222222222223,-0.6388888888888888,0.2075111111111111,-0.008466666666666662,0.004488888888888888,-0.024466666666666668,-0.8701333333333333,-0.03466666666666666,-0.15731111111111112,-0.175,0.052266666666666635,-0.6761111111111111,0.3985333333333333,0.7124222222222222,-1.1227977777777778,0.33935333333333334,-0.657791111111111,1.583042222222222,0.017395555555555553,-0.35741555555555554,-1.413533333333333,-0.3109044444444445,0.08471555555555559,-1.3772133333333334,-0.17463333333333325,-4.636444444444445,-0.22022222222222218,0.14377777777777778,-0.34066666666666673,0.9497777777777776,-0.38444444444444437,-0.41400000000000003,-0.47022222222222215,0.36244444444444435,-0.14688888888888893,0.004000000000000028,0.6471111111111111,-0.2071111111111111,-0.8366666666666664,-0.1593333333333333,0.3726666666666666,-0.5762222222222222,0.8251111111111111,-0.36977777777777787,1.4904444444444442,-0.5015555555555554,-0.22311111111111112,0.12377777777777776,0.10000000000000002,0
AKEGGKFG,0.2838829037499999,0.06106668874999999,0.9614146374999999,0.4834283625,1.1145123775,0.59625,0.09375,0.39249999999999996,-0.14625000000000002,-0.07500000000000002,0.52125,0.45999999999999996,0.41000000000000003,0.36875,-0.20500000000000002,-0.28874999999999995,-0.4525,0.27625,-0.4105,-0.37637499999999996,-0.5539999999999999,0.740875,-0.398,-0.38025,0.06,-0.5925,-0.51125,0.29875,0.17000000000000004,-0.5950000000000001,0.84625,1.04,-0.5462499999999999,0.1925,-0.21000000000000002,-0.002500000000000009,-0.25625000000000003,0.13,0.104875,-0.10975000000000001,-0.06,0.1195,-1.3499999999999999,0.15875,-3.6565874999999997,-2.6892375,1.4915125,-3.1900000000000004,-2.2525000000000004,1.13875,0.03375,-0.80125,1.67625,-0.17125,0.265,0.208625,0.128125,0.017499999999999995,-0.10075,-1.0925,-0.09012500000000001,0.014374999999999999,0.155,-0.465125,-1.1342500000000002,0.206125,1.31725,-2.33325,0.5952125,-1.5845125,1.0630875,1.4523875,0.610825,-4.744549999999999,0.2217625,-0.9921249999999999,-1.8475500000000002,0.8213750000000001,-6.0825,0.037500000000000006,-0.40375,0.2825,1.4475,-0.30624999999999997,-0.41125,-0.8474999999999999,0.9649999999999999,-0.025000000000000078,-0.37499999999999994,1.15375,-0.5525,-1.06,0.38,0.53,-0.6125,0.73625,-1.085,1.2325,-1.315,-0.29375000000000007,-0.26499999999999996,-0.011249999999999996,0
LFKVFGYT,-0.33650025375000003,-0.024982802500000012,1.1134314875,0.3190418,0.6482725925,-0.5925,0.13374999999999998,-0.2,0.13874999999999998,-0.18750000000000003,0.28375,0.18,-0.105,0.215,-0.34875,-0.39625,-0.06999999999999999,0.015000000000000006,0.13337499999999997,-0.08700000000000002,0.397,0.5377500000000001,-0.20887499999999998,0.21800000000000003,0.06999999999999995,0.11124999999999999,0.32875,-0.34375000000000006,0.24125,-0.835,0.45375,0.4575,0.08250000000000002,0.31,-0.08124999999999999,0.565,-0.3275,-0.10137500000000002,0.052625,0.004249999999999997,-0.12612500000000001,0.004624999999999997,0.34375000000000006,-0.53375,3.4605125,-0.12846249999999992,0.9271625,1.84625,-0.5462500000000001,0.5512499999999999,0.14624999999999994,-0.395,0.31500000000000006,0.40499999999999997,0.49,0.22475,0.080625,0.10775000000000001,-0.01849999999999999,-0.63725,-0.16950000000000004,0.27187500000000003,-0.02687500000000001,-0.472625,-0.1806250000000001,-0.18975,0.3295,0.4898875000000001,0.894625,0.08603749999999999,0.17401249999999996,1.1010749999999998,0.7331375,-0.1987874999999999,1.1990750000000001,-0.645725,0.5977125,0.04712499999999997,-3.295,-0.3125,-0.2625,-0.023749999999999993,0.40750000000000003,0.5075,0.07874999999999999,0.09999999999999995,-0.03500000000000003,0.315,-0.30999999999999994,-0.11625000000000005,-0.29875,-0.64625,0.15,0.1275,-0.24874999999999997,-0.06499999999999999,-0.60875,-1.5950000000000002,-0.37124999999999997,-0.46625000000000005,-0.15499999999999997,-0.29500000000000004,0
LLNTI,-0.47274559200000005,-0.27324361599999997,0.52695754,0.73278066,0.24788901799999996,-0.516,-0.6719999999999999,-0.47800000000000004,0.20800000000000002,-0.08,0.434,-0.048,-0.40599999999999997,-0.43000000000000005,0.017999999999999995,-0.304,-0.24,-0.05399999999999999,0.5766,0.28059999999999996,0.2354,0.8972,0.0908,0.023399999999999987,-0.28200000000000003,-0.186,0.48,-0.30600000000000005,-0.31200000000000006,-0.698,0.24799999999999994,-0.186,0.42000000000000004,-0.292,-0.5660000000000001,0.6639999999999999,-0.42400000000000004,-0.11280000000000001,0.058399999999999994,-0.1032,-0.15140000000000003,-0.004800000000000007,-0.06399999999999999,-0.61,3.5652,-1.62852,0.6642,2.2439999999999998,-1.0699999999999998,-1.294,0.6460000000000001,-0.29,-0.14200000000000002,0.726,-0.446,0.2594,0.062,-0.0718,-0.0646,-0.8772,-0.5506,-0.36700000000000005,-0.0984,-0.03939999999999999,0.506,-0.1768,-0.381,-2.3703399999999997,-1.76904,2.4497999999999998,-1.19096,0.10722000000000001,0.027479999999999994,-2.03754,0.40266,-0.30184,-3.91676,-0.24425999999999998,-4.72,0.06400000000000003,0.22800000000000004,0.8779999999999999,0.34199999999999997,0.532,-0.10200000000000001,0.019999999999999983,-0.7540000000000001,0.02599999999999999,-0.7020000000000001,-0.012000000000000005,-0.356,-0.834,0.188,0.532,-0.27,-0.34199999999999997,0.12599999999999997,-1.73,-0.9780000000000001,-0.954,-0.978,0.6300000000000001,0
TVKNAAK,0.2938481728571429,-0.4072506514285715,0.3669848285714285,0.6525198857142858,0.5698215357142857,0.43,-0.5228571428571429,-0.14857142857142858,-0.09142857142857141,0.23714285714285713,0.2785714285714286,0.20285714285714285,-0.3357142857142857,0.3257142857142858,-0.07285714285714286,-0.07142857142857144,-0.42285714285714276,0.41000000000000003,-0.6761428571428573,0.27742857142857147,-0.351,0.63,-0.12328571428571432,0.30342857142857144,-0.44857142857142857,-0.4542857142857143,0.10428571428571429,0.5571428571428572,0.2571428571428571,-0.7185714285714286,0.13999999999999996,-0.025714285714285707,-0.0657142857142857,-0.09285714285714286,-0.5599999999999999,0.3428571428571429,-0.31,0.07871428571428571,-0.012714285714285718,-0.16042857142857142,-0.13400000000000004,-0.04571428571428572,-0.9257142857142858,0.028571428571428564,-3.3482142857142856,-1.2508714285714286,1.0884,-1.717142857142857,-0.5342857142857144,-0.8157142857142856,1.6657142857142857,-0.12714285714285714,0.45285714285714285,0.16428571428571437,0.43000000000000005,0.23585714285714285,0.09400000000000001,-0.08871428571428572,-0.08057142857142859,-1.0277142857142856,-0.42428571428571427,-0.3638571428571429,0.052857142857142846,-0.11457142857142857,-0.46028571428571435,0.18700000000000003,0.3362857142857143,-2.525114285714286,-0.6915285714285714,0.12149999999999997,-0.23891428571428566,1.0781428571428573,0.11952857142857141,-3.6743142857142854,0.1269428571428572,-0.4771571428571428,-2.6126,0.5210857142857143,-5.694285714285714,0.07428571428571429,0.06142857142857145,0.5842857142857143,0.9228571428571428,-0.3728571428571429,-0.32142857142857145,-0.3414285714285715,-0.35999999999999993,0.41857142857142854,-0.14857142857142858,0.5257142857142857,-0.16285714285714287,-0.9928571428571429,0.23714285714285716,0.5771428571428572,-0.6185714285714285,-0.03571428571428573,-0.33714285714285713,0.8957142857142858,-0.8657142857142857,-0.7714285714285715,-0.10857142857142857,0.6299999999999999,0
IKGAIH,-0.21440578000000002,-0.2868080933333334,0.6199601833333334,0.2751153333333333,0.8534755550000002,-0.021666666666666685,-0.24999999999999997,-0.14333333333333334,0.25833333333333336,-0.05666666666666668,0.20833333333333334,0.4133333333333334,0.21166666666666664,0.15333333333333335,0.18833333333333332,-0.40833333333333327,-0.3116666666666667,0.3016666666666667,0.23216666666666666,0.11783333333333339,-0.13099999999999995,0.5016666666666666,-0.26866666666666666,0.07233333333333336,-0.385,-0.435,0.3116666666666667,0.0016666666666666496,0.2066666666666667,-0.2400000000000001,-0.20666666666666664,0.6149999999999999,0.08666666666666666,-0.2250000000000001,-0.4216666666666667,0.38833333333333325,-0.3416666666666666,-0.03566666666666666,0.053666666666666675,-0.11299999999999999,-0.076,0.004166666666666661,-0.695,-0.21333333333333337,1.1910166666666668,-2.001933333333333,1.2985333333333335,0.42333333333333334,-1.6633333333333333,-0.17166666666666675,1.0399999999999998,-0.24166666666666667,0.7399999999999999,0.20166666666666666,-0.4833333333333334,0.22966666666666669,0.14083333333333334,0.03133333333333333,-0.16866666666666663,-0.9491666666666667,-0.3705,-0.18883333333333333,-0.081,-0.302,-0.34666666666666673,0.3173333333333333,0.46116666666666667,-2.0092166666666667,-0.2248666666666667,0.5993666666666667,-0.15106666666666668,1.1727,0.023033333333333312,-3.3523999999999994,0.9148166666666667,-0.6907166666666665,-2.8126833333333336,0.1406333333333334,-5.303333333333334,-0.395,-0.245,0.5316666666666666,0.7783333333333333,0.14833333333333334,-0.4116666666666667,-0.385,-0.2083333333333334,0.37333333333333335,-0.56,0.7683333333333332,-0.2166666666666667,-0.945,0.06333333333333335,0.6866666666666665,-0.09333333333333331,0.4466666666666666,-0.435,-0.12166666666666666,-1.1666666666666665,-0.7816666666666667,0.4583333333333333,0.3066666666666667,0
FKRIRRAGKR,0.659232179,-0.21281789100000004,1.1694322,0.38189653,1.803162485,0.417,-0.018999999999999996,-0.385,-0.305,0.53,0.29500000000000004,0.47800000000000004,0.21000000000000002,0.10600000000000001,-0.429,0.07700000000000004,0.13899999999999998,0.6,-0.49169999999999997,0.20870000000000002,0.21139999999999998,0.26780000000000004,-0.17820000000000003,1.1892,-0.08400000000000003,0.391,0.525,0.825,-0.4870000000000001,-0.30700000000000005,0.694,0.21699999999999994,0.08800000000000001,0.268,-0.30900000000000005,0.28400000000000003,0.32399999999999995,0.0714,-0.13779999999999998,-0.017500000000000005,-0.19,-0.1122,0.7270000000000001,0.389,-3.3740499999999995,3.7264700000000004,1.4731299999999998,-1.3599999999999999,2.189,0.6689999999999999,1.46,0.26899999999999996,0.9,0.04100000000000002,0.40099999999999997,0.2206,-0.0016000000000000014,0.06699999999999999,-0.1724,-0.5444,0.1619,0.04620000000000001,-0.002100000000000016,-0.4314,-0.06630000000000007,0.6027000000000001,0.7779,2.27572,-1.4287300000000003,-1.28216,-0.009860000000000046,1.2637,-0.04898,0.84052,-0.6447100000000001,-1.40011,4.2493799999999995,1.5452299999999997,-2.7739999999999996,1.6179999999999999,-0.829,0.11799999999999997,0.42000000000000004,-0.5479999999999999,0.503,0.36400000000000005,0.608,0.952,0.38,0.9339999999999999,0.14299999999999996,-0.5389999999999999,0.778,0.13399999999999998,-0.22599999999999998,0.55,-0.22800000000000004,1.284,0.5610000000000002,-1.8670000000000002,0.968,0.05000000000000001,0
SAGCCS,-0.6860748616666666,0.6796946883333334,-1.7743845666666669,0.31926001666666676,-0.64782296,0.07499999999999997,-0.6450000000000001,1.0366666666666668,0.39166666666666666,0.625,0.05999999999999998,0.06833333333333332,-0.003333333333333355,0.395,0.018333333333333326,-0.35333333333333333,-0.7233333333333333,0.38666666666666666,0.16766666666666663,-0.5083333333333334,-1.2768333333333335,-0.06333333333333337,-0.42999999999999994,-0.14633333333333332,0.29333333333333333,-1.2616666666666665,0.0033333333333333223,-0.28166666666666673,-0.445,0.5116666666666666,0.06333333333333342,-0.2333333333333333,-0.18833333333333335,0.2866666666666667,-0.66,0.27666666666666667,-0.6516666666666667,0.060000000000000005,0.25333333333333335,-0.06483333333333334,0.16216666666666665,-0.14216666666666666,-2.5733333333333337,0.006666666666666672,-1.2310666666666663,-5.970033333333333,-2.671716666666667,-0.9500000000000002,-4.306666666666667,0.6183333333333333,0.00833333333333334,1.3033333333333335,0.2083333333333334,-0.2983333333333333,0.2833333333333334,0.2185,0.14866666666666664,-0.14283333333333334,0.2701666666666666,-1.439,-0.3721666666666667,-0.3961666666666666,0.405,-0.08049999999999996,-1.6753333333333333,0.3431666666666667,0.43149999999999994,-1.5497166666666662,0.3250333333333333,-2.248166666666666,-0.11531666666666678,0.2896499999999999,-0.8912166666666667,-3.8293999999999997,-0.9635333333333334,-0.5862166666666667,-0.41025000000000017,2.2812,-8.216666666666667,-0.9766666666666667,0.20166666666666666,0.5083333333333333,1.7716666666666667,-0.17166666666666666,-1.2833333333333334,-1.1733333333333333,0.019999999999999973,-0.19166666666666668,0.1416666666666667,-0.35500000000000004,-0.32999999999999996,-1.3699999999999999,-0.12,1.045,-0.5749999999999998,0.6966666666666667,-0.49500000000000005,1.4583333333333333,-1.9766666666666666,1.7933333333333332,-0.5633333333333332,-0.5066666666666666,0
QRGRFGRF,0.3454061975,0.22245560749999999,0.9929491874999999,0.2643850375,1.47386148125,0.32249999999999995,0.40375,-0.07625,-0.14125000000000001,0.26749999999999996,0.435,0.49000000000000005,0.335,0.07500000000000001,-0.37375,-0.034999999999999976,0.06874999999999998,0.30125,-0.310375,-0.29212499999999997,0.10800000000000004,0.120875,-0.30025,0.783375,0.33625,0.26125,0.37500000000000006,0.44125000000000014,-0.41999999999999993,0.016250000000000014,0.9475,0.6299999999999999,0.095,0.06250000000000003,0.06749999999999999,0.36875,0.06499999999999997,0.05500000000000001,-0.02362499999999998,0.048374999999999994,-0.08837500000000001,-0.072,0.49375000000000013,0.26250000000000007,-2.3663,2.11675,0.4974125,-1.2750000000000001,0.8749999999999998,1.6175,0.2237499999999999,0.53875,0.9437500000000001,-0.1475,0.435,0.201,-0.027374999999999997,0.09012500000000001,-0.071375,-0.570625,0.304125,0.19500000000000003,0.03912499999999999,-0.45887500000000003,-0.5150000000000001,0.44475,1.07125,1.9356874999999998,-0.20989999999999998,-1.8468874999999998,1.0973249999999999,1.010425,-0.09615000000000001,0.6882625000000004,-0.5393125000000001,-1.1117124999999999,3.8968625,1.5543749999999998,-2.8187499999999996,1.1362500000000002,-0.5874999999999999,-0.325,0.72125,-0.34124999999999994,0.32875,0.07000000000000003,1.0262499999999999,0.5225,0.37875,0.6325,-0.12500000000000003,-0.555,0.545,-0.001250000000000015,-0.5349999999999999,0.7375,-0.55,0.9962500000000001,0.47000000000000003,-1.1375,0.50875,-0.23125,0
PPIVKDTLKKFFKGG,0.15643711266666668,0.19043461666666667,0.2639152066666666,0.3053023999999999,0.3648265886666666,0.16799999999999998,-0.2066666666666667,-0.09133333333333334,-0.198,-0.23600000000000002,0.032666666666666684,0.1993333333333333,0.04666666666666666,0.023333333333333334,-0.368,-0.27466666666666667,-0.22799999999999995,0.16599999999999998,-0.2810666666666667,-0.2883333333333333,-0.018733333333333282,0.48746666666666677,0.3187333333333333,0.015266666666666673,0.23933333333333331,-0.07533333333333332,-0.07866666666666665,0.086,0.4633333333333332,-0.7793333333333334,0.4640000000000001,0.07533333333333335,0.034,0.17133333333333337,-0.34133333333333327,0.3406666666666666,-0.25466666666666665,0.0382,0.04059999999999999,0.010999999999999994,-0.15133333333333338,0.06466666666666666,-0.2793333333333333,-0.11733333333333335,-0.6096533333333334,-0.36459999999999987,2.5216666666666665,-1.114,-0.4726666666666668,0.6406666666666666,0.5733333333333331,-0.8933333333333336,0.08533333333333341,0.23266666666666666,0.36933333333333335,0.2148666666666667,0.09640000000000001,0.015933333333333344,-0.1305333333333333,-0.8367999999999999,-0.2057333333333333,0.03453333333333333,0.009999999999999993,-0.4289333333333333,-0.13086666666666674,0.06533333333333334,0.2685333333333333,-0.9122333333333335,0.018013333333333333,-0.11222000000000003,-0.20495333333333338,1.2588733333333335,0.6215066666666665,-1.7298333333333331,1.0276866666666666,-0.4664866666666666,-0.8216066666666667,-0.01523999999999995,-4.396000000000001,-0.18866666666666673,-0.47866666666666663,0.24933333333333335,0.4326666666666667,0.020000000000000042,-0.014000000000000028,-0.13399999999999998,0.1306666666666666,0.26533333333333325,-0.32533333333333325,0.42799999999999994,0.3153333333333333,-0.804,0.22333333333333336,0.29,-0.09466666666666666,0.09866666666666667,-0.66,-0.3020000000000002,-0.4706666666666666,-0.4913333333333333,0.031333333333333366,0.3113333333333333,0
CSVNWG,-0.4901717466666667,0.679188555,-0.4774212500000002,-0.059879116666666676,-0.2252044066666666,-0.09833333333333337,-0.020000000000000004,0.6999999999999998,0.11333333333333334,0.18666666666666673,0.3183333333333333,-0.013333333333333345,-0.08333333333333336,-0.13166666666666665,0.16333333333333333,-0.19000000000000003,-0.38166666666666665,0.11,-0.19999999999999998,-0.5856666666666666,-0.414,-0.16666666666666666,-0.5761666666666666,-0.10983333333333332,0.515,-0.435,0.2633333333333333,-0.325,-0.21666666666666665,0.3333333333333333,-0.11499999999999995,0.23500000000000001,-0.5266666666666666,-0.05833333333333332,-0.27166666666666667,0.4266666666666666,-0.6216666666666667,-0.005,0.16033333333333336,0.05833333333333333,0.08666666666666666,-0.08683333333333333,-0.89,-0.019999999999999993,1.0178,-2.5496833333333337,-1.34905,0.30666666666666664,-2.0583333333333336,0.9383333333333334,-0.44500000000000006,0.6933333333333332,0.33666666666666667,0.5,-0.2366666666666667,0.21716666666666665,0.07783333333333332,-0.03466666666666667,0.1395,-0.9385,-0.2735,-0.2805,0.05149999999999999,0.02350000000000002,-0.9638333333333332,0.3035,0.2771666666666667,-0.32378333333333337,0.327,-0.31916666666666665,0.00923333333333328,0.08766666666666667,-0.7683999999999999,-1.0261833333333332,-0.07173333333333327,-0.23096666666666665,-0.5272833333333334,0.9314,-5.026666666666666,-0.945,0.26666666666666666,0.05000000000000001,1.1133333333333333,0.09666666666666668,-0.48666666666666664,-0.48499999999999993,0.19833333333333333,-0.07166666666666667,-0.06499999999999999,-0.1266666666666668,-0.5166666666666667,-0.9066666666666667,-0.23666666666666666,0.605,-0.42333333333333334,0.52,-0.34,0.2299999999999999,-0.6466666666666667,0.8916666666666667,-0.09833333333333333,-0.3933333333333333,0
DVIKK,0.4274211899999999,-0.32896824599999996,-0.20040911999999994,0.16438229999999998,-0.07849239800000003,0.248,-0.48599999999999993,-0.534,-0.15399999999999997,-0.11000000000000003,0.13,-0.26400000000000007,0.202,0.048,-0.23200000000000004,0.052000000000000005,-0.23399999999999999,0.13599999999999998,-0.776,0.3562,0.1648,0.4502,-0.2044,0.4034000000000001,-0.314,0.11000000000000001,0.358,0.608,0.42400000000000004,-0.774,-0.22400000000000003,0.17600000000000002,0.0,0.154,-0.5640000000000001,0.15599999999999997,-0.118,0.0324,-0.1056,-0.0754,-0.1632,-0.06080000000000001,0.156,0.21999999999999997,-1.6930599999999998,1.5881800000000001,1.49632,-0.9940000000000001,1.262,-1.284,0.7779999999999999,-0.45199999999999996,0.26199999999999996,0.8480000000000002,0.27599999999999997,0.231,-0.0254,-0.0682,-0.2684,-0.7666000000000001,-0.2934,-0.17220000000000005,-0.0344,-0.1234,0.6077999999999999,0.1292,-0.008799999999999964,-0.34878,-1.37312,0.2785,-0.87646,0.7182999999999999,0.8387799999999999,-0.9567,-0.002640000000000009,-0.60338,-0.2590600000000002,-0.64244,-3.9899999999999998,0.842,-0.372,0.5840000000000001,0.18000000000000002,-0.2919999999999999,0.20199999999999996,0.22399999999999998,-0.42400000000000004,0.22399999999999992,-0.07199999999999995,0.578,0.132,-0.724,0.492,0.37400000000000005,0.02799999999999998,0.12399999999999997,-0.008000000000000007,0.41600000000000004,-0.33199999999999996,-1.2600000000000002,-0.23400000000000004,0.322,0
RWVQRWK,0.4728338428571429,-0.15860184,0.19034419999999996,-0.41601705714285714,0.5657237114285715,-0.0057142857142857195,0.5671428571428571,-0.24,-0.8499999999999999,0.5028571428571429,0.15142857142857144,0.002857142857142856,-0.012857142857142864,-0.04714285714285713,0.055714285714285716,0.3,0.3757142857142857,0.21714285714285714,-0.6241428571428571,0.3005714285714286,0.777142857142857,-0.3531428571428572,-0.3088571428571429,1.0422857142857143,-0.07285714285714286,1.012857142857143,0.45428571428571446,0.42857142857142855,-0.3685714285714286,0.031428571428571396,0.2571428571428571,-0.33,-0.7299999999999999,-0.060000000000000005,0.049999999999999996,0.6242857142857143,0.11142857142857145,-0.018857142857142857,-0.21157142857142855,0.10442857142857143,-0.11942857142857144,-0.08171428571428571,2.0014285714285713,0.47285714285714286,-0.17427142857142844,5.960099999999999,1.0917285714285714,0.74,3.897142857142857,0.7914285714285715,0.6028571428571426,0.12999999999999995,0.8057142857142858,0.33714285714285713,0.42142857142857143,0.20828571428571432,-0.08757142857142855,0.11314285714285713,-0.143,-0.10157142857142855,0.16,0.03899999999999999,-0.34071428571428575,-0.1022857142857143,0.2151428571428571,0.7441428571428572,0.3925714285714285,4.8228857142857136,-0.8328571428571429,-0.22424285714285716,0.04017142857142859,0.32608571428571426,-0.3554,4.982785714285714,-0.09094285714285721,-0.7164428571428572,5.4157142857142855,0.006099999999999962,0.0657142857142859,0.7942857142857144,-0.5128571428571428,-0.5114285714285715,-0.08571428571428573,-0.1871428571428571,0.9885714285714287,0.9671428571428572,0.4414285714285714,0.9357142857142857,0.3385714285714285,0.25285714285714284,-0.049999999999999996,-0.13857142857142862,0.29000000000000004,-0.08571428571428572,0.05714285714285713,0.5014285714285714,0.1285714285714286,-0.03285714285714292,1.6614285714285713,-1.612857142857143,1.4514285714285715,-0.3671428571428571,0
SMFGAVLGVPA,-0.668303701818182,0.04739573999999996,-0.3341900363636364,0.788189890909091,-0.18319259272727273,-0.2427272727272727,-0.5027272727272728,0.17272727272727273,-0.030000000000000006,-0.2854545454545454,0.23636363636363633,0.4336363636363636,0.09,0.2609090909090909,0.0890909090909091,-0.7863636363636366,-0.46,0.08363636363636363,-0.02081818181818183,-0.16581818181818178,-0.4180909090909091,0.7911818181818181,0.17045454545454544,-0.2739090909090909,-0.1327272727272727,-0.8118181818181818,-0.029999999999999985,-0.4772727272727273,0.1527272727272727,-0.510909090909091,0.03636363636363641,0.1527272727272727,-0.2872727272727273,0.13727272727272727,-0.5445454545454546,0.48454545454545445,-0.5745454545454545,-0.05081818181818183,0.18563636363636365,-0.12072727272727271,-0.06109090909090909,0.05954545454545455,-1.3754545454545455,-0.83,2.263909090909091,-4.84,1.1838636363636363,0.7018181818181819,-3.4763636363636365,0.041818181818181775,0.4754545454545454,-0.5063636363636363,0.3090909090909091,-0.24363636363636368,0.2136363636363636,0.22518181818181818,0.2098181818181818,-0.04145454545454545,-0.023727272727272743,-1.1807272727272726,-0.3617272727272728,-0.13454545454545452,0.2080909090909091,-0.5051818181818182,-1.0187272727272727,0.06427272727272727,0.511,-2.456036363636364,0.21977272727272726,-0.46944545454545455,0.024454545454545416,0.9094272727272726,-0.025609090909090904,-4.169863636363636,0.9993545454545457,-0.6388454545454545,-2.8032181818181816,1.1728272727272728,-6.518181818181817,-1.039090909090909,-0.15727272727272723,0.6427272727272727,1.0963636363636364,0.44181818181818183,-0.7272727272727273,-0.7381818181818182,-0.22000000000000003,-0.0190909090909091,-0.8218181818181818,0.11999999999999998,-0.13909090909090913,-1.1318181818181818,0.039090909090909086,0.7418181818181818,-0.3836363636363636,-0.07909090909090907,-0.7763636363636363,-1.02,-1.6745454545454548,0.17,-0.23181818181818184,0.3372727272727273,0
KWKSFIK,0.3465300985714285,-0.20178659142857144,0.21919494285714278,-0.3274481428571429,0.4771534785714286,-0.057142857142857224,0.22714285714285712,-0.26857142857142857,-0.40571428571428575,0.23285714285714282,0.23571428571428574,-0.007142857142857161,-0.07285714285714287,0.1457142857142857,-0.46571428571428575,0.06857142857142853,0.13000000000000003,0.33428571428571424,-0.14871428571428574,0.23185714285714282,0.5700000000000001,0.1327142857142857,-0.20942857142857146,0.4907142857142857,-0.12142857142857144,0.6142857142857142,0.025714285714285735,0.25,0.4185714285714286,-0.7857142857142858,0.13142857142857142,-0.025714285714285696,-0.3342857142857142,-0.17857142857142858,-0.21142857142857144,0.5014285714285714,-0.03714285714285716,-0.007142857142857141,-0.13100000000000003,0.03228571428571429,-0.16528571428571429,0.017285714285714283,1.0585714285714285,0.15714285714285717,0.3487714285714288,3.598357142857143,1.8663714285714286,0.16142857142857128,2.307142857142857,0.3714285714285714,1.0957142857142856,-0.6585714285714285,0.48857142857142855,0.2871428571428572,0.5685714285714286,0.23,-0.010857142857142857,0.1322857142857143,-0.11828571428571429,-0.40085714285714286,-0.07471428571428573,0.13785714285714284,-0.24628571428571425,-0.25585714285714284,0.42271428571428565,0.3221428571428571,0.23542857142857146,4.252442857142857,-0.4654857142857143,-0.24425714285714278,-0.7872857142857141,1.382642857142857,0.5656857142857142,3.660042857142858,0.6193428571428571,-1.1464142857142858,5.3036142857142865,-0.5675571428571428,-1.8914285714285712,0.3542857142857142,-0.7485714285714286,-0.11000000000000003,-0.03428571428571427,0.01571428571428576,0.5385714285714285,0.5828571428571429,0.11142857142857146,0.8428571428571427,0.11714285714285713,0.24999999999999997,-0.09714285714285713,-0.43142857142857144,0.3014285714285715,0.11285714285714286,0.3971428571428572,0.5314285714285714,-0.2671428571428571,-0.4585714285714286,0.8214285714285713,-0.9114285714285716,0.8885714285714287,-0.04999999999999999,0
EKLFSKIQN,0.3782096088888889,-0.29455324666666666,-0.15605427777777786,0.09109603333333333,-0.08806457444444442,0.3011111111111111,-0.08444444444444442,-0.5244444444444444,-0.06888888888888887,0.11777777777777779,0.25777777777777783,-0.12111111111111111,-0.011111111111111108,0.07777777777777778,-0.23333333333333334,0.1622222222222222,-0.17444444444444443,0.024444444444444425,-0.28177777777777774,0.3426666666666666,0.16733333333333336,0.3578888888888889,-0.011777777777777776,0.11266666666666669,-0.2922222222222222,0.1933333333333333,-0.08555555555555555,0.4,0.21888888888888888,-0.5711111111111111,0.2222222222222222,0.048888888888888905,0.17888888888888893,-0.5,-0.22555555555555554,0.44222222222222224,-0.17222222222222225,0.0401111111111111,-0.08888888888888889,-0.068,-0.09766666666666668,0.02144444444444444,0.28555555555555556,0.20111111111111107,-1.7544,1.4116666666666666,0.5681222222222222,-1.0422222222222224,1.24,-0.7622222222222222,0.6477777777777779,-0.44555555555555554,0.3255555555555556,0.22555555555555554,-0.06666666666666668,0.24177777777777779,-0.08411111111111111,-0.008111111111111112,-0.09044444444444445,-0.6844444444444444,-0.15611111111111112,-0.08644444444444445,-0.13777777777777778,-0.024333333333333342,0.4807777777777777,0.07755555555555554,0.15333333333333335,1.2439444444444445,-1.2867666666666666,-0.09691111111111105,-0.1997111111111111,0.2627222222222223,0.4836888888888889,1.2893111111111113,-0.4716888888888888,-0.5743111111111111,1.9436888888888886,-0.6632333333333332,-3.49,0.81,-0.2244444444444444,0.11555555555555554,0.2466666666666667,-0.22111111111111106,0.17777777777777778,0.2066666666666666,-0.03999999999999999,0.1233333333333333,0.0011111111111110875,0.29444444444444445,-0.19666666666666666,-0.6444444444444444,0.3444444444444444,0.20000000000000004,-0.1288888888888889,0.4211111111111111,-0.024444444444444435,0.2766666666666666,0.2222222222222222,-0.7200000000000001,-0.5511111111111111,0.4211111111111111,0
VQKLKRK,0.8009923242857143,-0.4546814914285715,-0.2788178714285717,0.2306029,0.5447468085714285,0.4257142857142857,-0.24571428571428575,-0.8057142857142857,-0.57,0.5242857142857142,0.13142857142857142,0.13857142857142857,0.13428571428571429,0.07285714285714286,-0.25857142857142856,0.21142857142857144,0.032857142857142856,0.4614285714285714,-0.9145714285714287,0.5925714285714285,0.2941428571428571,0.44942857142857146,-0.04171428571428572,1.0715714285714286,-0.4357142857142856,0.4657142857142857,0.3642857142857143,0.9385714285714286,0.5671428571428571,-0.9528571428571428,0.7285714285714285,-0.2914285714285714,-0.17857142857142858,0.28285714285714286,-0.4557142857142858,0.43142857142857144,0.25142857142857145,0.07257142857142858,-0.20114285714285712,-0.07242857142857144,-0.23828571428571427,-0.09285714285714286,0.7714285714285715,0.4885714285714286,-3.462757142857143,4.097728571428571,1.9977857142857143,-1.5585714285714285,2.892857142857143,-0.2171428571428571,1.942857142857143,-0.3942857142857143,0.9042857142857142,0.31857142857142856,0.38285714285714284,0.23114285714285715,-0.062285714285714285,-0.02614285714285715,-0.2771428571428572,-0.5988571428571429,0.060285714285714276,0.05685714285714285,-0.021714285714285714,-0.3117142857142857,0.6652857142857143,0.3934285714285714,0.3544285714285714,1.7468571428571427,-1.8391,-0.9090999999999999,-0.5163,0.9096000000000001,0.40335714285714286,0.661242857142857,-0.3675428571428571,-1.1640428571428572,2.7134285714285715,-0.38685714285714273,-2.9699999999999998,1.7100000000000002,-0.88,0.42857142857142866,0.02000000000000002,-0.5457142857142856,0.4028571428571429,0.53,0.16,0.9999999999999999,0.16142857142857142,0.8328571428571429,0.02285714285714286,-0.5599999999999999,0.8728571428571428,0.2,0.09571428571428574,0.24999999999999997,0.06000000000000001,0.7528571428571428,0.2471428571428572,-2.205714285714286,0.5071428571428571,0.32,0
KGLKF,0.250799766,-0.20951654,0.5565798599999999,0.27199345999999996,0.971848196,0.019999999999999928,0.048,-0.21200000000000002,-0.23200000000000004,0.11399999999999996,0.404,0.344,0.27599999999999997,0.072,-0.554,-0.28600000000000003,-0.05800000000000001,0.33399999999999996,-0.10640000000000001,0.06920000000000001,0.19060000000000002,0.7546000000000002,-0.181,0.20240000000000005,-0.09400000000000004,0.13199999999999995,-0.258,0.14199999999999996,0.5700000000000001,-1.2420000000000002,1.05,0.508,-0.092,0.43000000000000005,-0.26200000000000007,0.29,-0.01000000000000002,0.021599999999999987,-0.0242,-0.061,-0.18159999999999998,0.09319999999999999,0.10800000000000001,-0.07999999999999999,-0.1470799999999997,0.9838400000000002,2.1799399999999998,-0.6320000000000003,0.16599999999999987,0.952,0.8319999999999999,-0.9920000000000002,1.1780000000000002,-0.044,0.434,0.2262,0.0676,0.091,-0.18980000000000002,-0.7394000000000001,0.023399999999999997,0.3056,0.0328,-0.6128,0.05999999999999994,0.12600000000000003,0.7554,0.48003999999999997,0.07398000000000007,-0.68774,-0.21056000000000002,1.682,0.77766,-1.2802799999999999,0.9315200000000001,-1.3153,1.04088,-0.1639199999999999,-3.936,0.562,-0.924,0.35,0.48200000000000004,0.06800000000000006,0.10999999999999999,0.018000000000000016,0.584,0.6439999999999999,-0.186,0.8039999999999999,-0.38,-0.73,0.632,0.278,0.06200000000000002,0.38799999999999996,-0.7020000000000001,-0.374,-0.32799999999999996,-1.0100000000000002,0.396,0.09200000000000001,0
RCPKSWKCKA,0.3120545,0.13793484599999997,-0.5071393100000001,-0.18974267,0.296165339,0.24899999999999994,-0.19200000000000003,0.236,-0.37,0.672,-0.265,0.079,-0.027000000000000007,0.129,-0.28700000000000003,0.019999999999999973,-0.099,0.471,-0.32470000000000004,-0.00029999999999997807,-0.205,-0.30079999999999996,0.09779999999999997,0.5047,0.10500000000000002,0.09699999999999998,-0.10999999999999999,0.26999999999999996,0.007999999999999997,-0.06700000000000003,0.514,-0.594,-0.12699999999999997,0.334,-0.4029999999999999,0.355,-0.04300000000000002,0.072,-0.055800000000000016,0.042100000000000005,-0.034200000000000015,-0.05270000000000001,-0.0839999999999999,0.3829999999999999,-1.9529199999999995,1.6629999999999998,0.5976899999999998,-0.9680000000000002,0.9269999999999999,0.9730000000000001,0.9949999999999999,0.08199999999999995,0.185,-0.178,0.438,0.2158,0.0458,0.007199999999999994,-0.009799999999999993,-0.7213999999999998,-0.0806,-0.020500000000000008,0.03860000000000001,-0.2371,-0.29610000000000003,0.5589000000000001,0.16010000000000002,1.3556599999999996,-0.03126999999999999,-1.18489,-0.72781,0.70427,-0.25312999999999997,0.31666000000000044,0.04692999999999997,-0.48661000000000004,2.31875,0.53791,-3.817,0.07000000000000002,-0.6180000000000001,0.099,0.42799999999999994,-0.342,0.013000000000000012,0.12899999999999995,0.2720000000000001,0.691,0.37699999999999995,0.14899999999999997,0.318,-0.7100000000000001,0.254,0.40700000000000003,0.13200000000000003,0.45199999999999996,-0.20199999999999996,0.8680000000000001,0.265,0.07099999999999994,0.9429999999999998,-0.21599999999999991,0
PRPLPFP,0.03814242142857146,0.95589086,-0.660693657142857,0.42747587142857135,-0.45278878714285714,0.21428571428571427,-0.34,-0.0757142857142857,-0.52,-0.6,-1.0357142857142858,0.5928571428571427,-0.13857142857142857,-0.27285714285714285,-0.4328571428571429,-0.5985714285714286,-0.06571428571428573,-0.015714285714285736,-0.05857142857142859,-0.9075714285714283,0.04271428571428575,0.14828571428571427,2.269142857142857,-0.26571428571428574,1.0299999999999998,0.1328571428571428,-0.547142857142857,-0.5228571428571429,0.21285714285714286,-0.6,0.5357142857142857,-1.3214285714285714,0.7642857142857143,0.042857142857142864,-0.2742857142857143,0.6799999999999999,-0.2714285714285714,0.038142857142857124,0.11114285714285711,0.22028571428571428,-0.19914285714285715,0.22657142857142856,0.02142857142857148,-0.5885714285714284,1.0046000000000002,-0.35485714285714287,5.454971428571429,-0.7928571428571429,-0.4414285714285716,2.027142857142857,0.7971428571428572,-1.9142857142857146,-1.8914285714285717,-0.33714285714285713,-0.04857142857142858,0.198,0.20314285714285715,0.06357142857142857,-0.07157142857142858,-0.7285714285714285,-0.17885714285714285,0.11957142857142856,-0.09128571428571429,-0.7238571428571428,-0.2378571428571429,0.10771428571428567,-0.3675714285714286,-0.7674714285714287,0.06945714285714276,0.7261142857142858,-0.2754142857142857,0.8807714285714285,-0.05008571428571424,0.25788571428571444,2.480757142857143,0.5707285714285715,-0.8521285714285712,0.5937142857142855,-3.442857142857143,-1.5614285714285714,-0.6285714285714287,-0.2357142857142857,-0.23428571428571426,0.32714285714285724,0.20714285714285716,0.08,0.07285714285714287,0.28285714285714286,-0.7114285714285714,-0.1014285714285714,2.0357142857142856,-0.6714285714285714,-0.3142857142857142,-0.015714285714285712,0.1642857142857143,-0.5028571428571429,-0.9028571428571429,-1.6600000000000001,0.6028571428571429,0.4900000000000001,0.6585714285714286,1.1500000000000001,0
GKIAKVA,-0.06854914571428573,-0.4142050985714286,0.3596915142857142,0.7523850285714285,0.6603063914285716,0.09999999999999995,-0.5871428571428572,-0.02857142857142858,-0.16714285714285712,0.05285714285714284,0.3157142857142857,0.4042857142857143,0.17857142857142855,0.44571428571428573,0.0028571428571428675,-0.5057142857142857,-0.39999999999999997,0.3985714285714286,-0.339,0.23542857142857146,-0.32371428571428573,0.9184285714285715,-0.25028571428571433,0.20471428571428577,-0.5442857142857143,-0.647142857142857,0.17142857142857143,0.2185714285714286,0.18285714285714283,-0.812857142857143,0.18857142857142856,0.37285714285714283,-0.28571428571428564,-0.06142857142857142,-0.6714285714285714,0.2714285714285714,-0.23142857142857146,0.013285714285714281,0.05128571428571429,-0.19100000000000003,-0.15728571428571428,0.0011428571428571438,-1.162857142857143,-0.31142857142857144,-0.695685714285714,-2.6238571428571427,1.9248714285714286,-0.6085714285714287,-1.8900000000000001,-0.4942857142857143,1.502857142857143,-0.5471428571428572,1.092857142857143,0.24000000000000005,0.32428571428571423,0.2317142857142857,0.182,-0.04985714285714286,-0.2005714285714286,-1.124857142857143,-0.4304285714285715,-0.21685714285714286,0.1604285714285714,-0.4838571428571429,-0.691,0.23185714285714282,0.7135714285714286,-2.6765714285714286,-0.5353000000000001,-0.3075285714285715,-0.1972,1.550857142857143,0.3450714285714286,-5.004642857142857,0.7629857142857143,-1.1269285714285713,-2.9157142857142864,0.8202285714285714,-6.304285714285713,-0.1442857142857143,-0.3014285714285715,0.8785714285714284,1.0885714285714285,-0.02999999999999998,-0.48714285714285716,-0.5428571428571429,-0.23857142857142857,0.47285714285714286,-0.6671428571428571,0.7985714285714284,-0.31428571428571433,-1.0942857142857143,0.35285714285714287,0.7742857142857142,-0.3814285714285714,0.08999999999999996,-0.6357142857142858,0.08999999999999996,-1.6128571428571428,-0.952857142857143,0.027142857142857166,0.44,0
AKKCRCKIISG,0.06042300090909089,-0.013781858181818218,0.13436178181818173,0.1491543090909091,0.7484973736363636,0.1018181818181818,-0.51,0.09272727272727273,-0.0336363636363636,0.5536363636363637,0.07999999999999999,0.13,0.1590909090909091,0.1481818181818182,-0.21909090909090911,-0.16454545454545455,-0.24454545454545454,0.4890909090909092,-0.07645454545454546,0.08754545454545455,-0.3266363636363636,0.107,-0.3241818181818182,0.5675454545454546,-0.1190909090909091,-0.28,0.37454545454545446,0.3018181818181818,-0.05636363636363639,-0.07636363636363638,0.45272727272727276,0.012727272727272738,-0.00454545454545453,0.10181818181818185,-0.6118181818181818,0.2927272727272727,-0.055454545454545444,0.03227272727272728,0.0041818181818181754,-0.052272727272727276,-0.05290909090909091,-0.11963636363636362,-0.6263636363636362,0.1836363636363636,-1.1354363636363636,-0.22496363636363642,0.10248181818181808,-0.520909090909091,-0.4681818181818183,0.2463636363636363,1.1081818181818182,0.37545454545454543,0.609090909090909,0.23727272727272727,0.19454545454545455,0.22872727272727272,0.06972727272727273,-0.043272727272727275,-0.0679090909090909,-0.9483636363636364,-0.2250909090909091,-0.11636363636363636,0.18127272727272728,-0.29545454545454547,-0.2730909090909091,0.40418181818181825,0.2994545454545455,-0.22766363636363643,-0.5982181818181819,-1.1782909090909093,-0.8213000000000001,0.9082727272727272,-0.013227272727272699,-2.1101363636363635,-0.2736272727272727,-0.9474999999999999,0.5961545454545454,0.7711545454545455,-5.263636363636364,0.4672727272727272,-0.5454545454545455,0.6236363636363635,0.7218181818181818,-0.2545454545454545,-0.3245454545454546,-0.18454545454545457,0.054545454545454536,0.5672727272727273,0.07636363636363641,0.3981818181818181,-0.10272727272727274,-0.9172727272727272,0.46818181818181814,0.6509090909090909,0.00454545454545455,0.4827272727272728,-0.18363636363636363,0.8154545454545453,-0.8254545454545453,-0.43454545454545457,0.25363636363636366,-0.2209090909090909,0
LINKTVNKEA,0.26927706900000004,-0.370641258,0.67045649,0.4600367,0.4134989050000001,0.305,-0.42800000000000005,-0.39299999999999996,0.02200000000000001,0.06899999999999999,0.313,-0.029999999999999992,-0.21599999999999997,-0.017000000000000015,-0.049,0.03799999999999999,-0.333,0.11700000000000002,-0.4574,0.3234,-0.07249999999999998,0.5477000000000001,-0.07010000000000002,0.11019999999999999,-0.36600000000000005,-0.15499999999999997,0.15199999999999994,0.42799999999999994,0.05099999999999999,-0.55,0.12599999999999997,0.12599999999999997,0.11900000000000004,-0.287,-0.44600000000000006,0.356,-0.266,0.039900000000000005,-0.03760000000000001,-0.11989999999999998,-0.1093,-0.015399999999999992,-0.307,0.05800000000000003,-1.8722599999999994,-0.2532399999999999,0.6762,-0.9560000000000001,0.11500000000000013,-1.123,0.9279999999999999,-0.34500000000000003,0.324,0.503,-0.26399999999999996,0.24749999999999997,0.011900000000000004,-0.0721,-0.0934,-0.877,-0.4015000000000001,-0.32619999999999993,-0.060300000000000006,0.01839999999999999,0.18009999999999993,0.0693,0.04410000000000001,-1.8160500000000002,-1.26989,0.77776,-0.43960999999999995,0.31899,0.26879,-1.97851,-0.21064,-0.25960000000000005,-2.2109099999999997,-0.2575900000000001,-4.703,0.46299999999999997,0.08300000000000002,0.51,0.5369999999999999,-0.23000000000000004,-0.08100000000000004,-0.06500000000000003,-0.315,0.07199999999999993,-0.24300000000000002,0.488,-0.219,-0.8310000000000001,0.278,0.433,-0.413,0.047999999999999966,-0.027000000000000003,0.40199999999999997,-0.48900000000000005,-0.8270000000000002,-0.637,0.557,0
SFLCL,-0.922911772,-0.14004257,-1.34798806,0.35702730000000005,-0.862865002,-0.9359999999999999,-0.454,-0.017999999999999995,0.28200000000000003,0.308,0.09200000000000003,-0.10600000000000001,-0.004000000000000009,0.01000000000000002,-0.312,-0.558,-0.14999999999999997,-0.06,0.8298,0.34459999999999996,0.048799999999999996,0.4568,0.06400000000000002,0.027400000000000008,-0.27199999999999996,-0.198,-0.045999999999999985,-0.852,-0.36,-0.586,0.44400000000000006,-0.45199999999999996,0.554,0.458,-0.43599999999999994,0.6319999999999999,-0.386,-0.1592,0.08499999999999999,-0.0806,-0.01060000000000002,0.009999999999999992,-0.1979999999999999,-0.748,5.88984,-1.8058,-1.19388,3.6659999999999995,-1.574,-0.33999999999999997,-0.0020000000000000018,0.07400000000000007,-0.09800000000000005,-0.266,0.09000000000000004,0.2504,0.06860000000000001,0.017000000000000005,0.07919999999999998,-0.8579999999999999,-0.2892,0.07460000000000001,0.09439999999999998,-0.36679999999999996,0.07339999999999998,-0.001999999999999996,-0.11139999999999999,0.9682200000000002,-0.14664000000000002,0.05693999999999999,-1.01552,0.19111999999999998,-0.11753999999999998,0.35902000000000006,0.49908,-0.7521000000000001,1.1645200000000002,0.36319999999999997,-4.612,-0.378,-0.252,0.45199999999999996,0.43200000000000005,0.75,-0.356,0.02999999999999997,-0.476,0.074,-0.19800000000000004,-0.6839999999999999,-0.304,-0.826,0.14,0.518,0.06399999999999997,0.009999999999999986,-0.13799999999999996,-1.9100000000000001,-0.68,0.5959999999999999,-0.422,-0.18399999999999997,0
FIKKLTSAAKKV,0.10685114499999998,-0.46055307416666674,0.007863349999999963,0.5095652083333332,0.33496426583333333,0.010833333333333306,-0.4491666666666667,-0.3433333333333333,-0.18333333333333332,0.18833333333333332,0.23083333333333333,0.15333333333333335,-0.15583333333333335,0.35250000000000004,-0.275,-0.19999999999999998,-0.21250000000000002,0.3683333333333334,-0.25183333333333335,0.42791666666666667,0.02583333333333332,0.7222500000000002,-0.02291666666666667,0.4371666666666667,-0.5108333333333334,-0.1441666666666667,0.14500000000000005,0.30083333333333334,0.30166666666666664,-0.9916666666666667,0.18999999999999995,-0.1558333333333333,-0.055833333333333325,0.06333333333333332,-0.5641666666666666,0.4475,-0.17166666666666666,0.002666666666666669,-0.04175000000000001,-0.13533333333333333,-0.18708333333333335,-0.017333333333333336,-0.2558333333333333,-0.16166666666666665,-0.5841749999999998,-0.05425833333333322,1.6594666666666662,-0.2158333333333334,0.06000000000000002,-0.7025,1.6258333333333332,-0.51,0.4583333333333333,0.1391666666666667,0.58,0.24016666666666667,0.08583333333333336,-0.009083333333333329,-0.12508333333333335,-0.85725,-0.3415833333333333,-0.1208333333333333,0.002416666666666664,-0.32566666666666666,-0.01758333333333337,0.16166666666666665,0.27425000000000005,0.13728333333333342,-0.8673083333333333,-0.15541666666666665,-0.6443249999999999,1.3692833333333334,0.48865,-1.1619749999999998,0.46721666666666667,-1.0325,0.5908166666666665,0.19562500000000008,-4.666666666666666,0.24583333333333335,-0.39166666666666666,0.5449999999999999,0.5049999999999999,-0.03999999999999998,-0.09750000000000003,-0.005833333333333327,-0.39833333333333343,0.6008333333333332,-0.24833333333333332,0.3466666666666666,-0.07666666666666667,-0.8391666666666667,0.36916666666666664,0.4675000000000001,-0.1291666666666666,0.046666666666666655,-0.3433333333333333,-0.18333333333333326,-0.6716666666666667,-1.034166666666667,0.08000000000000004,0.3808333333333333,0
LFKKILKYLKFLHSA,-0.014979333999999992,-0.4939789713333333,-0.13606126000000013,0.23223084666666663,0.21494992200000007,-0.3520000000000001,-0.05266666666666665,-0.5686666666666668,0.010666666666666703,0.158,0.1386666666666667,0.17866666666666667,0.02266666666666666,0.13999999999999999,-0.3273333333333333,-0.2273333333333333,0.010666666666666668,0.18333333333333332,0.20273333333333332,0.4999333333333334,0.47159999999999996,0.6475333333333334,0.037333333333333336,0.28340000000000004,-0.43000000000000005,0.2886666666666667,-0.07333333333333332,-0.09066666666666671,0.28866666666666674,-1.1433333333333335,0.3133333333333334,-0.025333333333333322,0.2853333333333334,0.32733333333333337,-0.27399999999999997,0.5246666666666666,-0.11533333333333336,-0.06786666666666669,-0.07473333333333333,-0.08026666666666668,-0.16786666666666672,0.05986666666666666,0.6020000000000001,-0.30799999999999994,2.2654599999999996,1.5072133333333333,1.4231666666666665,1.4546666666666668,0.8633333333333331,-0.26,1.0413333333333334,-0.756,0.4313333333333334,-0.023333333333333338,0.11666666666666667,0.24333333333333335,0.03193333333333334,0.09860000000000001,-0.13446666666666665,-0.597,-0.11133333333333333,0.18573333333333336,-0.15639999999999998,-0.38746666666666674,0.4354666666666666,0.05926666666666668,0.21000000000000002,1.5959533333333333,-0.5340666666666666,0.5409666666666666,-0.5918133333333333,0.9332533333333333,0.45859999999999995,1.0827866666666666,0.8552666666666667,-0.9590800000000002,1.796166666666667,-0.39447999999999994,-3.1086666666666667,0.28400000000000003,-0.5826666666666667,0.24599999999999994,0.09533333333333334,0.3153333333333334,0.23600000000000007,0.372,-0.1686666666666667,0.5986666666666666,-0.19733333333333336,0.2473333333333333,-0.18200000000000005,-0.6026666666666667,0.3486666666666666,0.24133333333333334,0.16666666666666666,0.132,-0.23866666666666667,-1.1820000000000002,0.10066666666666668,-0.8713333333333334,0.382,0.2806666666666667,0
KyPLKVKL,0.28856324125,-0.2318586475,-0.44773846250000005,0.42037784999999994,0.05815406499999998,0.04375,-0.46875,-0.55125,-0.4625,0.08499999999999998,-0.10999999999999997,0.21375,0.04500000000000001,-0.06375,-0.285,-0.22625,-0.05875,0.28875,-0.4375000000000001,0.30987499999999996,0.21575,0.713125,0.5228750000000001,0.389875,-0.2225,0.1775,-0.034999999999999976,0.21874999999999994,0.6125,-1.2774999999999999,0.575,-0.49999999999999994,-0.0325,0.50375,-0.5549999999999999,0.4,0.03749999999999999,0.01174999999999999,-0.069875,-0.05525000000000001,-0.24175000000000002,0.05199999999999999,0.2375,-0.1275,-0.0476375,1.3728250000000002,3.1264374999999998,-0.2787500000000001,0.8912499999999999,-0.019999999999999962,1.58,-1.28125,0.27375000000000005,0.23750000000000002,0.11374999999999999,0.20825,0.08099999999999999,-0.005,-0.236125,-0.66825,-0.165375,0.071875,-0.009500000000000001,-0.473125,0.5022499999999999,0.13975,0.024500000000000008,-0.011137500000000022,-1.1683750000000002,0.2689874999999999,-0.9729125000000001,1.0312375,0.47931250000000003,-0.7871125000000001,1.0006374999999998,-0.7739125,-0.18923749999999995,-0.4751625,-3.4387499999999998,0.38749999999999996,-0.7875,0.60875,-0.049999999999999996,0.02375000000000005,0.14375,0.26875,-0.13249999999999998,0.6962499999999999,-0.43374999999999997,0.5774999999999999,0.33499999999999996,-0.63,0.50875,0.30625,0.28375000000000006,-0.19,-0.24874999999999997,-0.7425,-0.28750000000000003,-1.2687500000000003,0.36,0.57375,0
ALFKLASK,-0.09898442375000005,-0.61150222375,-0.784698575,0.6739723124999999,-0.13186462874999996,-0.145,-0.385,-0.27375,-0.1375,0.22875,0.26125,0.24375,-0.030000000000000006,0.40625000000000006,-0.3125,-0.37,-0.2,0.26625,0.099,0.5609999999999999,0.026874999999999982,0.9754999999999999,0.11337499999999999,0.09362500000000001,-0.66,-0.22500000000000003,-0.385,-0.04375000000000001,0.016250000000000014,-1.2675,0.325,-0.23624999999999996,0.1375,0.17875000000000002,-0.5,0.4325,-0.21250000000000002,-0.020250000000000004,-0.01987500000000001,-0.188875,-0.16825,0.09150000000000001,-0.38249999999999995,-0.43624999999999997,0.5841625000000001,-0.8939374999999998,1.43,0.4412499999999999,-0.5262500000000001,-0.7575000000000001,1.33125,-0.7675,0.59875,-0.4075,0.5449999999999999,0.24575,0.097375,0.018375000000000002,-0.10625000000000001,-0.8907499999999999,-0.267125,-0.052625000000000005,-0.0053750000000000065,-0.41675,-0.16862500000000005,0.120875,0.48100000000000004,0.25373750000000017,-0.85615,0.050862500000000005,-0.4849875,1.1964875,0.29667499999999997,-1.0262000000000002,0.599775,-1.2019375,0.7236,0.5318,-4.88875,0.048750000000000016,-0.3812499999999999,0.545,0.6599999999999999,0.19125000000000003,-0.11625000000000002,-0.08625000000000006,-0.30125,0.46124999999999994,-0.33375000000000005,0.27125,-0.25375000000000003,-0.87375,0.335,0.50125,-0.19624999999999998,0.06499999999999997,-0.45625,-0.66625,-0.57375,-0.5687500000000001,0.05125000000000006,0.61875,0
SKVFPAVF,-0.43558489875,-0.01520936375000001,-0.48673706250000004,0.5093633,-0.5297190350000001,-0.32,-0.31625000000000003,-0.16875,-0.005000000000000018,-0.285,-0.03625000000000003,0.21375,-0.10375000000000001,0.3875,-0.28875,-0.5575,-0.2225,0.046249999999999986,-0.2815,0.023000000000000034,0.045375,0.5217499999999999,0.41775,0.178375,-0.11624999999999999,-0.21500000000000002,0.14625000000000002,-0.32,0.33999999999999997,-0.8150000000000001,-0.18000000000000002,-0.16124999999999995,0.25,0.0037500000000000033,-0.36875,0.6125,-0.43249999999999994,-0.072875,0.068125,-0.044625,-0.130375,0.019999999999999997,-0.30624999999999997,-0.6925000000000001,2.6169375000000006,-1.5784500000000001,1.6021375,1.2650000000000001,-1.105,-0.18124999999999997,0.91625,-0.58875,-0.37875000000000003,0.04875,0.44125,0.23075,0.139375,0.04200000000000001,-0.034375,-0.844,-0.37525000000000003,0.024500000000000022,0.027874999999999997,-0.5135000000000001,-0.35637500000000005,0.030125000000000006,0.13675,0.4843250000000001,0.2817749999999999,-0.23313749999999994,-0.10405,1.25805,0.33255,-0.14077499999999987,1.4137875,-0.577075,0.9783375000000001,0.49260000000000004,-4.37625,-0.905,-0.20124999999999998,0.07250000000000002,0.4275,0.3862500000000001,-0.2575,-0.08000000000000003,-0.5774999999999999,0.28374999999999995,-0.44375,-0.24750000000000005,0.3575,-0.815,-0.09749999999999999,0.2975,-0.20875,-0.22125000000000003,-0.6687500000000001,-1.295,-0.45375000000000004,0.01749999999999996,0.005000000000000018,0.37499999999999994,0
NALVN,-0.211262374,-0.18212986600000006,-0.036687920000000054,0.7481165,-0.09055680600000005,0.11200000000000006,-0.514,-0.21600000000000003,0.382,-0.017999999999999995,0.47000000000000003,0.144,-0.20400000000000001,-0.24599999999999994,0.128,-0.24400000000000005,-0.45999999999999996,-0.0059999999999999975,-0.3886,0.12319999999999995,-0.22659999999999997,0.7045999999999999,-0.1416,-0.1826,-0.21200000000000005,-0.504,0.11800000000000004,-0.030000000000000006,-0.12400000000000003,-0.58,-0.09800000000000002,0.33599999999999997,0.4800000000000001,-0.472,-0.438,0.42200000000000004,-0.536,-0.004600000000000004,0.0728,-0.1386,-0.0546,-0.0044000000000000055,-0.8779999999999999,-0.42400000000000004,0.014840000000000231,-2.63272,-0.32395999999999997,0.18800000000000008,-1.5100000000000002,-1.1700000000000002,0.6859999999999999,0.086,0.11000000000000003,0.47800000000000004,-0.76,0.25460000000000005,0.04759999999999999,-0.10900000000000001,-0.0412,-1.0574,-0.4354,-0.44320000000000004,0.010600000000000004,0.03740000000000001,-0.21020000000000003,-0.04920000000000001,0.08980000000000003,-3.71978,-1.2303000000000002,1.7714399999999997,-0.25164000000000003,-0.10433999999999999,-0.55024,-3.5537400000000003,0.07540000000000005,-0.05029999999999997,-4.841480000000001,0.4904400000000001,-5.720000000000001,-0.19399999999999998,0.548,0.63,0.924,0.05800000000000005,-0.392,-0.38000000000000006,-0.45000000000000007,-0.12800000000000003,-0.396,0.33199999999999996,-0.546,-0.9880000000000001,0.024000000000000004,0.5860000000000001,-0.7979999999999998,-0.176,-0.07599999999999998,-0.10600000000000005,-0.6039999999999999,-0.06999999999999998,-0.8019999999999999,1.068,0
DIVRGI,-0.2685865983333333,0.088019835,0.4825253666666666,0.5424314166666667,0.34831427,-0.10666666666666663,-0.5199999999999999,-0.16000000000000003,0.13166666666666665,-0.3433333333333333,0.35333333333333333,-1.850371707708594e-17,0.3333333333333333,-0.09166666666666666,0.07833333333333331,-0.32666666666666666,-0.2983333333333334,-0.0033333333333333084,-0.16933333333333334,-0.11133333333333328,-0.012833333333333289,0.5366666666666666,-0.3411666666666667,0.2853333333333334,0.00999999999999999,-0.3233333333333333,0.8633333333333333,0.09666666666666672,-0.5166666666666667,-0.041666666666666685,-0.33499999999999996,0.5866666666666666,0.031666666666666676,-0.1366666666666667,-0.54,0.24,-0.29833333333333334,-0.047999999999999994,0.07033333333333334,-0.048999999999999995,-0.10016666666666667,-0.1025,-0.3633333333333333,-0.22666666666666668,1.0987000000000002,-1.5160999999999998,0.6842833333333335,0.5166666666666666,-1.2566666666666668,-0.8200000000000002,-0.05000000000000008,0.20333333333333328,0.31333333333333335,1.025,-0.17833333333333334,0.22383333333333333,0.061,-0.072,-0.18216666666666667,-0.9188333333333335,-0.37566666666666665,-0.3334999999999999,0.056333333333333326,-0.20433333333333334,-0.1515,0.1465,0.24366666666666667,-1.6910333333333334,-1.4211833333333335,0.4874000000000002,-0.26048333333333334,0.4471333333333334,0.2027,-2.542383333333333,-0.14051666666666662,-0.664,-1.9513000000000005,0.8836666666666667,-4.8999999999999995,0.32166666666666666,0.015000000000000019,0.6433333333333333,0.7166666666666667,0.08000000000000003,-0.10166666666666667,-0.2283333333333333,-0.3283333333333333,-0.14,-0.5033333333333333,0.4633333333333333,-0.040000000000000015,-0.8683333333333333,0.27,0.5416666666666666,-0.385,0.17666666666666664,-0.18000000000000002,-0.13666666666666671,-1.1216666666666668,-1.0283333333333333,-0.6366666666666665,0.11666666666666665,0
IGKKFKRIVQRIK,0.37591093615384613,-0.26074473230769235,0.8618154461538463,0.17995710769230763,1.0919092115384612,0.10692307692307691,-0.2246153846153846,-0.56,-0.26384615384615384,0.21846153846153846,0.2461538461538462,0.1946153846153846,0.20538461538461542,0.05307692307692307,-0.27538461538461545,-0.059230769230769205,0.019999999999999993,0.37153846153846154,-0.3541538461538461,0.28092307692307694,0.328,0.3578461538461539,-0.21076923076923082,0.895923076923077,-0.23615384615384613,0.2992307692307692,0.67,0.5646153846153846,0.23538461538461541,-0.5084615384615385,0.43923076923076915,0.24923076923076926,0.006153846153846168,-0.21076923076923076,-0.42,0.4392307692307693,0.12923076923076923,0.0014615384615384586,-0.1056923076923077,-0.03038461538461538,-0.19584615384615386,-0.09646153846153845,0.6092307692307692,0.14923076923076925,-0.7955615384615383,2.5985000000000005,1.806661538461538,-0.28076923076923094,1.5499999999999996,-0.023076923076923182,1.4492307692307693,-0.1876923076923077,0.716153846153846,0.6023076923076923,0.19692307692307692,0.22992307692307692,-0.0007692307692307667,0.024692307692307687,-0.23723076923076925,-0.6266923076923077,-0.09592307692307692,0.03792307692307693,-0.014769230769230774,-0.38984615384615384,0.4206923076923077,0.3196923076923077,0.34807692307692306,1.3141384615384615,-1.2669153846153849,-0.5650538461538461,-0.5383461538461538,1.194776923076923,0.49065384615384616,0.10144615384615394,0.08356923076923076,-1.1768999999999998,2.1447615384615384,-0.0018153846153846375,-3.203076923076923,1.1484615384615386,-0.7476923076923077,0.4038461538461537,0.15615384615384617,-0.20692307692307688,0.2738461538461538,0.34769230769230774,0.054615384615384614,0.8146153846153847,-0.08384615384615388,0.683076923076923,-0.014615384615384638,-0.6076923076923078,0.6538461538461539,0.2646153846153846,0.10000000000000002,0.33692307692307694,-0.1307692307692308,0.11692307692307692,-0.06846153846153838,-1.8192307692307697,0.3807692307692308,0.10153846153846155,0
ALKTAGKHVAG,-0.08458405454545455,-0.2800765436363637,0.0017196363636363373,0.744430909090909,0.5498197772727272,0.23545454545454547,-0.3427272727272727,0.11999999999999997,-0.00818181818181818,0.09636363636363633,0.2945454545454545,0.4818181818181818,-0.0018181818181818197,0.3845454545454546,0.1281818181818182,-0.38818181818181813,-0.4754545454545455,0.38818181818181824,-0.2724545454545455,0.07754545454545457,-0.5155454545454545,0.8317272727272728,-0.17763636363636362,-0.012272727272727253,-0.3972727272727273,-0.7436363636363637,-0.09999999999999999,0.1527272727272727,0.17727272727272728,-0.6763636363636365,0.2381818181818182,0.2672727272727273,-0.2809090909090909,0.370909090909091,-0.48272727272727267,0.2936363636363636,-0.41545454545454547,0.04509090909090909,0.08836363636363637,-0.18063636363636365,-0.09572727272727272,0.02845454545454545,-1.4027272727272726,-0.16818181818181818,-1.5694636363636363,-3.3405090909090904,1.2724454545454547,-1.1554545454545455,-2.374545454545455,-0.011818181818181889,1.1036363636363635,-0.3336363636363636,1.002727272727273,-0.2290909090909091,0.21818181818181817,0.22245454545454546,0.1829090909090909,-0.039,-0.094,-1.145181818181818,-0.34163636363636357,-0.2521818181818182,0.07918181818181819,-0.3357272727272727,-0.9955454545454546,0.2766363636363636,0.7868181818181817,-3.2117181818181817,0.012209090909090897,-0.17830000000000001,0.3739545454545454,1.2915636363636362,-0.04570909090909092,-5.128272727272727,0.6321636363636363,-0.709609090909091,-3.7584454545454546,0.9114636363636364,-6.45090909090909,-0.47454545454545455,-0.07454545454545453,0.59,1.2818181818181817,-0.08545454545454545,-0.6000000000000001,-0.7181818181818183,-0.016363636363636417,0.28818181818181815,-0.4772727272727272,0.7581818181818182,-0.31545454545454543,-1.1190909090909091,0.13636363636363635,0.7372727272727272,-0.6072727272727272,0.20454545454545456,-0.7109090909090909,0.5227272727272727,-1.5881818181818181,-0.5772727272727273,0.1627272727272727,0.38818181818181824,0
AKTALLED,0.12328848999999997,-0.7454716487499999,-0.48849200000000004,0.769644,-0.40407089625000003,0.21250000000000005,-0.51125,-0.20875,-0.13375,0.013750000000000012,0.18375000000000002,-0.14749999999999996,-0.09249999999999997,0.34875,-0.018750000000000006,-0.0975,-0.42875,-0.05999999999999997,-0.15650000000000003,0.6204999999999999,-0.23525000000000001,0.91175,0.16387500000000002,-0.35162499999999997,-0.76875,-0.40625,-0.5787500000000001,0.19624999999999998,-0.46875,-0.8150000000000001,0.17875,-0.2575,0.08625,0.28375,-0.45999999999999996,0.1725,-0.35625,0.039625,-0.028125000000000004,-0.23349999999999999,-0.08762500000000001,0.11649999999999999,-0.72375,-0.10500000000000001,-1.8645874999999998,-1.7717125,0.662225,-0.9225000000000001,-0.7712500000000002,-1.78875,0.22999999999999998,-0.7512500000000001,0.47375,-0.2875,0.38375,0.239,0.04425000000000001,-0.093375,-0.097375,-0.982125,-0.433375,-0.36912500000000004,-0.04825,-0.03325,-0.19462500000000005,0.052000000000000005,0.289,-2.672575,-1.0472375,0.7267999999999999,-0.0970875,0.15194999999999992,0.4953875,-3.0754375,-0.23212499999999997,-0.23522500000000002,-3.222625,0.12798750000000003,-5.4025,0.19875000000000004,0.2,0.59,0.8474999999999999,-0.10249999999999998,-0.10250000000000004,-0.2675,-0.41875,-0.3474999999999999,-0.34500000000000003,0.33249999999999996,-0.13749999999999998,-0.94125,0.23500000000000001,0.5375,-0.62625,-0.03750000000000002,-0.2075,0.25625,-0.9175,-0.44625000000000004,-0.8987499999999999,0.5862499999999999,0
IIGGGAASGGAVY,-0.575154173846154,0.4008329846153846,0.5006070692307691,0.9074256230769229,0.7013186738461538,0.010769230769230797,-0.3161538461538461,0.61,0.18000000000000002,-0.28846153846153844,0.5615384615384615,0.6176923076923077,0.27461538461538465,0.40538461538461534,0.21846153846153846,-0.7261538461538461,-0.6315384615384615,0.25,0.08815384615384611,-0.6707692307692307,-0.6912307692307693,0.9925384615384615,-0.5236153846153846,-0.4166923076923076,0.20076923076923073,-1.1876923076923078,0.1938461538461539,-0.28384615384615386,-0.23692307692307696,-0.36538461538461536,0.08230769230769232,0.963076923076923,-0.6023076923076923,-0.13461538461538464,-0.49153846153846154,0.2246153846153846,-0.6038461538461539,0.014769230769230776,0.2823846153846154,-0.11523076923076925,-0.05976923076923077,0.020999999999999994,-2.164615384615384,-0.5192307692307693,0.14387692307692335,-6.51196923076923,1.096730769230769,-0.9253846153846155,-4.903076923076923,0.6938461538461538,0.13461538461538458,-0.1853846153846154,1.226153846153846,0.40461538461538465,0.08384615384615383,0.2113076923076923,0.25130769230769234,-0.04769230769230769,-0.03161538461538463,-1.3549230769230767,-0.39369230769230773,-0.2800769230769231,0.24399999999999997,-0.4602307692307692,-1.7809230769230768,0.03446153846153844,1.1443076923076925,-3.869623076923077,0.1334384615384615,-0.5611230769230768,0.9014846153846153,1.303107692307692,-0.017123076923076914,-6.505753846153846,0.5558384615384615,-1.0708230769230769,-4.218438461538462,2.071853846153846,-7.700769230769231,-1.043076923076923,0.1553846153846154,0.6869230769230769,1.8707692307692305,0.20692307692307693,-0.88,-1.2823076923076924,0.2653846153846153,-0.11999999999999998,-0.9792307692307692,0.69,-0.6799999999999999,-1.3146153846153843,0.0015384615384615376,0.8999999999999999,-0.8646153846153845,0.39307692307692316,-1.1046153846153848,0.03461538461538456,-2.46076923076923,0.01692307692307689,-0.6461538461538462,0.1307692307692308,0
VKPKTAKP,0.4889696037499999,0.1529325775,-0.09007540000000003,0.46629428749999996,0.25811807124999997,0.54,-0.545,-0.195,-0.53,-0.04500000000000001,-0.37625,0.3375,-0.2874999999999999,0.1825,-0.26875,-0.17250000000000001,-0.29125,0.425,-0.7665,-0.18049999999999994,-0.23287499999999994,0.437125,0.89225,0.28375,0.13249999999999998,-0.16000000000000003,-0.08874999999999997,0.445,0.73125,-0.8925000000000001,0.37749999999999995,-0.75125,-0.09625,0.19999999999999998,-0.5875,0.4425,-0.18625,0.109625,-0.00350000000000001,0.0006250000000000006,-0.2215,0.03687499999999999,-0.5599999999999999,0.04874999999999999,-3.2062625000000002,-0.08786249999999995,3.896,-2.45875,0.09624999999999984,0.4850000000000001,1.8874999999999997,-1.175,-0.3637499999999999,0.12375000000000003,0.53125,0.215125,0.15325,-0.044750000000000005,-0.138875,-0.9195,-0.336375,-0.13825,0.018749999999999996,-0.408875,-0.24075000000000002,0.216625,0.008000000000000028,-1.4887374999999998,-0.4572125,-0.1869,-0.5143749999999999,1.4442,0.41281249999999997,-2.260975,1.1823,-0.20516249999999997,-1.4334,0.11246250000000002,-4.8675,-0.40625000000000006,-0.5137499999999999,0.37,0.31,-0.3125,-0.09750000000000006,-0.12125000000000004,-0.17374999999999996,0.635,-0.37375,0.48,0.9237500000000001,-0.875,0.16375,0.3625,-0.06624999999999995,-0.22000000000000003,-0.60375,0.24375000000000005,-0.49124999999999996,-0.7312500000000002,0.4275,0.7262500000000001,0
VWRRVVRVV,-0.29619528222222224,-0.17198233444444444,0.273131911111111,0.6003776222222224,0.2441648277777778,-0.46666666666666656,-0.3666666666666667,-0.5066666666666667,-0.3488888888888889,0.10666666666666667,0.1822222222222222,0.16555555555555557,0.02666666666666666,0.026666666666666665,0.2211111111111111,-0.2822222222222222,0.08222222222222225,0.19999999999999998,-1.0558888888888889,0.4204444444444444,0.418,0.30955555555555553,-0.23455555555555557,1.443777777777778,-0.30444444444444446,0.26222222222222225,1.51,0.2266666666666667,-0.41777777777777775,-0.2333333333333334,-0.34111111111111114,-0.1411111111111111,-0.43444444444444447,0.6044444444444445,-0.5177777777777778,0.6377777777777778,-0.04111111111111107,-0.12811111111111112,-0.06544444444444444,-0.024999999999999998,-0.18566666666666667,-0.2544444444444445,0.9177777777777779,-0.28888888888888886,2.7904333333333335,1.9021333333333332,0.7524444444444444,2.6844444444444444,1.0944444444444443,-0.5611111111111112,1.1888888888888889,0.47,0.41333333333333333,1.02,-0.038888888888888896,0.2323333333333333,0.07622222222222222,-0.005000000000000001,-0.16788888888888887,-0.5543333333333335,-0.24811111111111106,-0.156,0.007111111111111099,-0.37822222222222224,-0.019666666666666666,0.5197777777777778,0.13355555555555554,1.7945222222222224,-1.4422222222222223,-0.1501,-0.2614222222222222,0.5291888888888888,-0.4225555555555556,1.104455555555556,0.2031888888888889,-0.9143,1.9370666666666665,1.1399555555555554,-2.5477777777777777,0.47777777777777786,-0.23888888888888882,0.26333333333333336,0.18666666666666665,0.09888888888888887,0.20111111111111113,0.5177777777777778,-0.5544444444444445,0.7222222222222222,-0.30222222222222217,0.1877777777777778,0.16555555555555557,-0.5266666666666667,0.32888888888888895,0.26999999999999996,-0.2666666666666667,-0.30777777777777776,0.08555555555555555,-0.75,-0.1955555555555556,-1.9566666666666666,0.5733333333333335,-0.24444444444444446,0
HLDDLPGAL,-0.1563447311111111,-0.037979987777777766,-1.6144828777777778,0.5379578333333332,-0.9744585977777778,0.15555555555555556,-0.2711111111111111,-0.017777777777777806,0.1377777777777778,-0.3433333333333334,-0.04333333333333333,0.052222222222222205,0.2111111111111111,-0.09555555555555555,0.0711111111111111,-0.29777777777777775,-0.44000000000000006,-0.18000000000000002,0.03655555555555553,-0.053222222222222206,-0.2568888888888889,0.7158888888888888,0.4317777777777778,-0.7368888888888888,-0.04555555555555557,-0.4311111111111111,-0.7233333333333333,-0.2866666666666667,-0.20333333333333337,-0.6866666666666666,-0.06555555555555559,-0.09888888888888887,0.3655555555555556,0.6133333333333333,-0.2922222222222222,0.16444444444444445,-0.5722222222222223,0.02522222222222222,0.08277777777777778,-0.0971111111111111,-0.036444444444444446,0.17555555555555558,-0.8488888888888889,-0.25,-0.032566666666666556,-2.6975888888888884,1.0590555555555556,-0.5988888888888889,-1.7711111111111113,-0.5011111111111111,-0.578888888888889,-0.7666666666666667,-0.048888888888888885,-0.3588888888888888,-0.2088888888888889,0.21711111111111114,0.07077777777777777,-0.05255555555555555,-0.1121111111111111,-0.9957777777777778,-0.23333333333333334,-0.2496666666666667,-0.10733333333333334,-0.11877777777777772,-0.3206666666666667,0.05566666666666667,0.2567777777777777,-3.166766666666666,-0.4922777777777778,1.3866777777777777,0.1726888888888888,-0.04711111111111119,-0.0645111111111111,-3.0049111111111113,0.5435555555555555,0.14795555555555556,-4.348922222222222,0.2246888888888889,-5.3644444444444455,-0.5944444444444444,0.14444444444444443,0.3522222222222222,0.7966666666666666,0.16888888888888895,-0.16777777777777778,-0.4277777777777778,-0.09111111111111114,-0.5233333333333334,-0.4044444444444444,0.3788888888888889,0.18333333333333332,-0.9433333333333334,-0.07777777777777778,0.5033333333333333,-0.4555555555555555,0.11000000000000003,-0.43,-0.1977777777777778,-0.6888888888888888,0.27222222222222225,-0.38222222222222224,0.7811111111111111,0
SDYPK,0.62047092,0.810158068,-1.2826595,-0.05665504000000001,-0.824375546,0.6540000000000001,0.11599999999999999,-0.052000000000000005,-0.03199999999999999,-0.266,-0.37,-0.062000000000000034,-0.148,0.188,-0.362,0.30199999999999994,-0.31799999999999995,0.05999999999999996,-0.6516,-0.7229999999999999,-0.03779999999999998,0.026600000000000002,0.5238,-0.2984,0.898,0.13399999999999998,-0.4,0.32399999999999995,0.258,-0.6060000000000001,-0.45400000000000007,-0.40599999999999997,1.1102230246251566e-17,0.26399999999999996,-0.13200000000000003,0.21600000000000003,-0.42400000000000004,0.1554,0.01419999999999999,0.1518,-0.0958,0.045200000000000004,-0.17199999999999996,0.404,-4.38818,0.9044799999999998,1.8151800000000002,-3.37,0.9339999999999999,0.5780000000000001,-0.14800000000000005,-0.608,-0.95,0.406,0.492,0.19860000000000003,-0.038400000000000004,-0.0047999999999999874,0.04079999999999999,-0.699,0.008399999999999996,-0.07359999999999997,-0.17839999999999998,0.06500000000000003,-0.3330000000000001,-0.1264,0.005200000000000005,1.6483399999999997,-0.6533199999999999,-0.11046,0.30340000000000006,0.09327999999999995,0.39455999999999997,2.4127800000000006,-0.30657999999999996,0.1085,2.9844800000000005,0.5286200000000001,-3.5420000000000003,-0.31400000000000006,-0.01600000000000006,-0.438,0.356,-0.43200000000000005,0.388,-0.02200000000000002,0.23200000000000004,-0.16799999999999993,0.23200000000000004,-0.025999999999999978,0.768,-0.662,-0.12999999999999998,0.014000000000000004,-0.2759999999999999,0.358,-0.438,0.892,0.692,0.5720000000000001,-0.3239999999999999,0.45199999999999996,0
GSFFKN,0.025476196666666617,0.3561910133333334,0.3641256499999999,0.07933125,0.4702146333333334,0.18333333333333326,0.32,0.11333333333333329,0.3016666666666667,-0.08500000000000003,0.54,0.22666666666666666,-0.028333333333333332,0.07833333333333332,-0.5766666666666668,-0.12499999999999999,-0.22166666666666665,0.15333333333333335,-0.10033333333333327,-0.4744999999999999,-0.03433333333333329,0.28250000000000003,-0.29400000000000004,-0.11533333333333329,0.44166666666666665,-0.05500000000000002,-0.19000000000000003,-0.014999999999999939,0.34166666666666673,-0.5683333333333334,0.305,0.7600000000000001,0.23500000000000001,-0.2966666666666667,0.006666666666666654,0.385,-0.415,0.042833333333333334,0.0755,0.029666666666666664,-0.043500000000000004,0.040666666666666657,-0.2866666666666666,-0.0883333333333333,-0.7861833333333328,-0.5096166666666665,0.18025000000000002,-1.1033333333333333,-0.6166666666666664,1.0216666666666665,0.06333333333333326,-0.05000000000000001,0.25833333333333336,-0.01666666666666668,0.2616666666666667,0.22350000000000003,0.010333333333333328,0.09383333333333334,0.06599999999999999,-0.7695000000000002,-0.015499999999999995,0.11750000000000001,-0.03250000000000001,-0.2538333333333333,-0.42249999999999993,0.0005000000000000097,0.6241666666666666,1.4299999999999997,0.50055,-0.762,0.45026666666666665,1.2052333333333334,0.25296666666666673,0.7791666666666668,0.26445,-0.7922833333333333,2.858933333333333,0.5367666666666667,-4.046666666666668,-0.12333333333333331,-0.20499999999999996,-0.295,0.7783333333333333,0.001666666666666668,-0.07833333333333341,-0.2416666666666667,0.5066666666666667,0.1233333333333333,0.19500000000000003,0.17833333333333323,-0.3833333333333333,-0.7516666666666666,0.07166666666666666,0.13833333333333334,-0.39333333333333326,0.6383333333333334,-0.7516666666666668,0.2233333333333333,0.21000000000000005,0.3633333333333333,-0.13166666666666663,0.1616666666666667,0
GLGFVA,-0.7868141216666668,0.024331648333333344,0.29491255,0.961924883333333,0.37001312000000003,-0.39666666666666667,-0.27666666666666667,0.36166666666666664,0.11499999999999999,-0.33,0.5599999999999999,0.53,0.3266666666666667,0.27,0.018333333333333323,-0.9116666666666666,-0.4466666666666666,0.055,0.15199999999999997,-0.2751666666666666,-0.3755,1.1248333333333334,-0.308,-0.33499999999999996,-0.10500000000000002,-0.8866666666666667,0.001666666666666668,-0.5866666666666666,-0.09333333333333337,-0.7783333333333333,0.5,0.84,-0.23500000000000001,0.26333333333333336,-0.38833333333333336,0.3333333333333333,-0.5333333333333333,-0.07100000000000001,0.23150000000000004,-0.1505,-0.07916666666666668,0.08466666666666667,-1.4816666666666667,-0.8583333333333333,3.0514666666666668,-5.4333,1.0532000000000001,1.01,-4.288333333333334,0.5199999999999999,-0.018333333333333424,-0.5233333333333333,1.1866666666666668,0.020000000000000056,0.15166666666666667,0.22150000000000003,0.23883333333333334,0.003166666666666672,-0.083,-1.203,-0.3458333333333334,-0.03366666666666665,0.23450000000000001,-0.6733333333333333,-1.2405,0.001499999999999992,1.0171666666666666,-3.481566666666667,0.6839666666666667,-0.26943333333333336,0.6696666666666666,1.3732499999999999,0.1718166666666667,-5.778516666666666,1.32335,-1.0313333333333332,-4.18515,1.33015,-6.6816666666666675,-0.9416666666666665,-0.07499999999999997,0.6366666666666667,1.4699999999999998,0.5650000000000001,-0.735,-0.9100000000000001,0.12833333333333327,-0.05833333333333335,-0.96,0.4816666666666665,-0.6683333333333333,-1.165,0.11000000000000003,0.7233333333333333,-0.6916666666666668,0.06000000000000002,-1.08,-1.125,-2.0733333333333333,-0.10833333333333334,-0.4683333333333333,0.12333333333333334,0
HQDCYEALHKCMA,0.042423117692307666,-0.46752624230769224,-0.567355423076923,-0.25768007692307693,-0.26381806384615375,0.09153846153846157,-0.013076923076923071,-0.14384615384615387,0.2561538461538462,0.3876923076923078,-0.23999999999999996,-0.0992307692307692,0.14076923076923076,0.23,0.18230769230769228,0.01769230769230776,-0.2946153846153846,-0.011538461538461527,-0.04853846153846156,0.4706923076923077,-0.2211538461538462,-0.2901538461538462,-0.13892307692307693,-0.11369230769230768,-0.49538461538461537,-0.10692307692307693,-0.37000000000000005,0.023846153846153833,0.13846153846153847,0.2761538461538461,0.02769230769230768,-0.012307692307692287,0.3053846153846153,0.39076923076923065,-0.11000000000000001,0.3330769230769231,-0.36000000000000004,0.0051538461538461495,-0.059846153846153854,-0.08661538461538461,0.12730769230769232,0.006461538461538462,-0.24692307692307688,0.1823076923076923,-0.4103923076923074,-0.00204615384615386,-1.6127,0.21076923076923076,0.06076923076923064,-0.45384615384615373,-0.11615384615384605,0.34307692307692317,0.21538461538461537,-0.6669230769230771,-0.20538461538461544,0.2231538461538462,-0.042923076923076925,-0.012692307692307689,0.009384615384615384,-0.7706923076923076,-0.0726923076923077,-0.006846153846153844,-0.05630769230769228,0.04676923076923076,-0.1166923076923077,0.29284615384615387,0.09492307692307694,-1.0948999999999995,0.7740230769230769,-0.3610076923076924,0.012515384615384552,-0.5718000000000001,-0.12286923076923074,-1.2517307692307693,-0.270223076923077,0.39355384615384625,-1.403469230769231,-0.553776923076923,-4.199230769230769,-0.013846153846153824,-0.12692307692307694,0.03999999999999999,0.5030769230769231,-0.1292307692307692,-0.2330769230769231,-0.026923076923076945,-0.04923076923076926,-0.08230769230769232,0.3346153846153846,-0.0007692307692307699,-0.12000000000000001,-0.7576923076923076,0.07923076923076924,0.4623076923076923,-0.09384615384615383,0.44307692307692303,0.09461538461538463,0.6584615384615387,-0.04461538461538457,0.5015384615384615,0.2915384615384615,-0.20461538461538456,0
VGRVASKVVPSLISM,-0.4246160506666667,0.12265697666666668,-0.84030866,0.7221363533333333,-0.4535657159999999,-0.12466666666666665,-0.6753333333333332,-0.19266666666666665,-0.09066666666666666,-0.10533333333333333,0.19400000000000003,0.24666666666666665,-0.06533333333333333,0.17,0.09999999999999996,-0.4453333333333333,-0.3733333333333333,0.22466666666666663,-0.41493333333333343,0.010866666666666698,-0.25066666666666665,0.6712,0.1406666666666667,0.33333333333333337,-0.12399999999999999,-0.5286666666666666,0.5706666666666667,-0.03666666666666669,0.14466666666666667,-0.5020000000000001,-0.4046666666666666,-0.256,-0.39133333333333326,0.1706666666666667,-0.73,0.5693333333333332,-0.42800000000000005,-0.03633333333333334,0.0992,-0.08866666666666667,-0.13033333333333333,-0.08853333333333334,-0.8393333333333334,-0.48000000000000004,1.0285200000000003,-2.715560000000001,1.0973599999999997,0.4333333333333333,-1.7659999999999998,-0.5986666666666667,1.1426666666666665,-0.14533333333333331,-0.0006666666666666488,0.348,0.08333333333333334,0.2358666666666667,0.13673333333333332,-0.07986666666666668,-0.03913333333333333,-1.0582,-0.37573333333333336,-0.28653333333333336,0.12993333333333335,-0.2998,-0.4829333333333333,0.1699333333333333,0.14540000000000003,-0.09188000000000018,-1.349673333333333,-0.5187866666666667,-0.49504666666666675,0.6986600000000001,-0.16973333333333332,-1.3542266666666665,0.1236933333333333,-0.8904533333333333,0.26226,1.1433866666666666,-5.713333333333333,-0.32533333333333336,-0.1793333333333333,0.6553333333333333,0.7086666666666666,0.14666666666666667,-0.5013333333333334,-0.35600000000000004,-0.5326666666666667,0.22266666666666668,-0.5973333333333334,0.08600000000000001,0.09866666666666664,-0.9953333333333332,0.16266666666666668,0.6579999999999999,-0.20599999999999996,-0.04933333333333333,-0.32000000000000006,-0.518,-1.316,-0.5753333333333333,-0.2646666666666666,0.3406666666666666,0
PFPEVFGK,-0.02083075750000002,0.29254561,0.415156675,0.2713709875,-0.043448951250000034,0.10749999999999993,-0.02625000000000001,-0.028750000000000005,-0.195,-0.52375,-0.26125,0.26,0.11000000000000001,0.15375,-0.36,-0.4575,-0.21375000000000002,-0.1175,-0.324125,-0.4004999999999999,-0.019874999999999976,0.31162500000000004,0.8286249999999998,-0.31249999999999994,0.32875,-0.045000000000000026,-0.3812499999999999,-0.25625,0.37875000000000003,-0.5825,0.4225,0.040000000000000036,0.24375000000000008,0.01874999999999999,-0.115,0.42000000000000004,-0.33125,0.011999999999999997,0.075625,0.048499999999999995,-0.0975,0.158375,-0.20874999999999996,-0.37124999999999997,0.7541000000000007,-0.9814499999999999,2.7434875,-0.6087500000000001,-0.91,0.96,0.06624999999999998,-1.3800000000000001,-0.3037499999999999,-0.07624999999999998,0.07125000000000001,0.212625,0.1255,0.07475,-0.068625,-0.7807499999999999,-0.22775,0.17925000000000002,-0.015875,-0.567625,-0.325875,0.02175000000000001,0.23737499999999997,-0.69485,0.9288624999999999,-0.38022500000000004,0.3947125,1.01355,0.6954625,-0.8803749999999998,1.610325,-0.0009000000000000119,-0.5487,-0.1258249999999999,-3.9175,-0.86875,-0.41750000000000004,-0.19749999999999998,0.31125,0.21125000000000005,-0.058750000000000024,-0.135,0.16375000000000003,-0.04375000000000001,-0.525,0.15874999999999992,0.6875,-0.74375,-0.07374999999999998,0.10624999999999998,-0.13124999999999998,-0.025000000000000036,-0.89,-0.8624999999999999,-0.14124999999999993,0.25250000000000006,-0.09249999999999997,0.3025,0
VSSGWKWNYKI,0.023816675454545407,0.3798809054545455,0.018639890909090854,-0.1632382545454546,0.15417791818181825,-0.05181818181818185,0.3045454545454546,0.11727272727272725,-0.18090909090909094,0.04818181818181817,0.34,0.059999999999999984,-0.17000000000000004,0.04090909090909092,-0.026363636363636367,0.04090909090909089,-0.09727272727272723,0.1990909090909091,-0.25172727272727274,-0.3304545454545454,0.2779090909090909,0.11118181818181817,-0.4365454545454545,0.12918181818181818,0.3681818181818181,0.20545454545454545,0.24545454545454548,0.0018181818181817995,0.052727272727272734,-0.3781818181818182,-0.3109090909090909,0.17545454545454545,-0.7190909090909091,-0.21181818181818182,-0.15727272727272726,0.5036363636363637,-0.3763636363636364,-0.00027272727272726287,0.01599999999999999,0.08209090909090909,-0.08827272727272728,-0.027090909090909086,0.3245454545454546,0.0809090909090909,0.4181090909090912,0.8718727272727272,0.8885727272727273,-0.02545454545454556,0.45909090909090916,0.6899999999999998,0.28272727272727266,-0.18727272727272729,0.4209090909090909,0.740909090909091,0.10636363636363635,0.2203636363636364,0.024090909090909093,0.07236363636363637,0.01327272727272727,-0.5754545454545454,-0.133,-0.10263636363636364,-0.22299999999999998,-0.024909090909090912,-0.36718181818181816,0.19727272727272735,0.31809090909090904,2.7381272727272727,-0.5083090909090909,0.22267272727272733,-0.06691818181818182,0.6088454545454546,-0.07869999999999999,2.482518181818182,0.18639090909090908,-0.7444363636363637,3.115545454545454,0.34165454545454543,-2.8972727272727274,-0.3818181818181818,-0.08363636363636363,-0.18909090909090914,0.5236363636363637,0.07,0.25545454545454543,0.10363636363636361,0.20636363636363642,0.3736363636363636,-0.13363636363636366,0.12181818181818178,-0.36727272727272725,-0.5872727272727274,-0.06454545454545453,0.2572727272727272,-0.10909090909090907,0.5290909090909092,-0.32181818181818184,-0.29818181818181827,0.28636363636363643,-0.26545454545454555,0.31454545454545463,-0.1109090909090909,0
KSYKCLHKR,0.5598444966666667,-0.04972670888888886,-0.2889466888888891,-0.19855472222222226,0.6066282166666667,0.26222222222222213,0.10444444444444441,-0.3933333333333333,0.01111111111111112,0.67,-0.10444444444444444,0.17444444444444443,-0.00333333333333333,0.09999999999999999,-0.2866666666666667,0.2822222222222222,-0.002222222222222212,0.52,-0.40322222222222226,0.22211111111111106,0.14499999999999996,-0.08988888888888891,-0.1801111111111111,0.7722222222222224,0.006666666666666651,0.4177777777777777,0.17444444444444446,0.551111111111111,0.3400000000000001,-0.4600000000000001,0.3111111111111111,-0.1922222222222222,0.05333333333333328,0.7433333333333333,-0.23777777777777778,0.3811111111111111,0.04777777777777776,0.06466666666666668,-0.13133333333333336,0.025666666666666664,-0.09177777777777779,-0.10233333333333333,0.5577777777777778,0.5666666666666667,-2.3927333333333336,3.503233333333333,0.3125444444444444,-0.9600000000000001,2.2122222222222216,0.6755555555555556,1.221111111111111,0.1822222222222222,0.4077777777777777,0.03333333333333331,0.03888888888888887,0.22555555555555554,-0.043555555555555556,0.06466666666666666,-0.04644444444444445,-0.5481111111111112,0.145,0.14577777777777778,-0.11566666666666665,-0.14022222222222222,0.22488888888888883,0.39066666666666666,0.21866666666666668,2.794722222222222,-0.6120333333333332,-0.8532777777777778,-0.3904444444444445,0.5489888888888889,-0.07214444444444444,2.164555555555556,-0.44090000000000007,-0.7425111111111111,4.069444444444445,0.09798888888888888,-2.848888888888889,0.8777777777777778,-0.6988888888888889,-0.06222222222222224,0.14777777777777779,-0.43666666666666665,0.2711111111111111,0.4122222222222222,0.3522222222222222,0.8233333333333333,0.5677777777777778,0.44333333333333325,0.07222222222222222,-0.5477777777777777,0.4444444444444444,0.19111111111111112,0.17444444444444443,0.6000000000000001,0.014444444444444446,1.03,0.6133333333333333,-0.7633333333333334,0.941111111111111,-0.19555555555555557,0
CKIDKSC,0.08007031,0.13760728857142857,-0.9916769857142859,-0.25572352857142855,-0.3268599728571428,0.14999999999999997,-0.552857142857143,0.21428571428571427,0.15857142857142859,0.5585714285714286,-0.15285714285714286,-0.4000000000000001,0.13571428571428573,0.05285714285714286,-0.3,0.0814285714285714,-0.35714285714285715,0.25285714285714284,-0.1498571428571429,0.061571428571428596,-0.446,-0.3361428571428572,-0.33657142857142863,0.2735714285714285,0.03142857142857144,-0.2285714285714286,0.11571428571428574,0.2514285714285714,-0.001428571428571414,0.19,0.1571428571428571,-0.24428571428571424,0.25000000000000006,0.2985714285714286,-0.562857142857143,0.15999999999999998,-0.22142857142857145,0.053,-0.011142857142857161,-0.009285714285714283,0.06314285714285713,-0.13557142857142856,-0.6728571428571428,0.4357142857142856,-1.6128285714285708,0.049571428571428634,-1.5101428571428575,-0.762857142857143,-0.05999999999999999,-0.2571428571428571,0.1571428571428572,0.7442857142857143,-0.0671428571428572,0.2314285714285714,0.2785714285714285,0.22514285714285714,-0.028857142857142852,-0.101,0.014285714285714282,-0.9421428571428571,-0.24100000000000002,-0.1692857142857143,0.17057142857142857,0.014428571428571449,0.03442857142857141,0.3014285714285715,-0.16671428571428568,-0.10671428571428569,-0.29074285714285725,-1.1197857142857142,-1.1483571428571426,0.0853428571428571,0.06432857142857144,-1.1054857142857144,-0.8138285714285713,-0.2755571428571429,0.7481142857142856,0.10339999999999996,-5.174285714285714,0.3971428571428572,-0.3028571428571428,0.4642857142857143,0.5657142857142857,-0.3614285714285714,-0.32428571428571423,-0.10000000000000002,-0.14857142857142855,0.08285714285714281,0.53,-0.10428571428571436,0.06,-0.8942857142857142,0.31428571428571433,0.6128571428571429,0.08857142857142859,0.5428571428571428,0.11000000000000003,1.2485714285714287,-0.48999999999999994,0.5557142857142857,-0.19285714285714284,-0.42857142857142855,0
YGNGVHCTKSGCS,-0.17601511230769226,0.7240088553846152,-0.17901907692307706,0.14055236923076922,0.34247708000000004,0.2584615384615384,-0.08461538461538463,0.49769230769230777,0.3876923076923076,0.23076923076923078,0.21153846153846154,0.2276923076923076,-0.07230769230769232,0.07153846153846154,0.052307692307692305,-0.08615384615384618,-0.5238461538461539,0.33923076923076917,-0.2547692307692308,-0.6906153846153844,-0.6891538461538461,0.008307692307692323,-0.5020769230769231,0.0042307692307692645,0.5792307692307693,-0.6523076923076923,0.3038461538461539,0.055384615384615365,0.1684615384615385,0.1623076923076923,0.09923076923076929,0.3815384615384615,-0.3061538461538461,0.38384615384615384,-0.30692307692307697,0.3192307692307692,-0.5584615384615385,0.074,0.1736923076923077,0.028846153846153848,0.053615384615384606,-0.12223076923076921,-1.433846153846154,0.23769230769230765,-1.8988000000000003,-3.0520076923076918,-1.0199384615384615,-1.5784615384615384,-2.420769230769231,1.2076923076923074,0.02692307692307688,0.7546153846153847,0.38307692307692326,0.3169230769230771,-0.1369230769230769,0.21038461538461542,0.08915384615384617,-0.04938461538461539,0.1427692307692308,-1.097923076923077,-0.16776923076923078,-0.19453846153846152,0.13838461538461538,-0.04207692307692308,-1.101,0.18730769230769231,0.4563076923076922,-1.335753846153846,0.4288000000000001,-1.1003153846153846,0.4324846153846153,0.4565846153846153,-0.4545,-2.652653846153846,-0.42540000000000006,-0.3131307692307692,-0.948392307692308,1.1444153846153848,-6.106923076923076,-0.5376923076923078,0.09846153846153848,0.1253846153846154,1.2661538461538462,-0.24153846153846154,-0.6946153846153845,-0.7538461538461539,0.38769230769230756,0.00461538461538459,0.08000000000000004,0.21769230769230752,-0.3353846153846154,-1.0546153846153847,-0.04999999999999998,0.6153846153846153,-0.5323076923076923,0.6376923076923078,-0.5061538461538462,1.233846153846154,-1.1984615384615382,0.5738461538461538,-0.22384615384615383,-0.3830769230769231,0
VRGVG,-0.380687358,0.538441658,0.6148571199999999,1.0028517000000001,0.90012965,0.09000000000000004,-0.386,0.26799999999999996,-0.06200000000000001,-0.20400000000000001,0.5799999999999998,0.6199999999999999,0.392,0.06,0.236,-0.592,-0.446,0.33799999999999997,-0.8606,-0.594,-0.5475999999999999,0.8364,-0.548,0.5024000000000001,0.33199999999999996,-0.8140000000000001,0.998,0.15000000000000005,-0.09999999999999998,-0.276,0.284,0.8899999999999999,-0.8019999999999999,0.63,-0.5680000000000001,0.258,-0.33199999999999996,0.011799999999999995,0.20700000000000002,-0.06300000000000001,-0.12279999999999999,-0.15000000000000002,-1.394,-0.242,-0.46393999999999985,-3.9588200000000002,1.11128,-0.8220000000000001,-3.3280000000000003,0.9979999999999999,0.4259999999999999,0.23399999999999999,1.348,0.844,-0.132,0.2082,0.21079999999999996,-0.0754,-0.125,-1.2026000000000001,-0.2182,-0.2062,0.3312,-0.5662,-1.3368,0.3096,1.0552,-2.7998400000000006,-0.50438,-1.3439,0.8751399999999998,1.23162,-0.26898,-5.469239999999999,0.15662000000000004,-1.1942,-2.83862,2.13698,-6.546000000000001,-0.08199999999999993,-0.16799999999999998,0.662,1.48,-0.06999999999999998,-0.6900000000000001,-0.8719999999999999,0.40199999999999997,0.186,-0.7379999999999999,0.968,-0.382,-1.1300000000000001,0.358,0.7040000000000001,-0.798,0.20600000000000004,-0.834,0.488,-2.1799999999999997,-1.172,-0.2699999999999999,-0.194,0
GKQLEDGRTLSDYN,0.42122868142857145,0.21928263857142857,-0.37881649285714286,0.31774051428571426,-0.08669760785714287,0.5785714285714286,0.007142857142857151,-0.06357142857142858,0.025000000000000022,-0.03428571428571429,0.3207142857142857,-0.09,0.027857142857142858,0.01642857142857144,-0.07,0.25,-0.3885714285714286,-0.008571428571428568,-0.47557142857142864,-0.24607142857142855,-0.21728571428571428,0.409,-0.19535714285714287,-0.20842857142857138,0.25357142857142856,-0.1578571428571429,-0.17500000000000002,0.44571428571428573,-0.2314285714285714,-0.3371428571428571,0.17285714285714285,0.23571428571428574,-0.14357142857142852,0.14428571428571435,-0.1671428571428571,0.1542857142857143,-0.3707142857142857,0.11950000000000001,0.01771428571428572,-0.026857142857142868,-0.04507142857142858,0.008571428571428565,-0.46499999999999997,0.4185714285714286,-4.147385714285714,-0.4232142857142857,0.06330714285714288,-2.731428571428572,-0.10428571428571438,-0.17357142857142857,-0.46785714285714286,-0.04571428571428572,0.395,0.30428571428571427,0.12999999999999998,0.21435714285714286,-0.062214285714285715,-0.07378571428571427,-0.018785714285714288,-0.8565714285714287,-0.05821428571428573,-0.2515714285714286,-0.06357142857142857,0.1290714285714286,-0.3272142857142858,0.020857142857142835,0.45549999999999996,-0.7897499999999998,-1.0956142857142857,-0.13869285714285715,0.6078142857142856,-0.15508571428571422,0.2056142857142857,-0.864985714285714,-1.1182500000000002,-0.22820000000000004,-0.3287928571428572,0.47615,-4.5442857142857145,0.5949999999999999,0.18,0.06428571428571427,0.8742857142857143,-0.4392857142857142,0.09428571428571428,-0.28285714285714286,0.39142857142857135,-0.3757142857142857,0.09071428571428572,0.44428571428571434,-0.21785714285714292,-0.8021428571428572,0.23714285714285713,0.275,-0.687857142857143,0.5107142857142856,-0.2321428571428572,1.272857142857143,-0.2785714285714285,-0.31714285714285717,-0.9185714285714287,0.2414285714285714,0
PEEEAA,0.51295042,-0.8136018583333332,0.22258736666666668,0.6500528666666666,-0.6990435083333332,0.9133333333333334,-0.305,-0.09500000000000001,-0.32499999999999996,-0.26666666666666666,-0.3133333333333334,-0.14333333333333326,0.10499999999999998,0.7683333333333334,0.21,0.014999999999999977,-0.59,-0.4033333333333333,-0.6733333333333333,0.628,-0.6108333333333332,0.5475,0.8741666666666666,-1.0361666666666665,-0.9016666666666667,-0.5166666666666666,-1.32,0.36999999999999994,-0.8183333333333334,-0.135,0.003333333333333318,-0.22000000000000006,0.01833333333333334,-0.26666666666666666,-0.19499999999999998,-0.006666666666666672,-0.32666666666666666,0.142,-0.04766666666666667,-0.248,0.029666666666666664,0.2758333333333333,-1.095,0.18999999999999997,-4.9752,-2.52175,1.0811499999999998,-3.22,-0.9316666666666666,-1.9299999999999997,-0.3966666666666665,-1.736666666666667,0.4383333333333334,-0.7483333333333332,-0.3816666666666668,0.23716666666666666,0.04466666666666667,-0.07283333333333333,-0.03916666666666666,-1.0066666666666666,-0.5265,-0.4101666666666666,-0.11500000000000003,0.028333333333333332,-0.6343333333333333,0.18533333333333332,0.4415,-3.1782,-0.48845,-0.3186166666666667,1.1255666666666666,-0.6219666666666667,0.7885666666666666,-2.8203833333333335,-0.5654833333333334,0.60085,-3.3830833333333334,-0.16173333333333342,-5.403333333333333,-0.22333333333333327,0.37666666666666665,-0.003333333333333336,0.9199999999999999,-0.5033333333333333,-0.19833333333333336,-0.4833333333333334,-0.11833333333333336,-1.0750000000000002,-0.6116666666666667,0.5433333333333333,0.44333333333333336,-0.945,-0.08499999999999998,0.38999999999999996,-0.8183333333333334,0.18499999999999997,-0.39833333333333326,1.3583333333333334,-0.5983333333333333,0.45166666666666666,-1.4500000000000002,0.6416666666666666,0
RRISKDI,0.4643005985714286,-0.008925284285714279,-0.08789164285714289,0.2572859142857143,0.45512601857142865,0.3757142857142857,-0.33714285714285713,-0.47142857142857153,-0.07142857142857144,0.1985714285714286,0.23000000000000004,-0.0485714285714286,0.08857142857142859,-0.03285714285714286,-0.26857142857142857,0.24714285714285714,-0.0642857142857143,0.31285714285714283,-0.3700000000000001,0.15842857142857142,0.18171428571428574,0.2217142857142857,-0.127,0.8052857142857144,0.004285714285714289,0.24857142857142853,0.6671428571428571,0.732857142857143,-0.5814285714285715,-0.13142857142857142,-0.2971428571428571,-0.07428571428571429,0.15571428571428575,-0.09000000000000001,-0.49428571428571433,0.27,0.020000000000000018,0.05442857142857143,-0.10542857142857144,-0.004999999999999998,-0.15342857142857144,-0.14414285714285713,0.4971428571428572,0.4028571428571429,-2.8557571428571435,2.584357142857143,0.7484,-1.2271428571428573,1.8757142857142852,-0.7957142857142857,0.8357142857142856,0.4142857142857143,0.005714285714285687,0.62,0.17999999999999997,0.22900000000000004,-0.06828571428571428,-0.03271428571428571,-0.13314285714285715,-0.6345714285714286,-0.09685714285714286,-0.30357142857142855,-0.10685714285714286,-0.003999999999999988,0.33728571428571424,0.38285714285714284,0.13400000000000004,2.403685714285714,-2.5996285714285716,-0.2320142857142855,-0.6171714285714286,0.43742857142857144,0.02692857142857146,2.0950428571428574,-1.2973285714285716,-0.9952857142857144,4.024942857142857,1.0505,-3.2457142857142856,1.3800000000000001,-0.31999999999999995,0.2657142857142857,0.26857142857142857,-0.4842857142857143,0.44714285714285706,0.32857142857142857,-0.09714285714285713,0.3342857142857142,0.2814285714285714,0.47142857142857136,0.31428571428571433,-0.6,0.5,0.2485714285714286,-0.14428571428571432,0.5285714285714286,0.1642857142857143,1.1314285714285715,0.32714285714285724,-1.4042857142857146,-0.008571428571428532,0.27285714285714285,0
RFHSVGSLIQRL,-0.17648315499999997,0.029554923333333344,-0.7828370666666666,0.42163980000000006,-0.10204996,-0.05583333333333331,-0.13083333333333336,-0.3566666666666667,0.08833333333333333,0.13083333333333333,0.2675,0.23750000000000002,0.030833333333333334,0.04833333333333336,0.007499999999999989,-0.1333333333333333,-0.14416666666666664,0.18499999999999997,-0.08033333333333335,0.10958333333333332,0.06083333333333333,0.45141666666666663,-0.04408333333333334,0.49300000000000005,-0.09333333333333332,-0.05916666666666668,0.4675,0.08333333333333333,-0.16083333333333333,-0.34500000000000003,-0.07833333333333337,-0.06749999999999998,0.06416666666666664,0.12083333333333335,-0.32000000000000006,0.5883333333333333,-0.27666666666666667,-0.03,0.014583333333333335,-0.04683333333333334,-0.10500000000000002,-0.07775,0.030833333333333417,-0.10250000000000002,0.5092333333333334,-0.14270833333333327,0.3048583333333334,0.47499999999999987,-0.16750000000000007,-0.14000000000000004,0.7374999999999999,0.2416666666666666,0.2691666666666667,0.11666666666666665,-0.13249999999999998,0.23083333333333333,0.018000000000000006,0.010083333333333338,-0.042833333333333334,-0.7603333333333334,-0.10216666666666667,-0.13966666666666663,-0.08258333333333333,-0.19166666666666668,-0.12499999999999996,0.2846666666666666,0.3451666666666666,1.6302333333333336,-1.3765583333333333,-0.2674416666666667,0.1094166666666666,0.47824166666666673,-0.3454666666666666,1.1216250000000003,-0.3127,-0.9217749999999999,2.364691666666667,0.832875,-3.9525000000000006,0.34,-0.18916666666666662,0.12999999999999998,0.5233333333333333,0.03333333333333335,-0.06583333333333334,0.0058333333333333475,-0.09333333333333334,0.3116666666666667,-0.12250000000000005,0.20750000000000002,-0.06833333333333336,-0.7241666666666666,0.19333333333333336,0.3383333333333333,-0.2625,0.38833333333333325,-0.1641666666666667,-0.09750000000000003,-0.315,-0.8908333333333333,0.02916666666666669,0.2225,0
KFVGK,0.18726753199999996,-0.06783886600000004,0.7487009199999999,0.26722623999999995,0.9017598620000001,0.07599999999999996,-0.026000000000000002,-0.16200000000000006,-0.186,-0.012000000000000033,0.368,0.32399999999999995,0.25,0.21000000000000002,-0.42800000000000005,-0.30599999999999994,-0.15000000000000002,0.354,-0.6128,-0.047399999999999956,0.055799999999999995,0.5790000000000001,-0.33399999999999996,0.43820000000000003,-0.034000000000000016,-0.010000000000000031,0.19800000000000004,0.282,0.78,-0.9940000000000001,0.6439999999999999,0.6719999999999999,-0.27399999999999997,0.374,-0.314,0.304,-0.09400000000000001,0.02019999999999999,-0.0006000000000000005,-0.045399999999999996,-0.166,-0.007799999999999999,-0.12599999999999995,-0.054000000000000006,-0.48797999999999975,0.44310000000000027,1.92882,-0.7760000000000001,-0.14800000000000005,0.836,0.982,-0.64,1.052,0.324,0.45999999999999996,0.22100000000000003,0.0908,0.06159999999999999,-0.1794,-0.8008,-0.0794,0.233,0.1052,-0.6000000000000001,-0.18000000000000008,0.1678,0.719,0.19717999999999983,0.39416000000000007,-1.17334,0.023219999999999973,1.8124600000000002,0.7639999999999999,-1.76386,0.96004,-1.18686,0.8520199999999999,0.0005000000000000337,-4.234,0.31799999999999995,-0.77,0.27999999999999997,0.5740000000000001,-0.051999999999999956,-0.08800000000000004,-0.088,0.362,0.6439999999999999,-0.19199999999999998,0.7399999999999999,-0.262,-0.782,0.51,0.306,-0.06799999999999995,0.294,-0.744,-0.03599999999999994,-0.5959999999999999,-1.02,0.37,-0.07999999999999999,0
YFPHFDLS,-0.17801235625,0.2534241825,-0.7928214124999999,-0.1259328125,-0.7418955012499999,-0.22499999999999998,0.41625,-0.22,0.41375,-0.35875,-0.22749999999999998,0.026249999999999996,-0.075,0.12375,-0.32125000000000004,-0.1275,-0.10125,-0.21625,0.194125,-0.25149999999999995,0.359625,0.030624999999999958,0.418625,-0.331375,0.37000000000000005,0.29125,-0.37625,-0.47,0.15625000000000006,-0.50875,-0.37124999999999997,-0.004999999999999977,0.6849999999999999,0.3,0.18375000000000002,0.51125,-0.5425,-0.046000000000000006,0.025624999999999995,0.09037499999999998,-0.019,0.10675,0.5012500000000002,-0.30000000000000004,2.2578625,0.5407625,0.48885,0.9487499999999999,0.27999999999999997,0.4325000000000001,-0.5800000000000001,-0.41625,-0.86625,-0.22499999999999998,0.048750000000000016,0.214875,-0.011000000000000006,0.139375,0.06437499999999999,-0.51,-0.021625000000000005,0.2015,-0.295375,-0.15237499999999998,-0.029750000000000013,-0.11150000000000002,-0.01262499999999999,1.9501375000000003,0.8127249999999999,0.7325499999999999,0.4423125,0.196975,0.22523750000000006,3.1175625,0.9306625000000001,0.1886875,2.4026125,-0.1486125,-2.44125,-0.8524999999999999,-0.016250000000000014,-0.6874999999999999,0.11499999999999999,0.3725,0.28500000000000003,0.22999999999999998,-0.07125,-0.15625000000000003,0.12,-0.42625,0.41750000000000004,-0.515,-0.355,-0.07999999999999999,-0.13375000000000004,0.235,-0.45999999999999996,-1.0099999999999998,0.8875,0.78,0.14375000000000004,0.20500000000000002,0
TIGKLPKWI,-0.07301757666666668,0.09616328000000003,0.7124289333333333,0.19377599999999998,0.6464358355555555,-0.19000000000000006,-0.24000000000000002,-0.060000000000000026,-0.39,-0.13111111111111112,0.09888888888888893,0.16555555555555554,-0.11444444444444445,-0.12555555555555556,-0.08888888888888886,-0.31222222222222223,-0.10111111111111111,0.19111111111111112,0.186,-0.15977777777777774,0.2366666666666667,0.4577777777777777,0.205,0.10777777777777778,0.09999999999999999,0.04777777777777776,0.22111111111111115,-0.12111111111111114,0.13,-0.5566666666666668,0.3311111111111111,-0.1544444444444444,-0.3299999999999999,-0.18444444444444447,-0.43333333333333335,0.5355555555555555,-0.2411111111111111,-0.036000000000000004,0.03233333333333333,0.025333333333333333,-0.17333333333333334,0.05011111111111109,0.1311111111111112,-0.23444444444444448,1.8280555555555555,-0.06138888888888857,2.8265333333333333,0.5277777777777776,-0.33777777777777784,0.48999999999999994,0.7855555555555556,-0.9322222222222223,0.24222222222222228,0.5777777777777778,0.13555555555555554,0.22266666666666668,0.1268888888888889,0.032,-0.1421111111111111,-0.7227777777777777,-0.3581111111111111,-0.10755555555555557,-0.12244444444444443,-0.3384444444444445,0.004999999999999967,0.17700000000000002,0.061666666666666634,-0.3706333333333334,-0.5362777777777779,0.8744999999999998,-0.7730444444444444,1.1194777777777778,0.3699444444444444,-1.0093888888888882,1.2337444444444445,-0.5697333333333333,-1.1548666666666665,-0.21524444444444443,-3.7799999999999994,-0.4044444444444444,-0.42000000000000004,0.42333333333333334,0.2833333333333334,0.30444444444444446,0.11555555555555551,0.05222222222222221,-0.0866666666666667,0.4722222222222221,-0.6566666666666667,0.3377777777777777,0.12666666666666662,-0.7188888888888889,0.13555555555555557,0.4144444444444444,0.13666666666666666,0.06999999999999999,-0.41555555555555546,-1.188888888888889,-0.5566666666666666,-0.9133333333333336,0.27111111111111114,0.17888888888888888,0
PAVGVVGQASSIM,-0.5538139746153847,0.191778453076923,-0.7876561153846156,0.7387397384615384,-0.49705432615384615,-0.023076923076923064,-0.6300000000000001,0.0961538461538462,-0.056923076923076917,-0.24000000000000002,0.22076923076923077,0.3176923076923076,0.02769230769230769,0.3007692307692308,0.28076923076923077,-0.5884615384615385,-0.5515384615384615,0.12384615384615381,-0.2968461538461539,-0.20230769230769227,-0.5325384615384615,0.6701538461538463,0.06899999999999998,-0.08115384615384616,-0.10307692307692307,-0.893846153846154,0.3330769230769231,-0.1823076923076923,0.22,-0.25999999999999995,-0.3215384615384615,0.0038461538461538594,-0.4707692307692307,-0.2053846153846154,-0.6476923076923076,0.5376923076923077,-0.6115384615384616,-0.018615384615384614,0.17753846153846156,-0.11192307692307692,-0.0630769230769231,-0.03638461538461539,-1.5392307692307687,-0.5676923076923077,0.6775538461538464,-4.868353846153846,0.9238923076923077,-0.13076923076923078,-3.237692307692307,-0.38461538461538464,0.7553846153846154,-0.13615384615384624,0.19769230769230786,0.15615384615384612,0.13846153846153844,0.22407692307692306,0.16899999999999998,-0.1106923076923077,-0.023538461538461543,-1.235846153846154,-0.4315384615384615,-0.33707692307692305,0.2015384615384615,-0.30700000000000005,-0.9956923076923078,0.11323076923076922,0.39115384615384624,-2.1410384615384617,-0.5852538461538461,-0.6853538461538461,0.06553846153846149,0.671746153846154,-0.16266923076923073,-3.736792307692307,0.3389615384615384,-0.6292153846153846,-2.2875923076923077,1.1761307692307692,-6.797692307692307,-0.84,0.036923076923076954,0.6792307692307692,1.1276923076923073,0.18307692307692308,-0.806153846153846,-0.7846153846153846,-0.4169230769230769,-0.03000000000000001,-0.7900000000000001,0.10230769230769224,-0.09000000000000001,-1.166923076923077,0.0023076923076923096,0.8015384615384615,-0.45230769230769236,0.023846153846153854,-0.5676923076923077,-0.3892307692307692,-1.8461538461538463,-0.09538461538461541,-0.5223076923076924,0.38923076923076927,0
CTRGFC,-0.4282655966666667,0.3772295316666667,0.8687618666666667,-0.00726371666666666,1.0293789483333333,-0.2883333333333334,-0.26333333333333336,0.6433333333333333,0.285,0.6433333333333334,-0.006666666666666672,0.011666666666666659,-0.00833333333333336,0.021666666666666667,-0.28500000000000003,-0.27166666666666667,-0.245,0.27499999999999997,0.29583333333333334,-0.326,-0.5419999999999999,-0.49066666666666664,-0.43933333333333335,0.5246666666666667,0.32833333333333337,-0.365,0.48166666666666674,-0.19833333333333328,-0.4833333333333332,0.7616666666666667,1.0316666666666665,0.09000000000000001,0.32999999999999996,0.5566666666666668,-0.2783333333333333,0.36833333333333335,-0.25333333333333335,-0.02266666666666667,0.11216666666666668,0.04666666666666667,0.12599999999999997,-0.17866666666666667,-0.73,0.07166666666666671,0.9709333333333331,-1.3132666666666666,-2.3423166666666666,0.9183333333333333,-1.6816666666666669,1.4299999999999997,-0.3166666666666667,1.4116666666666668,0.20666666666666664,-0.12499999999999999,0.40833333333333327,0.20966666666666667,0.07783333333333334,-0.022000000000000002,0.1663333333333333,-0.9225,-0.16550000000000004,0.040000000000000015,0.3186666666666667,-0.29533333333333334,-0.7770000000000001,0.36599999999999994,0.20383333333333334,-1.367233333333333,1.568266666666667,-1.7746666666666666,-0.24238333333333337,0.44168333333333337,-0.33121666666666666,-2.9511,-0.20433333333333326,-0.12298333333333333,-0.716016666666667,1.1579166666666667,-5.093333333333334,-0.09999999999999996,-0.24333333333333332,0.1666666666666667,0.9433333333333334,-0.02166666666666664,-0.5533333333333333,-0.31666666666666665,0.3183333333333333,0.20166666666666666,0.49333333333333335,-0.33833333333333343,-0.11666666666666665,-0.8999999999999999,0.21333333333333337,0.5216666666666666,-0.3333333333333333,0.39166666666666666,-0.2933333333333334,0.6299999999999999,-0.8566666666666668,0.7166666666666667,0.10166666666666668,-1.1449999999999998,0
LFKKI,0.07970313199999998,-0.64922401,0.7168464999999999,0.14163051999999998,0.722337796,-0.44200000000000006,-0.21199999999999997,-0.71,-0.174,0.10399999999999998,0.22199999999999998,0.076,0.142,0.025999999999999995,-0.56,-0.29799999999999993,0.13199999999999998,0.20000000000000004,0.2394,0.6202,0.6836000000000001,0.6556,0.002799999999999997,0.5170000000000001,-0.532,0.4919999999999999,0.146,0.019999999999999928,0.442,-1.214,0.6199999999999999,0.138,0.37200000000000005,-0.018000000000000016,-0.382,0.512,0.09,-0.09260000000000002,-0.12240000000000002,-0.0738,-0.2242,0.05059999999999999,1.018,-0.34600000000000003,3.0048399999999997,2.73708,2.1939599999999997,1.8239999999999998,1.564,-0.382,1.3199999999999998,-0.998,0.5399999999999998,0.286,0.2720000000000001,0.2488,0.0234,0.1058,-0.24819999999999998,-0.5276,-0.175,0.2726,-0.1012,-0.5476000000000001,0.9416,0.06500000000000002,0.09820000000000002,1.73842,-0.6612600000000001,0.44762,-1.2203399999999998,1.4155600000000002,0.97226,0.8855999999999998,1.187,-1.22108,2.0101199999999997,-0.9614999999999998,-2.664,0.7479999999999999,-0.93,0.47999999999999987,-0.21000000000000002,0.362,0.388,0.6039999999999999,-0.23200000000000004,0.8099999999999999,-0.272,0.37,-0.138,-0.534,0.6180000000000001,0.20600000000000002,0.462,0.06199999999999998,-0.2,-1.562,0.13799999999999998,-1.424,0.392,0.22000000000000003,0
HVGKTIHRLV,-0.130589296,-0.156190615,0.17709471999999987,0.33112822,0.5146824249999999,-0.049999999999999975,-0.176,-0.425,0.20500000000000002,0.04999999999999999,0.123,0.30999999999999994,-0.05499999999999999,-0.042,0.23199999999999998,-0.15799999999999997,-0.20099999999999998,0.2889999999999999,-0.33330000000000004,0.19570000000000004,0.0056999999999999915,0.34509999999999996,-0.1335,0.6016000000000001,-0.24699999999999997,-0.11099999999999999,0.719,0.193,0.29700000000000004,-0.268,-0.20800000000000002,0.15499999999999997,-0.0019999999999999797,0.589,-0.359,0.5389999999999999,-0.317,-0.0422,0.0016,-0.0621,-0.0998,-0.11000000000000001,-0.05099999999999999,-0.012999999999999989,0.8390400000000001,-0.20543999999999993,0.70823,0.7279999999999999,-0.34700000000000003,-0.09900000000000002,1.064,0.15899999999999997,0.37100000000000005,0.305,-0.504,0.2286,0.0867,0.017000000000000008,-0.1092,-0.7795,-0.24230000000000002,-0.1614,-0.1275,-0.1843,-0.046900000000000046,0.3808,0.16949999999999998,-0.65561,-0.51005,0.44657,-0.026480000000000038,0.7264600000000001,-0.28709999999999997,-1.2319499999999999,0.4781099999999999,-0.4088099999999999,-1.30525,0.06537000000000004,-4.133,-0.009999999999999986,-0.192,0.251,0.42800000000000005,0.011000000000000032,-0.23000000000000004,-0.018000000000000013,-0.275,0.4579999999999999,-0.227,0.5449999999999999,0.04999999999999999,-0.761,0.09900000000000002,0.43900000000000006,-0.16299999999999998,0.194,-0.14700000000000002,0.020000000000000018,-0.726,-1.2510000000000001,0.5740000000000001,0.059999999999999984,0
IVGMGKQVVCGLSG,-0.5196658564285715,0.27422740785714284,-0.11133279285714293,0.5307537142857143,0.17692259357142862,-0.1307142857142857,-0.49214285714285716,0.195,-0.015714285714285705,-0.06999999999999999,0.41000000000000003,0.2821428571428571,0.2864285714285714,0.045000000000000005,0.20928571428571427,-0.5671428571428571,-0.4835714285714286,0.17285714285714285,-0.21221428571428572,-0.2931428571428571,-0.5003571428571428,0.5785,-0.412357142857143,0.03907142857142858,0.0407142857142857,-0.7757142857142857,0.48428571428571426,-0.16214285714285717,0.32357142857142857,-0.17285714285714285,0.2914285714285715,0.48928571428571416,-0.6092857142857142,0.16785714285714287,-0.59,0.41071428571428564,-0.45999999999999996,-0.025000000000000005,0.1780714285714286,-0.08457142857142856,-0.03264285714285715,-0.07185714285714283,-1.3664285714285713,-0.3614285714285714,1.1536714285714287,-4.118435714285715,0.26633571428571423,0.06285714285714272,-3.19,0.3807142857142856,0.2842857142857143,0.06857142857142857,0.9007142857142859,0.38357142857142856,-0.04142857142857143,0.22021428571428578,0.14378571428571427,-0.09564285714285714,-0.06464285714285714,-1.2045714285714284,-0.2772142857142857,-0.14592857142857144,0.2958571428571428,-0.3906428571428571,-0.8129285714285714,0.14185714285714285,0.5619999999999999,-2.4968642857142855,-0.14187857142857146,-1.1155428571428572,-0.026185714285714385,0.6852357142857143,-0.020221428571428546,-4.725971428571428,0.20695,-0.8291642857142857,-2.863728571428571,0.794157142857143,-6.652857142857143,-0.29499999999999993,-0.26285714285714284,0.8171428571428571,1.1528571428571428,0.17857142857142858,-0.7992857142857142,-0.7564285714285715,0.08071428571428571,0.04999999999999998,-0.66,0.3971428571428571,-0.5171428571428571,-1.1378571428571427,0.3107142857142858,0.8250000000000001,-0.29571428571428565,0.2521428571428571,-0.5307142857142858,-0.23714285714285724,-2.054285714285714,-0.35285714285714287,-0.46499999999999997,-0.1764285714285714,0
TCCRAVIFRH,-0.34794353200000006,-0.19871559300000002,0.4565565699999999,0.10834170000000001,0.634067465,-0.336,-0.3289999999999999,-0.039,0.3,0.5080000000000001,-0.119,0.072,-0.065,0.11000000000000003,-0.03300000000000003,-0.21799999999999997,-0.11900000000000002,0.251,0.08799999999999994,0.30040000000000006,-0.1275,-0.2761,-0.19340000000000002,0.8056000000000001,-0.27099999999999996,-0.098,0.7070000000000001,-0.03200000000000001,-0.40599999999999997,0.45899999999999996,0.18400000000000002,-0.12499999999999997,0.541,0.383,-0.33799999999999997,0.525,-0.2,-0.0779,-0.008600000000000002,-0.0298,0.03299999999999999,-0.1788,-0.013999999999999891,-0.07399999999999998,1.89087,0.21392000000000003,-1.4037100000000002,2.011,-0.22000000000000014,-0.009999999999999986,0.6399999999999999,1.0939999999999999,-0.043000000000000003,-0.05499999999999998,-0.02400000000000002,0.22809999999999997,0.05670000000000001,0.007600000000000001,0.03209999999999999,-0.7444999999999999,-0.2577,-0.08109999999999999,0.06490000000000003,-0.2153,-0.2085,0.46180000000000004,-0.02999999999999998,-0.29598,0.3921,-0.47687999999999997,-0.4384799999999999,0.35118,-0.45448999999999995,-1.0037600000000002,0.06504000000000014,-0.16569,-0.05893000000000015,0.70372,-3.996,0.03400000000000003,-0.173,0.15899999999999997,0.46699999999999997,0.035,-0.27599999999999997,0.11200000000000002,-0.354,0.434,0.297,-0.185,0.14799999999999996,-0.736,0.11900000000000006,0.44399999999999984,-0.18299999999999997,0.166,0.03600000000000001,0.14800000000000013,-0.33199999999999996,-0.195,0.549,-0.5029999999999999,0
RVAANVLP,-0.27544584875,-0.16170474749999997,-0.36073331249999996,0.9478503625,-0.1610338325,-0.01374999999999996,-0.67875,-0.20125,-0.065,-0.06624999999999998,0.0062500000000000056,0.36625,-0.08124999999999999,0.1175,0.11249999999999999,-0.50125,-0.33625000000000005,0.13,-0.46187500000000004,0.15762500000000002,-0.21662499999999998,0.734625,0.4325,0.21874999999999997,-0.2775,-0.48624999999999996,0.25,-0.06374999999999997,-0.25625000000000003,-0.60625,-0.05625000000000002,-0.2825,0.2525,0.023750000000000007,-0.5887499999999999,0.4875,-0.3525,-0.02500000000000001,0.065125,-0.11975000000000001,-0.137375,-0.008125000000000007,-0.7625,-0.5675,0.6204500000000002,-2.3755625,1.5020625,0.51875,-1.4887500000000002,-0.71875,1.2149999999999999,-0.33499999999999996,-0.05500000000000005,0.17625000000000002,-0.15625,0.23675000000000002,0.15500000000000003,-0.076375,-0.106125,-1.024,-0.43500000000000005,-0.324625,0.08062499999999999,-0.35225,-0.5261250000000001,0.17925000000000002,0.18562500000000004,-2.6716625,-1.041625,0.7394874999999999,-0.16740000000000005,0.5383125,-0.38142499999999996,-3.247425,0.7201,-0.33662499999999995,-3.23825,1.1941375,-5.48,-0.4812499999999999,0.1,0.595,0.76,0.11750000000000002,-0.33875000000000005,-0.28875,-0.55625,0.21125,-0.62625,0.27,0.24374999999999997,-0.965,0.05375000000000002,0.5625,-0.58375,-0.3875,-0.35124999999999995,-0.50875,-0.8537499999999999,-0.49874999999999997,-0.145,0.855,0
KAAHV,-0.07038025200000005,-0.7720915540000001,-0.63005774,0.52635544,0.0033256619999999515,0.17800000000000002,-0.312,-0.23399999999999999,0.152,0.20999999999999996,-0.03,0.43999999999999995,-0.006,0.5920000000000001,0.28200000000000003,-0.32999999999999996,-0.392,0.37,-0.515,0.6439999999999999,-0.3456,0.5452,-0.054200000000000005,0.23280000000000003,-0.922,-0.542,-0.08200000000000003,0.20800000000000002,0.358,-0.5960000000000002,-0.434,0.057999999999999996,0.12199999999999997,0.384,-0.426,0.388,-0.4,0.0016000000000000014,-0.022399999999999996,-0.22799999999999998,-0.0638,0.0029999999999999914,-0.9400000000000001,-0.19000000000000003,-0.7540999999999997,-1.9281999999999997,0.7592199999999998,0.004000000000000092,-1.1280000000000001,-0.9299999999999999,1.698,-0.15800000000000006,0.646,-0.5299999999999999,-0.07200000000000009,0.2332,0.1504,-0.0011999999999999956,-0.1302,-0.9932000000000001,-0.3738,-0.2406,-0.06499999999999997,-0.2604000000000001,-0.6698,0.4558,0.5366000000000001,-2.26438,0.17709999999999998,0.22645999999999997,0.27155999999999997,1.05822,-0.3016,-3.5014199999999986,0.9152799999999999,-0.40703999999999996,-2.9001200000000003,0.4086200000000001,-5.538,-0.634,-0.028000000000000004,0.35600000000000004,0.916,-0.10800000000000001,-0.538,-0.36,-0.5519999999999999,0.48200000000000004,-0.25399999999999995,0.608,-0.04199999999999999,-0.986,-0.05999999999999996,0.674,-0.43599999999999994,0.10400000000000001,-0.42000000000000004,0.53,-0.8879999999999999,-0.514,0.852,0.596,0
KVLRHLR,0.2668874342857143,-0.47708568714285715,-0.2413111857142858,0.41475568571428567,0.6112727985714285,-0.009999999999999978,-0.15142857142857144,-0.8157142857142857,-0.1142857142857143,0.4557142857142857,0.07857142857142858,0.3457142857142857,0.10428571428571429,-0.1542857142857143,-0.04714285714285715,0.010000000000000009,0.12571428571428572,0.39,-0.4352857142857144,0.6557142857142857,0.3897142857142857,0.44342857142857145,0.08157142857142856,1.076857142857143,-0.4471428571428571,0.45285714285714285,0.5414285714285715,0.4457142857142857,-0.12142857142857141,-0.6571428571428573,0.28428571428571425,-0.2642857142857143,0.22142857142857145,0.9428571428571428,-0.37000000000000005,0.5028571428571429,0.13142857142857142,-0.028571428571428577,-0.1522857142857143,-0.07228571428571429,-0.18642857142857142,-0.09471428571428572,0.9942857142857144,0.13285714285714287,0.029842857142857122,3.366171428571429,1.0872714285714287,0.8799999999999999,2.111428571428571,-0.19857142857142854,1.4985714285714287,-0.01000000000000004,0.5785714285714285,0.004285714285714263,-0.3828571428571429,0.23885714285714285,-0.00028571428571428595,0.050857142857142865,-0.19842857142857143,-0.5188571428571429,0.059571428571428546,0.014428571428571424,-0.15842857142857142,-0.30514285714285716,0.5369999999999999,0.5381428571428571,0.24157142857142858,1.8212714285714284,-1.7498142857142855,0.22198571428571423,-0.4216285714285715,0.5038142857142857,-0.4015428571428571,1.425157142857143,-0.11045714285714293,-0.937457142857143,2.168,0.3786714285714286,-2.5385714285714287,1.2042857142857142,-0.6714285714285715,0.25999999999999995,-0.0028571428571428498,-0.15142857142857138,0.3671428571428571,0.5857142857142856,0.0028571428571428597,0.8442857142857142,0.10714285714285711,0.7257142857142858,0.16714285714285712,-0.5014285714285714,0.5771428571428572,0.21000000000000002,0.03999999999999999,0.18000000000000002,0.16,0.09285714285714285,0.37142857142857144,-1.9642857142857142,1.0114285714285716,0.2457142857142857,0
RRPRP,0.9979792059999999,0.799499222,0.24993371999999997,0.43247125999999997,1.1817569899999998,0.958,-0.158,-0.364,-0.714,0.272,-0.6880000000000001,0.736,-0.031999999999999994,-0.3,-0.43200000000000005,0.156,0.21799999999999997,0.5660000000000001,-0.9002000000000001,-0.5883999999999999,0.08400000000000003,-0.24800000000000005,1.5076,1.1936,0.9560000000000001,0.63,0.3620000000000001,0.8220000000000001,-0.6679999999999999,0.096,0.6719999999999999,-1.154,0.434,0.44600000000000006,-0.304,0.454,0.36,0.1718,-0.10219999999999999,0.227,-0.2408,-0.0648,0.9460000000000001,0.53,-5.601500000000001,4.73238,4.068720000000001,-3.2020000000000004,3.0359999999999996,2.1060000000000003,1.642,-0.28600000000000014,-0.96,-0.144,0.07200000000000001,0.1926,0.04240000000000001,0.041,-0.11460000000000001,-0.4549999999999999,0.2758,-0.0346,-0.08399999999999999,-0.477,-0.17600000000000002,0.7619999999999999,0.1548,2.4584799999999993,-2.0233800000000004,-0.99734,0.0625,0.68314,-0.7824199999999999,2.81124,-0.26510000000000017,-0.28456000000000004,4.63714,2.30306,-1.9060000000000001,0.9180000000000001,-0.908,-0.378,-0.152,-0.7939999999999998,0.8019999999999999,0.5439999999999999,0.7819999999999999,0.9260000000000002,0.346,0.704,1.922,-0.406,0.40199999999999997,-0.192,-0.122,0.14999999999999997,-0.286,1.448,1.6079999999999999,-1.364,1.474,0.6980000000000001,0
KYGKP,0.745534536,0.6881165960000001,0.77311602,0.014688059999999958,1.0957694679999999,0.574,0.22999999999999998,-0.01399999999999999,-0.346,-0.05400000000000003,-0.22200000000000003,0.5439999999999999,0.10600000000000001,0.13199999999999998,-0.40199999999999997,-0.03600000000000003,-0.156,0.44400000000000006,-0.6114,-0.7941999999999999,0.020599999999999972,0.25760000000000005,0.3118,0.0698,0.8440000000000001,0.16599999999999993,-0.20799999999999996,0.38599999999999995,0.812,-0.8960000000000001,0.722,0.18600000000000003,-0.386,0.382,-0.158,0.254,-0.06200000000000001,0.1472,0.0226,0.144,-0.1886,0.069,-0.14,0.32999999999999996,-3.6433800000000005,1.3425600000000002,3.7066000000000003,-3.272,0.5119999999999998,2.2960000000000003,0.876,-1.2100000000000002,0.38000000000000006,0.466,0.32599999999999996,0.19480000000000003,0.0904,0.07799999999999999,-0.11499999999999999,-0.7186,0.12679999999999997,0.2886,-0.017400000000000016,-0.4917999999999999,-0.5078,0.02760000000000002,0.5791999999999999,0.19384000000000007,0.33787999999999996,-0.8248000000000001,0.35836000000000007,1.3249,0.6531,-0.8789599999999996,0.92972,-0.5436999999999999,0.9462800000000001,0.30502,-3.7640000000000002,-0.10800000000000001,-0.792,-0.092,0.438,-0.34199999999999997,0.25999999999999995,-0.11200000000000002,0.9319999999999998,0.654,-0.186,0.8239999999999998,0.392,-0.706,0.30399999999999994,0.11799999999999997,-0.007999999999999962,0.372,-0.868,0.48599999999999993,0.0860000000000001,-0.4700000000000001,0.5800000000000001,0.154,0
KKKKEVKMERK,1.203751640909091,-0.7389923545454544,0.8482034818181817,-0.06901640909090911,1.0053142463636364,0.7927272727272728,-0.12818181818181817,-0.781818181818182,-0.6272727272727273,0.48000000000000004,0.10636363636363638,-0.002727272727272727,0.17363636363636364,0.18999999999999997,-0.36818181818181817,0.40545454545454546,-0.022727272727272724,0.4354545454545455,-1.154090909090909,0.7706363636363635,0.16454545454545455,0.2008181818181818,-0.04000000000000001,0.7124545454545455,-0.6236363636363637,0.5490909090909091,-0.14636363636363636,1.207272727272727,0.6745454545454546,-0.7045454545454546,0.6445454545454545,0.005454545454545456,-0.46181818181818185,0.4736363636363636,-0.4090909090909091,0.16000000000000003,0.3290909090909091,0.14163636363636362,-0.26909090909090905,-0.10263636363636364,-0.1608181818181818,-0.012909090909090908,0.7745454545454546,0.7781818181818182,-5.592,4.7917545454545465,1.759909090909091,-2.98,3.480909090909091,-0.46181818181818185,1.5527272727272725,-0.890909090909091,1.0636363636363635,-0.08363636363636365,0.27636363636363637,0.23700000000000002,-0.08918181818181817,0.00390909090909091,-0.2343636363636363,-0.5606363636363636,0.09327272727272727,0.12199999999999998,-0.04163636363636364,-0.19063636363636363,0.753,0.4530909090909091,0.34700000000000003,2.007381818181818,-1.2558909090909092,-1.6757545454545453,-0.6797363636363636,0.6923818181818181,0.9327363636363638,0.8550818181818183,-0.8323363636363638,-0.8735727272727274,3.380754545454545,-0.9501454545454547,-2.847272727272727,1.9645454545454546,-1.1218181818181818,0.3318181818181818,-0.07,-0.8254545454545453,0.45454545454545453,0.5363636363636363,0.4436363636363636,0.6836363636363635,0.35000000000000003,1.0727272727272728,0.08545454545454545,-0.5354545454545454,0.9945454545454546,0.18454545454545457,0.3281818181818182,0.5009090909090909,0.0881818181818182,1.64,0.5,-1.793636363636364,0.54,0.017272727272727276,0
WGAVNYT,-0.2476795842857143,0.29493577285714284,1.0478428857142856,0.2329861857142857,0.6043982242857143,-0.1742857142857143,0.21857142857142856,0.33571428571428574,0.04142857142857143,-0.11,0.35857142857142854,0.17857142857142858,-0.33428571428571424,0.13285714285714287,0.19285714285714287,-0.17857142857142863,-0.28285714285714286,0.054285714285714284,-0.17114285714285718,-0.4535714285714286,0.021142857142857147,0.24957142857142858,-0.4782857142857143,-0.11814285714285713,0.31999999999999995,-0.2185714285714285,0.2871428571428572,-0.21714285714285714,-0.20142857142857143,-0.17571428571428574,-0.08428571428571427,0.4357142857142858,-0.5314285714285714,-0.13999999999999996,-0.07285714285714286,0.4857142857142857,-0.59,-0.023142857142857135,0.11057142857142857,0.032857142857142856,-0.03485714285714286,-0.01928571428571429,-0.3471428571428571,-0.22571428571428567,0.9514857142857143,-1.6843000000000001,0.31018571428571434,0.4042857142857143,-1.34,0.6314285714285713,-0.15285714285714297,0.07285714285714283,0.4214285714285713,0.6714285714285715,0.15428571428571428,0.21314285714285713,0.09985714285714287,0.027428571428571434,0.07042857142857142,-0.7595714285714286,-0.29700000000000004,-0.19114285714285711,-0.11300000000000002,-0.03985714285714283,-0.9840000000000001,0.007571428571428567,0.4151428571428571,-1.2504571428571427,0.6141428571428572,0.8306857142857142,0.5927571428571428,0.41898571428571424,-0.13655714285714282,-1.5296142857142854,0.6027428571428571,-0.07389999999999995,-2.059414285714286,0.7279,-4.0528571428571425,-0.9828571428571428,0.43714285714285717,-0.09285714285714282,0.9971428571428571,0.21285714285714286,-0.05857142857142856,-0.3014285714285715,0.07999999999999997,0.05428571428571428,-0.3614285714285714,0.014285714285714266,-0.5185714285714285,-0.7699999999999999,-0.25571428571428567,0.3585714285714286,-0.7157142857142856,0.10857142857142855,-0.5157142857142858,-0.48571428571428577,-0.4571428571428572,0.05142857142857138,-0.13428571428571429,-0.13571428571428573,0
RVSRTGRSRWRD,0.49453980250000007,0.3778697366666666,-0.1660974666666668,0.3625218333333333,0.6568247708333333,0.5508333333333333,0.0458333333333333,-0.057499999999999975,-0.28250000000000003,0.4000000000000001,0.3383333333333333,0.17333333333333334,-0.13666666666666666,0.00416666666666668,-0.1441666666666667,0.3666666666666667,-0.0375,0.44500000000000006,-0.7631666666666668,-0.20391666666666663,-0.02749999999999996,0.04874999999999998,-0.20716666666666664,0.9859166666666664,0.38166666666666665,0.22499999999999998,0.6574999999999999,0.7916666666666669,-0.875,0.12083333333333333,-0.05749999999999997,-0.24250000000000002,-0.4175,0.4658333333333334,-0.29000000000000004,0.32583333333333336,-0.054166666666666675,0.106,-0.06058333333333333,0.05449999999999999,-0.119,-0.18549999999999997,0.40083333333333343,0.6150000000000001,-4.55985,2.4628416666666664,0.22977500000000003,-2.0858333333333334,1.6666666666666667,0.4691666666666665,0.5524999999999999,0.8783333333333334,0.2733333333333333,0.2833333333333334,0.4658333333333333,0.2090833333333333,-0.03891666666666666,-0.01158333333333333,0.016249999999999983,-0.5894166666666667,0.09824999999999999,-0.32,-0.09800000000000002,0.030166666666666685,-0.4945,0.6146666666666667,0.537,3.2319666666666667,-2.0394083333333337,-1.1333666666666666,0.3523083333333334,0.41194166666666665,-0.6476083333333335,2.768508333333333,-1.67485,-0.9470416666666667,5.286483333333334,2.1794166666666666,-2.9250000000000003,1.1216666666666668,-0.15416666666666662,-0.2075,0.6708333333333334,-0.6766666666666666,0.44166666666666665,0.17416666666666666,0.465,0.4008333333333332,0.54,0.43500000000000005,0.2583333333333333,-0.5633333333333332,0.35583333333333345,0.13500000000000004,-0.5824999999999999,0.6391666666666665,-0.06749999999999999,1.8508333333333333,0.5291666666666667,-1.2483333333333333,0.4183333333333334,-0.09583333333333334,0
CRRRGCASR,0.2512919933333333,0.2733947044444444,0.013529388888888846,0.3340732888888889,1.1500347199999998,0.4055555555555555,-0.29555555555555557,0.26222222222222225,-0.04555555555555556,0.9633333333333334,0.06888888888888887,0.33777777777777784,0.16666666666666663,0.09666666666666665,-0.20444444444444448,0.07444444444444444,-0.1111111111111111,0.6344444444444445,-0.3794444444444445,-0.07677777777777779,-0.5020000000000001,-0.25266666666666665,-0.31366666666666665,1.1224444444444446,0.20333333333333334,-0.15666666666666662,0.5933333333333334,0.5966666666666668,-1.028888888888889,0.5933333333333334,0.6611111111111111,-0.20111111111111113,0.08444444444444442,0.63,-0.4488888888888889,0.23666666666666666,0.1211111111111111,0.0938888888888889,-0.01799999999999999,0.006000000000000001,0.0009999999999999885,-0.23477777777777778,-0.3822222222222221,0.5444444444444445,-3.832744444444444,1.128122222222222,-1.3073666666666668,-1.3655555555555554,0.3455555555555553,1.0244444444444443,0.8022222222222221,1.501111111111111,0.5900000000000001,-0.21111111111111108,0.25888888888888884,0.21322222222222223,0.018444444444444454,-0.043111111111111114,0.053666666666666654,-0.8363333333333334,0.11133333333333331,-0.168,0.23277777777777775,-0.22711111111111112,-0.8132222222222222,0.7685555555555555,0.6361111111111112,1.2127222222222218,-1.0540111111111112,-2.3101444444444446,0.003755555555555512,0.36093333333333333,-0.9819777777777777,-0.5325333333333332,-1.6684555555555556,-0.9694111111111111,3.4139999999999997,2.6739,-4.548888888888889,1.1500000000000001,-0.4566666666666666,0.1844444444444444,0.9788888888888889,-0.6933333333333334,-0.11555555555555558,-0.11222222222222222,0.6233333333333333,0.5966666666666667,0.7177777777777776,0.4122222222222222,0.13666666666666666,-0.7977777777777777,0.5644444444444444,0.461111111111111,-0.47333333333333333,0.7111111111111111,-0.05555555555555558,2.2711111111111113,-0.08777777777777768,-0.48777777777777775,0.6633333333333334,-0.48777777777777764,0
LGALFKVA,-0.51449383,-0.544518845,-0.1581357875,0.9107105125,0.09331632874999998,-0.4275,-0.45624999999999993,-0.08875,-0.0525,-0.04250000000000001,0.35,0.36875,0.165,0.33875000000000005,-0.08375000000000002,-0.73125,-0.28875,0.11375000000000002,0.14212500000000003,0.38612499999999994,-0.07724999999999997,1.143,-0.037875,-0.055999999999999994,-0.6287499999999999,-0.52625,-0.14999999999999997,-0.37875,-0.07500000000000001,-1.1262500000000002,0.44875,0.21999999999999997,0.053750000000000006,0.27125000000000005,-0.5,0.41,-0.32875,-0.08250000000000002,0.08000000000000002,-0.20787499999999998,-0.141375,0.09525,-0.7887500000000001,-0.7949999999999999,2.8536375,-3.0198124999999996,1.3862875000000001,1.55375,-2.285,-0.525,0.82125,-0.7687499999999999,0.9237500000000001,-0.18124999999999997,0.29374999999999996,0.239625,0.180875,0.002874999999999999,-0.14725,-1.032,-0.37275,-0.03874999999999999,0.118375,-0.598125,-0.5398750000000001,0.05274999999999999,0.65325,-2.2755625,-0.12387499999999996,0.31516249999999996,-0.11008750000000006,1.212025,0.2797,-4.0085,1.2447625,-1.0460375000000002,-2.8788875,0.707775,-5.694999999999999,-0.43124999999999997,-0.23499999999999996,0.7462500000000001,0.955,0.49125,-0.4025,-0.39,-0.3037500000000001,0.25749999999999995,-0.7737499999999999,0.36874999999999997,-0.455,-1.00625,0.26625,0.645,-0.4075,-0.15875,-0.67125,-1.31875,-1.38875,-0.5487500000000001,-0.16999999999999996,0.44625000000000004,0
LFRKRIESLLQ,0.15129623454545454,-0.45469731454545453,-0.29471460000000005,0.42528061818181817,0.05433275909090909,-0.06727272727272729,-0.20727272727272725,-0.6681818181818182,-0.2127272727272727,0.24909090909090906,0.22454545454545452,0.02454545454545454,0.09090909090909091,0.036363636363636376,-0.19909090909090912,-0.014545454545454558,0.020000000000000014,0.06363636363636364,-0.018000000000000006,0.5875454545454546,0.3715454545454546,0.5851818181818181,0.14272727272727273,0.5123636363636364,-0.4609090909090909,0.3209090909090909,0.16727272727272727,0.23909090909090908,-0.38636363636363635,-0.6427272727272727,0.4272727272727273,-0.2736363636363636,0.21363636363636368,0.03181818181818183,-0.32545454545454555,0.5163636363636364,0.017272727272727273,-0.029909090909090906,-0.10772727272727271,-0.09099999999999998,-0.15781818181818183,-0.003727272727272732,0.7445454545454545,-0.035454545454545426,0.24195454545454514,2.030572727272727,0.8226454545454545,0.5845454545454545,1.4445454545454546,-0.7909090909090909,0.760909090909091,-0.37000000000000005,0.4645454545454546,0.06545454545454545,0.008181818181818158,0.24390909090909088,-0.04936363636363636,0.014181818181818184,-0.13372727272727272,-0.5943636363636363,-0.08081818181818182,-0.03400000000000001,-0.11554545454545453,-0.22772727272727272,0.5274545454545454,0.21518181818181822,0.2220909090909091,2.0638727272727273,-1.9262818181818182,-0.046318181818181745,-0.34737272727272733,0.22782727272727268,0.22473636363636362,1.8657090909090912,-0.4984181818181818,-0.9799363636363636,2.8589545454545453,0.11810000000000001,-2.9545454545454546,1.1481818181818182,-0.4354545454545455,0.26999999999999996,0.12909090909090912,-0.004545454545454489,0.35818181818181816,0.42999999999999994,-0.0827272727272727,0.32363636363636367,-0.11909090909090912,0.2772727272727273,-0.061818181818181835,-0.560909090909091,0.5381818181818182,0.1918181818181818,-0.08000000000000002,0.23727272727272722,0.07636363636363636,-0.3972727272727273,0.17181818181818184,-1.3645454545454545,-0.2509090909090909,0.2918181818181818,0
NNHCKSISC,-0.03579214555555558,0.4289913011111111,-0.8504219111111113,-0.2661420777777777,-0.17247695666666665,0.3266666666666666,-0.25555555555555554,0.16666666666666666,0.5955555555555557,0.5411111111111111,0.02555555555555553,-0.08666666666666666,-0.1922222222222222,-0.1811111111111111,-0.043333333333333335,0.18777777777777774,-0.41999999999999993,0.3055555555555555,-0.12744444444444447,-0.21788888888888888,-0.5313333333333333,-0.45888888888888896,-0.33,0.1567777777777778,0.29555555555555557,-0.3222222222222222,0.25111111111111106,0.17444444444444446,0.1255555555555556,0.4577777777777778,-0.2722222222222222,-0.035555555555555514,0.4255555555555556,-0.1411111111111111,-0.3577777777777778,0.41333333333333333,-0.47666666666666657,0.061888888888888896,0.05055555555555555,0.028111111111111118,0.10999999999999999,-0.15611111111111114,-0.8444444444444444,0.4111111111111111,-1.7827777777777776,-0.8681222222222222,-2.223122222222222,-0.8777777777777778,-0.5722222222222221,0.15000000000000002,0.46888888888888897,1.1744444444444444,-0.36333333333333334,0.18111111111111108,-0.6533333333333334,0.23511111111111113,-0.030888888888888893,-0.064,0.15644444444444444,-0.9475555555555556,-0.21577777777777776,-0.3156666666666667,-0.0007777777777777661,0.25766666666666665,-0.20033333333333334,0.32488888888888895,-0.18866666666666665,0.07319999999999993,-0.43737777777777775,-0.34811111111111104,-0.5975555555555556,-0.19786666666666675,-0.8429666666666666,0.002755555555555548,-0.9329000000000001,0.025455555555555492,0.6928888888888891,0.36257777777777783,-5.185555555555556,-0.10555555555555556,0.1322222222222222,0.09111111111111111,0.7055555555555555,-0.3655555555555555,-0.5277777777777778,-0.27,-0.07444444444444444,0.07888888888888886,0.5533333333333332,-0.07111111111111115,-0.12333333333333335,-0.8988888888888888,-0.08888888888888889,0.5655555555555556,-0.1688888888888889,0.7177777777777777,0.13888888888888892,1.4922222222222221,-0.1255555555555555,0.8822222222222221,-0.01888888888888885,-0.008888888888888847,0
AKEAGKTGLEL,0.21429049090909083,-0.4523655863636364,0.4016424363636362,0.7583602636363637,0.4497621081818183,0.4063636363636364,-0.3245454545454545,-2.0185873175002847e-17,-0.23545454545454544,0.04909090909090908,0.35090909090909084,0.18727272727272729,0.0872727272727273,0.3554545454545454,0.005454545454545453,-0.18181818181818182,-0.4527272727272727,0.1372727272727273,-0.2818181818181818,0.2663636363636363,-0.42599999999999993,0.952090909090909,-0.03681818181818182,-0.3171818181818182,-0.5090909090909091,-0.54,-0.4863636363636364,0.3009090909090909,-0.21818181818181823,-0.7372727272727272,0.6163636363636363,0.22636363636363638,-0.38363636363636355,0.27,-0.4254545454545454,0.13727272727272724,-0.2572727272727273,0.08309090909090908,0.030636363636363653,-0.20554545454545456,-0.09618181818181819,0.11490909090909089,-1.079090909090909,0.04181818181818184,-2.840963636363636,-2.4116545454545455,1.2753636363636363,-2.023636363636364,-1.5772727272727274,-0.5272727272727272,0.4054545454545455,-0.9527272727272728,1.2436363636363637,-0.18363636363636363,0.13363636363636364,0.23172727272727273,0.10327272727272727,-0.0569090909090909,-0.10272727272727274,-1.0700909090909092,-0.32672727272727276,-0.23845454545454547,0.05245454545454545,-0.23581818181818184,-0.6151818181818183,0.15390909090909088,0.7591818181818183,-2.736036363636363,-0.6463272727272728,-0.3732272727272728,0.38745454545454533,0.6855545454545454,0.5261545454545454,-4.208036363636364,-0.14258181818181814,-0.6624181818181818,-3.0079545454545453,0.3939272727272728,-5.946363636363636,0.23454545454545456,-0.11,0.5863636363636364,1.1318181818181818,-0.21999999999999992,-0.3136363636363637,-0.5627272727272726,0.21636363636363629,-0.1527272727272728,-0.5390909090909091,0.8354545454545454,-0.3809090909090909,-1.0272727272727271,0.3709090909090909,0.6,-0.6018181818181817,0.2827272727272727,-0.5536363636363637,0.688181818181818,-1.3854545454545455,-0.670909090909091,-0.72,0.2945454545454545,0
GSSIA,-0.5340937259999999,0.5201599500000001,-1.3581607,0.8697758199999999,-0.5120592439999999,0.22999999999999998,-0.5559999999999999,0.46799999999999997,0.22199999999999998,-0.10200000000000001,0.5479999999999999,0.35200000000000004,-0.11600000000000002,0.47800000000000004,0.10400000000000001,-0.392,-0.6899999999999998,0.352,0.10720000000000003,-0.5112,-0.8027999999999998,0.9027999999999998,-0.23560000000000003,-0.29100000000000004,0.158,-1.19,0.18200000000000002,-0.07200000000000002,-0.358,-0.344,-0.6980000000000001,0.098,-0.5459999999999999,-0.45199999999999996,-0.7100000000000001,0.394,-0.724,0.054200000000000026,0.2486,-0.1234,-0.07039999999999999,-0.04240000000000001,-2.23,-0.316,-1.5474599999999992,-6.232819999999999,0.41586,-1.672,-4.098000000000001,-0.35600000000000004,0.732,0.18799999999999997,0.33,0.22399999999999998,0.24799999999999994,0.22880000000000003,0.1786,-0.09759999999999999,0.11039999999999997,-1.3734000000000002,-0.48819999999999997,-0.5988,0.12299999999999997,-0.0986,-1.5041999999999998,0.1284,0.7078,-0.4144600000000002,-1.59776,-0.84588,0.27368,1.079,-0.4147,-2.3203199999999997,-0.632,-1.3425600000000002,0.6961799999999997,2.4288,-7.7700000000000005,-0.884,0.34400000000000003,0.57,1.6920000000000002,-0.024000000000000004,-0.9,-1.1640000000000001,-0.25200000000000006,-0.17,-0.632,0.18599999999999992,-0.346,-1.312,-0.16399999999999998,0.9100000000000001,-0.732,0.616,-0.7600000000000001,0.6359999999999999,-2.05,0.30999999999999994,-0.9159999999999998,0.5040000000000001,0
RLPRPRPRPLPFPR,0.4125349921428571,0.6890763178571427,-0.24126406428571429,0.4900596785714287,0.33749254714285704,0.4207142857142857,-0.2742857142857143,-0.29214285714285715,-0.5707142857142857,-0.10928571428571425,-0.725,0.6142857142857142,-0.05714285714285715,-0.29071428571428565,-0.4092857142857143,-0.2507142857142858,0.09214285714285715,0.24785714285714291,-0.35285714285714287,-0.5563571428571427,0.13842857142857143,0.09814285714285713,1.7075714285714287,0.47821428571428576,0.7978571428571428,0.3821428571428571,-0.06357142857142849,0.0871428571428572,-0.2928571428571428,-0.37928571428571434,0.642142857142857,-1.1549999999999998,0.5857142857142857,0.31357142857142856,-0.3142857142857142,0.5728571428571428,0.05285714285714286,0.07357142857142858,-0.005428571428571437,0.17992857142857144,-0.22357142857142853,0.07885714285714286,0.5578571428571429,-0.1114285714285714,-1.4287500000000004,2.1281214285714287,4.371571428571429,-1.3278571428571428,1.2399999999999998,1.73,1.177857142857143,-1.0614285714285716,-1.1835714285714283,-0.22357142857142856,-0.012142857142857138,0.20292857142857143,0.11335714285714285,0.05149999999999999,-0.10750000000000001,-0.5899999999999999,0.034214285714285704,0.04921428571428571,-0.08671428571428573,-0.595,-0.08714285714285719,0.3993571428571428,-0.07671428571428573,0.877935714285714,-1.1364999999999998,0.04469285714285709,-0.2224642857142857,0.7214357142857144,-0.37597142857142846,1.4445714285714286,1.0296428571428573,-0.03164999999999999,1.759342857142857,1.332442857142857,-2.698571428571429,-0.15500000000000003,-0.7564285714285715,-0.17714285714285713,-0.1742857142857143,-0.1278571428571428,0.4985714285714286,0.3485714285714286,0.3492857142857142,0.5985714285714286,-0.22500000000000003,0.2992857142857143,1.7192857142857139,-0.5400000000000001,0.12642857142857145,-0.05642857142857142,0.027857142857142858,-0.1907142857142857,-0.5107142857142858,-0.36714285714285716,0.9614285714285712,-0.5985714285714286,0.9464285714285713,0.8721428571428572,0
IIQKLEDMVGPQ,0.03395070416666667,-0.18493078833333335,-0.29335719166666674,0.19389429999999996,-0.39957754416666663,0.13833333333333336,-0.38749999999999996,-0.39833333333333343,-0.23499999999999996,-0.23083333333333336,0.03916666666666669,-0.11000000000000004,0.22666666666666668,-0.003333333333333332,0.15166666666666664,-0.18250000000000002,-0.31666666666666665,-0.17916666666666667,-0.217,0.17600000000000002,-0.02841666666666665,0.33725,0.21416666666666664,-0.1555,-0.2725,-0.15583333333333332,0.024999999999999998,0.09999999999999998,0.28,-0.1441666666666667,0.12166666666666666,-0.013333333333333308,-0.08416666666666665,-0.4175,-0.37999999999999995,0.44250000000000006,-0.3258333333333333,-0.0025,-0.0034166666666666603,-0.06941666666666668,-0.050749999999999997,0.03900000000000001,-0.21666666666666667,-0.11999999999999998,-0.09834166666666655,-0.8531916666666666,1.0264666666666666,-0.42083333333333356,-0.3858333333333335,-0.83,0.0991666666666667,-0.5675,0.15416666666666665,0.19749999999999998,-0.0716666666666667,0.22441666666666668,-0.0165,-0.09049999999999998,-0.15941666666666665,-0.8732500000000001,-0.24683333333333332,-0.15233333333333332,0.010416666666666666,-0.12983333333333333,0.20524999999999993,0.05891666666666667,0.04524999999999999,-1.5524416666666667,-0.8593416666666668,-0.052016666666666676,-0.2459916666666666,-0.14548333333333333,0.49550000000000005,-1.8483083333333334,-0.025766666666666715,-0.08465000000000002,-2.051508333333333,-0.6915333333333331,-4.568333333333333,0.28,-0.22749999999999995,0.5025,0.34833333333333333,0.022500000000000037,-0.1125,-0.09666666666666666,-0.2091666666666667,-0.19083333333333338,-0.48,0.22083333333333333,0.043333333333333356,-0.8108333333333334,0.3016666666666666,0.45416666666666666,-0.06333333333333334,0.13583333333333333,-0.06666666666666671,-0.3525000000000001,-0.6941666666666667,-0.6108333333333333,-0.6766666666666666,0.3425,0
NCHQSHG,0.08483110857142857,0.4760112828571428,-1.3348646857142856,-0.4177306285714287,-0.2734121371428571,0.6642857142857143,0.31857142857142856,0.16999999999999998,0.6585714285714286,0.4000000000000001,-0.02142857142857148,0.19,-0.011428571428571423,-0.09857142857142856,0.36000000000000004,0.2742857142857143,-0.4828571428571428,0.23285714285714285,-0.3045714285714286,-0.38299999999999995,-0.6677142857142856,-0.5621428571428572,-0.3508571428571429,-0.08199999999999998,0.32,-0.3885714285714285,-0.032857142857142856,0.24000000000000002,0.5257142857142857,0.6928571428571428,-0.2857142857142857,0.28285714285714286,0.26142857142857145,0.07571428571428569,0.049999999999999975,0.4471428571428571,-0.6485714285714286,0.105,0.06771428571428573,0.028571428571428574,0.17542857142857143,-0.09614285714285715,-0.9928571428571428,0.6742857142857142,-3.251242857142857,-1.3967857142857143,-2.1966,-2.02,-0.9771428571428571,0.96,0.042857142857142864,1.2,0.09857142857142856,-0.4,-0.9385714285714287,0.20885714285714285,-0.047428571428571424,-0.021714285714285717,0.13242857142857145,-0.9232857142857143,0.02328571428571428,-0.23614285714285715,-0.14428571428571427,0.29942857142857143,-0.6265714285714286,0.48842857142857143,0.31214285714285717,-0.7761000000000001,0.5248285714285713,-0.5885142857142858,0.9159142857142857,-0.3186142857142856,-1.1485999999999998,-0.6756714285714284,-0.7340857142857143,0.42105714285714285,-0.7655142857142858,0.00040000000000001937,-5.005714285714285,-0.4228571428571429,0.2414285714285714,-0.40714285714285714,0.9500000000000001,-0.5000000000000001,-0.6342857142857142,-0.5157142857142857,0.4128571428571428,-0.04142857142857143,0.5885714285714286,0.3071428571428571,-0.19,-0.8828571428571428,-0.32571428571428573,0.47000000000000003,-0.41999999999999993,1.07,-0.11285714285714286,2.1457142857142855,-0.11142857142857134,0.7685714285714286,0.4685714285714285,0.012857142857142885,0
KKKKKKKGIGKFLHS,0.7151887893333334,-0.15510719066666664,0.20071810666666673,0.02211531333333332,0.993331014,0.5259999999999999,0.00933333333333333,-0.35133333333333333,-0.2613333333333333,0.326,0.256,0.3153333333333333,0.15666666666666665,0.11066666666666668,-0.43733333333333324,0.09533333333333333,-0.11133333333333331,0.5946666666666667,-0.5533333333333333,0.1139333333333333,0.04753333333333332,0.46060000000000006,-0.21293333333333334,0.4890666666666667,-0.09200000000000003,0.19333333333333327,-0.082,0.7119999999999999,0.8699999999999999,-1.0286666666666668,0.5933333333333334,0.2833333333333333,-0.2786666666666667,0.3886666666666666,-0.37,0.25066666666666665,0.05133333333333332,0.1102,-0.0974,-0.04366666666666666,-0.1882,0.005733333333333331,0.0666666666666667,0.48000000000000015,-3.5205333333333333,2.2638599999999998,2.28702,-2.441333333333334,1.331333333333333,0.7453333333333332,1.581333333333333,-0.7226666666666667,1.0386666666666668,0.098,0.2813333333333334,0.22486666666666674,0.023399999999999997,0.05626666666666667,-0.19833333333333336,-0.7278666666666667,0.0406,0.12926666666666667,-0.05573333333333333,-0.3599333333333334,0.1919999999999999,0.3454,0.6088000000000001,1.3789666666666667,-0.6612933333333333,-0.9805866666666667,-0.38892666666666664,1.6479133333333331,0.5644999999999999,-0.2566866666666667,0.2434466666666667,-1.25604,2.376793333333333,-0.3164199999999999,-3.9019999999999997,0.8933333333333332,-0.956,0.29200000000000004,0.37066666666666664,-0.44733333333333347,0.13133333333333327,0.08399999999999998,0.5319999999999999,0.8680000000000001,0.12333333333333334,1.0626666666666664,-0.12199999999999998,-0.716,0.6286666666666669,0.31399999999999995,0.19800000000000006,0.6593333333333333,-0.452,0.9926666666666666,-0.08066666666666661,-1.3286666666666669,0.7846666666666666,0.1973333333333333,0
QFLIKAQT,-0.02438708249999999,-0.50249173125,-0.1847926625000001,0.30729637499999995,-0.07176831875,-0.11250000000000004,-0.25875,-0.47250000000000003,-0.18375,0.12000000000000001,0.17750000000000002,-0.043750000000000004,-0.12874999999999998,0.2775,-0.027500000000000004,-0.13624999999999993,-0.18000000000000002,-0.009999999999999981,0.12487500000000001,0.45775,0.17825000000000002,0.470375,0.035375000000000004,0.27687500000000004,-0.5700000000000001,-0.03125,0.1675,0.12,0.22999999999999998,-0.4800000000000001,0.45875000000000005,-0.235,0.24125,-0.7050000000000001,-0.26375,0.6912499999999999,-0.2825,-0.04150000000000001,-0.045,-0.109375,-0.112125,-0.004625000000000004,0.10000000000000003,-0.19124999999999995,0.45378750000000023,0.00918750000000007,0.77455,0.5137499999999999,0.2337499999999999,-0.8875000000000001,0.92,-0.16125,0.28125,0.053750000000000006,0.54875,0.23025,-0.01999999999999999,-0.04124999999999999,-0.119,-0.758875,-0.297875,-0.10725000000000001,-0.059625,-0.17975000000000005,0.20512499999999995,0.03500000000000002,0.15725,-0.5655875,-0.6072875,0.15794999999999998,-0.07189999999999999,0.553025,0.4831625,-0.9482124999999999,0.2885875,-0.4493625,-0.7190500000000001,-0.6151374999999999,-3.9762499999999994,0.32375,-0.08249999999999999,0.31999999999999995,0.37875000000000003,0.10874999999999996,-0.01750000000000003,0.09749999999999995,-0.4525,0.31875,-0.26375000000000004,-0.07625000000000004,-0.21624999999999997,-0.73125,0.2525,0.32625,-0.28875,0.03874999999999999,-0.12125,-0.70125,-0.4625,-1.0037500000000001,-0.47625,0.37625000000000003,0
PVVIRTVVAGYNL,-0.43695363,0.13172994153846154,0.4255022769230769,0.7695706538461539,0.1567515207692307,-0.30846153846153845,-0.5323076923076923,-0.21769230769230768,0.06230769230769229,-0.2476923076923077,0.11923076923076924,0.25461538461538463,-0.13076923076923075,0.05615384615384617,0.1576923076923077,-0.47384615384615386,-0.31230769230769234,0.07153846153846154,-0.3807692307692308,-0.11238461538461539,-0.028461538461538444,0.6436153846153846,0.07,0.3517692307692308,0.017692307692307674,-0.3830769230769231,0.816923076923077,-0.14615384615384613,-0.050769230769230796,-0.48000000000000004,-0.15153846153846157,0.05307692307692307,-0.05538461538461535,0.1053846153846154,-0.5238461538461539,0.5646153846153846,-0.41615384615384615,-0.07415384615384615,0.10630769230769231,-0.04300000000000001,-0.14284615384615387,-0.09307692307692306,-0.4976923076923076,-0.5584615384615385,2.1964307692307687,-2.253023076923077,1.2552769230769234,1.2576923076923079,-1.646153846153846,-0.36615384615384616,0.7899999999999999,-0.14,-0.015384615384615365,0.8769230769230768,-0.15846153846153846,0.23107692307692312,0.14746153846153845,-0.054615384615384614,-0.07453846153846154,-0.9452307692307692,-0.4509230769230769,-0.228,0.07407692307692307,-0.32423076923076927,-0.43730769230769234,-0.008307692307692318,0.06499999999999997,-2.063315384615384,-0.6830846153846154,0.6796,-0.11266153846153851,0.5632307692307693,-0.02405384615384615,-2.6811307692307693,0.7589461538461539,-0.3636461538461538,-2.7855461538461532,0.8315384615384616,-5.016923076923077,-0.5138461538461538,0.12615384615384614,0.5161538461538462,0.6476923076923077,0.28076923076923077,-0.3092307692307693,-0.23153846153846155,-0.5538461538461539,0.18076923076923085,-0.7269230769230769,0.10923076923076923,0.059230769230769295,-0.8976923076923077,0.03923076923076924,0.49076923076923085,-0.48615384615384605,-0.3692307692307692,-0.3384615384615385,-1.0092307692307694,-1.1784615384615387,-0.7469230769230771,-0.4461538461538461,0.27,0
RKNNYSGPQFT,0.4535665154545454,0.5962323918181819,0.342967409090909,0.10291817272727273,0.5291142681818183,0.5690909090909091,0.17727272727272728,-0.07363636363636367,0.06727272727272728,0.054545454545454536,0.1618181818181818,0.21454545454545457,-0.2745454545454545,-0.05090909090909088,-0.24090909090909093,0.21818181818181823,-0.2427272727272727,0.20272727272727273,-0.46154545454545465,-0.606,-0.08354545454545453,0.02499999999999999,0.06563636363636366,0.1462727272727273,0.6772727272727272,0.05272727272727269,0.12727272727272732,0.4036363636363637,0.19909090909090912,-0.19090909090909094,0.27818181818181825,0.1063636363636364,0.10272727272727274,-0.3663636363636364,-0.04909090909090908,0.4699999999999999,-0.34181818181818174,0.11463636363636366,0.03136363636363638,0.10154545454545455,-0.07336363636363635,-0.04327272727272728,-0.14000000000000004,0.3263636363636364,-3.701145454545454,0.6189545454545456,0.7439545454545453,-2.516363636363636,0.47454545454545427,0.9963636363636365,0.42727272727272736,0.16090909090909086,-0.20636363636363636,0.3709090909090909,0.1081818181818182,0.2113636363636364,-0.034272727272727274,-0.0019090909090909082,0.0608181818181818,-0.7280909090909091,0.0017272727272727188,-0.10090909090909089,-0.08936363636363637,0.007000000000000001,-0.38054545454545446,0.038454545454545457,0.28309090909090906,0.44998181818181815,-0.4750545454545454,-0.30586363636363634,0.5421727272727273,0.3840545454545454,-0.08885454545454548,0.6466909090909092,-0.4222000000000001,-0.1327727272727272,1.4353272727272726,0.6115272727272728,-3.7418181818181817,0.1672727272727273,0.030000000000000027,-0.2927272727272727,0.6018181818181817,-0.40363636363636357,0.12818181818181817,-0.11272727272727277,0.4581818181818181,0.18545454545454543,0.23,0.2081818181818181,0.08636363636363632,-0.6909090909090909,0.058181818181818196,0.08181818181818183,-0.5445454545454544,0.43000000000000005,-0.37000000000000005,0.9481818181818181,0.4063636363636364,-0.14818181818181816,-0.2318181818181818,0.34727272727272734,0
FAGLCF,-0.89152745,-0.22542034666666666,0.33538683333333336,0.3446470166666667,0.26254152166666667,-0.8000000000000002,-0.11666666666666665,0.38666666666666666,0.32833333333333337,0.075,0.2083333333333333,0.20000000000000004,0.25833333333333336,0.2783333333333334,-0.355,-0.8316666666666666,-0.20666666666666667,-0.06833333333333332,0.7821666666666666,0.05616666666666665,-0.11816666666666664,0.39799999999999996,-0.21516666666666664,-0.2358333333333333,-0.24,-0.4266666666666667,-0.285,-0.9066666666666666,-0.275,-0.35833333333333334,0.8233333333333333,0.505,0.5916666666666667,0.18833333333333338,-0.15333333333333335,0.43333333333333335,-0.4133333333333333,-0.13849999999999998,0.14033333333333334,-0.09166666666666666,0.044333333333333315,0.08916666666666666,-0.6449999999999998,-0.8683333333333333,5.4173333333333344,-3.043366666666667,-0.7811166666666667,3.016666666666667,-2.7950000000000004,0.6033333333333334,-0.4200000000000001,-0.018333333333333274,0.54,-0.555,0.36999999999999994,0.228,0.14683333333333334,0.0835,0.030833333333333334,-0.9226666666666666,-0.25683333333333336,0.2535,0.19499999999999998,-0.6473333333333334,-0.6835000000000001,0.02416666666666667,0.5521666666666667,-1.6140499999999998,1.9123333333333334,-0.4470833333333333,0.01893333333333329,0.9722166666666667,0.22870000000000004,-3.1393833333333325,1.4460166666666667,-0.5893166666666667,-1.7363333333333335,0.6129333333333333,-5.078333333333332,-0.8833333333333334,-0.26166666666666666,0.25,0.9383333333333334,0.755,-0.5033333333333333,-0.36000000000000004,0.004999999999999949,0.034999999999999996,-0.2833333333333334,-0.3033333333333334,-0.505,-0.92,0.05833333333333332,0.505,-0.2933333333333333,0.10666666666666667,-0.7633333333333333,-1.5983333333333334,-0.9116666666666665,0.89,-0.06999999999999999,-0.355,0
GMCCSQFGYCGKG,-0.3414320930769232,0.5675832769230769,0.20852487692307684,-0.09455477692307689,0.5978691192307692,-0.0376923076923077,-0.05230769230769234,0.6530769230769231,0.18307692307692308,0.336923076923077,0.18076923076923074,0.20615384615384613,0.32384615384615384,0.11076923076923074,-0.06384615384615386,-0.3646153846153846,-0.4230769230769231,0.22000000000000003,0.14392307692307688,-0.6096923076923078,-0.6425384615384615,-0.17553846153846153,-0.6036153846153847,-0.12115384615384614,0.4592307692307692,-0.6069230769230769,0.03461538461538463,-0.2530769230769231,0.22461538461538463,0.4123076923076923,0.8123076923076925,0.59,-0.33384615384615385,0.27230769230769236,-0.24615384615384614,0.2969230769230769,-0.41000000000000003,0.027538461538461532,0.17415384615384616,0.02823076923076923,0.12553846153846154,-0.06453846153846154,-1.3092307692307694,0.009230769230769254,0.0252230769230771,-2.9971846153846156,-1.430715384615385,-0.5723076923076924,-2.7315384615384612,1.7492307692307691,-0.5223076923076923,0.6776923076923076,0.8015384615384616,-0.1338461538461538,0.22153846153846157,0.20238461538461544,0.07684615384615386,-0.032,0.10446153846153847,-1.0859230769230768,-0.001692307692307699,0.1300769230769231,0.3402307692307692,-0.32553846153846155,-1.092,0.17200000000000001,0.6476923076923076,-1.624246153846154,1.4976769230769231,-2.1910307692307693,0.24121538461538458,0.37436153846153847,-0.09729230769230769,-3.824907692307692,-0.16410000000000002,-0.4347923076923077,-1.112223076923077,0.8613000000000001,-6.0792307692307705,-0.34153846153846157,-0.39230769230769236,0.3038461538461539,1.2353846153846155,0.006153846153846172,-0.73,-0.7330769230769231,0.7392307692307691,0.023076923076923064,0.06692307692307695,0.06538461538461529,-0.5769230769230769,-1.0484615384615386,0.2569230769230769,0.6776923076923077,-0.22846153846153844,0.6976923076923077,-0.583846153846154,0.58,-1.2899999999999996,0.913076923076923,-0.1123076923076923,-0.8384615384615385,0
KFKLK,0.693868856,-0.652139196,0.3972042599999999,0.007576139999999976,0.888602652,0.07799999999999993,0.00599999999999999,-0.718,-0.42000000000000004,0.388,0.186,0.144,0.128,0.10600000000000001,-0.772,0.009999999999999986,0.16199999999999998,0.43599999999999994,-0.3428,0.6274,0.5788,0.5754,0.008200000000000002,0.663,-0.454,0.688,-0.258,0.514,0.858,-1.544,1.016,0.02000000000000001,0.144,0.458,-0.302,0.362,0.25999999999999995,0.02659999999999999,-0.2044,-0.065,-0.25020000000000003,0.06659999999999999,1.1,0.164,-0.9195399999999999,4.58222,2.60288,-0.4900000000000002,2.9099999999999997,0.256,1.702,-1.1760000000000002,0.8779999999999999,-0.06999999999999998,0.6300000000000001,0.2398,-0.021399999999999995,0.11540000000000002,-0.2606,-0.47140000000000004,0.076,0.4018,-0.09480000000000001,-0.5446000000000001,0.9255999999999999,0.19780000000000003,0.36160000000000003,2.62322,-0.5086999999999999,-0.5166600000000001,-0.9732,1.69,1.0563799999999999,1.45586,0.83442,-1.3450600000000001,3.6730000000000005,-1.0681999999999998,-2.332,1.2719999999999998,-1.238,0.2819999999999999,-0.21000000000000002,-0.12599999999999995,0.5559999999999998,0.6839999999999999,0.288,1.0779999999999998,0.184,0.728,-0.08600000000000001,-0.4779999999999999,0.842,0.06799999999999999,0.46799999999999997,0.26599999999999996,-0.29599999999999993,-0.32599999999999996,0.662,-1.58,0.8580000000000002,0.22999999999999998,0
VKGGLKIIGGTA,-0.27751303083333334,0.17924636000000002,0.8401240333333333,0.7831769,1.01475685,0.04083333333333333,-0.45,0.25,-0.05833333333333335,-0.17250000000000001,0.5491666666666667,0.4566666666666667,0.19166666666666665,0.10666666666666669,0.05499999999999999,-0.5549999999999999,-0.47500000000000003,0.325,-0.04191666666666672,-0.3846666666666667,-0.4435833333333334,0.9756666666666667,-0.3919166666666667,-0.045166666666666605,0.05166666666666664,-0.7999999999999999,0.35333333333333333,0.006666666666666631,0.11000000000000003,-0.5875,0.48750000000000004,0.6974999999999999,-0.5533333333333333,0.06416666666666664,-0.5941666666666666,0.27166666666666667,-0.37916666666666665,0.015583333333333333,0.17891666666666664,-0.1085,-0.1340833333333333,-0.0025000000000000044,-1.46,-0.2966666666666667,-0.11243333333333318,-4.120316666666666,1.8208166666666665,-0.9100000000000001,-3.2733333333333334,0.5258333333333333,0.6258333333333334,-0.44583333333333325,1.2125000000000001,0.5575,0.09916666666666664,0.2191666666666667,0.2056666666666667,-0.056083333333333325,-0.13483333333333333,-1.2105,-0.38275,-0.22208333333333333,0.1988333333333333,-0.4665833333333333,-0.9348333333333333,0.11024999999999997,0.8108333333333332,-3.4521416666666664,-0.36019166666666663,-0.31174166666666664,0.1223,1.47975,0.29284166666666667,-5.884741666666667,0.6429833333333334,-1.084625,-4.061758333333333,1.0139166666666666,-6.7875000000000005,-0.3025,-0.2191666666666666,0.8766666666666666,1.3225,0.11083333333333335,-0.6225,-0.8524999999999999,0.20249999999999993,0.17999999999999994,-0.8574999999999999,0.8658333333333331,-0.5083333333333333,-1.1666666666666667,0.315,0.7958333333333334,-0.4858333333333333,0.26583333333333337,-0.8241666666666667,-0.07333333333333335,-2.1966666666666663,-0.8758333333333336,-0.42916666666666664,0.11166666666666665,0
PQPRPPHPRL,0.4266002380000001,0.8711921610000001,-1.1320286400000001,0.22734877999999997,-0.4006556440000001,0.682,-0.203,-0.23700000000000002,-0.491,-0.276,-1.0230000000000001,0.5900000000000001,-0.11199999999999999,-0.279,-0.09000000000000001,-0.19000000000000003,-0.11199999999999999,0.13799999999999998,-0.4443,-0.7463999999999998,-0.1153,-0.1254,1.9628,0.03489999999999997,0.882,0.16499999999999998,-0.3459999999999999,0.027000000000000024,0.316,-0.178,0.32899999999999996,-1.3279999999999998,0.571,0.06899999999999995,-0.219,0.6579999999999999,-0.22400000000000003,0.11119999999999997,0.0365,0.1995,-0.155,0.1265,0.028000000000000025,0.026000000000000023,-2.2596,0.7444599999999999,4.527950000000001,-2.2699999999999996,0.5339999999999999,1.8330000000000002,1.1,-1.24,-1.5299999999999998,-0.37799999999999995,-0.35200000000000004,0.192,0.11400000000000002,0.014400000000000001,-0.0906,-0.7076,-0.036299999999999985,-0.0437,-0.17229999999999998,-0.421,-0.20780000000000007,0.37679999999999997,-0.24839999999999995,-0.5780299999999999,-0.5736800000000001,0.37065,0.14826,0.39888,-0.5226,0.5481300000000002,1.4010199999999997,0.6836800000000001,-0.5916799999999999,0.4605499999999999,-3.348,-0.923,-0.517,-0.3329999999999999,-0.14300000000000002,-0.187,0.199,0.089,0.23399999999999999,0.38700000000000007,-0.3430000000000001,0.246,1.9079999999999995,-0.6439999999999999,-0.24699999999999997,0.025000000000000005,0.052000000000000005,-0.12000000000000002,-0.555,-0.13199999999999998,0.7500000000000001,-0.04699999999999995,0.932,1.125,0
LGKVVKGAS,-0.17959427888888893,0.08160146444444444,-0.48429963333333337,0.8362350777777777,0.13262955888888892,0.13666666666666666,-0.49222222222222217,0.07444444444444438,-0.13888888888888892,-0.021111111111111122,0.44111111111111106,0.40444444444444444,0.14888888888888885,0.2688888888888889,0.020000000000000004,-0.44555555555555554,-0.4677777777777778,0.3711111111111111,-0.5484444444444445,-0.12244444444444443,-0.45211111111111113,1.0054444444444446,-0.2657777777777778,0.14322222222222228,-0.11444444444444447,-0.7166666666666667,0.23444444444444448,0.14777777777777773,0.28777777777777774,-0.9266666666666666,0.1855555555555556,0.29888888888888887,-0.6122222222222221,0.40444444444444444,-0.6566666666666666,0.3011111111111111,-0.36000000000000004,0.034888888888888886,0.12311111111111112,-0.14055555555555554,-0.15411111111111112,-0.027666666666666673,-1.3644444444444443,-0.23444444444444448,-1.0129444444444442,-3.3591222222222217,1.5591333333333333,-1.1344444444444446,-2.4511111111111115,0.07444444444444437,1.0555555555555554,-0.4511111111111111,1.0611111111111111,0.36333333333333334,0.20777777777777778,0.22688888888888886,0.17344444444444443,-0.06988888888888889,-0.11733333333333332,-1.187,-0.31255555555555553,-0.21444444444444444,0.19455555555555556,-0.43211111111111117,-0.8554444444444447,0.17355555555555555,0.7666666666666666,-1.7526,-0.8339222222222222,-0.787,0.10464444444444439,1.3304222222222224,0.09837777777777774,-4.026311111111111,0.33164444444444446,-1.2511666666666665,-1.6683000000000001,1.1532222222222224,-6.563333333333333,-0.18000000000000002,-0.24888888888888885,0.76,1.2111111111111112,-0.042222222222222196,-0.6000000000000001,-0.6955555555555556,0.023333333333333324,0.2866666666666666,-0.6477777777777778,0.7333333333333333,-0.3855555555555556,-1.1288888888888888,0.3244444444444445,0.7388888888888888,-0.4677777777777777,0.19333333333333333,-0.7122222222222222,0.20555555555555557,-1.8122222222222222,-0.7866666666666666,-0.29,0.2922222222222222,0
PRRIYNN,0.5964382414285714,0.5588155271428571,1.314705757142857,0.07412148571428574,1.2282453942857143,0.4742857142857143,0.10714285714285714,-0.3971428571428571,0.15142857142857144,0.12000000000000001,-0.022857142857142878,0.3171428571428572,-0.16857142857142854,-0.39571428571428574,-0.23714285714285716,0.2571428571428571,0.012857142857142869,0.22428571428571428,-0.43285714285714283,-0.4974285714285714,0.3105714285714286,-0.189,0.23342857142857135,0.5505714285714285,0.7757142857142857,0.4842857142857143,0.562857142857143,0.4685714285714286,-0.3857142857142857,0.07999999999999999,0.11714285714285715,0.1314285714285714,0.5728571428571428,-0.4471428571428571,-0.07571428571428572,0.4514285714285715,-0.04714285714285717,0.07585714285714286,-0.04942857142857143,0.1702857142857143,-0.1122857142857143,-0.09314285714285715,0.7814285714285715,0.2942857142857143,-2.6152142857142855,3.1355142857142857,1.0751285714285717,-1.3485714285714283,2.052857142857143,0.8728571428571428,0.6685714285714285,0.3114285714285714,-0.5557142857142858,0.8057142857142855,-0.5942857142857143,0.22157142857142859,-0.06242857142857144,0.036,-0.018142857142857148,-0.48857142857142855,0.07142857142857141,-0.09199999999999998,-0.17814285714285713,-0.004428571428571416,0.11071428571428572,0.14500000000000002,-0.017142857142857154,0.9560714285714285,-1.4159714285714282,0.7670857142857143,-0.003642857142857122,-0.10084285714285711,-0.45204285714285714,1.9707714285714293,-0.5216285714285714,-0.006228571428571377,1.8447999999999998,0.9811714285714286,-2.294285714285714,0.6871428571428572,-0.08714285714285712,-0.2642857142857143,0.12714285714285717,-0.40285714285714275,0.5985714285714285,0.38714285714285707,0.41428571428571426,0.4028571428571429,0.27714285714285714,0.39285714285714285,0.4242857142857144,-0.46142857142857147,0.18142857142857147,-0.0614285714285714,-0.3628571428571429,0.27,0.03285714285714286,0.7214285714285713,1.317142857142857,-0.6228571428571429,0.22571428571428573,0.5242857142857144,0
LKCKITGC,-0.21205309625000002,0.03161484875000001,0.4390947125,0.127186125,0.7583294650000001,-0.21375000000000002,-0.60625,0.22374999999999998,0.026249999999999996,0.525,0.03624999999999999,-0.021250000000000005,0.035,-0.0475,-0.17624999999999996,-0.2775,-0.30000000000000004,0.3525,0.21337499999999998,0.02262499999999995,-0.37775000000000003,0.08925,-0.32425000000000004,0.379375,-0.06125,-0.37,0.37125,-0.012500000000000039,0.07125000000000001,-0.04249999999999998,0.8787499999999999,-0.07249999999999998,0.02374999999999998,0.4,-0.61,0.35,-0.17375000000000002,-0.014000000000000002,0.05849999999999999,-0.042499999999999996,-0.012875000000000011,-0.108875,-0.7675,0.041249999999999995,0.7810125,-1.2110374999999998,-0.3645375000000002,0.48749999999999993,-1.3287500000000003,0.45999999999999996,0.60875,0.34875,0.535,0.3025,0.17375,0.227875,0.09775000000000002,-0.06974999999999999,-0.028000000000000004,-1.0095,-0.33087500000000003,-0.068,0.24275000000000002,-0.297875,-0.17425000000000007,0.247375,0.038000000000000006,-2.0554875,0.20750000000000002,-0.7274749999999999,-1.0741375,0.6940500000000001,0.1313125,-3.841825,0.1805875,-0.4987625,-2.320675,0.11051250000000001,-5.63625,0.14125,-0.46124999999999994,0.79125,0.6937500000000001,0.013750000000000012,-0.50625,-0.255,-0.02500000000000005,0.40125,-0.05375000000000002,0.1474999999999999,-0.2275,-0.975,0.43,0.7225,0.04250000000000004,0.23125,-0.15875000000000003,0.1112499999999999,-1.35375,-0.18000000000000005,-0.062499999999999944,-0.5449999999999999,0
PLGPAG,-0.33348677666666665,0.8627809316666667,-0.47235623333333326,0.9612625333333332,0.04780723166666671,0.35500000000000004,-0.46666666666666673,0.6449999999999999,-0.28833333333333333,-0.5516666666666666,-0.18833333333333332,0.8150000000000001,0.19000000000000003,0.01666666666666668,0.03166666666666667,-0.8733333333333332,-0.5883333333333334,0.15166666666666664,0.030500000000000003,-1.0941666666666665,-0.7909999999999999,0.9154999999999999,1.0105,-0.8748333333333332,0.7399999999999999,-1.0416666666666667,-0.6616666666666665,-0.5316666666666667,0.08,-0.6583333333333333,0.6666666666666666,-0.11999999999999995,-0.19666666666666666,0.135,-0.49166666666666664,0.30333333333333334,-0.58,0.08716666666666666,0.308,0.004333333333333322,-0.11783333333333333,0.22783333333333336,-2.16,-0.6150000000000001,-0.6046333333333331,-6.3111999999999995,4.0256,-2.23,-4.721666666666668,1.9033333333333335,0.27166666666666656,-1.5250000000000001,0.08500000000000003,-0.2533333333333333,-0.06,0.19500000000000003,0.32316666666666666,-0.04933333333333333,-0.072,-1.3606666666666667,-0.33666666666666667,-0.18183333333333332,0.19866666666666666,-0.6946666666666667,-1.603,0.07133333333333332,0.7246666666666665,-5.187733333333334,0.36046666666666666,0.04021666666666657,0.6298833333333332,1.2734833333333333,-0.16308333333333333,-6.729900000000001,1.8470166666666668,-0.20121666666666663,-6.190766666666666,1.6457166666666667,-7.488333333333333,-1.8083333333333336,-0.19333333333333336,0.545,1.3666666666666665,0.25833333333333336,-0.7400000000000001,-1.2083333333333333,0.48999999999999994,-0.14,-1.22,0.68,0.5566666666666666,-1.2866666666666666,-0.18999999999999997,0.7183333333333333,-0.5599999999999999,-0.03333333333333329,-1.3866666666666667,-0.5433333333333334,-1.8666666666666665,0.5850000000000001,-0.18333333333333335,0.8966666666666666,0
FLDQIIRDFRNFIYQ,0.032435878,-0.1735104173333333,0.30944814,-0.02626437333333335,0.0548740506666667,-0.19866666666666669,0.11600000000000003,-0.5026666666666666,0.194,-0.12266666666666666,0.17733333333333332,-0.19533333333333333,0.13666666666666671,-0.018666666666666675,-0.26066666666666666,0.0013333333333333493,0.0033333333333333327,-0.23200000000000004,0.13460000000000003,0.16320000000000004,0.5492666666666667,0.08239999999999999,-0.13946666666666666,0.23473333333333338,-0.04533333333333336,0.43000000000000005,0.29666666666666675,0.007333333333333355,-0.2913333333333334,-0.15333333333333338,0.037333333333333336,0.338,0.702,-0.5553333333333335,0.019999999999999983,0.47733333333333333,-0.21799999999999997,-0.06353333333333334,-0.07073333333333334,0.023666666666666666,-0.05593333333333333,-0.01846666666666667,0.9653333333333334,-0.12666666666666668,1.4602800000000002,2.12196,-0.14476000000000006,1.156,1.424,-0.6159999999999998,-0.3233333333333334,0.20533333333333328,-0.18133333333333337,0.42,0.13599999999999998,0.22546666666666668,-0.116,0.04333333333333334,-0.0962,-0.47159999999999996,-0.06766666666666668,0.047066666666666694,-0.1724,-0.0866,0.5045333333333334,-0.039333333333333324,0.052199999999999996,1.23586,-0.5695999999999999,0.63384,0.031266666666666686,-0.041246666666666654,0.43948666666666664,1.9357466666666667,-0.1050133333333333,-0.23735333333333333,1.7387733333333337,-0.27199333333333336,-2.202666666666667,0.6353333333333334,-0.03866666666666667,-0.1606666666666667,0.08600000000000003,0.146,0.5040000000000001,0.4639999999999999,-0.16133333333333333,-0.015333333333333353,0.14266666666666666,-0.15733333333333335,-0.06466666666666666,-0.4580000000000001,0.1993333333333333,-0.007999999999999986,-0.24399999999999997,0.24800000000000003,0.027333333333333338,-0.6400000000000001,0.75,-0.5326666666666667,-0.4233333333333332,0.15866666666666668,0
CKEKEHLLSGRCRD,0.3931427935714286,-0.16026273928571427,-0.4620099214285715,0.07328894285714285,0.0841967028571429,0.4457142857142857,-0.13571428571428576,-0.11642857142857144,0.006428571428571427,0.455,-0.0021428571428571573,-0.09142857142857143,0.20857142857142857,0.045,-0.11142857142857143,0.21285714285714283,-0.23714285714285718,0.16642857142857137,-0.4145714285714286,0.28035714285714286,-0.27821428571428575,0.022357142857142846,-0.10414285714285716,0.2199285714285715,-0.18142857142857144,0.002857142857142842,-0.17500000000000002,0.46642857142857136,-0.3485714285714286,-0.012857142857142827,0.3742857142857143,-0.06642857142857146,0.08714285714285715,0.6742857142857143,-0.2814285714285714,0.1342857142857143,-0.08785714285714286,0.08678571428571429,-0.07214285714285715,-0.06471428571428571,0.013214285714285704,-0.033357142857142856,-0.16071428571428564,0.5650000000000001,-3.1191071428571426,1.0709571428571427,-0.7304428571428572,-1.5507142857142855,0.6907142857142856,-0.15071428571428566,0.017857142857142856,0.1471428571428572,0.57,-0.20571428571428574,-0.2164285714285714,0.22657142857142856,-0.047214285714285716,-0.032357142857142855,-0.033142857142857154,-0.7790714285714284,-0.0292857142857143,-0.11792857142857142,-0.015357142857142849,-0.0102142857142857,-0.01542857142857146,0.4305,0.3072857142857143,0.2982642857142856,-0.7939571428571429,-0.9389642857142856,-0.030621428571428584,-0.1715857142857143,-0.06254285714285714,-0.21207857142857128,-1.1065,-0.32510000000000006,1.052842857142857,0.2623428571428571,-4.139285714285714,0.8942857142857142,-0.31142857142857144,0.125,0.5707142857142857,-0.5007142857142857,-0.0049999999999999645,0.009999999999999972,0.3492857142857143,-0.03714285714285721,0.3771428571428571,0.4964285714285714,0.022857142857142854,-0.7364285714285715,0.4021428571428572,0.36499999999999994,-0.21071428571428572,0.6364285714285715,0.03071428571428572,1.5607142857142857,-0.06357142857142858,-0.2842857142857143,-0.06928571428571428,-0.19357142857142853,0
NRRRHRHGMEELDLD,0.633195872,-0.29131775,0.009510733333333328,0.06162898666666664,0.3774605186666665,0.6746666666666667,0.16133333333333333,-0.4526666666666666,0.07666666666666667,0.20999999999999996,0.14333333333333328,0.01066666666666669,0.20999999999999996,-0.17666666666666667,0.023999999999999976,0.38266666666666665,-0.136,0.04466666666666662,-0.5785333333333331,0.3177333333333333,-0.01833333333333332,-0.02153333333333337,-0.030066666666666686,0.18813333333333332,-0.17066666666666663,0.28066666666666673,-0.18066666666666667,0.6480000000000001,-0.4573333333333333,0.17600000000000013,0.02866666666666665,0.21733333333333332,0.2046666666666667,0.6,-0.05666666666666667,0.13333333333333328,-0.10733333333333335,0.09853333333333335,-0.1318,-0.04933333333333334,0.013399999999999999,-0.002666666666666684,0.4680000000000001,0.6093333333333333,-3.9803933333333337,2.4164399999999997,-0.5959666666666668,-1.8793333333333337,1.772,-0.40933333333333327,-0.2706666666666667,0.22199999999999992,0.38266666666666665,-0.40733333333333344,-0.5073333333333334,0.22266666666666665,-0.12046666666666667,-0.0009333333333333267,-0.07106666666666667,-0.589,0.16153333333333333,-0.15446666666666667,-0.19920000000000002,0.15613333333333335,0.1958,0.4744,0.35453333333333326,0.5040466666666668,-1.19052,-0.19946666666666663,0.38033333333333336,-0.6142066666666666,-0.28002666666666653,0.9485800000000003,-1.4318400000000002,0.0006133333333333397,1.11298,0.2601733333333332,-2.9686666666666666,1.2713333333333336,-0.20666666666666675,-0.13800000000000004,0.38199999999999995,-0.5906666666666666,0.368,0.21533333333333332,0.5019999999999999,-0.19133333333333333,0.5166666666666665,0.732,0.11466666666666665,-0.5553333333333333,0.39333333333333337,0.15133333333333335,-0.33999999999999997,0.6833333333333333,0.18999999999999997,1.7926666666666662,0.7346666666666665,-0.7300000000000001,0.2193333333333332,0.16199999999999998,0
IFRHERPE,0.50863604375,-0.31096806374999997,0.8347806499999999,0.006234950000000017,0.48491460250000007,0.43749999999999994,0.19875,-0.5687500000000001,-0.03250000000000003,-0.0050000000000000044,-0.25,0.08250000000000002,0.11875000000000001,0.08750000000000001,-0.10375000000000001,0.19375,0.012499999999999983,-0.05750000000000002,-0.3827500000000001,0.348,0.233375,-0.13212500000000002,0.5509999999999999,0.29037500000000005,-0.21874999999999997,0.49124999999999996,-0.05999999999999994,0.42625,-0.48124999999999996,0.1875,0.026250000000000023,-0.03,0.5,0.09374999999999999,0.03749999999999999,0.355,-0.006250000000000019,0.03725000000000001,-0.140625,0.001999999999999995,-0.041749999999999995,0.04275000000000001,0.9312500000000001,0.3625,-1.7685624999999996,2.9757625,0.8722000000000001,-0.76125,2.0725000000000002,-0.21374999999999994,0.16250000000000003,-0.47875,-0.06624999999999996,-0.25125,-0.6175,0.227375,-0.053750000000000006,0.09587500000000002,-0.074875,-0.43174999999999997,-0.04374999999999998,-0.005374999999999991,-0.293,-0.1025,0.334,0.44937499999999997,0.132625,1.7236875,-0.6495500000000001,-0.18492499999999995,0.4780000000000001,-0.09336250000000007,0.17407500000000004,2.608975,-0.33572500000000005,0.09153750000000005,2.51215,-0.16748750000000004,-1.935,0.6687500000000001,-0.32499999999999996,-0.49750000000000005,-0.051250000000000004,-0.33999999999999997,0.46875,0.47625,0.1925,-0.02124999999999999,0.15125,0.45875,0.6975,-0.4175,0.13125000000000003,-0.07374999999999998,-0.12250000000000003,0.4675,-0.02499999999999998,0.7450000000000001,0.99375,-0.72125,0.275,0.11125000000000002,0
KSGSGSKR,0.4686338725,0.79040051,-1.1312691375000001,0.49832185000000007,0.29724883625000004,0.93875,-0.1125,0.2825,-0.14625,0.3025,0.55,0.44125,-0.027500000000000017,0.2525,-0.26625000000000004,0.18375,-0.45375,0.71,-0.73725,-0.6821249999999999,-0.682875,0.56775,-0.314375,0.31825000000000003,0.6112500000000001,-0.53125,0.11625,0.77625,0.11875000000000004,-0.5362500000000001,0.02375000000000002,0.09,-0.87,0.295,-0.5325,0.2125,-0.2875,0.21125,0.09987500000000002,-0.009250000000000001,-0.1345,-0.09925,-1.36375,0.61625,-6.8141,-1.5589,1.07865,-4.734999999999999,-1.06125,1.1199999999999999,1.0875,0.19499999999999998,0.7925000000000001,0.16875,0.47375,0.21187499999999998,0.060000000000000005,-0.05349999999999999,0.05837499999999998,-1.098,0.0315,-0.31725000000000003,0.09662499999999997,-0.10449999999999998,-1.113875,0.392,0.9804999999999999,2.2540249999999995,-1.8782,-2.3423999999999996,0.4871499999999999,1.3415,-0.32585000000000003,0.1571750000000003,-1.493225,-1.6452,4.805899999999999,2.23285,-6.06125,0.5250000000000001,-0.3424999999999999,0.1775,1.3450000000000002,-0.7775,-0.34875000000000006,-0.72875,0.775,0.35124999999999995,0.15750000000000003,0.8324999999999998,-0.1575,-1.03625,0.35375,0.5275,-0.5174999999999998,1.05125,-0.7000000000000002,2.4212499999999997,-0.8812499999999999,-0.5387500000000001,-0.10499999999999998,0.21250000000000002,0
YYGNGVYCTKNKCT,0.10573429999999998,0.5451606985714286,1.2697019285714286,-0.02130824999999999,1.0484596499999999,0.04785714285714287,0.07214285714285715,0.20500000000000004,0.31500000000000006,0.25142857142857145,0.11571428571428573,0.10214285714285716,-0.21642857142857141,0.029999999999999995,-0.12285714285714286,0.0507142857142857,-0.3092857142857142,0.24285714285714285,-0.25835714285714284,-0.5756428571428571,-0.16914285714285718,-0.11135714285714286,-0.553142857142857,0.20535714285714285,0.6199999999999999,-0.13357142857142856,0.4714285714285714,0.12714285714285714,0.18,-0.023571428571428577,0.4485714285714285,0.4635714285714286,-0.11071428571428574,0.2485714285714286,-0.13785714285714287,0.35642857142857143,-0.3571428571428571,0.04335714285714286,0.08064285714285716,0.09257142857142857,0.0002857142857142701,-0.12999999999999998,-0.44,0.22214285714285717,-1.2086500000000002,-0.35109285714285693,-0.6303714285714287,-0.8171428571428573,-0.6121428571428572,1.1928571428571428,0.007857142857142738,0.5657142857142857,0.24785714285714291,0.8114285714285713,0.07142857142857147,0.2124285714285715,0.02678571428571428,-0.008285714285714283,0.10428571428571425,-0.8110714285714284,-0.10742857142857146,0.024642857142857157,0.07792857142857143,-0.05035714285714284,-0.6079285714285715,-0.08792857142857145,0.20321428571428574,-1.220442857142857,0.7570428571428572,-0.35386428571428574,0.20606428571428564,0.2322714285714286,0.10260000000000001,-1.8638999999999994,-0.14812857142857142,-0.012071428571428542,-1.0858928571428572,0.47800000000000004,-4.422142857142856,-0.12357142857142857,0.0535714285714286,0.013571428571428611,0.8021428571428569,-0.175,-0.15285714285714283,-0.23428571428571424,0.3771428571428571,0.20071428571428568,0.17214285714285715,0.05857142857142848,-0.3721428571428572,-0.7964285714285716,0.1157142857142857,0.3178571428571429,-0.4714285714285714,0.28214285714285714,-0.30571428571428577,0.5535714285714285,-0.43714285714285717,0.2021428571428571,-0.30357142857142844,-0.5321428571428573,0
WASSIGSI,-0.59163173,0.43275685999999997,-1.0933848375000002,0.41058637499999995,-0.5718808849999999,-0.13125,-0.25999999999999995,0.39625,0.02499999999999998,-0.09874999999999998,0.475,0.1375,-0.19750000000000004,0.305,0.1375,-0.30374999999999996,-0.415,0.21,0.301125,-0.36774999999999997,-0.276875,0.55875,-0.268625,-0.1845,0.14625000000000002,-0.63625,0.26749999999999996,-0.28500000000000003,-0.46249999999999997,-0.19375,-0.8362499999999999,-0.06874999999999992,-0.6674999999999999,-0.60875,-0.5325,0.54875,-0.6675,-0.022374999999999985,0.17074999999999999,-0.041374999999999995,-0.0665,-0.027250000000000003,-1.0899999999999999,-0.3375,1.0876625000000004,-3.806375,0.5024625,0.12249999999999994,-2.5275,-0.2712500000000001,0.43125,0.06374999999999996,0.17375,0.42875,0.19500000000000003,0.22949999999999998,0.131625,-0.018374999999999996,0.09537499999999999,-1.01775,-0.46537500000000004,-0.5,-0.08675000000000001,-0.02324999999999998,-1.020625,0.209875,0.40625,1.6515124999999995,-1.3964875,-0.04902499999999993,-0.12720000000000004,0.829875,-0.40412499999999996,0.6301000000000003,-0.19290000000000002,-1.1615000000000002,2.3235875,1.6294624999999998,-5.60125,-1.0025,0.2725,0.265,1.16125,0.24749999999999997,-0.43,-0.6000000000000001,-0.34,-0.015000000000000006,-0.57875,-0.11000000000000004,-0.32500000000000007,-0.9962500000000001,-0.28625,0.7050000000000001,-0.3725,0.59,-0.5125,-0.335,-1.13875,0.19749999999999995,-0.42124999999999996,0.2325,0
VGMGKK,0.14923882333333335,0.06329130166666667,0.9003527166666666,0.2955009333333333,1.2287542866666665,0.315,-0.26,0.043333333333333335,-0.3316666666666667,0.02999999999999999,0.5183333333333333,0.48500000000000004,0.37166666666666665,0.011666666666666659,-0.041666666666666664,-0.39666666666666656,-0.36666666666666664,0.45999999999999996,-0.6050000000000001,-0.23383333333333325,-0.40599999999999997,0.5395,-0.465,0.13250000000000006,0.016666666666666663,-0.46833333333333327,0.1166666666666667,0.325,0.9633333333333334,-0.4583333333333333,0.6883333333333334,0.7883333333333332,-1.0016666666666667,0.5066666666666667,-0.5566666666666666,0.2316666666666667,-0.20000000000000004,0.06816666666666665,0.07350000000000004,-0.07966666666666666,-0.0815,-0.010666666666666666,-0.9950000000000001,-0.034999999999999996,-1.7862166666666663,-1.8090666666666664,1.5513000000000001,-1.8716666666666668,-1.691666666666667,1.075,0.805,-0.48166666666666663,1.4033333333333333,-0.023333333333333373,0.2733333333333334,0.214,0.12383333333333335,-0.04066666666666666,-0.15183333333333335,-1.087,0.009833333333333324,0.09316666666666666,0.296,-0.5036666666666667,-0.6204999999999999,0.2683333333333333,0.8435,-1.8597000000000001,0.23368333333333344,-1.9321000000000002,-0.2517000000000001,1.2708166666666667,0.40973333333333334,-4.80055,0.24896666666666667,-1.0770499999999998,-1.6934333333333338,0.37311666666666676,-6.0583333333333345,0.3833333333333333,-0.9466666666666667,0.8433333333333334,0.9616666666666666,-0.16166666666666663,-0.5183333333333334,-0.6,0.7083333333333331,0.445,-0.3866666666666667,1.0299999999999998,-0.5216666666666668,-1.0433333333333332,0.7316666666666666,0.7316666666666668,0.04666666666666671,0.4633333333333334,-0.66,0.5399999999999999,-1.533333333333333,-0.8883333333333333,0.405,-0.18999999999999995,0
IRKLK,0.588433006,-0.5420765359999999,0.6390744799999999,0.30901794,1.2194383520000003,0.08399999999999999,-0.376,-0.82,-0.42000000000000004,0.47000000000000003,0.20400000000000004,0.21200000000000002,0.158,-0.10400000000000001,-0.406,0.03200000000000001,0.16199999999999998,0.514,-0.2558,0.6372,0.5196000000000001,0.5952,-0.010000000000000004,1.0656,-0.446,0.55,0.4920000000000001,0.6799999999999999,0.05799999999999996,-0.96,0.67,-0.15999999999999998,0.07600000000000003,0.256,-0.578,0.396,0.358,0.007400000000000001,-0.19,-0.0668,-0.2754,-0.06380000000000001,1.0559999999999998,0.21000000000000002,-0.9833400000000001,4.2417,2.44576,-0.08600000000000012,2.7079999999999997,-0.318,1.9579999999999997,-0.5660000000000001,0.8019999999999999,0.4600000000000001,0.12599999999999997,0.24420000000000003,-0.009599999999999997,0.033999999999999996,-0.2964,-0.5356,-0.033600000000000005,0.05399999999999999,-0.0764,-0.41080000000000005,0.8876,0.38759999999999994,0.21340000000000003,2.06644,-2.24922,-0.023599999999999975,-1.25148,1.14906,0.44086,0.9583599999999999,-0.06292,-1.4565000000000001,2.8968800000000003,-0.04930000000000003,-2.7159999999999997,1.714,-1.036,0.6559999999999999,-0.13399999999999998,-0.23599999999999993,0.5559999999999998,0.6599999999999999,0.054000000000000006,1.07,-0.03400000000000003,0.8960000000000001,0.06799999999999999,-0.522,0.924,0.26,0.34800000000000003,0.236,0.10200000000000001,-0.014000000000000058,0.25,-2.336,0.6819999999999999,0.31,0
FYDLDLNVC,-0.26862612333333336,-0.012691729999999993,-0.6044063555555554,0.09245285555555562,-0.7741929255555555,-0.3533333333333333,-0.11888888888888889,-0.1255555555555556,0.43222222222222223,-0.13777777777777775,0.049999999999999996,-0.3955555555555556,0.11555555555555556,-0.12333333333333335,-0.19666666666666668,-0.11888888888888892,-0.2544444444444445,-0.35444444444444445,0.003999999999999991,0.04777777777777778,0.1676666666666667,0.1668888888888888,-0.204,-0.2885555555555556,0.08555555555555552,0.03888888888888886,-0.09222222222222223,-0.3566666666666667,-0.3055555555555556,-0.36888888888888893,-0.04444444444444446,0.23888888888888887,0.65,0.3744444444444444,-0.11666666666666664,0.24444444444444446,-0.4722222222222222,-0.061000000000000006,0.021111111111111112,-0.006777777777777784,0.032333333333333325,0.012555555555555554,0.1055555555555556,-0.2577777777777778,2.2217000000000002,-0.23985555555555552,-1.3361111111111112,1.4422222222222223,-0.21555555555555556,-0.7566666666666667,-1.1455555555555557,0.17444444444444446,-0.3277777777777778,0.3955555555555556,-0.037777777777777764,0.22833333333333336,-0.060777777777777785,-0.026888888888888893,-0.0064444444444444506,-0.7193333333333334,-0.18044444444444446,-0.016444444444444397,-0.038888888888888896,0.007666666666666692,0.19299999999999998,-0.2138888888888889,-0.14466666666666667,-1.1287999999999998,0.10161111111111115,1.091711111111111,-0.2319888888888889,-0.6305555555555556,0.2637444444444445,-0.4214666666666667,0.014511111111111055,0.27213333333333334,-1.5714777777777778,-0.2005333333333333,-3.703333333333334,-0.05444444444444442,0.26111111111111107,0.09333333333333332,0.4155555555555556,0.27777777777777785,0.12222222222222223,0.11444444444444445,-0.2755555555555556,-0.49666666666666665,0.11777777777777779,-0.3544444444444445,-0.20666666666666667,-0.6833333333333332,0.042222222222222223,0.23555555555555557,-0.38333333333333336,-0.011111111111111096,0.003333333333333336,-0.6733333333333333,0.10555555555555553,0.6244444444444445,-0.8444444444444444,0.0033333333333333114,0
MQPSPQACNSAMKN,0.11806789214285714,0.1793240907142857,-0.9673860571428572,0.04807777857142855,-0.4566219857142858,0.49571428571428566,-0.38499999999999995,-0.025714285714285717,-0.1157142857142857,0.1978571428571429,-0.09214285714285715,0.12071428571428573,-0.15785714285714286,0.030000000000000027,0.045000000000000005,-0.0792857142857143,-0.42928571428571427,0.13785714285714284,-0.2704285714285714,-0.1399285714285714,-0.48771428571428566,-0.11392857142857149,0.41271428571428576,-0.20164285714285718,0.06714285714285714,-0.395,-0.3314285714285714,0.12928571428571428,0.4907142857142856,0.17357142857142857,0.07928571428571429,-0.4692857142857143,0.014999999999999998,-0.5614285714285716,-0.4007142857142857,0.5585714285714286,-0.4764285714285715,0.08578571428571428,0.041214285714285724,-0.019714285714285712,0.03885714285714285,0.011214285714285715,-0.9135714285714285,-0.019999999999999987,-2.5546928571428573,-1.64895,0.07874285714285707,-1.770714285714286,-0.7414285714285712,0.005714285714285759,0.7442857142857144,0.09428571428571421,-0.4807142857142858,-0.5414285714285715,0.12000000000000001,0.22185714285714284,-0.0017857142857142852,-0.10992857142857144,0.06221428571428571,-1.011,-0.13114285714285714,-0.2259285714285714,0.09385714285714288,0.012500000000000002,-0.40064285714285713,0.19028571428571425,-0.011571428571428548,-1.0790142857142857,-0.37859999999999994,-0.8571857142857144,-0.38602142857142857,-0.17607142857142857,-0.37843571428571426,-1.428928571428571,-0.4033928571428572,0.16148571428571432,-0.6168000000000001,0.2615928571428571,-5.475714285714287,-0.2457142857142857,-0.16142857142857142,0.30642857142857144,0.6292857142857143,-0.24785714285714291,-0.4335714285714286,-0.36571428571428577,-0.019285714285714302,0.03999999999999999,0.046428571428571416,-0.11285714285714289,0.1814285714285715,-0.9457142857142856,0.09,0.5535714285714286,-0.14928571428571427,0.2835714285714286,-0.1307142857142857,0.6407142857142857,-0.22999999999999998,0.612857142857143,-0.07785714285714286,0.5842857142857143,0
AIAKKKG,0.3840334785714285,-0.4545696657142858,0.5135824999999999,0.5353702285714286,1.0760037571428571,0.4242857142857143,-0.41714285714285715,-0.05285714285714287,-0.29714285714285715,0.25571428571428567,0.3071428571428571,0.43285714285714283,0.1942857142857143,0.4357142857142858,-0.20571428571428568,-0.2771428571428571,-0.32428571428571423,0.5614285714285714,-0.34685714285714286,0.23928571428571432,-0.2871428571428571,0.8194285714285715,-0.24171428571428574,0.22171428571428578,-0.48714285714285716,-0.42857142857142866,-0.15285714285714283,0.5185714285714286,0.3314285714285714,-0.9285714285714287,0.5057142857142857,0.3528571428571428,-0.28857142857142853,-0.06857142857142852,-0.6014285714285713,0.17,-0.06285714285714286,0.08714285714285715,-0.01657142857142857,-0.17057142857142857,-0.1757142857142857,0.04,-0.9385714285714285,0.04571428571428572,-3.0098,-0.9751714285714284,2.3865857142857143,-2.0414285714285714,-0.7614285714285715,-0.0671428571428571,1.7342857142857144,-0.7314285714285714,1.282857142857143,0.011428571428571446,0.5028571428571429,0.22785714285714284,0.1362857142857143,-0.02071428571428571,-0.22328571428571428,-1.035,-0.26785714285714285,-0.12800000000000003,0.10785714285714285,-0.459,-0.5215714285714286,0.30971428571428566,0.837,-1.832385714285714,-0.611542857142857,-0.6444857142857143,-0.28321428571428564,1.7696714285714286,0.5042571428571427,-4.260357142857143,0.5134142857142857,-1.2685857142857142,-1.5262285714285715,0.5916571428571429,-5.8357142857142845,0.32428571428571423,-0.5828571428571429,0.78,0.99,-0.3057142857142857,-0.2557142857142858,-0.41857142857142865,0.14857142857142855,0.6757142857142856,-0.3714285714285715,1.0657142857142856,-0.2914285714285714,-1.0171428571428571,0.53,0.6785714285714286,-0.23142857142857137,0.36428571428571427,-0.6457142857142857,0.7871428571428571,-1.1085714285714285,-1.0885714285714285,0.3614285714285714,0.4871428571428572,0
GSQLVYREWVGHSNV,-0.09871272999999997,0.25619605999999995,-0.4417857733333334,0.2576358133333333,-0.2316641053333333,0.11133333333333338,0.0933333333333333,-0.07533333333333335,0.05600000000000001,-0.03333333333333333,0.27466666666666667,0.1413333333333333,-0.014000000000000007,0.098,0.23866666666666667,-0.030666666666666665,-0.2913333333333333,0.05333333333333333,-0.5173333333333334,-0.17553333333333335,-0.07993333333333336,0.2927333333333333,-0.2774666666666667,0.1232,0.13266666666666665,-0.1653333333333333,0.35,0.088,-0.036666666666666625,-0.18933333333333333,-0.28800000000000003,0.22999999999999998,-0.43066666666666664,0.11,-0.17933333333333337,0.476,-0.454,0.008466666666666667,0.0546,-0.011333333333333334,-0.042866666666666685,-0.060933333333333346,-0.27466666666666667,0.05533333333333334,-0.45669999999999966,-0.9525666666666666,0.010440000000000005,-0.38266666666666677,-0.6533333333333332,0.11933333333333328,0.10066666666666663,0.1013333333333333,0.4740000000000001,0.46933333333333344,-0.3173333333333333,0.22173333333333334,0.023266666666666665,-0.006733333333333332,0.008133333333333324,-0.7934,-0.14900000000000002,-0.19580000000000003,-0.10313333333333334,-0.024333333333333332,-0.5354,0.1971333333333333,0.4240666666666666,0.5904133333333335,-0.6834533333333336,-0.1778,0.6594466666666664,0.08530666666666663,-0.2940933333333334,0.31718000000000035,-0.31002666666666673,-0.44394000000000006,0.7080066666666666,0.5864333333333334,-4.113999999999999,-0.17466666666666666,0.15133333333333338,-0.07399999999999997,0.7766666666666666,-0.06799999999999999,-0.13933333333333334,-0.2046666666666667,0.09066666666666665,-0.006666666666666682,-0.22799999999999995,0.25333333333333324,-0.2833333333333333,-0.7580000000000001,-0.03599999999999998,0.3446666666666667,-0.49466666666666664,0.4086666666666667,-0.26933333333333337,0.2553333333333333,-0.418,-0.388,-0.2566666666666666,0.015999999999999973,0
ALGALFKVASKV,-0.3700367150000001,-0.42493234666666674,-0.5640482000000001,0.8742611499999998,-0.13842308583333332,-0.20750000000000002,-0.5241666666666668,-0.0991666666666667,-0.07416666666666667,0.02666666666666666,0.31583333333333335,0.32,0.051666666666666645,0.4266666666666667,-0.05916666666666665,-0.5666666666666667,-0.3516666666666666,0.22083333333333333,-0.15583333333333335,0.34833333333333333,-0.19933333333333328,1.0393333333333334,-0.05025000000000001,0.08991666666666666,-0.5716666666666667,-0.5708333333333333,-0.016666666666666646,-0.13166666666666674,0.024999999999999984,-1.0541666666666667,0.13166666666666663,0.0425,-0.10583333333333332,0.22583333333333333,-0.5866666666666667,0.41333333333333333,-0.3525,-0.040333333333333346,0.06741666666666667,-0.19866666666666666,-0.14658333333333332,0.03508333333333332,-0.9416666666666668,-0.5874999999999999,1.2004083333333335,-2.866075,1.2689416666666666,0.6508333333333333,-1.9725000000000001,-0.7158333333333333,1.1466666666666665,-0.5599999999999999,0.7433333333333335,-0.0625,0.3716666666666666,0.23958333333333337,0.16408333333333336,-0.028833333333333332,-0.11275,-1.0656666666666668,-0.39433333333333337,-0.15683333333333332,0.11441666666666667,-0.47041666666666665,-0.6037500000000001,0.11466666666666665,0.58075,-1.481983333333333,-0.5653833333333333,-0.0734416666666667,-0.14413333333333336,1.2056833333333332,0.16895833333333332,-3.200733333333334,0.78125,-1.0935333333333332,-1.5720083333333335,0.9076666666666666,-5.8808333333333325,-0.36083333333333334,-0.165,0.6958333333333334,0.9791666666666665,0.25,-0.45083333333333336,-0.41750000000000004,-0.4058333333333333,0.3016666666666667,-0.63,0.3383333333333332,-0.3258333333333333,-1.0308333333333335,0.22666666666666668,0.6633333333333334,-0.42999999999999994,-0.07333333333333335,-0.5933333333333334,-0.6849999999999999,-1.3541666666666667,-0.5558333333333333,-0.18749999999999997,0.48583333333333334,0
VPDAIMAG,-0.44589062874999996,-0.11468907750000004,-0.2016714249999999,0.6222339375,-0.2618550862500001,-0.013749999999999957,-0.66125,0.14125,-0.047500000000000014,-0.4075,0.04624999999999996,0.2125,0.17250000000000001,0.20375000000000004,0.1875,-0.6712499999999999,-0.5325,-0.044999999999999984,-0.05225000000000002,-0.07899999999999996,-0.463375,0.5683750000000001,0.27262499999999995,-0.502,-0.23625000000000002,-0.8174999999999999,-0.18624999999999994,-0.3175,0.019999999999999962,-0.15375,-0.2425,0.13125,-0.10125,-0.11750000000000001,-0.5874999999999999,0.30874999999999997,-0.5875,-0.019500000000000003,0.140625,-0.12637500000000002,-0.015000000000000005,0.084875,-1.40375,-0.6837500000000001,1.0477000000000003,-4.553675,1.1832000000000003,0.050000000000000155,-3.05125,-0.6837500000000001,0.13624999999999998,-0.49750000000000005,-0.03999999999999998,-0.23874999999999993,0.20875,0.21937500000000001,0.166375,-0.09862499999999999,-0.0875,-1.189375,-0.43325,-0.28774999999999995,0.1745,-0.317125,-0.823,0.074625,0.26774999999999993,-4.042037499999999,0.09108749999999999,0.12874999999999998,-0.269775,0.4182625,0.12484999999999999,-5.25985,0.776025,-0.05713750000000001,-4.9005,0.794725,-6.59875,-0.9375,-0.026249999999999968,0.77625,1.00125,0.27625000000000005,-0.605,-0.71,-0.40375000000000005,-0.30375,-0.7424999999999999,0.16374999999999995,0.12250000000000005,-1.1375,0.02124999999999999,0.8,-0.3524999999999999,-0.11625000000000002,-0.55,-0.56,-1.5112499999999998,0.31875,-0.32625,0.5287499999999999,0
PIKHQGLPQEVL,0.06379879916666668,0.018812248333333347,-0.7518001083333332,0.2841628583333333,-0.4968827766666666,0.22666666666666666,-0.24416666666666667,-0.38916666666666666,-0.2208333333333333,-0.19000000000000003,-0.22166666666666668,0.16583333333333333,0.125,-0.013333333333333341,0.18333333333333335,-0.20583333333333334,-0.2808333333333333,-0.06916666666666665,-0.2660833333333333,0.018750000000000034,-0.060666666666666674,0.39749999999999996,0.6168333333333332,-0.11216666666666665,-0.09249999999999999,-0.12333333333333334,-0.09666666666666666,0.026666666666666655,0.3966666666666667,-0.41,0.2466666666666666,-0.32,0.09666666666666666,-0.16000000000000003,-0.28250000000000003,0.55,-0.32666666666666666,0.015666666666666662,0.01775,-0.03275000000000001,-0.09741666666666667,0.07591666666666667,-0.25083333333333335,-0.06833333333333332,-0.23314999999999989,-0.8237083333333332,2.03475,-0.6683333333333334,-0.46083333333333326,-0.03916666666666672,0.5724999999999999,-0.9033333333333332,0.04416666666666663,0.08249999999999998,-0.415,0.22058333333333335,0.04475000000000001,-0.03875000000000001,-0.15383333333333332,-0.8495000000000003,-0.23508333333333334,-0.10883333333333334,-0.09574999999999999,-0.24291666666666667,0.05124999999999996,0.1535833333333333,0.09466666666666664,-1.4681500000000003,-0.6992249999999999,0.32516666666666655,0.18525833333333333,0.17332499999999998,0.14888333333333334,-1.4262249999999999,0.6589499999999999,0.004991666666666672,-2.227466666666667,-0.619225,-4.361666666666667,-0.22166666666666676,-0.21999999999999997,0.2225,0.3041666666666667,0.024166666666666708,-0.1416666666666667,-0.10416666666666667,-0.10500000000000002,0.048333333333333305,-0.5824999999999999,0.3716666666666666,0.3633333333333333,-0.7899999999999999,0.0625,0.3525,-0.1125,0.09500000000000007,-0.2833333333333334,-0.4116666666666668,-0.5325,-0.6175,-0.24,0.5841666666666666,0
HFGRCPSHLIKGSCS,-0.21141317333333332,0.46258739133333343,-0.9176484866666667,0.06392141999999999,-0.06738494333333325,0.13599999999999995,-0.10933333333333332,0.20066666666666666,0.29066666666666663,0.24000000000000002,-0.03266666666666671,0.2646666666666666,0.023333333333333324,0.038,-0.060000000000000005,-0.1593333333333333,-0.322,0.31533333333333335,0.03380000000000002,-0.34306666666666674,-0.4233333333333334,-0.018733333333333366,0.017133333333333327,0.1262666666666667,0.31533333333333335,-0.3546666666666667,0.10266666666666668,-0.07200000000000002,0.08133333333333338,0.05933333333333334,-0.034666666666666665,-0.07266666666666666,0.10666666666666669,0.3766666666666666,-0.31400000000000006,0.4406666666666667,-0.4233333333333333,0.0302,0.09893333333333333,0.021199999999999997,0.016866666666666662,-0.05773333333333334,-0.7966666666666666,0.09800000000000002,-0.38184666666666656,-1.59992,-0.2511133333333333,-0.5353333333333334,-1.3853333333333333,0.9199999999999999,0.4133333333333334,0.3933333333333333,-0.011333333333333284,-0.18600000000000008,-0.25333333333333335,0.21800000000000008,0.07893333333333334,0.014000000000000004,0.07833333333333334,-0.9307333333333333,-0.12300000000000001,-0.11380000000000003,0.0026666666666666718,-0.1654666666666667,-0.6013333333333333,0.37340000000000007,0.2710666666666667,0.5450733333333332,-0.03557333333333326,-0.8381000000000001,0.015166666666666655,0.5717933333333335,-0.5527799999999999,-0.2829066666666664,-0.036680000000000074,-0.45542,1.2418200000000001,0.8930866666666667,-5.057999999999999,-0.4640000000000001,-0.2326666666666666,0.014000000000000014,0.7726666666666666,-0.07866666666666665,-0.4640000000000001,-0.37266666666666665,0.1766666666666666,0.19666666666666668,0.10066666666666665,0.13799999999999993,0.1426666666666666,-0.8973333333333334,-0.06199999999999997,0.5026666666666666,-0.13,0.644,-0.3953333333333333,0.6433333333333334,-0.5466666666666666,0.39333333333333326,0.36733333333333335,-0.08333333333333333,0
TPKIACKNGD,0.22578708799999997,0.26840656499999993,0.11612309000000001,0.23349904000000002,0.33879614799999996,0.48,-0.4250000000000001,0.22899999999999995,0.019999999999999997,0.04700000000000002,0.0009999999999999556,0.03199999999999999,-0.06899999999999998,-0.022999999999999986,-0.168,-0.07200000000000002,-0.458,0.213,-0.29969999999999997,-0.35679999999999995,-0.4890999999999999,0.1577,0.07810000000000003,-0.14009999999999997,0.265,-0.43600000000000005,-0.10600000000000001,0.26499999999999996,0.10400000000000001,-0.14100000000000001,0.30399999999999994,0.019000000000000017,0.142,-0.06200000000000001,-0.4389999999999999,0.195,-0.38,0.1026,0.0677,-0.011,-0.030500000000000006,-0.0037000000000000062,-1.052,0.193,-2.9538999999999995,-1.63013,0.79366,-2.189,-1.1260000000000001,0.23099999999999996,0.34800000000000003,-0.06800000000000006,-0.053000000000000026,0.231,0.18,0.21459999999999999,0.06749999999999998,-0.09129999999999998,-0.03509999999999999,-1.0370000000000001,-0.3176,-0.2842,0.0851,-0.0799,-0.4553,0.1488,0.1376,-2.9258800000000003,-0.13967999999999997,-0.015239999999999965,-0.30203,0.56999,0.11356000000000002,-3.6295899999999994,0.07196999999999995,0.043300000000000005,-3.0816300000000005,0.38205,-5.6850000000000005,-0.20500000000000002,-0.022,0.414,0.85,-0.32,-0.30600000000000005,-0.457,0.061999999999999986,-0.023000000000000086,-0.03499999999999999,0.36399999999999993,0.18300000000000002,-0.9870000000000001,0.11099999999999999,0.538,-0.39699999999999996,0.248,-0.391,0.994,-0.736,0.1709999999999999,-0.301,0.31100000000000005,0
LIWKLLSK,-0.18206361375000002,-0.4027182025,-0.6754604125000001,0.2723850625,-0.18186635375,-0.51875,-0.245,-0.42625,-0.39,0.18125000000000002,0.28500000000000003,0.01124999999999999,-0.03625000000000001,-0.11375,-0.1475,-0.24625,0.05250000000000002,0.15,0.337375,0.5177499999999999,0.55975,0.79175,0.037375000000000005,0.23375,-0.4275,0.31249999999999994,0.0062500000000000056,-0.22750000000000004,-0.06,-1.1525,0.2475,-0.435,-0.27749999999999997,0.1725,-0.49375,0.5925,-0.125,-0.09562500000000002,-0.06262500000000001,-0.074625,-0.20650000000000002,0.06974999999999999,0.72875,-0.35749999999999993,3.4536875,1.3207250000000001,1.918025,2.08,0.785,-0.5150000000000001,0.96,-0.9987499999999999,0.5862499999999999,0.3175,0.06624999999999998,0.248875,0.049625,0.051875000000000004,-0.165375,-0.5951249999999999,-0.241125,-0.037250000000000026,-0.20199999999999999,-0.29275000000000007,0.5566249999999999,0.17500000000000004,0.053750000000000006,2.180175,-1.6737125,1.1352875,-1.244675,0.7111875,0.21818749999999998,1.7167000000000001,0.7094374999999999,-1.2095,1.8011875000000002,-0.3807624999999999,-3.0349999999999997,0.24,-0.54875,0.5549999999999999,0.058750000000000024,0.48000000000000004,0.33375,0.4375,-0.2825,0.58375,-0.53,0.21125,-0.30874999999999997,-0.59375,0.36750000000000005,0.40375000000000005,0.335,0.09874999999999998,-0.05125,-1.7650000000000001,-0.12250000000000005,-1.1775000000000002,0.25375,0.31000000000000005,0
CRSQEYRIGRCPN,0.28908087,0.413696703076923,0.20954641538461521,0.03179479230769232,0.5213553538461538,0.37846153846153846,-0.09615384615384619,0.010769230769230774,0.03000000000000002,0.42538461538461547,-0.10153846153846156,0.0923076923076923,0.07384615384615384,-0.019230769230769214,-0.08923076923076924,0.14846153846153845,-0.17769230769230765,0.20076923076923076,-0.321923076923077,-0.2630769230769231,-0.21999999999999995,-0.29576923076923084,-0.013307692307692302,0.46761538461538465,0.3923076923076923,0.026153846153846177,0.3630769230769231,0.3669230769230769,-0.48615384615384627,0.4553846153846154,0.39846153846153853,-0.09230769230769229,0.18384615384615383,-0.03769230769230766,-0.21384615384615385,0.3607692307692308,-0.1,0.07461538461538463,-0.004692307692307691,0.07215384615384615,0.00846153846153845,-0.12369230769230771,-0.08461538461538455,0.4338461538461539,-2.6704692307692306,1.0127076923076925,-0.5517153846153845,-1.3407692307692305,0.53,0.713076923076923,0.18384615384615385,0.6615384615384615,0.04846153846153848,0.2753846153846154,-0.19153846153846152,0.2150769230769231,-0.03869230769230769,-0.033846153846153845,0.04184615384615385,-0.7400769230769231,-0.00038461538461539405,-0.10861538461538461,0.049384615384615374,-0.055307692307692294,-0.33776923076923077,0.336,0.2125384615384615,0.5854923076923074,-0.7390846153846156,-1.0887230769230767,0.17616153846153845,-0.22921538461538468,-0.3729307692307691,0.2990153846153847,-1.0663000000000002,-0.19646153846153855,1.7530999999999999,1.0270461538461537,-3.8453846153846154,0.6153846153846154,-0.17230769230769233,-0.06230769230769232,0.573076923076923,-0.4576923076923078,0.03307692307692308,-0.0015384615384615142,0.4192307692307692,0.15384615384615385,0.33076923076923076,0.16769230769230767,0.19999999999999998,-0.6946153846153844,0.26,0.26000000000000006,-0.34846153846153843,0.5346153846153845,-0.018461538461538467,1.2692307692307692,0.18384615384615394,-0.1107692307692308,-0.11615384615384615,-0.2084615384615384,0
SKVLGVG,-0.4080506214285714,0.3710863071428571,-0.5941221857142859,0.8904048571428571,-0.044064784285714254,0.0014285714285714615,-0.4957142857142857,0.13428571428571426,-0.05714285714285715,-0.17857142857142858,0.5257142857142857,0.39571428571428574,0.18,0.12571428571428572,0.09999999999999999,-0.5214285714285715,-0.5071428571428572,0.2899999999999999,-0.5365714285714286,-0.3564285714285714,-0.4778571428571428,1.047,-0.32657142857142857,0.10457142857142857,0.12428571428571426,-0.7999999999999999,0.47285714285714286,-0.014285714285714278,0.28285714285714286,-0.8485714285714286,0.10285714285714286,0.4071428571428571,-0.7485714285714286,0.5028571428571429,-0.667142857142857,0.3471428571428571,-0.45999999999999996,0.008999999999999992,0.18757142857142858,-0.10657142857142857,-0.14614285714285713,-0.05757142857142859,-1.4714285714285715,-0.33000000000000007,0.05774285714285732,-4.216942857142857,1.3427714285714285,-0.7314285714285715,-3.16,0.2999999999999999,0.6857142857142856,-0.3485714285714286,1.0114285714285713,0.6385714285714287,0.004285714285714303,0.225,0.18657142857142858,-0.08114285714285714,-0.089,-1.2324285714285714,-0.32385714285714284,-0.22857142857142856,0.22557142857142856,-0.4344285714285715,-0.9258571428571428,0.10771428571428573,0.7322857142857142,-1.7482000000000002,-0.9130142857142859,-0.7969714285714284,0.20864285714285707,1.1961571428571427,0.003757142857142848,-3.993042857142857,0.29795714285714286,-1.2685142857142857,-1.8165714285714287,1.2791714285714286,-6.767142857142857,-0.33285714285714285,-0.16857142857142854,0.7700000000000001,1.2642857142857142,0.09142857142857148,-0.7128571428571429,-0.8014285714285714,0.04714285714285712,0.1314285714285714,-0.7985714285714286,0.6585714285714285,-0.44571428571428573,-1.1600000000000001,0.2671428571428572,0.7585714285714287,-0.49571428571428566,0.18714285714285714,-0.7442857142857144,-0.09714285714285723,-2.1257142857142854,-0.7414285714285713,-0.5657142857142856,0.1457142857142857,0
LGLAL,-0.8064388939999999,-0.522176364,-0.78336378,1.28257142,-0.163417722,-0.6599999999999999,-0.6659999999999999,-0.076,-0.084,-0.044,0.48,0.44000000000000006,0.25399999999999995,0.01000000000000002,0.10200000000000001,-0.908,-0.33399999999999996,0.016000000000000004,0.7203999999999999,0.39719999999999994,-0.1112,1.6656,0.11120000000000001,-0.4338,-0.644,-0.726,-0.384,-0.7460000000000001,-0.4960000000000001,-1.408,0.8,-2.2204460492503132e-17,-0.020000000000000007,0.554,-0.6519999999999999,0.41600000000000004,-0.37,-0.11500000000000002,0.15000000000000002,-0.25880000000000003,-0.16860000000000003,0.181,-1.076,-1.044,4.50802,-4.679659999999999,1.6377400000000002,2.2960000000000003,-3.53,-0.616,0.44799999999999995,-1.16,1.2200000000000002,-0.244,-0.13399999999999998,0.2484,0.21739999999999998,-0.041400000000000006,-0.1742,-1.1747999999999998,-0.38920000000000005,-0.1394,0.1266,-0.6128,-0.4942000000000001,-0.04760000000000002,0.6712,-3.6703400000000004,-1.1210799999999999,1.3062999999999998,-0.3857000000000001,0.7214399999999999,-0.009339999999999998,-5.4124,1.14902,-1.2141800000000003,-5.28336,0.9034000000000001,-6.572,-0.39999999999999997,-0.192,1.2280000000000002,1.1139999999999999,0.806,-0.48600000000000004,-0.5800000000000001,-0.2080000000000001,0.029999999999999992,-1.24,0.522,-0.736,-1.1280000000000001,0.378,0.8619999999999999,-0.41,-0.242,-0.5920000000000002,-2.1100000000000003,-2.056,-0.702,-0.624,0.688,0
ILKRILIK,-0.06943908374999996,-0.59879526875,0.7442029625,0.44965536250000004,0.85224839125,-0.4887500000000001,-0.625,-0.8125,-0.18875,0.14750000000000002,0.24000000000000002,0.11374999999999999,0.16749999999999998,-0.17500000000000002,-0.20375000000000001,-0.32749999999999996,0.0925,0.24625000000000002,0.37112500000000004,0.67325,0.614875,0.7935,0.011750000000000007,0.755125,-0.59125,0.30374999999999996,0.7250000000000001,0.095,-0.1675,-0.8487500000000001,0.33124999999999993,-0.0675,0.26875000000000004,-0.16875,-0.6812499999999999,0.5449999999999999,0.14125,-0.11699999999999999,-0.09875,-0.09687499999999999,-0.25512500000000005,-0.04087500000000001,0.8525,-0.3737499999999999,3.339875,1.9673000000000003,2.220375,2.31125,1.09375,-1.0350000000000001,1.5750000000000002,-0.6512500000000001,0.5199999999999999,0.7737499999999999,-0.21500000000000005,0.256,0.04737500000000001,0.0205,-0.2955,-0.63425,-0.320875,-0.04875,-0.079375,-0.43537500000000007,0.955625,0.17887500000000003,-0.07375000000000001,0.7967999999999998,-2.2552375,1.1053125,-1.602275,0.926925,0.4928625,-0.05280000000000007,0.5453625,-1.3225375000000001,0.5577875000000001,-0.2705625,-3.3074999999999997,1.03625,-0.74625,0.9412499999999999,-0.13375,0.34,0.32125,0.5325,-0.51625,0.77125,-0.5950000000000001,0.5299999999999999,-0.0675,-0.61875,0.6912499999999999,0.4425,0.4,-0.02625000000000005,0.1475,-1.5162499999999999,-0.43875000000000003,-2.0737500000000004,0.12624999999999997,0.36375,0
LKNLGKVGLG,-0.09368199600000002,0.14229600099999998,0.12980123999999996,0.74513754,0.642252837,0.098,-0.316,0.027000000000000003,-0.08700000000000001,-0.04,0.578,0.43599999999999994,0.277,-0.188,-0.05700000000000001,-0.43200000000000005,-0.37100000000000005,0.263,-0.21300000000000002,-0.25229999999999997,-0.26880000000000004,1.0694,-0.2843,-0.11139999999999997,0.09799999999999995,-0.502,0.005000000000000013,0.0029999999999999723,0.24100000000000005,-1.016,0.7979999999999999,0.593,-0.3949999999999999,0.429,-0.5029999999999999,0.24699999999999997,-0.277,0.03199999999999999,0.12360000000000002,-0.1025,-0.1496,0.05279999999999999,-1.0050000000000001,-0.219,-0.3040299999999999,-2.62451,1.68387,-0.9640000000000004,-2.224,0.6659999999999999,0.508,-0.72,1.311,0.4,-0.244,0.22830000000000003,0.1359,-0.0436,-0.1631,-1.1038999999999999,-0.1651,-0.082,0.15009999999999998,-0.44769999999999993,-0.48650000000000004,0.07010000000000002,0.7807999999999999,-2.7279899999999997,-0.80881,0.02650999999999999,-0.0026800000000001046,1.02887,0.1115,-4.607419999999999,0.47973,-1.0966099999999999,-3.3653,0.6161100000000002,-6.064,0.16100000000000003,-0.37699999999999995,0.8300000000000001,1.0799999999999998,0.09100000000000005,-0.39,-0.595,0.48200000000000004,0.20199999999999996,-0.686,1.002,-0.645,-1.045,0.49000000000000005,0.654,-0.38,0.25399999999999995,-0.656,-0.16500000000000012,-1.532,-0.8870000000000001,-0.36399999999999993,0.359,0
HDSGYEVHHQKLV,0.16415894384615376,-0.061843712307692304,-0.9689100923076924,-0.05542296153846155,-0.5404574276923076,0.33076923076923076,0.25307692307692303,-0.38384615384615384,0.3323076923076923,-0.04153846153846154,-0.03923076923076922,0.054615384615384614,0.07615384615384616,0.15461538461538463,0.29769230769230764,0.17461538461538462,-0.3223076923076923,0.006153846153846159,-0.5814615384615384,0.12107692307692307,-0.07669230769230771,0.07561538461538458,-0.14446153846153847,0.001076923076923078,-0.13692307692307693,-0.03000000000000002,0.029230769230769223,0.2630769230769231,0.42923076923076925,-0.18000000000000002,-0.5461538461538462,0.23615384615384613,0.010769230769230757,0.5176923076923077,-0.01692307692307697,0.38384615384615384,-0.4823076923076923,0.03430769230769231,-0.027538461538461536,-0.040999999999999995,0.009230769230769235,-0.024307692307692308,-0.10923076923076926,0.35000000000000003,-1.4943461538461533,0.08212307692307697,-0.30714615384615385,-0.8792307692307697,0.2023076923076924,-0.2684615384615384,0.05307692307692305,0.04076923076923074,0.2561538461538462,0.012307692307692285,-0.5892307692307693,0.21853846153846154,-0.036153846153846154,0.01907692307692308,-0.03892307692307692,-0.7190769230769233,-0.06253846153846156,-0.11023076923076922,-0.2529230769230769,0.10923076923076926,-0.12384615384615386,0.24730769230769228,0.26638461538461533,0.17873076923076917,-0.13747692307692302,0.13822307692307692,0.8245692307692306,-0.1557769230769231,-0.15393846153846152,0.5255692307692309,-0.20417692307692314,0.09879230769230771,-0.06455384615384621,-0.479676923076923,-3.7223076923076923,-0.09461538461538463,0.09384615384615386,-0.2946153846153846,0.49461538461538457,-0.24076923076923076,-0.10923076923076923,-0.06384615384615389,-0.010769230769230812,-0.09538461538461541,0.09538461538461537,0.3976923076923077,-0.013846153846153843,-0.6938461538461538,-0.12384615384615384,0.26,-0.31384615384615383,0.5515384615384614,-0.11615384615384618,0.8446153846153847,-0.06461538461538462,-0.3046153846153846,0.13538461538461533,0.10461538461538461,0
NLTKGGSKILTTGL,-0.08306476142857143,0.25220131928571426,0.4181576142857142,0.71402955,0.6995516528571428,0.1471428571428571,-0.40714285714285714,0.07857142857142854,-0.01857142857142858,-0.010000000000000004,0.5414285714285715,0.2378571428571429,-0.2664285714285714,-0.09142857142857141,-0.06571428571428573,-0.18928571428571428,-0.43357142857142855,0.30500000000000005,0.009642857142857095,-0.33778571428571436,-0.34407142857142853,0.857642857142857,-0.17314285714285713,-0.0044285714285714145,0.1842857142857143,-0.5464285714285715,0.2564285714285714,0.14071428571428565,0.06142857142857139,-0.6514285714285715,0.5035714285714287,0.1271428571428571,-0.3914285714285714,0.15714285714285717,-0.5342857142857144,0.40499999999999986,-0.4364285714285714,0.046,0.13214285714285715,-0.07042857142857144,-0.13992857142857146,-0.021285714285714297,-1.0585714285714285,-0.07285714285714283,-1.3202785714285719,-2.810621428571429,1.2441214285714286,-1.3335714285714286,-2.0664285714285713,0.26357142857142846,0.64,-0.24499999999999997,0.5807142857142856,0.465,0.18714285714285714,0.2268571428571429,0.12092857142857143,-0.0755,-0.015285714285714291,-1.0869285714285715,-0.3473571428571428,-0.32100000000000006,0.061642857142857124,-0.15392857142857144,-0.5326428571428572,0.021928571428571433,0.39171428571428574,-2.2032285714285713,-0.9841071428571428,0.1932000000000001,-0.17217857142857146,0.9924571428571427,0.12183571428571427,-3.4921785714285707,-0.014164285714285725,-0.7515999999999999,-2.5475571428571433,0.7182214285714287,-6.026428571428572,-0.017142857142857165,-0.013571428571428528,0.6685714285714285,1.0385714285714285,-0.01928571428571427,-0.3935714285714286,-0.5857142857142856,0.09571428571428563,0.11428571428571425,-0.4878571428571428,0.5064285714285715,-0.3764285714285714,-1.0392857142857141,0.26,0.6114285714285714,-0.5135714285714285,0.2078571428571429,-0.5064285714285715,0.12071428571428562,-1.5728571428571427,-0.8035714285714287,-0.6714285714285715,0.23857142857142857,0
KVFKLASKV,-0.002580447777777822,-0.4134646011111111,-0.5105230777777778,0.5291593333333333,-0.09716399555555554,-0.10555555555555556,-0.4222222222222223,-0.43333333333333335,-0.18444444444444447,0.13111111111111107,0.21999999999999997,0.15666666666666665,-0.018888888888888896,0.3344444444444445,-0.2711111111111111,-0.2777777777777778,-0.1811111111111111,0.3088888888888889,-0.5184444444444445,0.46677777777777774,0.096,0.7664444444444444,-0.03544444444444445,0.5247777777777779,-0.5,-0.08111111111111116,0.22000000000000003,0.21333333333333332,0.46111111111111114,-1.1722222222222225,0.0944444444444444,-0.1122222222222222,-0.10666666666666666,0.32,-0.56,0.46666666666666656,-0.16444444444444445,-0.02311111111111112,-0.04200000000000001,-0.13211111111111112,-0.19444444444444445,-0.031111111111111114,-0.11777777777777773,-0.26333333333333336,0.3529888888888891,0.12621111111111116,1.5466000000000002,0.3288888888888888,0.14,-0.6777777777777778,1.5644444444444443,-0.5733333333333334,0.51,0.21666666666666667,0.44555555555555565,0.2426666666666667,0.08166666666666667,0.00044444444444444794,-0.14655555555555555,-0.8353333333333333,-0.2786666666666667,-0.020555555555555566,0.03555555555555555,-0.41744444444444445,0.057333333333333285,0.15533333333333335,0.2985555555555556,0.8475,-0.8670444444444444,-0.40302222222222217,-0.5680888888888889,1.2989222222222223,0.43972222222222224,-0.47461111111111126,0.5928888888888889,-1.1653111111111112,1.4228444444444444,0.16542222222222225,-4.438888888888888,0.2444444444444444,-0.4799999999999999,0.4977777777777778,0.4166666666666667,0.04111111111111115,-0.11444444444444447,0.07333333333333329,-0.4122222222222222,0.6144444444444443,-0.28,0.32,-0.09555555555555556,-0.8055555555555557,0.39555555555555555,0.4233333333333334,-0.06777777777777777,-0.02222222222222224,-0.35111111111111115,-0.46444444444444444,-0.5955555555555556,-1.0255555555555556,0.11777777777777783,0.3422222222222222,0
GRGKQG,0.5246566516666668,0.6934920233333334,0.5034607166666666,0.4659244833333333,1.4806007216666666,0.9649999999999999,0.16,0.44333333333333336,-0.3183333333333333,0.15833333333333333,0.6316666666666667,0.6766666666666667,0.52,0.06166666666666667,0.003333333333333336,-0.07666666666666666,-0.4283333333333334,0.5133333333333333,-0.6851666666666666,-0.8876666666666665,-0.7018333333333332,0.5395,-0.601,0.1420000000000001,0.6316666666666667,-0.5916666666666667,0.08666666666666671,0.6983333333333333,0.20666666666666675,-0.15000000000000002,1.1450000000000002,0.9833333333333334,-0.8766666666666666,0.09666666666666668,-0.22666666666666668,0.085,-0.15833333333333333,0.20283333333333334,0.13366666666666668,-0.0065000000000000014,-0.08233333333333333,-0.03083333333333334,-1.405,0.61,-6.375116666666667,-2.031083333333333,1.4970333333333334,-4.805,-1.9466666666666672,2.27,0.2566666666666666,0.06833333333333332,1.9083333333333334,0.17833333333333334,0.24999999999999997,0.18433333333333332,0.07500000000000001,-0.05616666666666667,-0.12883333333333333,-1.1261666666666665,0.19166666666666665,-0.07683333333333334,0.24216666666666664,-0.401,-1.361,0.40850000000000003,1.5635000000000001,-2.1073,-0.3665,-2.375383333333333,1.4940666666666667,1.2939,-0.06760000000000004,-4.917466666666667,-0.7194666666666668,-1.2356500000000001,-1.184816666666667,1.6221000000000003,-6.198333333333333,0.7200000000000001,-0.4883333333333333,0.3133333333333333,1.6349999999999998,-0.7000000000000001,-0.3866666666666667,-0.9616666666666666,1.5116666666666667,0.2816666666666666,-0.1633333333333333,1.4599999999999997,-0.5783333333333335,-1.0633333333333332,0.595,0.5399999999999999,-0.7683333333333332,1.0416666666666667,-0.971666666666667,2.285,-1.3816666666666666,-1.0583333333333333,-0.053333333333333365,-0.05666666666666668,0
LFKKILKY,0.18387822375,-0.49552874375,0.7137746624999999,0.10735696249999999,0.7323768187499999,-0.45250000000000007,-0.027499999999999976,-0.7262500000000001,-0.1425,0.15625,0.13375000000000004,0.1175,0.0925,0.07249999999999998,-0.49,-0.185,0.15125,0.19500000000000003,0.16737500000000002,0.49287499999999995,0.769875,0.6295,-0.05674999999999999,0.48624999999999996,-0.3325,0.595,0.1325,0.017499999999999932,0.4,-1.3025,0.6124999999999999,0.11000000000000001,0.22250000000000003,0.24624999999999997,-0.27375,0.5025,0.09124999999999998,-0.07850000000000001,-0.12375000000000001,-0.031625,-0.22700000000000004,0.042624999999999996,1.1600000000000001,-0.26,2.5894749999999997,3.214925,2.097225,1.62875,1.885,-0.05874999999999998,1.12,-0.9975,0.5662499999999999,0.44499999999999995,0.2525,0.24325000000000002,0.004125000000000002,0.11887500000000001,-0.207,-0.4575,-0.05500000000000001,0.34975,-0.13675,-0.48675000000000007,0.7987499999999998,-0.059749999999999984,0.13462500000000002,2.08925,-0.6070249999999999,0.5526749999999999,-0.9136375,1.050775,0.9345749999999999,1.4865000000000002,0.9873375000000001,-1.1108250000000002,2.378975,-0.7925374999999999,-2.27625,0.73625,-0.845,0.3237499999999999,-0.19874999999999998,0.32625,0.5387500000000001,0.65625,-0.053750000000000006,0.8049999999999999,-0.22625000000000006,0.32499999999999996,-0.21250000000000002,-0.47250000000000003,0.595,0.11624999999999999,0.3725,0.03874999999999998,-0.17,-1.5425,0.33999999999999997,-1.33375,0.34624999999999995,0.09750000000000002,0
SLLSTASCKLAKT,-0.20513842923076936,-0.10571079076923079,-1.2021202230769232,0.7069456999999999,-0.40784967153846163,0.002307692307692314,-0.6476923076923077,-4.270088556250602e-18,-0.035384615384615375,0.36,0.2253846153846154,0.05846153846153846,-0.41000000000000003,0.29230769230769227,-0.11307692307692306,-0.14923076923076922,-0.41846153846153844,0.34923076923076923,0.0529230769230769,0.2115384615384615,-0.40115384615384614,0.7307692307692306,0.072,0.16484615384615384,-0.2961538461538462,-0.5561538461538461,0.01769230769230769,0.07923076923076919,-0.1515384615384615,-0.7238461538461538,0.08538461538461538,-0.6953846153846153,-0.1607692307692308,0.29384615384615387,-0.6861538461538461,0.5007692307692307,-0.4284615384615385,0.02323076923076923,0.06353846153846156,-0.14138461538461541,-0.11176923076923079,-0.04492307692307693,-1.0576923076923077,-0.15,-1.0063615384615383,-2.4584846153846156,0.2884000000000001,-0.46076923076923093,-1.4307692307692308,-0.7615384615384614,1.1846153846153846,0.0015384615384615398,0.09769230769230768,-0.09307692307692306,0.5515384615384615,0.24084615384615388,0.1006923076923077,-0.0926923076923077,0.06369230769230767,-1.078230769230769,-0.4168461538461538,-0.3834615384615386,0.05792307692307693,-0.08030769230769229,-0.47923076923076924,0.1363076923076923,0.13153846153846158,-0.2368153846153847,-1.3514538461538463,-0.22636923076923074,-0.6380769230769231,0.7157923076923077,-0.1400307692307692,-1.3492538461538461,-0.3745846153846154,-0.8472307692307693,0.26236923076923063,1.0161769230769229,-6.011538461538462,-0.1376923076923077,0.02615384615384622,0.6276923076923077,0.9061538461538459,-0.036153846153846134,-0.4523076923076923,-0.38384615384615384,-0.4769230769230769,0.22307692307692306,-0.20000000000000004,-0.0684615384615385,-0.12615384615384617,-1.0338461538461536,0.15923076923076926,0.6753846153846154,-0.3876923076923076,0.10769230769230768,-0.24615384615384614,0.13307692307692304,-1.2307692307692308,-0.25307692307692314,-0.4899999999999999,0.3307692307692307,0
IKIAGKK,0.29147586428571426,-0.34663105428571434,0.9227967857142856,0.3671945142857143,1.2134054828571428,0.20428571428571424,-0.4471428571428571,-0.23714285714285718,-0.24285714285714285,0.1357142857142857,0.32,0.31999999999999995,0.22999999999999998,0.21,-0.22285714285714286,-0.2742857142857142,-0.22285714285714284,0.4914285714285715,-0.15871428571428572,0.19857142857142857,-0.027428571428571406,0.7261428571428572,-0.27871428571428575,0.36842857142857144,-0.3685714285714286,-0.21285714285714288,0.2414285714285714,0.4471428571428571,0.3871428571428571,-0.812857142857143,0.41571428571428576,0.4371428571428571,-0.22428571428571425,-0.2542857142857143,-0.6271428571428571,0.25999999999999995,-0.010000000000000009,0.03557142857142857,-0.02557142857142857,-0.1152857142857143,-0.198,-0.001142857142857143,-0.45142857142857146,0.004285714285714194,-1.2762285714285713,-0.11325714285714257,2.5374142857142856,-1.0871428571428572,-0.302857142857143,-0.11857142857142865,1.647142857142857,-0.7242857142857143,1.0914285714285714,0.49142857142857144,0.23285714285714285,0.23271428571428568,0.11042857142857143,-0.004857142857142858,-0.25857142857142856,-0.9254285714285714,-0.29914285714285704,-0.0882857142857143,0.06014285714285713,-0.45057142857142857,-0.04728571428571441,0.24942857142857142,0.5534285714285714,-1.0654142857142859,-0.9616285714285714,-0.26168571428571435,-0.7211285714285715,1.6876857142857145,0.6667571428571428,-3.1716142857142864,0.5937,-1.3053285714285714,-0.9200142857142859,0.10595714285714289,-5.141428571428571,0.517142857142857,-0.6942857142857142,0.8314285714285715,0.6371428571428571,-0.14571428571428569,-0.11714285714285719,-0.18285714285714283,0.022857142857142878,0.7157142857142856,-0.47142857142857153,0.9914285714285713,-0.2414285714285715,-0.9085714285714286,0.58,0.6171428571428572,0.05285714285714287,0.35714285714285715,-0.46,0.19714285714285712,-1.0242857142857142,-1.4185714285714286,0.26142857142857145,0.3385714285714286,0
DLSHGSAQVKGH,0.02616354999999998,0.18855506333333336,-1.5929225416666666,0.29350105,-0.5907869049999999,0.5116666666666666,-0.016666666666666663,0.030833333333333324,0.2275,0.0,0.21666666666666667,0.22416666666666665,0.08,0.205,0.22166666666666665,-0.0066666666666666445,-0.5091666666666667,0.20083333333333334,-0.45249999999999996,-0.18391666666666664,-0.5115,0.4023333333333334,-0.18800000000000003,-0.16608333333333333,0.01249999999999997,-0.5483333333333333,-0.13416666666666668,0.24333333333333332,0.3116666666666667,-0.2983333333333334,-0.38999999999999996,0.18833333333333332,-0.2125,0.3158333333333333,-0.25916666666666666,0.31583333333333335,-0.5900000000000001,0.08683333333333333,0.0795,-0.08425,-0.0095,-0.009750000000000002,-1.1508333333333334,0.24416666666666664,-2.8690416666666665,-2.475175,0.02449166666666665,-2.0875,-1.5508333333333333,0.00999999999999999,0.29916666666666664,0.15,0.46,-0.19000000000000003,-0.16416666666666668,0.21358333333333338,0.03975,-0.04724999999999999,-0.012833333333333335,-1.034,-0.13166666666666668,-0.30291666666666667,-0.08024999999999999,0.023500000000000004,-0.7455833333333333,0.29716666666666663,0.6057499999999999,-0.8113333333333334,-0.537025,-0.42678333333333335,0.7869999999999999,0.427675,-0.4005083333333333,-1.549908333333333,-0.3739333333333334,-0.41506666666666664,-0.6516250000000001,0.6109749999999999,-5.6433333333333335,-0.3183333333333333,0.12833333333333333,0.062499999999999965,1.0975,-0.3008333333333334,-0.4791666666666667,-0.6124999999999999,0.11999999999999998,-0.09750000000000002,-0.044999999999999984,0.5216666666666666,-0.1675,-0.9858333333333332,-0.08583333333333333,0.5466666666666667,-0.5433333333333333,0.6775000000000001,-0.4491666666666667,1.2675000000000003,-0.8583333333333334,-0.07416666666666673,-0.05333333333333327,0.3833333333333333,0
KLLPSVFKLFQ,-0.16831186636363635,-0.20383671272727275,-0.8729384636363636,0.3891189818181818,-0.5246211736363636,-0.3190909090909091,-0.24545454545454548,-0.5054545454545454,-0.19818181818181815,-0.046363636363636385,0.03636363636363639,0.10363636363636365,-0.0018181818181818123,0.06636363636363635,-0.3172727272727273,-0.34727272727272723,-0.06363636363636363,0.0090909090909091,0.018727272727272735,0.28681818181818186,0.3357272727272727,0.6682727272727272,0.4460909090909091,0.19345454545454546,-0.23272727272727278,0.15636363636363634,-0.07090909090909087,-0.21727272727272728,0.37636363636363634,-1.100909090909091,0.4272727272727273,-0.39454545454545453,0.28090909090909094,0.08363636363636368,-0.33181818181818185,0.6499999999999999,-0.2218181818181818,-0.066,-0.01763636363636364,-0.05127272727272729,-0.17454545454545456,0.0688181818181818,0.3581818181818182,-0.46545454545454545,2.4142181818181823,0.42949999999999994,1.820909090909091,1.229090909090909,0.26272727272727275,-0.20818181818181813,0.8781818181818182,-0.8918181818181817,-0.007272727272727289,-0.004545454545454533,0.26545454545454544,0.23727272727272727,0.040272727272727286,0.034545454545454546,-0.12254545454545453,-0.7010000000000001,-0.1801818181818182,0.12418181818181817,-0.06036363636363637,-0.44818181818181824,0.37390909090909086,-0.0010909090909090842,0.0689090909090909,1.1455636363636363,-0.6812727272727273,0.21713636363636352,-0.4848454545454545,0.8021181818181818,0.4287545454545455,0.8608272727272728,0.9802181818181819,-0.7548727272727273,1.3469,-0.3673818181818182,-3.5236363636363635,0.020909090909090947,-0.49090909090909085,0.25545454545454543,0.07818181818181821,0.37545454545454543,0.09090909090909091,0.2581818181818182,-0.2936363636363636,0.40181818181818174,-0.38727272727272727,-0.03909090909090913,0.11181818181818182,-0.6663636363636365,0.2645454545454546,0.21909090909090906,0.07181818181818182,-0.09636363636363637,-0.33000000000000007,-1.528181818181818,-0.10727272727272728,-0.6654545454545455,-0.08909090909090905,0.47363636363636363,0
LSFQEFLEQLRRF,0.10368092538461539,-0.515923363076923,-0.2809841461538462,0.2599347153846154,-0.2871215415384615,-0.08384615384615385,0.11076923076923076,-0.6115384615384616,-0.1315384615384615,0.12615384615384614,0.1930769230769231,-0.09999999999999999,0.11000000000000001,0.18846153846153843,-0.24307692307692308,0.015384615384615373,0.02230769230769231,-0.20384615384615382,-0.00538461538461539,0.5930769230769232,0.4046153846153846,0.39046153846153836,0.18023076923076922,0.2403076923076924,-0.48769230769230776,0.4046153846153846,-0.1523076923076923,0.08538461538461539,-0.3861538461538462,-0.47,0.5076923076923077,-0.12076923076923075,0.4007692307692308,-0.13846153846153844,-0.007692307692307691,0.5446153846153846,-0.09076923076923077,-0.039,-0.10976923076923076,-0.08230769230769233,-0.0790769230769231,0.05384615384615383,0.9015384615384617,-0.06692307692307688,0.527846153846154,2.021184615384615,0.010646153846153852,0.716153846153846,1.4969230769230768,-0.7346153846153844,0.023076923076923064,-0.3630769230769231,0.3676923076923077,-0.2853846153846154,0.12076923076923077,0.23823076923076922,-0.10015384615384613,0.05146153846153846,-0.06553846153846156,-0.506,-0.01830769230769231,0.09730769230769232,-0.1553846153846154,-0.19515384615384615,0.44830769230769224,0.12415384615384616,0.30653846153846154,2.363392307692308,-0.9446153846153847,-0.3874307692307693,0.34006923076923073,-0.058646153846153896,0.4190153846153847,2.691061538461539,-0.44936153846153853,-0.5996076923076923,3.3389307692307693,-0.2693846153846155,-2.3623076923076924,0.9407692307692309,-0.2630769230769231,-0.18076923076923082,0.13230769230769232,0.05769230769230772,0.39384615384615385,0.45615384615384613,0.02230769230769232,0.0038461538461537982,0.033846153846153824,-0.02846153846153845,-0.11307692307692307,-0.4776923076923077,0.3669230769230769,-0.008461538461538444,-0.25153846153846154,0.29307692307692307,-0.02923076923076923,-0.48846153846153845,0.5669230769230769,-0.7876923076923077,-0.5161538461538462,0.13923076923076924,0
RFWPLVPVAINT,-0.35800855916666663,0.10725804999999998,0.26055518333333333,0.43416906666666666,-0.014708465000000004,-0.315,-0.3133333333333333,-0.12333333333333335,-0.16749999999999998,-0.25166666666666665,-0.08083333333333338,0.17750000000000002,-0.2508333333333333,-0.06916666666666665,-0.020833333333333346,-0.43249999999999994,-0.12833333333333333,-0.016666666666666673,-0.0605,-0.10783333333333332,0.19300000000000006,0.3375833333333333,0.5305833333333333,0.15425,0.085,-0.027500000000000028,0.3116666666666667,-0.3441666666666667,-0.15166666666666667,-0.3766666666666667,-0.029166666666666664,-0.36833333333333335,0.17166666666666666,-0.18666666666666665,-0.345,0.6616666666666667,-0.3958333333333333,-0.07875000000000003,0.056833333333333326,0.02350000000000001,-0.12675000000000003,0.021833333333333326,0.11416666666666675,-0.5700000000000001,2.9232250000000004,-0.7685833333333333,1.9180166666666667,1.5916666666666666,-0.6125000000000002,0.02500000000000004,0.6333333333333333,-0.5299999999999999,-0.5025000000000001,0.3758333333333333,-0.012499999999999992,0.22691666666666668,0.12858333333333336,0.017250000000000005,-0.055,-0.7250833333333334,-0.41425,-0.16308333333333333,-0.10008333333333334,-0.3175833333333334,-0.1821666666666667,0.12825,-0.13649999999999998,-0.7461833333333332,-0.28308333333333335,1.1459916666666665,-0.3911833333333334,0.6179416666666667,-0.08847499999999998,-0.5109083333333331,1.3239583333333333,-0.05004166666666667,-1.469475,0.35614999999999997,-3.653333333333333,-0.8558333333333333,-0.00833333333333334,0.15333333333333335,0.27416666666666667,0.4133333333333334,0.020833333333333304,0.08666666666666668,-0.4791666666666667,0.24166666666666667,-0.5758333333333334,-0.13999999999999999,0.43333333333333335,-0.7033333333333335,-0.15333333333333332,0.29583333333333334,-0.2183333333333333,-0.3216666666666666,-0.35999999999999993,-1.474166666666667,-0.18916666666666682,-0.3275,0.1133333333333334,0.43249999999999994,0
LRESNCENVCK,0.24596363,-0.07275905454545456,-0.08594788181818186,0.10811865454545456,-0.05402986909090906,0.38818181818181813,-0.3372727272727273,-0.09727272727272727,0.15181818181818185,0.46090909090909093,0.06727272727272725,-0.23272727272727278,0.0018181818181818197,-0.0645454545454545,-0.07181818181818182,0.2118181818181818,-0.3318181818181818,0.05636363636363635,-0.5422727272727272,0.24690909090909088,-0.36018181818181816,-0.091909090909091,-0.1551818181818182,0.17290909090909093,-0.13363636363636366,-0.11272727272727275,0.049090909090909095,0.39545454545454545,-0.3727272727272727,0.17363636363636364,0.2736363636363636,-0.04363636363636363,0.23,0.12545454545454549,-0.3481818181818182,0.2372727272727273,-0.1890909090909091,0.06909090909090909,-0.04036363636363637,-0.06000000000000001,0.05081818181818181,-0.08472727272727273,-0.36181818181818176,0.42636363636363633,-2.600427272727273,0.2970818181818183,-1.6226181818181815,-1.1154545454545457,0.34181818181818185,-0.6054545454545454,0.0790909090909091,0.41,0.24181818181818182,0.20363636363636362,-0.5463636363636364,0.24263636363636368,-0.061909090909090914,-0.08745454545454547,0.04527272727272727,-0.8591818181818183,-0.20936363636363636,-0.24672727272727277,0.05381818181818183,0.1304545454545455,0.04945454545454546,0.2769090909090909,-0.005909090909090914,-0.4581181818181818,-0.9513000000000001,-0.6259454545454546,-0.30075454545454544,-0.5943090909090909,-0.20409999999999998,-0.5187999999999999,-1.2989181818181819,-0.02449090909090914,0.09584545454545426,0.15105454545454544,-4.55,0.7418181818181818,0.027272727272727296,0.21818181818181823,0.5900000000000001,-0.47,-0.1909090909090909,-0.036363636363636376,0.05727272727272726,-0.19181818181818178,0.309090909090909,0.19909090909090904,-0.13818181818181818,-0.7936363636363637,0.2981818181818182,0.41181818181818186,-0.3554545454545455,0.4181818181818182,0.21636363636363634,1.3936363636363638,-0.10909090909090907,0.13545454545454538,-0.6818181818181817,-0.08636363636363634,0
SGTISPYGLRTCRAT,-0.13251379466666663,0.5006496193333334,0.21908513333333327,0.58844154,0.5460875826666667,0.12266666666666667,-0.35533333333333333,0.22466666666666665,0.031333333333333324,0.13733333333333334,0.15066666666666664,0.2566666666666667,-0.3533333333333333,0.14266666666666666,-0.051333333333333335,-0.1326666666666667,-0.3686666666666666,0.3346666666666666,-0.00693333333333335,-0.47440000000000004,-0.39966666666666667,0.35513333333333336,0.046866666666666675,0.2752,0.3993333333333332,-0.4806666666666667,0.4606666666666667,0.11,-0.38466666666666666,-0.06999999999999998,0.19066666666666668,-0.2733333333333333,-0.22266666666666665,0.194,-0.46,0.4766666666666665,-0.4153333333333334,0.04453333333333334,0.12966666666666665,0.010999999999999987,-0.0844,-0.10206666666666668,-0.9206666666666667,-0.011999999999999988,-1.5289466666666667,-2.244753333333333,0.5809533333333333,-1.0626666666666666,-1.6606666666666665,0.5606666666666669,0.5740000000000001,0.36266666666666664,-0.06533333333333334,0.3180000000000001,0.39866666666666667,0.21493333333333334,0.11693333333333336,-0.05693333333333333,0.10299999999999997,-0.9903333333333333,-0.29326666666666673,-0.3154666666666666,0.07179999999999999,-0.12606666666666666,-0.9001333333333333,0.14740000000000003,0.26,-0.7533533333333333,-0.6855333333333333,-0.48876,0.08190000000000001,0.6780533333333332,-0.2381333333333333,-1.7041399999999998,-0.3567,-0.48534000000000005,-0.17502000000000006,1.6354866666666665,-5.444666666666666,-0.28666666666666657,0.0886666666666667,0.26466666666666666,0.9866666666666665,-0.12733333333333335,-0.322,-0.47,0.009999999999999964,0.152,-0.17933333333333332,0.03266666666666662,0.13266666666666668,-0.9540000000000002,0.04600000000000003,0.4946666666666666,-0.5846666666666666,0.2113333333333334,-0.4400000000000001,0.4586666666666666,-1.074,-0.26133333333333336,-0.37333333333333324,-0.04533333333333334,0
TFLHDSFQNVAAVCDLLSIVCKNRRHNCHQSSKPVNMTDCRLTSGKYPQCRYSAAA,-0.028220256964285723,0.08710432071428569,-0.676505392857143,0.2121663392857143,-0.22750729732142852,0.1553571428571429,-0.24482142857142858,-0.06499999999999999,0.16874999999999998,0.2185714285714286,0.023928571428571428,0.026250000000000002,-0.13017857142857142,0.09392857142857144,-0.018035714285714276,-0.02142857142857142,-0.32089285714285715,0.14375,-0.24085714285714285,-0.007267857142857136,-0.24616071428571426,0.08110714285714281,-0.016285714285714285,0.18157142857142855,0.011249999999999982,-0.23249999999999998,0.14017857142857143,0.12607142857142858,-0.040892857142857134,-0.07089285714285716,-0.0573214285714286,-0.18839285714285717,0.19910714285714284,0.1032142857142857,-0.31910714285714287,0.44125000000000003,-0.4028571428571429,0.026857142857142857,0.024392857142857136,-0.029857142857142856,-0.008053571428571434,-0.07044642857142858,-0.4799999999999999,0.057678571428571405,-1.1188160714285715,-0.7591803571428571,-0.4926839285714287,-0.4694642857142857,-0.41696428571428584,-0.2058928571428571,0.4239285714285715,0.43624999999999997,-0.14535714285714288,0.009999999999999978,0.05464285714285712,0.22458928571428574,0.008750000000000008,-0.05151785714285713,0.037125,-0.870375,-0.19321428571428573,-0.2133392857142857,-0.003553571428571426,-0.008160714285714287,-0.3204464285714286,0.19674999999999998,0.09050000000000001,-0.38215535714285703,-0.4624642857142857,-0.21363928571428584,-0.07002321428571427,0.08500892857142858,-0.2958285714285714,-0.6299857142857143,-0.36744107142857146,-0.142,-0.012069642857142833,0.5675892857142858,-4.663928571428571,-0.04571428571428571,0.05803571428571431,0.13375,0.660357142857143,-0.16249999999999995,-0.22482142857142856,-0.16071428571428573,-0.16339285714285717,0.07107142857142855,0.14232142857142857,-0.0317857142857143,0.04142857142857142,-0.8300000000000001,0.048214285714285716,0.41910714285714284,-0.38107142857142856,0.26553571428571426,-0.11375,0.54875,-0.28732142857142856,0.06946428571428566,-0.13982142857142854,0.1653571428571429,0
PGLSQARHVNHSATEALRELREGATGQGTNGSQLLRHPGKRAPIIRRIPYYPEVES,0.15680988732142856,0.1172776014285714,-0.09378214107142865,0.4830190660714286,0.18310275303571433,0.3914285714285714,-0.16446428571428573,-0.12910714285714286,-0.05464285714285714,0.01142857142857143,0.05964285714285716,0.2676785714285714,-0.04571428571428571,0.1323214285714286,0.07517857142857141,-0.055357142857142876,-0.3139285714285714,0.14464285714285716,-0.3204107142857143,-0.11980357142857143,-0.23944642857142853,0.40282142857142855,0.24476785714285715,0.06291071428571433,0.049285714285714266,-0.2557142857142857,0.04607142857142861,0.2532142857142857,-0.22464285714285712,-0.2125,0.1019642857142857,-0.09017857142857144,-0.047857142857142834,0.02196428571428572,-0.29000000000000004,0.39964285714285713,-0.3117857142857143,0.06357142857142858,0.03666071428571429,-0.041160714285714294,-0.08096428571428572,0.0038392857142857117,-0.5155357142857142,0.09482142857142857,-2.2434821428571428,-1.0415464285714287,1.0684732142857143,-1.5053571428571426,-0.6367857142857144,0.06803571428571432,0.5203571428571427,-0.2480357142857144,0.2207142857142857,0.05785714285714288,-0.16071428571428567,0.22075,0.053892857142857145,-0.029857142857142856,-0.028857142857142866,-0.879607142857143,-0.18989285714285717,-0.2432142857142857,-0.06108928571428572,-0.12249999999999998,-0.5065,0.23198214285714278,0.38849999999999996,-0.7495232142857142,-0.9447839285714286,-0.17102857142857145,0.4686946428571428,0.3045392857142857,-0.14047321428571427,-1.1074107142857141,-0.2668857142857143,-0.3149678571428571,-0.4897089285714285,0.8044874999999999,-4.679642857142857,0.02482142857142858,-0.007857142857142832,0.1107142857142857,0.7498214285714285,-0.23589285714285715,-0.12142857142857144,-0.27625,0.11910714285714277,0.023214285714285708,-0.25625000000000003,0.43624999999999997,0.17035714285714287,-0.8353571428571429,0.08803571428571431,0.3673214285714286,-0.5055357142857142,0.3085714285714286,-0.3451785714285714,0.6235714285714284,-0.4864285714285714,-0.5035714285714287,-0.25357142857142856,0.3757142857142858,0
SCLPKEEQIGKCSTRGRKCCR,0.24078819619047623,0.18590280095238093,-0.14480070476190487,0.12145242380952383,0.3688592700000001,0.36952380952380953,-0.34238095238095234,0.10809523809523809,-0.1157142857142857,0.5271428571428571,-0.05238095238095242,0.007619047619047621,0.07380952380952381,0.07857142857142858,-0.1461904761904762,0.06999999999999998,-0.27476190476190476,0.3033333333333334,-0.312047619047619,-0.04119047619047619,-0.4367142857142858,-0.08861904761904763,-0.04319047619047621,0.4185238095238095,0.08761904761904762,-0.18761904761904763,0.16857142857142857,0.40380952380952384,-0.25571428571428567,0.20047619047619053,0.6066666666666666,-0.2571428571428571,-0.044285714285714296,0.2828571428571428,-0.42523809523809525,0.29047619047619044,-0.0980952380952381,0.0838095238095238,-0.001238095238095242,-0.010952380952380955,-0.002666666666666669,-0.10219047619047619,-0.5285714285714286,0.4557142857142858,-2.871452380952381,0.10589523809523804,-0.38655238095238104,-1.5728571428571432,-0.0838095238095238,0.4423809523809523,0.44904761904761914,0.3895238095238095,0.3747619047619048,0.04142857142857143,0.07952380952380951,0.2203809523809524,0.009238095238095243,-0.06738095238095239,0.015095238095238092,-0.8956190476190476,-0.1242857142857143,-0.14552380952380953,0.1370952380952381,-0.12742857142857145,-0.31876190476190475,0.4090952380952381,0.23976190476190476,-0.030042857142857208,-0.6263476190476192,-1.5250714285714284,-0.23094761904761904,0.19725714285714283,-0.12261428571428569,-1.115090476190476,-0.9146380952380953,-0.4363666666666667,0.962647619047619,0.7005999999999999,-4.826190476190475,0.6061904761904762,-0.3576190476190476,0.27,0.6871428571428572,-0.46428571428571436,-0.23047619047619042,-0.16333333333333327,0.30380952380952386,0.19476190476190472,0.2452380952380952,0.2690476190476189,0.11857142857142856,-0.8438095238095239,0.38761904761904764,0.4666666666666667,-0.2042857142857143,0.5295238095238096,-0.10095238095238096,1.3599999999999999,-0.509047619047619,-0.19476190476190475,-0.14285714285714285,-0.32095238095238093,0
GLLLDTVKGAAKNVAGILLNKLKCK,-0.08914463919999999,-0.2412185968,-0.1293322,0.6489537879999999,0.259893184,-0.0003999999999999826,-0.5036,-0.10239999999999999,-0.047599999999999996,0.106,0.3312,0.17959999999999998,0.0824,0.005200000000000021,-0.0732,-0.3348,-0.34600000000000003,0.204,-0.12879999999999997,0.17236,-0.19816,0.8406,-0.13832000000000003,0.012440000000000033,-0.2884,-0.4128,-0.019200000000000016,0.04199999999999995,0.03999999999999998,-0.8460000000000001,0.47839999999999994,0.14399999999999996,-0.031199999999999964,0.2628,-0.5548000000000001,0.296,-0.2768,0.005559999999999996,0.047360000000000006,-0.13976,-0.12100000000000001,0.026200000000000005,-0.77,-0.2372,-0.04872799999999991,-1.841952,1.029236,-0.19520000000000004,-1.3696000000000004,-0.3856,0.7432,-0.456,0.758,0.21600000000000005,0.026799999999999994,0.23632,0.10044,-0.0644,-0.13712000000000002,-1.0294,-0.31076,-0.18316,0.0952,-0.2992,-0.23032,0.09544000000000001,0.3941200000000001,-2.4828840000000003,-0.830252,0.39498799999999995,-0.4455120000000001,0.743708,0.14952400000000002,-3.7838399999999996,0.365336,-0.742168,-3.068748,0.3666480000000001,-5.6636,0.1316,-0.19839999999999997,0.7996,0.8475999999999999,0.06640000000000004,-0.29960000000000003,-0.3392,-0.08960000000000004,0.19559999999999994,-0.45400000000000007,0.5675999999999999,-0.3824,-0.9832,0.38160000000000005,0.6388,-0.33879999999999993,0.051999999999999984,-0.3532,-0.1904,-1.1672,-0.6664000000000001,-0.3332,0.4196000000000001,0
SCRKIIQKLEDMVGPQPNEDT,0.27216734285714284,0.05303855857142855,-0.35245802380952396,0.15017806666666664,-0.3036397185714286,0.4371428571428572,-0.3338095238095238,-0.20476190476190476,-0.1376190476190476,-0.04809523809523809,-0.029523809523809525,-0.15666666666666665,0.02952380952380953,-0.020476190476190464,-0.006666666666666659,0.06761904761904759,-0.35238095238095235,-0.050952380952380964,-0.4196666666666667,-0.011761904761904746,-0.21833333333333332,0.11466666666666664,0.24642857142857147,-0.08323809523809522,0.006190476190476191,-0.13714285714285718,-0.05714285714285713,0.3242857142857143,0.048095238095238066,-0.010952380952380977,0.10142857142857142,-0.18285714285714283,0.02809523809523809,-0.18333333333333338,-0.34619047619047616,0.3295238095238096,-0.32047619047619047,0.07004761904761904,-0.009285714285714288,-0.025476190476190482,-0.02580952380952381,0.0010000000000000009,-0.3523809523809523,0.21761904761904768,-2.453242857142857,-0.32379999999999987,0.4930047619047619,-1.6757142857142857,0.03571428571428563,-0.521904761904762,0.0547619047619048,-0.22380952380952385,-0.12809523809523812,0.15476190476190477,-0.009999999999999998,0.22123809523809523,-0.033571428571428565,-0.09557142857142857,-0.05842857142857142,-0.8664285714285714,-0.2159047619047619,-0.24366666666666661,-0.008714285714285714,0.02628571428571432,0.030238095238095234,0.1408095238095238,-0.005333333333333333,-1.0755809523809525,-0.902642857142857,-0.27125238095238097,-0.15789523809523812,-0.19628571428571429,0.24632857142857145,-1.0677571428571426,-0.559095238095238,0.08990476190476196,-0.9496142857142855,-0.18235714285714288,-4.540476190476191,0.3404761904761905,-0.07571428571428568,0.2585714285714285,0.45428571428571424,-0.29999999999999993,-0.0638095238095238,-0.11809523809523811,-0.04904761904761907,-0.23238095238095238,-0.07190476190476186,0.19142857142857142,0.24428571428571427,-0.8028571428571428,0.21333333333333332,0.370952380952381,-0.2457142857142857,0.2652380952380952,-0.053809523809523786,0.6685714285714285,-0.3228571428571429,-0.2304761904761905,-0.6314285714285715,0.2847619047619047,0
PWKLPATFRPVERPFSKP,0.17912337555555558,0.3169322144444444,-0.19268476111111113,0.2932438611111111,-0.09551427055555557,0.21833333333333332,-0.15333333333333338,-0.10666666666666672,-0.43333333333333335,-0.18722222222222223,-0.39722222222222225,0.27166666666666667,-0.20055555555555554,0.05777777777777778,-0.28722222222222216,-0.2222222222222222,-0.09666666666666668,0.10444444444444442,-0.31833333333333336,-0.2885555555555555,0.06644444444444443,0.1895,1.0529444444444445,0.0735,0.3455555555555556,0.14555555555555555,-0.23999999999999996,-0.03277777777777781,0.04222222222222223,-0.5044444444444444,0.2544444444444445,-0.741111111111111,0.14666666666666664,0.062222222222222213,-0.26111111111111107,0.545,-0.23555555555555557,0.03855555555555554,0.010611111111111102,0.07900000000000001,-0.1507777777777778,0.09844444444444446,0.1505555555555556,-0.16666666666666666,-0.5089055555555553,0.5505388888888889,3.0871277777777775,-0.8211111111111111,0.37055555555555547,0.8072222222222223,0.7816666666666667,-1.0777777777777777,-0.6911111111111112,-0.1211111111111111,0.25777777777777783,0.21322222222222226,0.10683333333333331,0.0468888888888889,-0.044611111111111115,-0.6722222222222222,-0.20488888888888887,-0.026055555555555547,-0.1251111111111111,-0.38799999999999996,-0.22572222222222227,0.23283333333333334,-0.010777777777777768,0.631738888888889,-0.25121666666666664,0.07465555555555553,-0.11753888888888889,0.82375,0.1231666666666667,0.8970111111111113,1.109361111111111,-0.03899444444444443,1.0153333333333334,0.4117944444444444,-3.2977777777777777,-0.6405555555555557,-0.38666666666666666,-0.17277777777777775,0.1283333333333333,0.024444444444444453,0.2111111111111111,0.1338888888888889,0.0044444444444444705,0.3055555555555556,-0.31,0.051111111111111135,0.9922222222222222,-0.6444444444444444,-0.07444444444444445,0.10333333333333336,-0.06944444444444443,-0.08000000000000002,-0.5661111111111111,-0.5477777777777777,0.3722222222222222,-0.1433333333333334,0.41000000000000003,0.5327777777777778,0
GAVNYTSDCAAECKRRGYKGGHCGSF,0.015189755384615346,0.29591765153846156,0.1391631192307692,0.2627324346153846,0.5067408342307693,0.2942307692307692,-0.05,0.3584615384615384,0.21,0.22653846153846152,0.18807692307692306,0.22076923076923077,0.08692307692307694,0.24653846153846154,-0.05230769230769232,-0.10423076923076925,-0.4126923076923077,0.25846153846153846,-0.26999999999999996,-0.35480769230769227,-0.5098461538461538,0.14834615384615385,-0.396076923076923,0.011038461538461577,0.24192307692307694,-0.48115384615384615,0.030384615384615392,0.15269230769230768,-0.19153846153846155,0.012307692307692327,0.25846153846153846,0.41807692307692307,-0.1342307692307692,0.33461538461538465,-0.2434615384615385,0.19961538461538464,-0.3765384615384616,0.0741923076923077,0.0953846153846154,-0.026538461538461535,0.023999999999999997,-0.05334615384615385,-1.0523076923076924,0.18769230769230766,-2.2853615384615384,-1.9507269230769233,-0.5633538461538461,-1.537692307692308,-1.594615384615385,0.7307692307692307,-0.023076923076923148,0.43038461538461537,0.6065384615384615,0.04153846153846156,0.12192307692307693,0.21153846153846154,0.06776923076923078,-0.02415384615384615,0.05773076923076924,-0.9908461538461537,-0.12057692307692308,-0.129,0.11384615384615383,-0.1461923076923077,-0.9966153846153846,0.22176923076923075,0.6451923076923076,-1.2827,0.3210961538461538,-1.0497307692307691,0.5722230769230768,0.47696153846153844,-0.16061153846153847,-2.5837,-0.41382307692307696,-0.41406538461538456,-0.6835423076923075,1.2304999999999997,-5.481923076923076,-0.14923076923076922,-0.002692307692307686,0.1061538461538462,1.1953846153846153,-0.27769230769230774,-0.39269230769230773,-0.5603846153846154,0.4188461538461538,-0.010000000000000026,0.09346153846153846,0.35384615384615375,-0.26999999999999996,-0.9599999999999999,0.10923076923076923,0.5073076923076922,-0.6057692307692307,0.5588461538461539,-0.5146153846153846,1.2061538461538461,-0.8026923076923076,0.2903846153846154,-0.1630769230769231,-0.235,0
CGESCVWIPCISTVIGCSCS,-0.6932582435000001,0.4996079809999999,-0.63242599,0.132387465,-0.445638254,-0.30050000000000004,-0.5879999999999999,0.523,0.196,0.22350000000000003,-0.05150000000000003,-0.1305,-0.0635,0.0945,0.0935,-0.355,-0.461,0.11149999999999997,0.17794999999999997,-0.3099,-0.5852,-0.11470000000000005,-0.17765,0.05445000000000002,0.21300000000000002,-0.6665000000000001,0.4805,-0.376,-0.325,0.46550000000000014,-0.09249999999999996,-0.25749999999999995,-0.148,0.032499999999999994,-0.5810000000000001,0.4709999999999999,-0.5379999999999999,-0.04345,0.1699,0.003500000000000002,0.07524999999999997,-0.13255,-1.237,-0.17350000000000002,1.9693899999999995,-3.54244,-1.2964750000000003,0.9824999999999999,-2.683,0.1529999999999999,-0.059,0.6705,-0.1495,0.4189999999999999,-0.083,0.2257,0.11879999999999998,-0.08915,0.1366,-1.09735,-0.48934999999999995,-0.30805,0.1951,-0.10240000000000002,-0.7398,0.23965,-0.10419999999999999,-0.88089,0.04296500000000001,-0.8340449999999997,-0.6054000000000002,0.12135499999999995,-0.37233999999999995,-1.9718899999999997,-0.14472999999999994,-0.237955,-0.8062450000000002,0.8939799999999998,-6.029999999999999,-0.8525,0.09800000000000002,0.4315000000000001,0.93,0.16749999999999993,-0.7665,-0.522,-0.3625,-0.12399999999999997,-0.22800000000000004,-0.43150000000000005,-0.025999999999999995,-1.0459999999999998,-0.12799999999999997,0.7674999999999998,-0.1825,0.3025,-0.20850000000000005,-0.057499999999999954,-1.4465,0.853,-0.5440000000000002,-0.5415,0
FWPVVIRTVVAGYNLYRA,-0.33754179166666676,0.03356677722222223,0.6644904888888888,0.4807205222222222,0.3627541961111111,-0.4033333333333333,-0.14555555555555555,-0.16,-0.002222222222222218,-0.12499999999999994,0.11055555555555553,0.23944444444444443,-0.11777777777777776,0.14777777777777779,0.045555555555555544,-0.37777777777777777,-0.12722222222222224,0.054444444444444434,-0.19733333333333336,-0.050111111111111106,0.2386111111111111,0.42005555555555557,-0.03955555555555558,0.36638888888888893,0.01999999999999998,-0.045555555555555544,0.5966666666666667,-0.2144444444444445,-0.235,-0.41555555555555557,-0.0761111111111111,0.10833333333333334,-0.05111111111111108,0.0727777777777778,-0.2794444444444444,0.5722222222222222,-0.33333333333333326,-0.08616666666666667,0.0493888888888889,-0.002277777777777783,-0.1205,-0.054388888888888896,0.1272222222222223,-0.48944444444444435,2.6299499999999996,-0.5663388888888888,1.0384777777777778,1.7049999999999998,-0.5955555555555557,0.02388888888888892,0.5133333333333332,-0.1205555555555556,0.10111111111111112,0.6311111111111111,0.065,0.22577777777777777,0.10616666666666667,0.03172222222222223,-0.04744444444444445,-0.7087222222222223,-0.2938888888888889,-0.06466666666666664,-0.041277777777777795,-0.32500000000000007,-0.4222222222222223,0.0547222222222222,0.1975,-0.3083277777777778,-0.17586666666666673,0.608722222222222,0.0733444444444444,0.5605166666666667,0.0071055555555555715,-0.6703888888888885,0.8196388888888887,-0.4155944444444445,-0.6230555555555557,0.7887666666666666,-3.6555555555555563,-0.4722222222222222,0.026666666666666696,0.13666666666666671,0.5161111111111111,0.33111111111111113,0.03277777777777777,0.04444444444444441,-0.3072222222222222,0.30277777777777776,-0.4716666666666667,-0.012222222222222238,-0.025000000000000005,-0.6994444444444444,0.004444444444444459,0.2988888888888888,-0.4055555555555555,-0.18944444444444442,-0.35111111111111115,-1.137777777777778,-0.3788888888888889,-0.5850000000000001,0.0038888888888888983,0.05333333333333332,0
STTARTARVPCAKKSNIYN,0.14911134789473685,0.14971816631578946,0.1992238578947368,0.47167184210526303,0.4517994605263158,0.3094736842105263,-0.3957894736842105,-0.025263157894736855,0.044210526315789485,0.2573684210526316,0.10210526315789474,0.15842105263157896,-0.4289473684210526,0.18368421052631576,-0.10210526315789475,0.03105263157894736,-0.3394736842105263,0.35789473684210527,-0.3475789473684211,-0.1238421052631579,-0.2979473684210526,0.24405263157894735,0.04621052631578946,0.3948947368421052,0.09736842105263159,-0.30736842105263157,0.36894736842105263,0.3763157894736842,-0.17578947368421052,-0.19210526315789475,-0.004736842105263149,-0.30842105263157893,0.038421052631578946,-0.07947368421052628,-0.4599999999999999,0.46,-0.3426315789473685,0.06510526315789474,0.03184210526315789,-0.026999999999999996,-0.09031578947368422,-0.10789473684210528,-0.6431578947368419,0.10052631578947369,-2.652657894736842,-0.8267789473684213,0.4373526315789473,-1.3263157894736841,-0.3842105263157894,-0.1636842105263158,1.1147368421052632,0.37052631578947365,-0.19947368421052633,0.2952631578947369,0.32263157894736844,0.22684210526315787,0.06178947368421055,-0.06573684210526316,0.05773684210526314,-0.9137894736842106,-0.32015789473684214,-0.3520526315789474,0.011,-0.012263157894736835,-0.5355789473684212,0.18021052631578943,0.09947368421052637,-0.652557894736842,-0.8967421052631579,-0.12484210526315775,-0.18518947368421054,0.5841736842105263,-0.22161578947368418,-1.1553263157894738,-0.41060526315789475,-0.31694210526315786,-0.033410526315789627,1.135452631578947,-4.977894736842106,-0.01894736842105261,0.13368421052631582,0.2410526315789474,0.7747368421052631,-0.3226315789473683,-0.18842105263157896,-0.22947368421052633,-0.23052631578947372,0.2926315789473684,0.04526315789473684,0.08368421052631576,0.15578947368421053,-0.8794736842105264,0.07578947368421055,0.4315789473684211,-0.5557894736842105,0.12105263157894734,-0.21631578947368418,0.8226315789473686,-0.47105263157894733,-0.33631578947368435,-0.19421052631578947,0.29789473684210527,0
IGSAFKKAAHVGKHVGKAA,-0.06617460947368424,-0.2593394063157895,-0.14284862631578954,0.5305985894736841,0.41870223947368423,0.23421052631578942,-0.21999999999999997,0.0594736842105263,0.07421052631578948,0.07263157894736841,0.2510526315789474,0.47210526315789475,0.11894736842105265,0.4473684210526316,0.050526315789473704,-0.37263157894736837,-0.4142105263157894,0.38368421052631574,-0.3187368421052632,0.09105263157894739,-0.4103684210526316,0.6569473684210527,-0.22689473684210532,0.04989473684210529,-0.37947368421052635,-0.61,-0.07105263157894735,0.1552631578947368,0.2894736842105264,-0.6063157894736841,-0.017368421052631613,0.4147368421052632,-0.1636842105263158,0.1836842105263158,-0.4152631578947369,0.2994736842105263,-0.3821052631578948,0.0358421052631579,0.06336842105263159,-0.1550526315789474,-0.08094736842105262,0.019999999999999993,-1.1689473684210523,-0.15000000000000005,-1.234536842105263,-2.601515789473684,1.1349105263157897,-0.9668421052631582,-1.8831578947368421,0.012631578947368386,1.1426315789473684,-0.27368421052631575,0.9063157894736842,-0.2178947368421052,0.1284210526315789,0.2236842105263158,0.1554736842105263,0.0022631578947368406,-0.10115789473684211,-1.0616315789473685,-0.2836842105263158,-0.16721052631578945,0.04263157894736843,-0.3585789473684211,-0.880421052631579,0.31889473684210534,0.7922631578947369,-1.8565473684210527,0.10235789473684206,-0.4532368421052632,0.37733157894736835,1.3698789473684208,-0.020278947368421046,-3.6824736842105263,0.6636736842105263,-0.8328684210526314,-1.881942105263158,0.8260421052631579,-5.93157894736842,-0.4626315789473684,-0.1836842105263158,0.401578947368421,1.1410526315789469,-0.09210526315789473,-0.53,-0.5921052631578947,-0.019473684210526344,0.3557894736842105,-0.35315789473684206,0.7157894736842104,-0.2568421052631579,-1.0426315789473684,0.09473684210526319,0.6589473684210526,-0.45210526315789473,0.3652631578947368,-0.7047368421052631,0.5552631578947369,-1.1821052631578948,-0.4178947368421053,0.37947368421052635,0.3710526315789473,0
RCERRHRGDWQGKQRCLMEC,0.42040640100000004,-0.10070433649999999,0.05594731499999993,-0.17122112500000003,0.545679615,0.40549999999999997,0.06849999999999999,-0.059999999999999984,-0.186,0.5900000000000001,0.008999999999999998,-0.026000000000000002,0.272,-0.0325,0.010999999999999994,0.23199999999999998,-0.089,0.167,-0.40235000000000004,0.20204999999999998,-0.15365,-0.3762000000000001,-0.24065000000000003,0.4918,-0.0885,0.20099999999999998,0.05950000000000002,0.49050000000000005,-0.4165000000000001,0.5435000000000001,0.6039999999999999,-0.007500000000000007,-0.06250000000000003,0.375,-0.131,0.262,-0.003999999999999999,0.07010000000000001,-0.09845,-0.002049999999999995,0.05674999999999999,-0.083,0.2945000000000001,0.6185,-2.8572949999999997,2.21577,-1.102815,-1.1410000000000002,1.3295,0.44849999999999995,-0.10549999999999997,0.641,0.6784999999999999,-0.308,-0.05249999999999999,0.2125,-0.08709999999999998,-0.02005,-0.0339,-0.63475,0.14009999999999995,-0.03129999999999999,0.009299999999999998,-0.029900000000000003,-0.10230000000000002,0.587,0.4029,0.7464749999999999,-0.3838599999999999,-1.4367999999999999,0.162395,-0.37747500000000006,-0.31300999999999995,0.17243499999999995,-1.23448,-0.20796,1.5923100000000001,0.37368000000000007,-3.258,1.0950000000000002,-0.43200000000000005,-0.033000000000000015,0.499,-0.5185,0.14700000000000002,0.16800000000000004,0.6124999999999998,0.16099999999999998,0.5475,0.3955000000000001,-0.03450000000000001,-0.6054999999999999,0.477,0.28600000000000003,-0.18,0.7165000000000001,0.1335,1.5595,0.354,-0.46799999999999997,0.38399999999999995,-0.466,0
CNGPWSEKDMHCHNHCKSIKGYKGGYCAK,0.16280609103448276,0.27917174482758617,-0.02502843793103452,-0.25086257931034484,0.38147893068965516,0.32241379310344825,0.10034482758620687,0.2186206896551724,0.19517241379310346,0.2813793103448276,-0.018620689655172426,0.12482758620689652,0.09206896551724136,0.019999999999999993,-0.022068965517241385,0.028965517241379295,-0.31931034482758625,0.24586206896551724,-0.2248275862068966,-0.2863103448275862,-0.3385517241379311,-0.2341379310344828,-0.27931034482758627,-0.07044827586206895,0.2706896551724137,-0.17206896551724138,-0.14103448275862068,0.12862068965517237,0.2775862068965517,0.1410344827586207,0.1568965517241379,0.296551724137931,-0.08689655172413793,0.30965517241379303,-0.1624137931034483,0.26275862068965516,-0.35586206896551725,0.07141379310344827,0.033896551724137934,0.030689655172413795,0.06179310344827585,-0.022862068965517245,-0.5658620689655172,0.3496551724137931,-1.7618344827586208,-0.38137241379310344,-0.47593103448275864,-1.3100000000000003,-0.5179310344827587,0.9520689655172412,0.02689655172413797,0.23896551724137924,0.3548275862068966,-0.06241379310344828,-0.2375862068965517,0.21293103448275857,0.02034482758620689,0.011586206896551723,0.0376896551724138,-0.837344827586207,-0.037275862068965535,-0.024137931034482748,-0.014068965517241383,-0.043965517241379294,-0.4921034482758621,0.29917241379310344,0.3188275862068966,-0.5041068965517241,0.6016827586206898,-0.6847551724137931,0.07610689655172416,0.20699655172413794,-0.20573448275862066,-1.206762068965517,-0.12884482758620694,-0.056451724137931036,-0.3007655172413794,0.15035862068965525,-4.561379310344828,-0.20689655172413793,-0.23999999999999996,-0.017931034482758637,0.7403448275862069,-0.25862068965517243,-0.25482758620689655,-0.27344827586206893,0.4586206896551724,0.116551724137931,0.2503448275862069,0.3406896551724136,-0.13586206896551725,-0.819655172413793,0.060000000000000005,0.4486206896551725,-0.12620689655172415,0.6806896551724138,-0.29172413793103447,1.0617241379310343,-0.18999999999999997,0.46965517241379307,0.38586206896551717,-0.2479310344827586,0
CVDTTSDFHTCQDKGGHCVSPKIRCLEEQLGLCPLKRWTCCK,-0.03681968190476192,0.12617417238095235,-0.49076160714285727,0.05933572142857142,-0.15291583190476188,0.10571428571428572,-0.28023809523809523,0.12166666666666667,0.03380952380952385,0.26333333333333336,-0.09047619047619049,-0.1319047619047619,-0.021428571428571457,0.012857142857142869,-0.03333333333333335,-0.02952380952380953,-0.3216666666666667,0.09023809523809524,-0.15988095238095243,-0.036952380952380966,-0.33288095238095244,-0.06504761904761903,-0.019071428571428583,0.11704761904761905,0.04476190476190477,-0.21833333333333338,0.061666666666666675,0.07452380952380952,-0.08595238095238093,0.10666666666666667,0.3185714285714286,-0.24690476190476188,0.08333333333333331,0.37476190476190474,-0.3292857142857143,0.3476190476190476,-0.34476190476190477,0.02764285714285715,0.02892857142857142,-0.012642857142857143,0.02657142857142855,-0.05771428571428573,-0.5023809523809524,0.21047619047619048,-0.8211833333333332,-0.7036666666666667,-0.5715547619047621,-0.4495238095238096,-0.5880952380952383,0.12404761904761905,-0.03309523809523811,0.3059523809523809,0.04547619047619047,0.027142857142857184,0.07857142857142856,0.21783333333333335,0.020047619047619054,-0.06128571428571429,0.02007142857142856,-0.8785714285714286,-0.22809523809523813,-0.1643333333333333,0.04590476190476191,-0.052023809523809514,-0.24426190476190482,0.2690952380952381,0.03059523809523809,-1.0305047619047618,0.01983333333333331,-0.4914785714285715,-0.21676428571428577,0.040397619047619016,-0.07898095238095233,-1.4976595238095238,-0.24805000000000002,0.028659523809523756,-1.0499976190476188,0.11454999999999996,-4.701904761904761,-0.03119047619047615,-0.08309523809523806,0.19761904761904758,0.6221428571428571,-0.15619047619047616,-0.26571428571428574,-0.16547619047619047,-0.01642857142857141,-0.032619047619047645,0.13214285714285715,-0.005476190476190523,0.10023809523809521,-0.8366666666666667,0.1123809523809524,0.4597619047619048,-0.23595238095238097,0.3123809523809524,-0.11904761904761907,0.5838095238095237,-0.5654761904761905,0.14238095238095236,-0.19666666666666663,-0.24833333333333332,0
PFSSVAATCQTPKIACKNGDKNCHQSHGAVSLTMCKLTSGKYPNCRYKEKR,0.1106077443137255,0.18015956725490193,-0.3067389647058824,0.18093106274509801,0.10740083039215687,0.29117647058823526,-0.24784313725490192,0.03313725490196078,0.05235294117647059,0.24745098039215688,5.442269728554689e-19,0.10019607843137256,-0.14784313725490195,0.12196078431372552,-0.07607843137254904,-0.013725490196078431,-0.3480392156862745,0.2511764705882353,-0.2885490196078432,-0.1380588235294118,-0.3445490196078432,0.08274509803921568,0.020509803921568606,0.15015686274509807,0.11215686274509803,-0.2764705882352941,0.06352941176470588,0.22196078431372548,0.13549019607843135,-0.11686274509803922,0.1676470588235294,-0.17333333333333334,0.012352941176470589,0.11862745098039215,-0.3550980392156863,0.40333333333333327,-0.3547058823529411,0.06280392156862744,0.03507843137254902,-0.015901960784313728,-0.023980392156862755,-0.05550980392156864,-0.6617647058823529,0.1654901960784314,-2.050792156862745,-0.8584274509803923,0.08743921568627448,-1.2705882352941178,-0.5590196078431372,0.23235294117647054,0.6082352941176471,0.19941176470588232,0.008627450980392122,0.024901960784313712,0.1380392156862745,0.22080392156862746,0.0373921568627451,-0.049039215686274513,0.03474509803921569,-0.9146078431372549,-0.19343137254901965,-0.17831372549019606,0.03490196078431373,-0.0689607843137255,-0.42954901960784314,0.20868627450980393,0.1643529411764706,-0.6483568627450981,-0.2577843137254902,-0.5720470588235295,-0.09701176470588237,0.37070784313725497,-0.13133529411764705,-1.2815098039215684,-0.2485313725490196,-0.20337058823529405,-0.21353529411764713,0.505164705882353,-4.95764705882353,-0.07392156862745101,-0.09470588235294115,0.18235294117647058,0.7117647058823529,-0.2568627450980392,-0.2780392156862746,-0.2582352941176471,0.025686274509803906,0.16921568627450978,0.08941176470588236,0.1274509803921568,0.07411764705882352,-0.8754901960784313,0.10803921568627452,0.45019607843137255,-0.31372549019607837,0.32294117647058823,-0.25058823529411767,0.7696078431372549,-0.46862745098039205,0.03509803921568624,-0.07156862745098035,0.08980392156862747,0
DCTNDRKNCCPGHECKCY,0.233586425,0.35728164222222225,-0.09107237777777784,-0.3275200388888889,0.1601214066666667,0.3883333333333333,-0.15000000000000002,0.33999999999999997,0.32722222222222225,0.47277777777777774,-0.27611111111111114,-0.23722222222222225,0.04722222222222223,-0.11833333333333333,-0.14,0.19555555555555557,-0.37277777777777776,0.10833333333333334,-0.3092222222222223,-0.26972222222222225,-0.5275000000000001,-0.6353888888888889,-0.1967777777777778,0.016444444444444463,0.3822222222222222,-0.16222222222222218,-0.08333333333333331,0.21499999999999997,-0.13722222222222222,0.5938888888888889,0.4077777777777778,0.010555555555555577,0.4383333333333333,0.4433333333333333,-0.1838888888888889,0.13166666666666668,-0.31166666666666665,0.09305555555555554,0.0152222222222222,0.060777777777777785,0.14527777777777776,-0.09327777777777778,-0.6188888888888889,0.581111111111111,-2.686183333333333,0.09017222222222222,-1.9522611111111112,-1.442222222222222,-0.13722222222222222,0.6277777777777778,-0.5455555555555556,0.8594444444444442,-0.17722222222222225,0.03666666666666666,-0.20277777777777778,0.2112777777777778,-0.04211111111111111,-0.06933333333333333,0.09505555555555556,-0.8631666666666666,-0.10105555555555555,-0.10977777777777781,0.09566666666666666,0.11794444444444446,-0.29427777777777775,0.2808333333333334,-0.076,-1.7831111111111109,0.7303388888888889,-0.7118499999999999,-0.19070555555555554,-0.5028444444444444,-0.27001666666666657,-1.8946555555555555,-0.7375944444444444,0.6034388888888889,-1.569588888888889,0.11566666666666665,-4.660555555555556,0.09777777777777782,-0.002222222222222212,-0.009444444444444429,0.6755555555555557,-0.47277777777777785,-0.2566666666666666,-0.1811111111111111,0.31833333333333325,-0.18611111111111114,0.6644444444444444,-0.003333333333333398,0.13444444444444445,-0.8199999999999998,0.08500000000000002,0.40833333333333344,-0.2877777777777778,0.5222222222222224,0.02222222222222223,1.6966666666666665,-0.01611111111111109,0.9927777777777779,-0.11277777777777777,-0.4716666666666667,0
RLPGTISREICAKKC,0.05772826666666669,0.021442096666666636,0.2002693066666665,0.33769992666666665,0.5103943433333334,0.142,-0.49466666666666664,-0.0020000000000000018,-0.10266666666666667,0.33866666666666667,-0.026666666666666682,0.10200000000000004,0.0,0.08600000000000001,-0.136,-0.13199999999999998,-0.24733333333333327,0.29600000000000004,-0.08473333333333338,0.053133333333333324,-0.27959999999999996,0.18973333333333334,0.09833333333333334,0.38926666666666665,-0.06133333333333334,-0.23133333333333334,0.26200000000000007,0.2293333333333333,-0.3293333333333333,-0.04333333333333333,0.4193333333333333,-0.26666666666666666,0.06266666666666666,0.14466666666666667,-0.5299999999999999,0.35466666666666663,-0.12666666666666668,0.031866666666666675,0.013000000000000001,-0.04080000000000001,-0.06526666666666668,-0.06893333333333335,-0.4773333333333333,0.10799999999999997,-1.1522800000000002,-0.4354866666666666,0.5171733333333333,-0.5793333333333334,-0.4506666666666668,0.04466666666666663,0.7766666666666667,0.06866666666666663,0.22466666666666668,0.15333333333333338,0.07466666666666665,0.22786666666666672,0.06980000000000001,-0.04966666666666666,-0.03466666666666667,-0.9034666666666665,-0.27293333333333336,-0.19399999999999998,0.09393333333333333,-0.22540000000000002,-0.25606666666666655,0.33313333333333334,0.1481333333333333,-0.5829799999999999,-0.8254400000000002,-0.6588533333333333,-0.5296933333333333,0.5165599999999999,-0.02212666666666664,-1.6301133333333335,-0.28818,-0.5329333333333335,-0.0759266666666667,0.7659933333333332,-4.9046666666666665,0.30866666666666664,-0.3246666666666666,0.45866666666666667,0.6133333333333332,-0.20266666666666663,-0.20199999999999996,-0.13866666666666663,-0.025333333333333357,0.27599999999999997,-0.08333333333333334,0.27066666666666656,0.19466666666666665,-0.8633333333333334,0.324,0.518,-0.16599999999999995,0.27266666666666667,-0.16733333333333328,0.5413333333333333,-0.6946666666666667,-0.44466666666666665,-0.08199999999999998,-0.047999999999999966,0
QKIISTIGKLPK,0.10274716249999999,0.08068380416666664,0.05334008333333323,0.3462619666666667,0.33041056333333335,0.12333333333333334,-0.48,-0.31,-0.23083333333333333,-0.03166666666666668,0.12416666666666669,0.13999999999999999,-0.07499999999999998,0.015000000000000008,-0.11666666666666665,-0.16833333333333333,-0.2483333333333333,0.26666666666666666,-0.03400000000000001,-0.060083333333333315,0.0026666666666666596,0.5561666666666667,0.19041666666666668,0.27258333333333334,-0.010833333333333339,-0.1541666666666667,0.37499999999999983,0.24416666666666664,0.35166666666666674,-0.5841666666666667,0.2275,-0.20166666666666663,-0.12416666666666665,-0.40000000000000013,-0.5683333333333332,0.5299999999999999,-0.22083333333333335,0.017500000000000005,0.021916666666666664,-0.028166666666666673,-0.18300000000000002,-0.02400000000000001,-0.30583333333333335,-0.045833333333333316,-0.5705333333333332,-0.4905416666666662,2.318725,-0.7925000000000001,-0.3325000000000002,-0.13750000000000004,1.2666666666666668,-0.5825,0.14999999999999997,0.5966666666666667,0.1558333333333333,0.22875000000000004,0.07,-0.04616666666666666,-0.14358333333333334,-0.8876666666666666,-0.3425,-0.19916666666666663,-0.02125,-0.25233333333333335,0.10749999999999997,0.10891666666666668,0.06974999999999999,-0.3629166666666668,-1.3766083333333332,0.11490833333333339,-0.6751583333333334,1.0228583333333334,0.4209083333333333,-1.2437083333333334,0.3593333333333333,-0.7729749999999999,-0.3187166666666668,-0.07332499999999996,-4.7525,0.17999999999999994,-0.3825,0.585,0.38166666666666665,-0.02416666666666663,-0.09999999999999999,-0.10083333333333334,-0.2316666666666667,0.43416666666666665,-0.5025000000000001,0.38999999999999996,0.14083333333333328,-0.8458333333333333,0.3016666666666666,0.47666666666666674,0.01833333333333333,0.18166666666666664,-0.2833333333333333,-0.3166666666666667,-0.8633333333333333,-1.1083333333333334,-0.2566666666666666,0.425,0
QKIKEFFQKLALEIE,0.28714890666666665,-0.7966688513333334,0.2881608666666666,0.17316388666666663,-0.05248655666666668,0.07600000000000001,-0.114,-0.6346666666666666,-0.2273333333333333,0.041333333333333305,0.12733333333333333,-0.18000000000000002,0.18133333333333332,0.30066666666666664,-0.14533333333333334,-0.010666666666666661,-0.11733333333333333,-0.16133333333333333,-0.12126666666666663,0.7584666666666666,0.2914000000000001,0.4892666666666667,0.0968,0.02093333333333334,-0.7886666666666665,0.23199999999999996,-0.2646666666666667,0.26266666666666666,0.01466666666666665,-0.5946666666666667,0.4433333333333333,0.07333333333333333,0.22000000000000003,-0.4186666666666668,-0.18133333333333332,0.4046666666666667,-0.06933333333333334,-0.013333333333333336,-0.1306,-0.14493333333333333,-0.09433333333333334,0.09326666666666665,0.504,0.02000000000000005,-0.24731999999999985,1.428586666666667,0.8633333333333333,-0.004666666666666804,1.2040000000000002,-1.2719999999999998,0.4106666666666667,-0.9173333333333333,0.68,-0.015333333333333336,0.011333333333333329,0.24353333333333335,-0.06273333333333332,0.013733333333333327,-0.17439999999999997,-0.6356666666666667,-0.23333333333333336,0.018400000000000024,-0.1345333333333333,-0.18726666666666666,0.5777333333333332,0.08513333333333332,0.2378,0.42110666666666646,-0.8089999999999999,-0.06727333333333337,-0.051020000000000024,0.2022866666666667,0.9342866666666666,0.29914000000000013,-0.03729999999999999,-0.48894,0.5790866666666665,-1.1417533333333334,-3.2166666666666672,0.8273333333333334,-0.3260000000000001,0.19399999999999995,0.15466666666666667,-0.03466666666666663,0.23399999999999999,0.30999999999999994,-0.17600000000000002,0.011999999999999922,-0.2646666666666667,0.3173333333333333,-0.18333333333333332,-0.6086666666666667,0.4206666666666666,0.20133333333333334,-0.08066666666666666,0.24933333333333335,-0.046000000000000006,-0.32266666666666677,-0.0033333333333333067,-0.9573333333333333,-0.634,0.25066666666666665,0
GLVTRRRHGVEELQ,0.22023818357142858,-0.18334374214285715,0.25412906428571425,0.5417043714285714,0.4414432492857142,0.32928571428571424,-0.12071428571428569,-0.355,-0.12642857142857142,0.13642857142857137,0.23785714285714285,0.18142857142857144,0.10714285714285712,0.06142857142857142,0.17285714285714285,0.040714285714285744,-0.21714285714285714,0.1121428571428571,-0.5886428571428571,0.2292857142857143,-0.12142857142857144,0.4456428571428571,-0.060428571428571436,0.4450714285714286,-0.25,-0.07785714285714286,0.35928571428571426,0.4742857142857142,-0.3578571428571428,-0.13928571428571423,0.32071428571428573,0.10857142857142854,-0.2007142857142857,0.4371428571428572,-0.2657142857142857,0.3578571428571428,-0.14500000000000002,0.03921428571428571,-0.030357142857142853,-0.09035714285714284,-0.08435714285714287,-0.06192857142857142,-0.05642857142857136,0.2635714285714286,-2.173064285714286,0.19627142857142887,0.37298571428571436,-1.0107142857142857,0.11071428571428545,-0.2514285714285715,0.3757142857142857,-0.0035714285714285665,0.8107142857142858,0.14500000000000002,-0.2971428571428572,0.22499999999999995,0.0072142857142857165,-0.03592857142857142,-0.09407142857142857,-0.7849285714285715,-0.10757142857142855,-0.19757142857142856,-0.04221428571428571,-0.12807142857142859,-0.2167142857142857,0.3703571428571429,0.5107142857142857,-0.4615214285714287,-1.2139285714285715,-0.5361428571428571,0.6181214285714285,0.09922142857142857,-0.08857142857142854,-1.0279142857142856,-0.7478214285714287,-0.49146428571428563,-0.27721428571428586,0.5623357142857144,-4.076428571428571,0.8114285714285714,-0.12285714285714282,0.16999999999999996,0.6607142857142857,-0.3328571428571428,-0.0178571428571429,-0.06857142857142859,0.21142857142857135,0.04928571428571421,-0.15285714285714289,0.6685714285714285,-0.05857142857142861,-0.7364285714285714,0.3714285714285714,0.31642857142857134,-0.5335714285714285,0.33642857142857147,-0.11857142857142863,0.865,-0.5507142857142858,-1.3114285714285714,-0.27071428571428574,0.015714285714285698,0
GFCWYVCVYRNGVRV,-0.39070326400000005,0.32787682199999996,0.7880695133333332,0.10196098666666663,0.5698681246666669,-0.4620000000000001,0.03799999999999999,0.13266666666666677,0.15600000000000003,0.1446666666666667,0.11466666666666664,0.14599999999999996,0.10466666666666666,0.04266666666666666,0.01666666666666666,-0.30733333333333346,-0.10999999999999997,0.09000000000000001,-0.2974666666666667,-0.25980000000000003,0.09873333333333333,-0.06633333333333336,-0.5236666666666666,0.5265333333333334,0.3086666666666666,-0.001999999999999987,0.7826666666666665,-0.23933333333333334,-0.22533333333333333,0.06999999999999999,0.18133333333333332,0.45266666666666666,-0.13533333333333333,0.39133333333333337,-0.16933333333333334,0.4673333333333334,-0.27666666666666667,-0.08226666666666668,0.06726666666666666,0.06573333333333332,-0.008466666666666674,-0.1461333333333333,0.1120000000000001,-0.22400000000000003,2.742393333333334,-0.08030666666666655,-0.6838933333333332,1.8606666666666665,-0.6333333333333335,0.8880000000000002,-0.11800000000000012,0.6026666666666667,0.41600000000000004,0.7479999999999999,-0.08399999999999999,0.21693333333333334,0.06566666666666666,0.03873333333333332,0.018266666666666667,-0.6885333333333333,-0.12026666666666669,0.09753333333333337,0.09059999999999999,-0.3164,-0.5566666666666668,0.15713333333333332,0.295,0.14810666666666675,0.6476199999999999,-0.43625333333333327,0.18653999999999998,0.25601999999999997,-0.19581333333333328,-0.6508866666666665,0.37353999999999987,-0.3816466666666667,0.21004666666666658,0.8704800000000001,-3.545333333333333,-0.26733333333333337,-0.09999999999999999,-0.004666666666666656,0.634,0.2206666666666667,-0.0873333333333333,0.022666666666666658,0.11866666666666667,0.29533333333333334,-0.07466666666666665,-0.07266666666666668,-0.294,-0.6779999999999998,0.09800000000000003,0.3106666666666667,-0.3346666666666666,0.11733333333333333,-0.2753333333333334,-0.5433333333333332,-0.30933333333333335,-0.0926666666666667,0.14733333333333337,-0.668,0
IGTGDGAAQS,-0.185290691,0.365290727,-0.4551354300000002,0.74853333,0.02879479200000006,0.492,-0.333,0.554,0.073,-0.20400000000000001,0.508,0.24699999999999997,0.06799999999999999,0.35300000000000004,0.191,-0.2909999999999999,-0.7220000000000001,0.14699999999999996,-0.13820000000000005,-0.5839000000000001,-0.8493999999999998,0.7488,-0.3562,-0.5058999999999998,0.171,-1.114,-0.09799999999999999,0.11699999999999999,-0.223,-0.134,0.040000000000000015,0.48900000000000005,-0.4699999999999999,-0.30300000000000005,-0.42699999999999994,0.18499999999999997,-0.689,0.1036,0.21690000000000004,-0.11839999999999999,-0.015900000000000004,0.014699999999999996,-2.152,-0.037,-3.3194600000000003,-5.65902,0.4022000000000001,-2.7849999999999997,-3.8270000000000004,0.05499999999999988,-0.149,0.13799999999999998,0.7590000000000001,0.10200000000000002,0.457,0.20380000000000004,0.12969999999999998,-0.133,0.007099999999999995,-1.3394000000000001,-0.3711,-0.4957,0.1631,-0.08829999999999996,-1.5051,0.08710000000000001,0.9139999999999997,-3.82502,-0.36143000000000003,-0.64852,0.9725199999999997,0.7871900000000001,-0.027729999999999987,-5.59557,-0.40178,-0.55598,-3.8881900000000003,1.5796200000000002,-7.535999999999999,-0.5970000000000001,0.421,0.5080000000000001,1.797,-0.215,-0.753,-1.214,0.18799999999999997,-0.42200000000000004,-0.49800000000000005,0.49899999999999994,-0.446,-1.2770000000000001,-0.03,0.7939999999999999,-1.0319999999999998,0.521,-0.8310000000000001,1.161,-2.037,0.10899999999999999,-1.0230000000000001,0.34,0
KTYFPHFDLSHGS,0.007688575384615392,0.34046875076923083,-0.6691377846153846,-0.010416376923076894,-0.27965482999999997,0.14923076923076922,0.2946153846153846,-0.07923076923076922,0.3392307692307692,-0.15615384615384617,-0.030769230769230764,0.15384615384615383,-0.1876923076923077,0.13538461538461538,-0.17384615384615382,0.013846153846153838,-0.2523076923076923,0.08230769230769229,-0.0643076923076923,-0.3457692307692307,-0.015923076923076946,0.10176923076923075,0.1706153846153846,-0.15092307692307694,0.3646153846153846,-0.005384615384615372,-0.1830769230769231,-0.06846153846153845,0.32230769230769235,-0.38538461538461544,-0.3076923076923076,0.03153846153846155,0.22615384615384618,0.38846153846153847,0.008461538461538468,0.4630769230769231,-0.5507692307692308,0.029461538461538463,0.04892307692307692,0.051230769230769226,-0.029153846153846148,0.03399999999999999,-0.14076923076923067,0.049999999999999996,-0.5152461538461537,-0.34114615384615377,0.48733846153846166,-0.7307692307692307,-0.2815384615384616,0.6284615384615384,-0.0115384615384616,-0.1276923076923077,-0.4007692307692308,-0.1761538461538462,0.050769230769230816,0.2123846153846154,0.022076923076923074,0.08076923076923077,0.07699999999999999,-0.6966923076923076,-0.06338461538461539,-0.0018461538461538307,-0.23107692307692307,-0.05223076923076924,-0.3522307692307693,0.07892307692307693,0.19507692307692312,1.2007384615384615,0.3990538461538462,0.11620000000000001,0.5212076923076923,0.5415846153846154,-0.00741538461538455,1.541269230769231,0.3798076923076922,-0.057700000000000036,1.7212384615384617,0.1828538461538462,-3.626923076923077,-0.6361538461538461,-0.01076923076923077,-0.4623076923076923,0.48307692307692307,0.013076923076923097,-0.013076923076923097,-0.10307692307692312,0.0946153846153846,-0.0007692307692307998,0.15307692307692305,-0.020769230769230797,0.2523076923076923,-0.69,-0.25461538461538463,0.13615384615384615,-0.26461538461538464,0.4676923076923077,-0.4969230769230769,0.14384615384615393,0.2023076923076923,0.3384615384615384,0.22076923076923077,0.14846153846153848,0
AKKVLTTALKPISS,-0.045227015,-0.11119671428571433,-0.5720682571428571,0.7180795857142855,-0.11983479142857144,0.07928571428571428,-0.6485714285714285,-0.20785714285714288,-0.1928571428571429,0.07142857142857142,0.11571428571428574,0.1657142857142857,-0.3614285714285714,0.25214285714285717,-0.1107142857142857,-0.21785714285714283,-0.35428571428571426,0.3307142857142858,-0.1868571428571429,0.14735714285714283,-0.20435714285714285,0.7899285714285715,0.31550000000000006,0.24028571428571427,-0.24928571428571433,-0.4028571428571429,0.16500000000000004,0.18142857142857133,0.13428571428571429,-0.8707142857142857,0.0049999999999999255,-0.5892857142857143,-0.16,0.08642857142857144,-0.6835714285714286,0.5250000000000001,-0.35500000000000004,0.020785714285714286,0.03928571428571428,-0.11,-0.18621428571428572,-0.01921428571428572,-0.7492857142857142,-0.22,-0.9051857142857143,-1.7304214285714286,1.8895071428571428,-0.6421428571428572,-0.9371428571428572,-0.6892857142857142,1.5278571428571426,-0.5192857142857142,-0.02928571428571428,0.19928571428571426,0.4664285714285715,0.23678571428571432,0.12664285714285714,-0.07007142857142858,-0.04900000000000001,-1.0030714285714286,-0.45664285714285713,-0.3345714285714286,0.005499999999999996,-0.2096428571428572,-0.28321428571428575,0.11307142857142857,0.07142857142857144,-0.649792857142857,-1.3534714285714284,0.18050714285714278,-0.6374000000000001,1.0606,0.1645357142857143,-1.5843642857142857,0.3051214285714285,-0.7482142857142856,-0.5063214285714286,0.6253928571428571,-5.485714285714286,-0.21285714285714288,-0.11499999999999992,0.6164285714285714,0.6407142857142857,-0.018571428571428555,-0.2821428571428572,-0.24928571428571436,-0.5457142857142857,0.3678571428571428,-0.4557142857142858,0.16571428571428568,0.185,-0.9614285714285714,0.15928571428571428,0.5678571428571428,-0.27285714285714285,-0.08285714285714285,-0.35142857142857137,-0.21928571428571422,-1.0835714285714286,-0.7571428571428572,-0.2814285714285714,0.5707142857142856,0
NVAVTLLDKL,-0.252638566,-0.39244899499999997,-0.59450482,0.8054816200000001,-0.47528261499999996,-0.20199999999999996,-0.65,-0.372,0.025,-0.09,0.28500000000000003,-0.07299999999999998,-0.14300000000000002,-0.04799999999999999,0.02799999999999999,-0.284,-0.35300000000000004,-0.02999999999999998,-0.25830000000000003,0.4034,-0.017899999999999992,0.9253,0.0363,0.042,-0.45199999999999996,-0.326,0.167,-0.042000000000000016,-0.08800000000000001,-0.944,0.03199999999999996,-0.17700000000000002,0.146,0.337,-0.579,0.4069999999999999,-0.417,-0.047200000000000006,0.024900000000000002,-0.16,-0.13670000000000002,9.999999999999454e-05,-0.45099999999999996,-0.42399999999999993,1.1705900000000002,-1.7387299999999999,0.6583,0.8779999999999999,-0.975,-1.4740000000000002,0.565,-0.383,0.15999999999999998,0.4090000000000001,0.019999999999999983,0.24530000000000002,0.0664,-0.1024,-0.1214,-0.9656,-0.4508000000000001,-0.3209,0.007600000000000001,-0.127,0.09969999999999997,-0.045099999999999994,-0.019299999999999984,-2.4944700000000006,-1.3030899999999999,1.3285899999999997,-0.60007,0.23579999999999995,0.14541,-2.7743200000000003,0.30266000000000004,-0.35478000000000004,-3.5316700000000005,0.08108000000000001,-5.182,0.04600000000000002,0.169,0.769,0.6,0.21000000000000005,-0.18800000000000003,-0.12400000000000003,-0.6719999999999999,-0.05299999999999998,-0.5,0.172,-0.21200000000000002,-0.909,0.22999999999999998,0.5469999999999999,-0.462,-0.33899999999999997,-0.08399999999999999,-0.7710000000000001,-1.0240000000000002,-0.7590000000000001,-0.7579999999999999,0.605,0
GPAKFLHSA,-0.16260873000000003,-0.0030840100000000506,-0.8086433000000001,0.4883162333333333,-0.13293114555555555,0.17333333333333334,-0.12666666666666668,0.08888888888888886,0.07666666666666672,-0.05111111111111111,0.00333333333333333,0.4833333333333334,-0.008888888888888892,0.32333333333333336,-0.07777777777777779,-0.40888888888888886,-0.36000000000000004,0.24000000000000002,0.01077777777777779,-0.112,-0.3352222222222222,0.5845555555555555,0.36366666666666675,-0.2613333333333333,-0.08777777777777779,-0.48777777777777787,-0.4744444444444444,-0.1755555555555556,0.1922222222222222,-0.668888888888889,0.028888888888888884,-0.057777777777777754,0.14888888888888893,0.19,-0.29444444444444445,0.42,-0.4744444444444445,0.030666666666666658,0.09255555555555556,-0.08644444444444445,-0.07377777777777778,0.11355555555555556,-0.9955555555555554,-0.31111111111111117,-0.3506111111111111,-2.6323888888888884,1.5771444444444445,-0.7322222222222222,-1.8633333333333337,0.42000000000000004,0.82,-0.62,0.18444444444444444,-0.5877777777777777,0.08888888888888886,0.2207777777777778,0.15411111111111112,0.03744444444444444,-0.023555555555555552,-0.9904444444444445,-0.22966666666666669,-0.1031111111111111,-0.049888888888888885,-0.36611111111111116,-0.8132222222222222,0.22955555555555554,0.5612222222222223,-1.0689111111111111,0.1969222222222222,-0.052488888888888884,0.3623111111111111,1.1211555555555555,-0.16727777777777775,-1.997944444444444,0.9795666666666667,-0.5066444444444445,-0.9885555555555556,0.8238222222222222,-5.43,-0.921111111111111,-0.1677777777777778,0.11999999999999998,0.9133333333333332,0.10333333333333332,-0.4055555555555556,-0.5011111111111112,0.012222222222222147,0.19999999999999998,-0.3566666666666667,0.35666666666666663,0.14777777777777773,-0.9688888888888888,-0.12777777777777777,0.5,-0.35666666666666663,0.2844444444444444,-0.78,-0.05333333333333331,-0.6688888888888889,0.21000000000000002,0.38,0.6122222222222223,0
SLQMGATAIKQVKKL,0.016801509333333367,-0.372804142,-0.41964110000000016,0.47262763999999996,0.04118587933333332,0.08466666666666668,-0.4693333333333333,-0.32466666666666666,-0.268,0.18066666666666664,0.2746666666666667,0.14333333333333334,-0.03133333333333334,0.226,0.05066666666666666,-0.21266666666666662,-0.3113333333333334,0.22733333333333333,-0.18406666666666668,0.35246666666666665,-0.13833333333333328,0.6446666666666666,-0.051333333333333335,0.22413333333333335,-0.5,-0.32199999999999995,0.10533333333333335,0.2366666666666667,0.374,-0.5953333333333333,0.312,-0.17333333333333334,-0.29600000000000004,-0.15999999999999995,-0.5446666666666666,0.5253333333333333,-0.27666666666666667,0.008533333333333334,-0.004533333333333331,-0.14373333333333335,-0.11886666666666666,-0.014933333333333342,-0.5393333333333334,-0.15533333333333335,-0.8117066666666666,-1.1681533333333332,1.05026,-0.4726666666666668,-0.6173333333333333,-0.6820000000000003,1.2066666666666666,-0.29866666666666664,0.6039999999999999,-0.032666666666666656,0.41333333333333333,0.23253333333333337,0.04700000000000001,-0.08066666666666668,-0.1184,-0.9634,-0.2540666666666666,-0.18006666666666668,0.07166666666666668,-0.22213333333333335,-0.1381333333333333,0.15339999999999998,0.32606666666666667,-0.9657533333333335,-1.0059866666666666,-0.44827999999999996,-0.3977066666666667,0.66492,0.24432,-2.3010400000000004,-0.01854666666666668,-0.7857066666666667,-0.9686,0.05428000000000008,-5.264666666666667,0.336,-0.31799999999999995,0.6973333333333334,0.6566666666666664,-0.03866666666666664,-0.2819999999999999,-0.21400000000000002,-0.24133333333333334,0.3613333333333333,-0.36933333333333335,0.31266666666666665,-0.2873333333333334,-0.9199999999999999,0.4226666666666666,0.6013333333333333,-0.18066666666666656,0.13066666666666665,-0.20400000000000004,-0.12333333333333334,-1.0313333333333332,-0.9680000000000001,-0.22333333333333324,0.3786666666666666,0
QQRQPGSTVHGRLETTH,0.272848295882353,0.20952700647058825,-0.4127347000000001,0.2911985470588235,0.06456931588235293,0.5682352941176472,-0.02705882352941175,-0.1947058823529412,-0.06764705882352942,0.10764705882352939,0.0611764705882353,0.16529411764705884,-0.23294117647058818,0.09235294117647061,0.23941176470588238,0.19764705882352943,-0.34941176470588237,0.16470588235294117,-0.5015882352941176,-0.16417647058823526,-0.3271764705882353,0.13194117647058826,0.14776470588235294,0.28623529411764703,0.0911764705882353,-0.2147058823529411,0.28,0.5005882352941177,0.13705882352941182,0.1047058823529412,0.1388235294117647,-0.2629411764705883,-0.17411764705882352,0.03352941176470587,-0.17352941176470593,0.5488235294117647,-0.4123529411764706,0.0898235294117647,0.01970588235294119,-0.015411764705882357,-0.04747058823529411,-0.07752941176470589,-0.4511764705882353,0.43529411764705894,-3.6548882352941177,-0.5961058823529414,0.4347529411764708,-2.1870588235294117,-0.20705882352941177,0.22235294117647056,0.5494117647058824,0.28882352941176465,0.13000000000000006,-0.002352941176470603,-0.008235294117647092,0.20876470588235296,-0.004411764705882359,-0.06523529411764704,0.00994117647058822,-0.8473529411764705,-0.1371764705882353,-0.30582352941176477,-0.1094705882352941,0.07217647058823531,-0.43823529411764706,0.32047058823529406,0.30211764705882344,-0.6690941176470591,-0.7332352941176471,-0.5377941176470588,0.8296764705882351,0.1706470588235294,-0.28143529411764706,-0.761876470588235,-0.638564705882353,0.004435294117647106,-0.5139176470588238,0.28930000000000006,-4.4423529411764715,0.17705882352941182,0.1223529411764706,-0.10000000000000003,0.7070588235294117,-0.4476470588235294,-0.1947058823529412,-0.2605882352941177,0.1217647058823529,0.06470588235294117,0.0211764705882353,0.31941176470588234,0.19176470588235292,-0.7976470588235295,0.022941176470588256,0.2994117647058823,-0.5905882352941177,0.42588235294117655,-0.20647058823529413,1.2088235294117649,-0.5141176470588237,-0.7994117647058825,-0.2094117647058823,0.18235294117647058,0
VHASLDKF,-0.12040329375,-0.30433026750000003,-1.3058032000000002,0.29271841249999997,-0.7783719124999999,0.02124999999999999,-0.11625,-0.26875000000000004,0.2525,-0.0625,0.105,0.0025000000000000022,-1.3877787807814457e-17,0.2575,-0.08000000000000004,-0.12875,-0.30000000000000004,0.03624999999999999,-0.266,0.316125,-0.042875000000000024,0.45299999999999996,-0.0012499999999999976,-0.02774999999999997,-0.36375,-0.17,-0.1825,0.0012499999999999942,0.1575,-0.6675,-0.46875,0.0037500000000000033,0.29374999999999996,0.41999999999999993,-0.25875,0.365,-0.48,-0.011750000000000003,-0.00875,-0.110875,-0.049875,0.02599999999999999,-0.2925,-0.14750000000000002,0.16135000000000022,-0.7748375000000001,0.07573750000000001,0.18249999999999988,-0.345,-0.88125,0.35375,-0.14,-2.0816681711721685e-17,-0.24624999999999997,0.09999999999999998,0.23112500000000002,0.023875000000000007,0.012,-0.0485,-0.813625,-0.22475,-0.14450000000000002,-0.14225000000000002,-0.09175,-0.11962500000000004,0.166375,0.227,0.23584999999999992,-0.32330000000000003,0.3461875,0.06861249999999997,0.4927875,0.02856249999999999,0.10446250000000001,0.269175,-0.371225,0.39918750000000003,0.11458750000000006,-4.32,-0.26249999999999996,0.02250000000000002,0.04374999999999997,0.5662499999999999,0.046250000000000034,-0.13625000000000004,-0.07624999999999998,-0.40249999999999997,-0.01750000000000001,0.016250000000000014,0.10249999999999998,0.015000000000000006,-0.79,-0.04499999999999996,0.3625,-0.30874999999999997,0.245,-0.2825,0.03500000000000003,-0.2025,-0.06500000000000003,0.04625000000000007,0.415,0
ARCRKKRSC,0.5300989377777778,-0.028770031111111125,-0.182666488888889,0.10746048888888889,0.9649187255555556,0.45222222222222225,-0.3444444444444445,-0.012222222222222209,-0.17666666666666664,1.0644444444444447,-0.06333333333333335,0.17666666666666667,0.07888888888888888,0.16,-0.3622222222222222,0.21666666666666667,-0.047777777777777766,0.6922222222222223,-0.5283333333333334,0.25488888888888883,-0.312,-0.2787777777777778,-0.2215555555555556,1.2037777777777778,-0.05888888888888889,0.10222222222222223,0.41555555555555557,0.7844444444444444,-0.508888888888889,0.1944444444444445,0.6677777777777778,-0.43777777777777777,0.13666666666666663,0.6088888888888889,-0.5033333333333334,0.25555555555555554,0.22666666666666663,0.10466666666666667,-0.11566666666666668,-0.013,-0.04455555555555556,-0.21211111111111114,0.003333333333333435,0.6711111111111112,-4.2704555555555554,2.8041888888888886,-0.7298222222222224,-1.5311111111111109,1.6922222222222223,0.5811111111111111,1.3888888888888886,1.0766666666666667,0.4955555555555555,-0.20444444444444443,0.4288888888888889,0.22266666666666668,-0.01977777777777777,-0.032888888888888884,-0.00833333333333334,-0.7368888888888888,0.08655555555555552,-0.08011111111111112,0.16533333333333333,-0.2041111111111111,-0.25333333333333335,0.7272222222222223,0.3838888888888889,2.0023555555555554,-1.109822222222222,-2.1471999999999998,-0.5772777777777778,0.5538222222222221,-0.5635666666666667,0.4355777777777779,-1.3971333333333336,-0.9740777777777778,4.217077777777778,1.647788888888889,-3.9711111111111115,1.3722222222222225,-0.69,0.23555555555555557,0.5777777777777777,-0.7677777777777779,0.048888888888888836,0.19777777777777775,0.4066666666666667,0.8477777777777777,0.8344444444444445,0.40666666666666657,0.2222222222222222,-0.7077777777777778,0.6733333333333333,0.3966666666666667,-0.13333333333333336,0.6266666666666666,0.09222222222222223,2.161111111111111,0.28333333333333344,-0.6922222222222223,0.8644444444444443,-0.35777777777777775,0
AAVCGLAGY,-0.6644865544444445,-0.0635981077777778,0.0719668333333333,0.8278729444444444,0.3081623477777778,-0.31333333333333324,-0.431111111111111,0.5022222222222221,0.1811111111111111,0.08444444444444443,0.21333333333333337,0.4466666666666667,0.20999999999999996,0.5,0.19,-0.7533333333333334,-0.5255555555555556,0.1688888888888889,0.1561111111111111,-0.12655555555555553,-0.5858888888888889,0.7766666666666667,-0.37422222222222223,-0.2671111111111111,-0.2266666666666667,-1.0055555555555555,-0.035555555555555514,-0.47111111111111115,-0.3722222222222223,-0.41,0.3488888888888889,0.4577777777777778,-0.18000000000000005,0.2988888888888889,-0.47111111111111115,0.2744444444444445,-0.5033333333333334,-0.03933333333333333,0.19966666666666671,-0.15888888888888889,-0.009111111111111122,0.02188888888888888,-1.783333333333333,-0.6411111111111111,1.6990222222222224,-5.356488888888888,0.026066666666666544,0.7622222222222224,-4.0488888888888885,0.21333333333333332,0.20888888888888882,-0.02444444444444446,1.017777777777778,-0.029999999999999978,0.20777777777777778,0.22066666666666668,0.22666666666666668,-0.049111111111111105,-0.010666666666666673,-1.2523333333333335,-0.3903333333333334,-0.14466666666666667,0.2773333333333333,-0.48500000000000004,-1.505,0.05244444444444444,0.8413333333333333,-4.146266666666666,0.7507333333333333,-0.3321111111111111,0.4893444444444443,0.7671555555555555,-0.1289333333333333,-6.402633333333334,0.780588888888889,-0.6569444444444446,-4.850633333333334,1.6722111111111113,-7.118888888888888,-1.0333333333333332,0.1311111111111111,0.7000000000000001,1.601111111111111,0.3288888888888889,-0.8122222222222223,-0.9344444444444444,-0.04333333333333335,-0.003333333333333336,-0.7122222222222222,0.26333333333333325,-0.6088888888888889,-1.2233333333333334,0.03777777777777777,0.8711111111111111,-0.7655555555555555,0.031111111111111107,-0.8000000000000002,-0.41666666666666674,-2.0277777777777772,0.4077777777777778,-0.3788888888888889,-0.017777777777777767,0
ERVGQHTR,0.49335621,-0.05736585624999998,0.3502732249999999,0.2764961375,0.64274249875,0.6525000000000001,0.08375,-0.3474999999999999,-0.07624999999999998,0.25,0.14750000000000002,0.18125000000000002,-0.02874999999999997,0.11625,0.22875,0.3137500000000001,-0.21999999999999997,0.21249999999999997,-0.81575,0.10775000000000001,-0.20425,0.036374999999999935,-0.11825000000000001,0.6495000000000001,-0.11374999999999999,0.015000000000000013,0.49250000000000005,0.7949999999999999,-0.18749999999999997,0.27625,0.16999999999999998,0.07875000000000001,-0.18375000000000005,0.2925,-0.11875000000000001,0.3975,-0.16750000000000004,0.093375,-0.06474999999999999,-0.03950000000000001,-0.04425,-0.128125,0.036250000000000004,0.645,-4.37885,1.1570375,-0.0476375,-2.14,0.8787499999999999,0.048749999999999974,0.52,0.50875,0.6037500000000001,0.05874999999999997,-0.2075,0.21275,-0.04274999999999999,-0.033874999999999995,-0.046,-0.709,-0.02225000000000002,-0.2425,-0.110875,0.04549999999999997,-0.30075,0.50825,0.497,0.062012499999999804,-0.93795,-0.9526125,0.9929874999999999,0.06536249999999999,-0.273925,-0.20636249999999956,-1.1349625,-0.1925125,0.6420374999999998,0.5065625,-3.62875,0.905,-0.03124999999999996,-0.17500000000000002,0.6387499999999999,-0.66125,0.02624999999999998,-0.02749999999999997,0.31999999999999995,0.14624999999999996,0.23500000000000001,0.6525,0.11749999999999998,-0.66875,0.26,0.20375000000000001,-0.6187499999999999,0.5525,-0.04750000000000004,1.8225,-0.14624999999999994,-1.32375,0.04625000000000001,-0.08000000000000002,0
SGILGAGKKIVCGLSG,-0.4062254881250001,0.359571741875,-0.16798744375000008,0.6950813,0.4041024687500001,0.02124999999999999,-0.46062499999999995,0.37937499999999996,0.0425,-0.023749999999999993,0.485625,0.39875,0.25375000000000003,0.11375000000000002,0.028749999999999998,-0.535625,-0.5087499999999999,0.31937499999999996,0.03318750000000002,-0.433125,-0.5776875,0.849,-0.383,-0.12749999999999997,0.15749999999999997,-0.869375,0.208125,-0.12625000000000003,-0.009999999999999988,-0.491875,0.35187500000000005,0.5081249999999999,-0.50625,0.16312500000000002,-0.61625,0.270625,-0.4275,0.020999999999999998,0.20187500000000003,-0.096,-0.08150000000000002,-0.013124999999999998,-1.65375,-0.27,0.002231250000000129,-4.50930625,0.93208125,-0.8362500000000002,-3.5125,0.6024999999999999,0.420625,-0.19812500000000002,1.0618750000000001,0.373125,-0.0006250000000000006,0.221875,0.1843125,-0.06475,-0.05793750000000001,-1.2560625,-0.3178125,-0.22499999999999998,0.23274999999999998,-0.41174999999999995,-1.0325625,0.148625,0.7839374999999998,-2.3272500000000003,-0.5513187500000001,-0.76613125,0.05480624999999989,1.15895,-0.02698125,-4.7250749999999995,0.21794375,-1.18775625,-2.3771312500000006,1.3616937500000001,-7.043749999999999,-0.38125,-0.2075,0.8043750000000001,1.395625,0.10437500000000002,-0.738125,-0.9093749999999999,0.24624999999999997,0.07937499999999997,-0.693125,0.6487499999999999,-0.5262500000000001,-1.2000000000000002,0.255,0.845625,-0.428125,0.441875,-0.7593750000000001,0.10999999999999988,-2.0843749999999996,-0.2793750000000001,-0.489375,0.055625,0
GGYCHGIFKQTCKCYK,-0.010988547500000043,0.30760592125,0.6722634125,-0.21904428125,0.8751759131250001,-0.03937500000000005,0.09624999999999997,0.23437499999999997,0.216875,0.36124999999999996,-0.010000000000000023,0.143125,0.13125000000000003,0.13625,-0.12437500000000001,-0.113125,-0.24312500000000004,0.265,0.028874999999999998,-0.33581249999999996,-0.21231250000000002,-0.20781249999999998,-0.5015625,0.23,0.3075,-0.14062500000000003,0.24999999999999997,0.009999999999999981,0.31750000000000006,0.10687500000000004,0.6512499999999999,0.440625,-0.013749999999999998,0.30062500000000003,-0.13062500000000002,0.35625,-0.25875000000000004,0.016437499999999994,0.0569375,0.052250000000000005,0.03549999999999999,-0.0858125,-0.42499999999999993,0.22125,-0.15133124999999992,-0.2775749999999998,-0.56963125,-0.2731250000000002,-0.7625000000000002,1.381875,0.05312499999999998,0.45999999999999996,0.59375,0.250625,0.11375000000000002,0.207625,0.03862500000000001,0.027687500000000004,0.02506249999999999,-0.813,-0.044312500000000005,0.16543750000000002,0.10318749999999999,-0.25225,-0.5095625,0.15806250000000002,0.3863749999999999,-0.74093125,1.2164375,-1.0790437499999999,0.1626624999999999,0.5566625000000001,0.15360624999999997,-2.029475,0.21488749999999998,-0.27400624999999995,-0.5098,0.10409375000000004,-4.451875,-0.09749999999999999,-0.35374999999999995,0.04875,0.7362500000000001,-0.08062499999999999,-0.27937500000000004,-0.223125,0.4624999999999999,0.34249999999999997,0.18312499999999998,0.1637499999999999,-0.30874999999999997,-0.805625,0.1975,0.40812499999999996,-0.138125,0.54625,-0.38812500000000005,0.4575000000000001,-0.5724999999999999,0.17312499999999995,0.214375,-0.694375,0
KAKGELPAKG,0.407072338,-0.13422992900000003,0.11374581999999997,0.6198880699999999,0.563883576,0.623,-0.29300000000000004,0.09499999999999999,-0.377,0.034999999999999996,0.13,0.43200000000000005,0.21900000000000003,0.319,-0.143,-0.265,-0.4130000000000001,0.32999999999999996,-0.4713000000000001,-0.06019999999999999,-0.4696999999999999,0.8219999999999998,0.21959999999999996,-0.2573,-0.16500000000000004,-0.49400000000000005,-0.6090000000000001,0.356,0.198,-0.874,0.6990000000000001,0.16399999999999998,-0.35,0.229,-0.4539999999999999,0.11399999999999999,-0.174,0.13079999999999997,0.039900000000000005,-0.13030000000000003,-0.1349,0.1386,-1.169,0.08900000000000001,-3.7610299999999994,-1.9168799999999997,2.61755,-2.973,-1.3760000000000001,0.43500000000000005,0.907,-1.215,1.0690000000000002,-0.24300000000000002,0.22099999999999995,0.21880000000000002,0.142,-0.031000000000000007,-0.1596,-1.0808,-0.20589999999999997,-0.11400000000000002,0.0934,-0.43420000000000003,-0.741,0.244,0.8489000000000001,-2.50388,-0.38011000000000006,-0.73024,0.30018,1.2192399999999999,0.4389,-4.311439999999999,0.45755,-0.7666299999999999,-2.4330200000000004,0.5922700000000001,-5.973000000000001,-0.010000000000000009,-0.45599999999999996,0.532,1.0550000000000002,-0.32099999999999995,-0.28800000000000003,-0.5900000000000001,0.47300000000000003,0.19499999999999995,-0.505,1.0429999999999997,-0.029000000000000026,-1.037,0.372,0.5750000000000001,-0.3909999999999999,0.33799999999999997,-0.805,0.8619999999999999,-1.0859999999999999,-0.531,-0.05099999999999997,0.5359999999999999,0
TAFWGKVKVDEVGG,-0.09398439428571433,0.020721980714285708,0.3777679571428571,0.43676842142857136,0.21552568857142854,0.10999999999999997,-0.09857142857142857,0.20857142857142855,-0.15142857142857144,-0.23214285714285715,0.3771428571428571,0.08928571428571427,0.10785714285714287,0.23928571428571427,0.033571428571428565,-0.275,-0.3885714285714285,0.04928571428571431,-0.5547142857142857,-0.16749999999999998,-0.2478571428571428,0.5579285714285714,-0.34450000000000003,-0.10664285714285708,-0.04285714285714289,-0.4064285714285715,0.06714285714285713,0.07571428571428572,0.048571428571428564,-0.44714285714285723,0.12857142857142856,0.53,-0.5607142857142857,0.26999999999999996,-0.29642857142857143,0.22714285714285712,-0.43642857142857144,0.020928571428571425,0.08221428571428573,-0.07707142857142857,-0.06371428571428572,0.016999999999999994,-0.7557142857142857,-0.08642857142857141,-0.6149214285714285,-2.1550999999999996,0.8964642857142857,-0.8342857142857143,-1.6428571428571428,0.09071428571428568,-0.11142857142857153,-0.4121428571428571,0.87,0.36214285714285716,0.2971428571428571,0.21435714285714288,0.10814285714285712,-0.023214285714285715,-0.0802142857142857,-0.9467142857142855,-0.31021428571428566,-0.16371428571428573,0.0482142857142857,-0.2561428571428571,-0.7482142857142857,0.15764285714285717,0.6434285714285713,-1.7871357142857143,0.2661785714285715,-0.392,0.5182785714285714,0.8724285714285713,0.4023857142857143,-3.0577499999999995,0.4344,-0.4961071428571429,-2.1387642857142857,0.4238,-5.082857142857143,-0.3614285714285714,0.0028571428571428754,0.2507142857142857,1.0342857142857143,-0.011428571428571399,-0.27357142857142863,-0.4614285714285714,0.11928571428571429,-0.10928571428571435,-0.43071428571428566,0.4814285714285714,-0.315,-0.9164285714285713,0.10357142857142858,0.4785714285714286,-0.562142857142857,0.2285714285714286,-0.6571428571428573,0.1757142857142857,-1.125,-0.39785714285714285,-0.3678571428571429,-0.0992857142857143,0
RIRWILRYWRWS,0.07488433833333337,-0.0035866266666666666,0.7600158333333331,-0.228082325,0.8853220991666667,-0.44416666666666665,0.4808333333333333,-0.2075000000000001,-0.4675,0.3658333333333334,0.2066666666666667,0.09333333333333332,-0.08166666666666668,-0.12333333333333334,-0.04666666666666668,0.11000000000000004,0.42083333333333334,0.19333333333333336,0.14149999999999996,0.14849999999999997,0.9388333333333335,-0.15975000000000006,-0.2745,0.8921666666666667,0.1225,0.955,0.635,-0.0008333333333333295,-1.01,0.03749999999999997,-0.05499999999999996,-0.21833333333333335,-0.4358333333333333,-0.03416666666666665,-0.022500000000000003,0.6391666666666668,0.06416666666666669,-0.09324999999999999,-0.13841666666666666,0.13033333333333336,-0.13425,-0.07166666666666666,2.034166666666667,0.07166666666666671,2.656941666666667,5.006633333333333,0.9445833333333332,2.36,3.025,0.6866666666666666,0.30833333333333335,0.16583333333333325,0.4166666666666667,0.5566666666666668,0.13749999999999996,0.22075,-0.0355,0.16808333333333333,-0.059166666666666666,-0.09233333333333334,0.07499999999999997,0.020916666666666677,-0.38658333333333345,-0.12966666666666668,0.15949999999999998,0.5511666666666667,0.23216666666666663,5.459791666666667,-1.2632166666666669,0.6376083333333333,-0.35812499999999997,0.25338333333333324,-0.4322333333333333,5.848158333333334,-0.06696666666666669,-0.9460250000000001,6.207066666666667,0.8363333333333332,-0.010833333333333028,0.5125000000000001,-0.40750000000000003,-0.41916666666666674,-0.08583333333333336,0.205,1.0425000000000002,0.9491666666666667,0.2708333333333333,0.79,0.11833333333333329,0.027500000000000014,-0.04333333333333334,-0.14833333333333334,0.17833333333333343,-0.04499999999999999,0.11666666666666663,0.465,0.12833333333333333,-0.9341666666666667,1.535833333333333,-1.2966666666666666,1.2108333333333332,-0.4075,0
RRRRRRWWWRRRRR,1.0805011635714288,-0.041056133571428566,1.3242126285714286,-0.10993354999999998,2.237224499285714,0.45499999999999996,0.6378571428571426,-0.4250000000000001,-0.8242857142857141,1.0314285714285711,0.20857142857142863,0.4028571428571429,0.0557142857142857,-0.24785714285714294,-0.3014285714285715,0.6414285714285715,0.7092857142857144,0.6771428571428572,-0.7847857142857142,0.28092857142857147,0.8487857142857144,-0.5491428571428573,-0.21442857142857144,2.0620000000000003,0.23714285714285718,1.4478571428571427,0.9221428571428574,1.132857142857143,-1.584285714285714,0.4835714285714286,0.62,-0.39214285714285707,-0.31214285714285694,0.6021428571428571,0.04142857142857145,0.42214285714285704,0.6849999999999999,0.07092857142857145,-0.32349999999999995,0.16742857142857148,-0.18492857142857147,-0.22235714285714284,2.8107142857142855,0.9907142857142859,-4.066907142857143,9.69555714285714,0.8831285714285715,-0.6214285714285713,6.160714285714284,1.5442857142857147,1.1099999999999999,1.0807142857142857,0.8200000000000001,0.04928571428571429,0.37785714285714295,0.205,-0.1406428571428571,0.16771428571428576,-0.12050000000000001,0.1364285714285714,0.5827142857142856,0.04549999999999999,-0.3246428571428572,-0.16450000000000004,0.1924285714285714,1.2032857142857143,0.7127857142857141,7.402914285714286,-2.396764285714286,-1.2111714285714288,0.14335,0.37700714285714276,-1.0821785714285712,7.406442857142857,-1.7579999999999998,-1.3283357142857144,10.241271428571428,2.3222785714285714,1.4085714285714288,2.4842857142857144,-0.9264285714285715,-0.7264285714285715,-0.16285714285714287,-0.8335714285714287,1.5807142857142857,1.3578571428571424,1.1585714285714286,1.3785714285714288,1.1271428571428572,0.805,0.47000000000000003,0.0914285714285714,0.802857142857143,-0.3664285714285715,-0.13071428571428576,0.835,0.3664285714285714,1.8314285714285712,2.8085714285714287,-2.6235714285714287,2.3007142857142853,-0.47428571428571425,0
LRWWRKWW,0.18828178750000008,-0.20264757,0.5900664999999999,-0.8300926375,0.7245475612499999,-0.57125,1.075,0.15999999999999995,-1.085,0.48624999999999996,0.225,-0.06500000000000002,-0.12000000000000002,-0.26249999999999996,0.011249999999999982,0.1925,0.6737500000000001,0.10750000000000001,0.09137499999999996,0.26949999999999996,1.287,-0.4823750000000001,-0.37212500000000004,0.619,0.03249999999999999,1.4700000000000002,-0.07624999999999996,-0.2425,-0.88125,-0.058750000000000024,0.25375,-0.40249999999999997,-1.09625,0.12375000000000003,0.28875,0.6575,0.07000000000000002,-0.10824999999999999,-0.223375,0.18262499999999998,-0.09787499999999999,0.07987499999999999,2.9225000000000003,0.21625000000000005,3.9647875,7.2180375,1.53985,3.0637499999999998,4.38375,1.56125,-0.23375000000000007,-0.4887500000000001,0.975,0.1325,0.42000000000000004,0.20787499999999998,-0.042749999999999996,0.271375,-0.09612500000000002,0.2455,0.1855,0.16862500000000002,-0.621,-0.10975000000000001,0.22849999999999998,0.856,0.364,6.825825,-0.04027499999999995,1.1705125,-0.412925,0.35934999999999995,-0.511475,7.6091625,0.9347999999999999,-0.714675,6.5653125,-0.2749125,2.0512500000000005,-0.03499999999999992,-0.5974999999999999,-0.845,-0.30875,0.40625000000000006,1.48875,1.3375,0.6925,0.9949999999999999,0.215,0.033749999999999974,-0.27875,0.13249999999999998,0.003750000000000031,-0.19125,0.4225,0.59625,0.034999999999999996,-1.54875,2.54375,-1.0775000000000001,2.3137499999999998,-0.6937500000000001,0
DLLSGTGANHSA,-0.1787078391666667,0.21361208749999994,-1.095927725,0.6757428083333333,-0.3628840241666666,0.3908333333333333,-0.2558333333333333,0.2708333333333333,0.29333333333333333,-0.055000000000000014,0.41250000000000003,0.22416666666666665,-0.145,0.14250000000000002,0.12250000000000001,-0.14750000000000002,-0.6091666666666667,0.16833333333333333,-0.09958333333333334,-0.30050000000000004,-0.644,0.7138333333333332,-0.13683333333333333,-0.46091666666666664,0.07583333333333331,-0.8241666666666667,-0.2775,0.02583333333333332,-0.20083333333333334,-0.4166666666666667,-0.23666666666666666,0.1466666666666666,-0.12583333333333332,0.17916666666666667,-0.3875,0.26833333333333337,-0.6958333333333333,0.08041666666666668,0.15458333333333338,-0.11908333333333332,-0.019583333333333335,0.033333333333333326,-1.6266666666666667,-0.0525,-2.4170499999999997,-4.263608333333334,-0.05594166666666669,-1.8783333333333332,-2.7466666666666666,-0.25500000000000006,0.09916666666666663,0.09249999999999999,0.315,-0.16749999999999998,-0.011666666666666695,0.2225,0.09633333333333334,-0.08308333333333331,0.062083333333333324,-1.1842499999999998,-0.3063333333333333,-0.47033333333333327,-0.013166666666666674,0.05108333333333335,-1.0287500000000003,0.12066666666666666,0.5690833333333333,-2.3207916666666666,-0.7632916666666668,0.24580000000000005,0.5224249999999999,0.42966666666666664,-0.438675,-3.088516666666667,-0.40620000000000006,-0.40110833333333323,-2.428525,1.2979583333333333,-6.610833333333333,-0.5783333333333334,0.42249999999999993,0.33499999999999996,1.4116666666666664,-0.13583333333333333,-0.5791666666666667,-0.8616666666666665,0.009166666666666629,-0.3333333333333334,-0.24583333333333332,0.37666666666666665,-0.32166666666666666,-1.1316666666666666,-0.12833333333333333,0.6741666666666665,-0.8324999999999999,0.4491666666666667,-0.5483333333333333,0.9208333333333334,-1.265,0.2791666666666667,-0.6091666666666665,0.5758333333333333,0
KHIVCGLTGCA,-0.5003343018181818,0.042615024545454565,0.12356258181818172,0.3343701,0.4543065663636364,-0.21181818181818182,-0.4763636363636364,0.3109090909090909,0.2509090909090909,0.2563636363636364,0.08545454545454544,0.19636363636363638,0.08272727272727272,0.0790909090909091,0.14636363636363636,-0.45363636363636367,-0.43636363636363634,0.25909090909090904,0.1358181818181818,-0.0711818181818182,-0.5424545454545455,0.23781818181818182,-0.33681818181818185,0.12172727272727277,-0.12727272727272726,-0.6909090909090909,0.3418181818181818,-0.21363636363636365,0.028181818181818218,0.05363636363636366,0.37090909090909085,0.21,-0.010000000000000026,0.4418181818181818,-0.5063636363636363,0.3727272727272727,-0.4290909090909091,-0.034545454545454546,0.13290909090909092,-0.08554545454545455,0.025909090909090896,-0.07972727272727273,-1.2563636363636366,-0.18545454545454546,1.4418727272727272,-3.327972727272727,-0.5334272727272729,0.7545454545454546,-2.731818181818182,0.35818181818181805,0.3918181818181817,0.4127272727272727,0.5945454545454546,0.09999999999999995,-0.16272727272727272,0.22309090909090906,0.15672727272727274,-0.056818181818181816,-0.008000000000000012,-1.1205454545454545,-0.3848181818181819,-0.17254545454545453,0.18936363636363637,-0.2889090909090909,-0.7139090909090909,0.28099999999999997,0.28927272727272724,-3.1768818181818177,0.5975545454545454,-0.36715454545454534,-0.26394545454545465,0.6547999999999999,-0.24638181818181815,-4.8760818181818175,0.5097727272727273,-0.31778181818181817,-3.9934454545454545,0.5476181818181819,-6.281818181818181,-0.5727272727272728,-0.10909090909090907,0.6363636363636364,1.049090909090909,0.14181818181818184,-0.7781818181818182,-0.5927272727272727,-0.12363636363636363,0.16272727272727272,-0.30090909090909085,0.2372727272727272,-0.2863636363636364,-1.0863636363636362,0.09454545454545454,0.8054545454545454,-0.28454545454545455,0.2318181818181819,-0.38181818181818183,0.06999999999999987,-1.708181818181818,0.0663636363636363,0.009090909090909123,-0.33454545454545453,0
NHCKSIKGYKGGYCAK,0.20198045437499998,0.329016448125,0.42864637499999997,-0.04366742500000004,0.885859219375,0.27249999999999996,0.054999999999999966,0.205625,0.203125,0.33499999999999996,0.1225,0.29,0.130625,0.14375000000000002,-0.1325,-0.045000000000000026,-0.313125,0.40875,-0.222125,-0.3756875,-0.3056875,0.049999999999999975,-0.49531250000000004,0.1309375,0.329375,-0.24250000000000005,0.09187500000000001,0.22312499999999996,0.3218750000000001,-0.19687500000000005,0.38249999999999995,0.52625,-0.16312499999999996,0.27812500000000007,-0.238125,0.239375,-0.25125,0.07575,0.05425000000000001,0.020125000000000004,-0.013250000000000005,-0.057375,-0.7075,0.30375,-2.0191125,-0.5351187499999996,0.08136249999999998,-1.5212500000000002,-0.7706250000000001,1.205625,0.45999999999999996,0.20124999999999998,0.74,0.28875,-0.04625000000000001,0.21375,0.0545,0.0183125,-0.0008750000000000042,-0.8923125000000001,-0.03412500000000001,0.039937500000000015,0.0680625,-0.20256249999999998,-0.6430625000000001,0.19100000000000003,0.559875,-0.6066750000000001,0.41791875,-0.8949125,0.16536874999999998,0.7327375,0.007224999999999995,-2.0294374999999993,-0.033325000000000014,-0.56678125,-0.10536875000000001,0.5603312500000001,-4.9475,-0.008750000000000036,-0.33187500000000003,0.149375,0.9075,-0.273125,-0.26812500000000006,-0.361875,0.551875,0.37437499999999996,0.12000000000000002,0.5393749999999999,-0.348125,-0.8775,0.225,0.47562499999999996,-0.22499999999999998,0.65375,-0.463125,1.010625,-0.5393749999999999,0.05124999999999995,0.27,-0.26312499999999994,0
NGFDCKSP,0.13188275875,0.6970376300000001,-0.7315615750000001,0.0017755375000000073,-0.3099205275,0.50875,-0.10875000000000001,0.40625,0.2025,-0.04500000000000004,-0.01375000000000004,-0.01625000000000003,0.03625000000000002,-0.08124999999999999,-0.35625,-0.03250000000000002,-0.44625,0.07749999999999999,-0.31962499999999994,-0.700125,-0.513625,-0.08275,0.12662500000000004,-0.380625,0.7024999999999999,-0.34375,-0.3825,0.043750000000000004,0.135,-0.06125,0.1825,0.11750000000000005,0.29125,0.02250000000000002,-0.2125,0.18125,-0.4975,0.11624999999999999,0.10987500000000001,0.071125,0.039499999999999987,0.025249999999999995,-1.0,0.21,-2.7664125,-1.6052749999999998,-0.037275,-2.39875,-1.1862499999999998,0.89375,-0.4175,0.08999999999999994,-0.3862500000000001,0.0050000000000000044,0.11625000000000002,0.207875,0.01825,-0.045,0.073375,-0.97875,-0.122375,-0.136125,0.07125000000000001,-0.05937499999999997,-0.5767500000000001,0.09687500000000003,0.20512499999999997,-1.0828375000000001,0.29880000000000007,-0.6203,0.1013,0.3288125,-0.06687499999999996,-1.343575,-0.13175000000000003,0.08476250000000002,-0.3515624999999999,0.6217125,-5.235,-0.43125,-0.008750000000000036,-0.057499999999999996,0.85625,-0.2825,-0.28125,-0.47250000000000003,0.37875,-0.275,0.25750000000000006,0.07874999999999993,0.22874999999999998,-0.9199999999999999,-0.057500000000000016,0.35625,-0.39875,0.5125,-0.5325,1.0899999999999999,-0.14374999999999993,1.08,-0.36374999999999996,0.21125,0
HGHICESFKSFCKDSG,-0.040348256875000016,0.22485854500000002,-0.74305938125,-0.12423969374999999,-0.22649924874999994,0.25687499999999996,0.057499999999999975,0.18187499999999998,0.369375,0.15812499999999996,0.081875,-0.005625000000000019,0.09312499999999999,0.18,-0.13625,0.013124999999999984,-0.37125,0.15500000000000003,-0.11525000000000002,-0.1753125,-0.39556250000000004,-0.0865,-0.254125,-0.09424999999999994,0.12937500000000002,-0.280625,-0.13875,0.07187500000000002,0.13250000000000003,0.06562499999999998,-0.1475,0.264375,0.11375,0.30062500000000003,-0.17,0.276875,-0.458125,0.05087500000000001,0.05262500000000001,-0.014499999999999999,0.06593749999999998,-0.028250000000000004,-0.703125,0.27937499999999993,-1.3384437499999997,-1.13764375,-1.00635,-1.0700000000000003,-0.92,0.363125,-0.15375,0.360625,0.175,-0.213125,-0.10999999999999996,0.21912500000000001,0.009374999999999998,0.018125,0.07756249999999999,-0.8803749999999999,-0.12281250000000002,-0.09056249999999999,-0.039874999999999994,-0.0225,-0.4536875,0.2906875,0.334875,0.6545999999999998,0.337075,-0.9931999999999999,0.24923125000000002,0.3964125,-0.10019375,0.02825000000000011,-0.37052500000000005,-0.30850625000000004,1.5035375,0.30381875,-4.774374999999999,-0.22625,-0.10812499999999999,-0.145625,0.796875,-0.204375,-0.37062500000000004,-0.33375,0.19499999999999995,-0.11000000000000001,0.30250000000000005,0.13249999999999995,-0.07,-0.853125,-0.04749999999999999,0.418125,-0.213125,0.796875,-0.35625,1.0768749999999998,-0.353125,0.5899999999999999,0.004374999999999962,-0.23312499999999997,0
YLTTGLPALI,-0.48865717599999997,0.040478349000000004,0.4110569399999999,0.82044999,0.27456915499999995,-0.46399999999999997,-0.48599999999999993,-0.098,-0.018000000000000006,-0.21400000000000002,0.09400000000000001,0.256,-0.30499999999999994,0.042000000000000016,0.028999999999999998,-0.518,-0.298,0.037000000000000005,0.4984,-0.12739999999999999,0.02220000000000002,0.9136999999999998,0.36060000000000003,-0.14070000000000002,0.0009999999999999788,-0.404,0.194,-0.45500000000000007,-0.23399999999999999,-0.7719999999999999,0.36400000000000005,-0.30599999999999994,0.013000000000000001,0.16199999999999998,-0.479,0.6,-0.4640000000000001,-0.076,0.1344,-0.05800000000000001,-0.16130000000000003,0.054299999999999994,-0.575,-0.6799999999999999,2.89116,-2.9242099999999995,1.94066,1.3379999999999999,-2.1640000000000006,-0.10699999999999998,0.51,-0.73,-0.040999999999999995,0.386,0.17099999999999999,0.22990000000000005,0.174,-0.025699999999999994,-0.03000000000000001,-0.9522,-0.465,-0.1835,-0.011999999999999997,-0.3347,-0.41740000000000005,-0.17490000000000003,0.04259999999999997,-2.5206199999999996,-0.5177400000000001,1.33377,-0.33624000000000004,0.6462300000000001,0.24816000000000002,-3.0305199999999997,1.0684099999999999,-0.3359500000000001,-3.6756599999999997,0.55636,-5.208,-0.7529999999999999,0.06500000000000003,0.6130000000000001,0.662,0.5450000000000002,-0.21600000000000003,-0.30300000000000005,-0.41800000000000004,0.08499999999999999,-0.892,-0.028000000000000018,0.0010000000000000009,-0.9269999999999998,0.02200000000000001,0.5199999999999999,-0.381,-0.352,-0.4750000000000001,-1.714,-1.366,-0.519,-0.614,0.34299999999999997,0
EKCWVNKAENKQAI,0.3809594764285714,-0.43327864571428576,0.29125439999999997,0.013047928571428549,0.15047205,0.3857142857142857,-0.13928571428571432,-0.16500000000000004,-0.16642857142857137,0.27642857142857147,0.12357142857142857,-0.1407142857142857,0.019285714285714295,0.16714285714285718,0.022857142857142854,0.12500000000000003,-0.2635714285714285,0.049999999999999996,-0.5221428571428571,0.4045714285714285,-0.09264285714285712,0.09071428571428572,-0.1917857142857143,0.03192857142857145,-0.4485714285714287,-0.0042857142857142955,-0.1757142857142857,0.41642857142857154,-0.022142857142857138,-0.14928571428571438,0.2092857142857142,0.11357142857142857,-0.03714285714285714,-0.41571428571428576,-0.25,0.2942857142857143,-0.19357142857142856,0.056499999999999995,-0.0872857142857143,-0.09457142857142857,-0.015071428571428585,0.012999999999999996,-0.10499999999999995,0.3028571428571428,-2.293821428571428,0.7333142857142858,0.011764285714285736,-1.1078571428571429,0.7428571428571428,-0.7428571428571429,0.4942857142857143,-0.2485714285714286,0.6285714285714287,0.1692857142857143,-0.16071428571428573,0.23557142857142857,-0.035071428571428566,-0.04071428571428572,-0.08785714285714286,-0.7609285714285715,-0.2698571428571429,-0.207,-0.07742857142857143,0.0314285714285714,0.02849999999999997,0.27664285714285713,0.22671428571428573,-0.7971142857142858,-0.5272857142857142,-0.03910000000000001,-0.10725714285714283,0.027057142857142866,0.2134785714285714,-1.0322857142857143,-0.3341785714285715,-0.1303642857142857,-0.9010499999999999,-0.5131071428571429,-4.002142857142856,0.4064285714285715,-0.03285714285714287,0.19,0.5464285714285714,-0.3428571428571428,0.009285714285714302,0.03571428571428568,-0.02499999999999999,0.06428571428571424,0.002142857142857113,0.4049999999999999,-0.2671428571428572,-0.7314285714285714,0.22428571428571434,0.3864285714285714,-0.2971428571428571,0.35857142857142854,-0.007857142857142852,0.8157142857142857,0.013571428571428599,-0.33999999999999997,-0.2571428571428571,0.2078571428571428,0
AALRGCWTKSIPPKP,-0.01709802933333336,0.318592236,-0.3041283533333334,0.36156140000000003,0.12812374199999996,0.16266666666666663,-0.3733333333333333,0.21066666666666667,-0.3406666666666667,0.04866666666666671,-0.22399999999999995,0.30466666666666664,-0.15133333333333335,0.08333333333333331,-0.11333333333333333,-0.31666666666666665,-0.25599999999999995,0.2753333333333333,-0.06513333333333335,-0.3237333333333333,-0.25379999999999997,0.27186666666666665,0.603,0.019266666666666675,0.252,-0.27399999999999997,-0.1373333333333333,-0.07466666666666669,-0.06733333333333338,-0.33733333333333343,0.304,-0.5926666666666667,-0.08933333333333328,0.026666666666666682,-0.4659999999999999,0.466,-0.3086666666666666,0.041933333333333336,0.07406666666666667,0.022799999999999983,-0.10893333333333334,0.05026666666666667,-0.6313333333333333,-0.1526666666666667,-0.5811666666666666,-1.3218599999999998,2.3101199999999995,-0.8273333333333334,-1.0200000000000005,0.7720000000000001,0.8866666666666667,-0.6226666666666668,-0.20666666666666664,-0.041999999999999975,0.2813333333333334,0.21373333333333336,0.1542,-0.014866666666666669,-0.03220000000000001,-0.9066666666666665,-0.306,-0.18686666666666668,0.0033999999999999955,-0.33946666666666664,-0.6158000000000001,0.2934,0.15,-0.9383266666666669,-0.30042,-0.011566666666666621,-0.36006666666666665,0.9031800000000001,-0.14326666666666668,-1.6437333333333337,0.8559933333333334,-0.2810733333333332,-0.9670666666666666,0.8405999999999999,-4.851333333333333,-0.7546666666666667,-0.2826666666666666,0.26733333333333326,0.6133333333333334,0.01666666666666668,-0.16400000000000006,-0.2546666666666667,-0.004666666666666674,0.3466666666666667,-0.39066666666666666,0.17266666666666663,0.5453333333333333,-0.8773333333333332,-0.023333333333333338,0.4726666666666666,-0.15399999999999991,0.06866666666666665,-0.558,-0.19333333333333336,-0.5080000000000001,-0.015333333333333346,0.34533333333333344,0.3866666666666667,0
SGVAGKTAKD,0.11660889599999993,0.132593721,-0.44855836,0.72375593,0.12938256199999998,0.5589999999999999,-0.398,0.32099999999999995,-0.06599999999999999,-0.03500000000000001,0.40499999999999997,0.22599999999999998,-0.030999999999999982,0.397,-0.030000000000000016,-0.16699999999999998,-0.61,0.34,-0.5927,-0.28479999999999994,-0.7003999999999999,0.7672000000000001,-0.2778,-0.13929999999999998,0.0029999999999999914,-0.833,-0.10300000000000001,0.39999999999999997,0.069,-0.59,0.02999999999999998,0.263,-0.509,0.24699999999999997,-0.5369999999999999,0.125,-0.49700000000000005,0.1234,0.11780000000000002,-0.13169999999999998,-0.08630000000000002,-0.009300000000000003,-1.716,0.10400000000000002,-4.15881,-3.6158499999999996,0.97394,-2.972,-2.36,-0.12000000000000004,0.563,-0.127,0.7310000000000001,0.098,0.632,0.2129,0.1282,-0.1069,-0.037300000000000014,-1.2244,-0.33140000000000003,-0.3962,0.1433,-0.15059999999999998,-1.1452,0.1702,0.7768999999999999,-2.61439,-0.51091,-0.7955500000000001,0.45958999999999994,1.137,0.15269,-4.464230000000001,-0.25787,-0.73574,-2.27957,1.3360699999999999,-6.855000000000001,-0.246,0.11000000000000003,0.524,1.466,-0.384,-0.55,-0.8760000000000001,0.093,-0.05800000000000005,-0.26699999999999996,0.6359999999999999,-0.23500000000000001,-1.1720000000000002,0.154,0.697,-0.7979999999999999,0.363,-0.7390000000000001,1.3690000000000002,-1.5939999999999999,-0.26400000000000007,-0.51,0.34600000000000003,0
PIIYCNRRSG,0.0035913860000000184,0.6052861999999999,0.5743676299999999,0.17759008,0.7641839600000001,0.09600000000000004,-0.199,0.02200000000000002,0.165,0.16000000000000003,-0.0030000000000000027,0.25999999999999995,0.0040000000000000036,-0.12799999999999995,-0.13,-0.09799999999999998,-0.16799999999999998,0.262,-0.020000000000000042,-0.5052,-0.07429999999999999,-0.04610000000000003,0.009799999999999986,0.4174000000000001,0.595,-0.06299999999999999,0.623,0.09099999999999998,-0.42400000000000004,0.209,0.10300000000000002,0.07200000000000002,0.20699999999999993,-0.185,-0.335,0.438,-0.194,0.02080000000000001,0.0661,0.1018,-0.05840000000000001,-0.11679999999999999,-0.16300000000000003,0.04900000000000001,-0.4692200000000001,0.03916999999999984,0.42810000000000015,-0.363,-0.29800000000000015,0.849,0.441,0.45600000000000007,-0.19700000000000006,0.655,-0.28300000000000003,0.21910000000000002,0.041100000000000005,-0.0021000000000000003,0.023100000000000002,-0.778,-0.1183,-0.1309,0.02529999999999999,-0.17249999999999996,-0.38680000000000003,0.1987,0.1227,0.41796999999999984,-0.8936300000000001,-0.23945999999999995,-0.19893000000000005,0.26726,-0.36384,0.02326000000000015,-0.34264000000000006,-0.43842,1.24616,1.3333099999999998,-4.109,0.11499999999999999,-0.16899999999999998,0.11499999999999999,0.556,-0.12499999999999997,-0.0010000000000000009,-0.078,0.20699999999999993,0.28200000000000003,-0.02300000000000002,0.162,0.22199999999999998,-0.744,0.14200000000000002,0.333,-0.244,0.377,-0.19,0.3389999999999999,-0.09299999999999997,-0.185,-0.014000000000000002,-0.0040000000000000036,0
YRWWRRRW,0.57802159375,0.07978000500000001,1.390197025,-0.68241445,1.5688179225,-0.23,1.1675,-0.06375000000000003,-0.8150000000000001,0.67,0.13,0.15749999999999997,-0.09125000000000003,-0.1525,-0.10375000000000001,0.46125,0.7424999999999999,0.29375,-0.2568750000000001,0.05362499999999999,1.2530000000000001,-0.733875,-0.43412500000000004,1.257625,0.39499999999999996,1.6075,0.5150000000000001,0.27625,-1.285,0.35875,0.24125000000000005,-0.21625,-0.7537499999999999,0.30625,0.38625,0.585,0.30375,-0.04312499999999998,-0.257375,0.2525,-0.109875,-0.08199999999999999,3.1537500000000005,0.5650000000000001,0.8557625,8.850325,0.8664000000000001,1.7462499999999999,5.455,1.95,-0.027500000000000135,0.42249999999999993,0.7337500000000001,0.335,0.41874999999999996,0.19825,-0.109375,0.272,-0.037250000000000005,0.32887500000000003,0.45125000000000004,0.22850000000000004,-0.542125,-0.08449999999999999,0.029999999999999992,0.869375,0.520375,7.8422125,-0.5688374999999999,0.14061250000000003,0.252675,0.10837499999999996,-0.7202375,8.666362500000002,-0.30035,-0.7898375000000001,9.18055,1.0618374999999998,2.52375,0.885,-0.5974999999999999,-1.13875,-0.27625,-0.09625,1.6975,1.4375,1.0075,1.1225,0.7174999999999999,0.15125000000000002,0.031249999999999972,0.225,0.21375000000000008,-0.4325,0.08625,0.72375,0.1625,-0.19250000000000012,3.0324999999999998,-1.475,2.29,-0.865,0
