SEQUENCE,AF1,AF2,AF3,AF4,AF5,BLOSUM1,BLOSUM2,BLOSUM3,BLOSUM4,BLOSUM5,BLOSUM6,BLOSUM7,BLOSUM8,BLOSUM9,BLOSUM10,PP1,PP2,PP3,F1,F2,F3,F4,F5,F6,KF1,KF2,KF3,KF4,KF5,KF6,KF7,KF8,KF9,KF10,MSWHIM1,MSWHIM2,MSWHIM3,E1,E2,E3,E4,E5,PD1,PD2,PRIN1,PRIN2,PRIN3,ProtFP1,ProtFP2,ProtFP3,ProtFP4,ProtFP5,ProtFP6,ProtFP7,ProtFP8,SV1,SV2,SV3,SV4,ST1,ST2,ST3,ST4,ST5,ST6,ST7,ST8,SVGER1,SVGER2,SVGER3,SVGER4,SVGER5,SVGER6,SVGER7,SVGER8,SVGER9,SVGER10,SVGER11,T1,T2,T3,T4,T5,VHSE1,VHSE2,VHSE3,VHSE4,VHSE5,VHSE6,VHSE7,VHSE8,VSTPV1,VSTPV2,VSTPV3,VSTPV4,VSTPV5,VSTPV6,Z1,Z2,Z3,Z4,Z5,ACTIVITY
TIVVKVERRFTHPVMKK,0.12546707882352942,-0.2767403017647059,0.6630355058823529,0.28733265882352943,0.4969938711764705,0.020000000000000004,-0.33705882352941174,-0.5535294117647059,-0.1623529411764706,0.03411764705882353,0.008823529411764721,0.10588235294117647,-0.1558823529411765,0.07117647058823529,-0.044705882352941186,-0.09470588235294117,-0.11941176470588237,0.21352941176470588,-0.6105882352941178,0.3375294117647059,0.1327058823529412,0.2118823529411765,0.16482352941176467,0.714,-0.3035294117647058,0.12588235294117647,0.6235294117647059,0.3688235294117647,0.3458823529411765,-0.29764705882352943,0.004705882352941141,-0.1652941176470588,-0.07764705882352943,0.34823529411764703,-0.43117647058823527,0.5488235294117647,-0.15470588235294114,-0.023117647058823524,-0.06852941176470588,-0.043176470588235295,-0.129,-0.10052941176470588,0.35235294117647065,-0.037058823529411755,-0.021323529411764644,1.2149647058823532,1.1910235294117646,0.3123529411764706,0.8488235294117648,-0.4470588235294117,1.1923529411764706,-0.17,-0.0017647058823529558,0.27647058823529413,0.07411764705882354,0.23188235294117648,0.044647058823529415,-0.005647058823529411,-0.10364705882352941,-0.6872941176470588,-0.24441176470588236,-0.07270588235294118,-0.037058823529411755,-0.23617647058823527,0.23558823529411765,0.28641176470588237,-0.06488235294117649,0.31332941176470586,-0.5777176470588234,-0.29929411764705877,-0.4860529411764706,0.6599588235294118,0.2670058823529412,-0.16492352941176477,0.27274117647058826,-0.3342470588235294,0.4603882352941175,-0.1501588235294118,-3.512941176470588,0.3841176470588236,-0.4223529411764706,0.26411764705882357,0.09176470588235293,-0.09882352941176466,0.01294117647058822,0.2623529411764705,-0.3635294117647058,0.46470588235294114,-0.12529411764705878,0.25,0.3488235294117647,-0.6605882352941177,0.31999999999999995,0.28647058823529414,-0.008235294117647047,-0.06176470588235296,-0.0576470588235294,-0.11705882352941167,-0.2811764705882353,-1.2388235294117649,0.3135294117647059,0.012352941176470582,10000
AGHIRPDRFIVILNDNEMSISPN,-0.01439712347826085,0.12412271043478258,-0.09557716086956526,0.25962803913043475,-0.09776492869565218,0.22869565217391302,-0.27652173913043476,-0.20304347826086958,0.19434782608695655,-0.20260869565217388,0.11913043478260872,0.03782608695652173,-0.009130434782608684,-0.13869565217391303,-0.022608695652173924,-0.09999999999999999,-0.31173913043478263,-0.02347826086956523,-0.14804347826086955,-0.12226086956521737,-0.09456521739130432,0.21999999999999992,0.19304347826086954,-0.12130434782608694,0.10826086956521738,-0.17565217391304352,0.10130434782608698,0.06130434782608698,-0.16869565217391305,-0.040869565217391296,-0.3408695652173913,0.11434782608695651,0.313913043478261,-0.3117391304347827,-0.3278260869565217,0.37826086956521743,-0.42130434782608694,0.017652173913043485,0.03647826086956522,-0.014739130434782605,-0.034478260869565215,0.005565217391304348,-0.31217391304347825,-0.10869565217391303,-0.5117086956521739,-0.9322304347826088,0.44449565217391296,-0.52,-0.5047826086956523,-0.5265217391304348,0.1295652173913043,-0.06565217391304352,-0.3656521739130435,0.22565217391304346,-0.3852173913043478,0.23008695652173908,0.009826086956521736,-0.03695652173913044,-0.03195652173913043,-0.8452608695652174,-0.255695652173913,-0.28547826086956524,-0.08956521739130435,0.0003913043478261018,-0.06360869565217393,0.1258260869565217,-0.002391304347826112,-0.755491304347826,-1.020573913043478,0.5922913043478261,-0.23489130434782612,0.006904347826086949,-0.12266956521739125,-0.48598695652173907,-0.18960434782608696,-0.05655652173913045,-0.6954869565217389,0.3985086956521739,-4.452173913043478,-0.051739130434782565,0.06478260869565217,0.20086956521739127,0.5004347826086957,-0.0452173913043478,-0.07130434782608694,-0.14434782608695654,-0.18652173913043482,-0.20043478260869566,-0.16695652173913048,0.1917391304347826,0.19652173913043472,-0.7973913043478261,0.016521739130434813,0.37956521739130444,-0.2891304347826087,0.26086956521739124,-0.12999999999999998,0.1730434782608695,-0.13869565217391305,-0.055217391304347926,-0.36173913043478256,0.5369565217391304,10000
QLNYAQQLKERLEAFTQDFIP,0.2250910257142857,-0.34111823095238103,-0.27484501904761915,0.23712728095238095,-0.3239482657142857,0.17571428571428574,-0.055238095238095225,-0.4376190476190475,-0.12285714285714282,0.009523809523809521,0.038095238095238106,-0.10904761904761905,-0.0009523809523809479,0.19761904761904764,-0.03666666666666668,0.04095238095238095,-0.19761904761904758,-0.1823809523809524,-0.1532857142857143,0.3175714285714285,0.14485714285714285,0.3305238095238095,0.2076190476190476,-0.04457142857142856,-0.3271428571428573,0.09761904761904759,-0.20142857142857146,0.18000000000000005,-0.09285714285714286,-0.36666666666666664,0.33904761904761904,-0.14285714285714282,0.3223809523809524,-0.44999999999999996,-0.09095238095238092,0.4809523809523809,-0.26666666666666666,0.01495238095238095,-0.061523809523809515,-0.06933333333333333,-0.06323809523809525,0.05599999999999999,0.2147619047619048,0.020000000000000035,-1.0841714285714286,0.5959857142857145,0.4949190476190476,-0.5128571428571428,0.7114285714285714,-0.7804761904761903,0.13333333333333333,-0.3785714285714286,0.14047619047619048,-0.011428571428571413,0.1604761904761905,0.22666666666666666,-0.06938095238095238,-0.029571428571428564,-0.08485714285714285,-0.6890952380952381,-0.16428571428571428,-0.08985714285714286,-0.12419047619047617,-0.05490476190476191,0.15852380952380948,0.011190476190476193,0.18714285714285717,-0.3945904761904761,-0.6961619047619048,0.23002857142857142,0.36248571428571424,-0.1510095238095238,0.4161333333333333,-0.00845714285714277,-0.2041666666666667,-0.05509999999999999,-0.3351952380952381,-0.45680000000000004,-3.491428571428572,0.42619047619047634,0.04142857142857147,0.011904761904761899,0.36619047619047623,-0.08571428571428566,0.1947619047619048,0.1333333333333333,-0.12047619047619049,-0.09714285714285717,-0.1161904761904762,0.04333333333333331,-0.038095238095238064,-0.650952380952381,0.18619047619047616,0.16428571428571428,-0.42428571428571427,0.15238095238095242,-0.08428571428571428,-0.09904761904761905,0.12380952380952379,-0.51,-0.6900000000000001,0.42428571428571427,10000
FSLHNGFGGNLYATEEKRMF,0.04242104500000001,-0.067078153,0.73025568,0.21800177999999998,0.575364831,0.1365,0.17350000000000004,-0.09099999999999997,0.18550000000000005,-0.026500000000000024,0.3565,0.1955,0.00849999999999999,0.0815,-0.14400000000000002,-0.10300000000000001,-0.24350000000000005,0.032,-0.05904999999999999,-0.06004999999999999,-0.05114999999999995,0.32825,-0.16499999999999998,-0.1797,0.000499999999999988,-0.09399999999999997,-0.20350000000000007,0.016499999999999994,-0.009500000000000007,-0.28150000000000003,0.3055,0.5419999999999999,0.03950000000000002,0.08300000000000003,-0.05499999999999999,0.3555,-0.358,0.02085,0.030650000000000004,-0.04565000000000001,-0.013350000000000004,0.05675,-0.20400000000000001,-0.06599999999999999,-0.5555549999999998,-0.651105,-0.014329999999999976,-0.5645,-0.595,0.29649999999999993,-0.123,-0.2145,0.497,-0.18850000000000003,-0.11150000000000002,0.227,0.014499999999999996,0.0495,0.0248,-0.7702,-0.063,0.01840000000000001,-0.06495,-0.14809999999999998,-0.3539,0.07395,0.5059,-0.23533999999999988,0.20596000000000006,-0.28219000000000005,0.4564449999999999,0.34913,0.18438000000000002,-0.6653249999999999,-0.06378000000000006,-0.34301499999999996,0.11138999999999996,0.26758000000000004,-4.115499999999999,0.08000000000000004,-0.12899999999999998,-0.045000000000000026,0.7180000000000001,0.0015000000000000458,-0.06650000000000003,-0.19450000000000003,0.37299999999999994,-0.08600000000000005,-0.04799999999999997,0.3224999999999999,-0.34950000000000003,-0.7529999999999999,0.16099999999999998,0.2685,-0.3989999999999999,0.44650000000000006,-0.421,0.17600000000000002,-0.16049999999999992,-0.053000000000000005,-0.2145,0.037500000000000006,10000
LIKICGLTDEDGVDAAVEAG,-0.18968906900000007,-0.217122147,-0.20865277500000007,0.635380125,-0.2827135049999999,0.1325,-0.504,0.13999999999999996,0.07550000000000003,-0.20649999999999996,0.25,-0.10600000000000001,0.203,0.22950000000000004,0.10900000000000001,-0.2935,-0.5469999999999999,-0.10700000000000003,-0.2112,0.09055000000000002,-0.45655,0.68355,-0.18570000000000003,-0.41229999999999994,-0.322,-0.6840000000000002,-0.1475,0.010999999999999944,-0.41600000000000004,-0.304,-0.004499999999999993,0.3355,-0.06899999999999999,0.1645,-0.4680000000000001,0.0925,-0.48049999999999987,0.021,0.08945,-0.1619,-0.014800000000000004,0.043,-1.2329999999999999,-0.1565,-0.7928449999999996,-3.470205,0.06626500000000003,-0.7520000000000001,-2.2994999999999997,-1.0815,-0.4125,-0.2899999999999999,0.5785,0.20350000000000007,0.07249999999999998,0.22545,0.083,-0.11025,-0.08685,-1.1248,-0.4508500000000001,-0.3644,0.09895000000000001,-0.10789999999999997,-0.59545,0.060149999999999995,0.41545,-3.5831550000000005,-0.45907500000000007,0.190435,0.16879499999999997,0.17848999999999998,0.362475,-4.54758,-0.14399000000000006,-0.221335,-4.256095,0.5104599999999999,-6.204000000000001,-0.18249999999999997,0.2545,0.6214999999999999,1.1420000000000001,-0.025499999999999967,-0.42849999999999994,-0.615,-0.23600000000000004,-0.5415,-0.479,0.38049999999999995,-0.2485,-1.068,0.13,0.6755,-0.6620000000000001,0.15200000000000002,-0.386,0.3694999999999999,-1.5064999999999997,-0.044500000000000046,-1.0475,0.19650000000000004,10000
FQLVDWCDTLHFRRRDDGV,0.052786302631578956,-0.04263428631578946,-0.6188129105263159,0.07031901578947371,-0.35743554263157895,0.05789473684210531,0.04789473684210527,-0.1036842105263158,0.06631578947368422,-0.004736842105263144,0.11105263157894736,-0.23421052631578948,0.1163157894736842,-0.04736842105263156,-0.09052631578947369,0.07263157894736844,-0.15947368421052635,-0.12526315789473685,-0.32605263157894737,0.07415789473684212,0.08757894736842108,0.020631578947368417,-0.16842105263157894,0.15931578947368427,0.013684210526315785,0.14631578947368423,0.06157894736842106,0.11684210526315793,-0.4000000000000001,-0.03578947368421054,-0.03210526315789474,0.0731578947368421,0.25473684210526315,0.4378947368421053,-0.08368421052631578,0.2636842105263158,-0.34,0.0007894736842105271,-0.03752631578947367,-0.0033684210526315835,0.0016315789473684197,-0.032421052631578955,0.31999999999999995,0.16157894736842104,-0.44983684210526226,1.0003105263157892,-0.6586473684210526,0.04105263157894738,0.6526315789473681,-0.3489473684210526,-0.6894736842105263,0.4036842105263158,0.0052631578947368194,0.05421052631578947,0.25210526315789467,0.21184210526315791,-0.06336842105263156,-0.013210526315789471,-0.052,-0.6303157894736842,-0.06515789473684211,-0.12589473684210528,-0.11410526315789477,0.012368421052631579,-0.006473684210526313,0.24336842105263165,0.18357894736842104,0.12593684210526307,-0.2592421052631579,0.19198421052631578,0.23069473684210523,-0.14838421052631584,-0.01463684210526314,0.441026315789474,-0.38224210526315794,0.007747368421052643,0.27769999999999995,0.2237263157894737,-3.1389473684210523,0.3431578947368421,0.06736842105263156,-0.13210526315789475,0.46842105263157896,-0.10421052631578942,0.25105263157894736,0.16210526315789475,0.00736842105263162,-0.20684210526315794,0.32894736842105265,0.0194736842105263,0.06736842105263156,-0.6042105263157895,0.11052631578947371,0.17263157894736844,-0.433157894736842,0.30894736842105264,-0.05789473684210527,0.41052631578947374,0.3,-0.22736842105263158,-0.1068421052631579,-0.07263157894736842,10000
SEACESLQDYCTKTSDPFIPGWSG,-0.027718415833333326,0.37561413125000004,-0.7586791750000001,0.17429399583333335,-0.5830721091666667,0.2583333333333333,-0.15166666666666664,0.2575,-0.0008333333333333156,-0.04916666666666669,-0.004166666666666652,-0.12875,-0.14416666666666667,0.20875,-0.057499999999999996,-0.0025000000000000022,-0.4266666666666666,-0.02,-0.14516666666666667,-0.3364166666666666,-0.36674999999999996,0.13191666666666665,0.13045833333333334,-0.31708333333333333,0.27625,-0.3479166666666667,-0.21,0.003333333333333336,-0.22000000000000006,-0.05208333333333337,-0.08166666666666667,-0.24374999999999994,-0.14958333333333337,-0.016250000000000004,-0.26333333333333336,0.33749999999999997,-0.53,0.063,0.08541666666666665,0.005916666666666665,0.006291666666666658,0.01554166666666666,-0.7933333333333331,0.11999999999999998,-1.7275541666666665,-1.8933,0.04877916666666665,-1.4570833333333333,-1.1541666666666668,0.023750000000000007,-0.345,-0.08958333333333339,-0.19541666666666666,0.09125000000000001,0.28624999999999995,0.2141666666666667,0.029249999999999998,-0.05333333333333332,0.09066666666666666,-0.9204583333333334,-0.2797916666666667,-0.2683333333333333,-0.031416666666666676,0.03875000000000001,-0.6216666666666667,0.08533333333333333,0.15566666666666662,-0.26275416666666684,-0.26611250000000003,-0.4232749999999999,0.2373625,0.06924166666666666,0.09136666666666671,-0.4086458333333331,-0.39088750000000005,-0.035662499999999965,0.1908291666666666,0.5533375,-4.92625,-0.48208333333333325,0.1970833333333333,-0.026249999999999996,0.8300000000000001,-0.13916666666666663,-0.21458333333333332,-0.3779166666666667,-0.0025000000000000577,-0.34833333333333333,-0.07083333333333335,-0.1429166666666667,0.14,-0.8775000000000001,-0.12749999999999997,0.3958333333333333,-0.45541666666666664,0.38916666666666666,-0.37458333333333327,0.52875,-0.5341666666666667,0.5604166666666667,-0.70375,0.02125000000000003,10000
GLEFNISENTDSFYS,0.03637737266666666,0.2228797673333333,-0.08890478000000007,0.24135793999999997,-0.3583068113333333,0.256,0.05133333333333335,-0.05266666666666667,0.3353333333333334,-0.20199999999999996,0.3613333333333333,-0.17200000000000007,-0.20533333333333334,0.12800000000000003,-0.17933333333333332,0.136,-0.38999999999999996,-0.14333333333333337,-0.1459333333333333,-0.22426666666666667,-0.11519999999999996,0.3253333333333333,-0.12353333333333334,-0.38706666666666667,0.22,-0.17333333333333337,-0.13000000000000003,0.08066666666666665,-0.29733333333333334,-0.2546666666666667,-0.30466666666666664,0.29533333333333334,0.10733333333333336,-0.2826666666666667,-0.10533333333333335,0.3286666666666667,-0.55,0.04793333333333334,0.05786666666666666,-0.01853333333333334,-0.007466666666666669,0.021333333333333326,-0.40333333333333315,0.06400000000000003,-1.6062999999999998,-1.2412466666666664,-0.5977933333333334,-1.2653333333333332,-0.5926666666666665,-0.5626666666666668,-0.5446666666666665,-0.0466666666666667,-0.14800000000000002,0.32000000000000006,-0.0733333333333333,0.23233333333333336,-0.043666666666666666,-0.012066666666666665,0.11593333333333332,-0.8143999999999999,-0.2399333333333333,-0.24933333333333335,-0.14033333333333334,0.17573333333333338,-0.28880000000000006,-0.1226,0.18646666666666664,0.6393866666666667,-0.7390733333333332,0.11624666666666664,0.43784666666666666,-0.10806000000000004,0.2570866666666667,1.1191533333333334,-0.8277333333333333,-0.17776666666666668,1.44366,0.39465333333333324,-4.294666666666667,-0.027999999999999987,0.3953333333333333,-0.1873333333333333,0.7526666666666667,-0.11733333333333332,-0.026666666666666637,-0.23933333333333337,-0.007333333333333366,-0.5399999999999999,0.008000000000000023,-0.07266666666666671,-0.21933333333333335,-0.7740000000000001,-0.08800000000000001,0.21333333333333335,-0.6173333333333334,0.4693333333333333,-0.26600000000000007,0.47466666666666674,-0.0979999999999999,0.38866666666666666,-1.1820000000000002,0.20600000000000004,10000
ARRGIAVAGAHGKTTTSA,-0.09808458444444443,-0.060602036666666664,0.314289961111111,0.8414194944444443,0.7597499733333333,0.3138888888888889,-0.4,0.22722222222222221,0.026666666666666672,0.13,0.35277777777777775,0.45055555555555554,-0.20499999999999993,0.41555555555555557,0.13,-0.2722222222222222,-0.4872222222222222,0.4294444444444444,-0.22744444444444445,-0.1043888888888889,-0.5995,0.6809444444444446,-0.1856111111111111,0.19288888888888894,-0.20055555555555557,-0.7999999999999999,0.23944444444444446,0.2794444444444444,-0.2861111111111111,-0.25,0.05722222222222221,0.12555555555555553,-0.29277777777777775,0.12666666666666668,-0.5077777777777778,0.34611111111111115,-0.44611111111111107,0.05988888888888891,0.11133333333333334,-0.14283333333333334,-0.0865,-0.054277777777777786,-1.451111111111111,-0.08277777777777778,-2.5193166666666666,-3.487144444444444,0.7850444444444444,-1.4972222222222225,-2.3894444444444445,-0.07444444444444459,1.0522222222222222,0.23777777777777778,0.6533333333333334,-0.08666666666666661,0.41888888888888887,0.2185,0.17105555555555554,-0.06516666666666666,-0.0009444444444444484,-1.1435,-0.3855,-0.4256111111111111,0.08766666666666666,-0.20077777777777778,-1.230777777777778,0.318,0.7213888888888889,-2.6082555555555555,-0.43876666666666664,-0.43551666666666655,0.4871833333333333,1.180761111111111,-0.26408333333333334,-4.3453388888888895,-0.04588333333333334,-0.688711111111111,-2.520172222222223,1.7244444444444444,-6.443888888888889,-0.37222222222222223,0.16277777777777783,0.47388888888888897,1.400555555555555,-0.22499999999999998,-0.5688888888888888,-0.7600000000000001,-0.08500000000000002,0.21000000000000002,-0.3316666666666667,0.5322222222222222,-0.1588888888888889,-1.1149999999999998,0.06222222222222223,0.7011111111111111,-0.8372222222222221,0.24944444444444447,-0.6344444444444445,0.9616666666666666,-1.551111111111111,-0.5894444444444445,-0.06944444444444442,0.285,10000
SDIELVADATADMGPAEMSLLVK,-0.15859957869565222,-0.3488364295652174,-0.7412603956521737,0.6014085086956521,-0.6810231795652174,0.1217391304347826,-0.5530434782608694,-0.11000000000000001,-0.05739130434782609,-0.18913043478260863,0.16173913043478258,-0.0830434782608696,0.013478260869565205,0.24043478260869558,0.08956521739130432,-0.2656521739130435,-0.483913043478261,-0.09347826086956522,-0.19795652173913048,0.28700000000000003,-0.3340434782608696,0.6547826086956521,0.17569565217391306,-0.408608695652174,-0.45521739130434785,-0.5439130434782607,-0.3308695652173913,-0.016521739130434806,-0.18652173913043482,-0.40869565217391296,-0.24434782608695657,-0.1326086956521739,-0.1273913043478261,0.14347826086956525,-0.5247826086956522,0.2691304347826087,-0.5047826086956522,0.013173913043478263,0.04573913043478261,-0.16717391304347826,-0.031478260869565226,0.07226086956521739,-0.9439130434782608,-0.30999999999999994,-0.6020869565217388,-2.851813043478261,0.3655652173913043,-0.5182608695652173,-1.5904347826086953,-1.424782608695652,0.02043478260869568,-0.4860869565217391,0.08521739130434784,-0.24130434782608692,0.2295652173913044,0.23299999999999996,0.06026086956521741,-0.10426086956521738,-0.045304347826086964,-1.0541739130434784,-0.38143478260869573,-0.3425652173913043,0.04343478260869565,-0.059434782608695634,-0.377304347826087,0.05539130434782609,0.17773913043478262,-2.1028652173913045,-0.8253391304347825,0.11386086956521735,-0.25220869565217396,-0.013352173913043466,0.2601521739130435,-2.6900347826086954,-0.23018260869565219,-0.1901826086956522,-2.382182608695653,0.40910434782608684,-5.778260869565217,-0.18782608695652167,0.09130434782608692,0.6,0.8321739130434781,0.03695652173913046,-0.3343478260869565,-0.4195652173913044,-0.42434782608695654,-0.4356521739130434,-0.421304347826087,0.11347826086956524,-0.028260869565217374,-0.9991304347826088,0.14130434782608695,0.6330434782608695,-0.41130434782608694,0.03260869565217393,-0.2360869565217392,-0.012173913043478271,-1.0669565217391301,0.023478260869565143,-0.77,0.46086956521739136,10000
IVAGVMTLSGLLLGRRVS,-0.507984426111111,-0.010324097222222224,-0.2413309222222223,0.8895525444444444,0.1363042927777777,-0.27388888888888885,-0.5838888888888888,-0.11777777777777779,-0.05388888888888889,-0.026111111111111075,0.45055555555555554,0.3183333333333333,0.023888888888888887,0.030555555555555565,0.11833333333333333,-0.5077777777777777,-0.33166666666666667,0.20166666666666663,-0.037444444444444475,0.04472222222222223,-0.2071111111111111,0.9132222222222222,-0.10727777777777779,0.2539444444444445,-0.18722222222222226,-0.5544444444444444,0.5077777777777778,-0.14666666666666667,-0.21055555555555555,-0.5511111111111111,0.11777777777777779,0.029444444444444447,-0.38888888888888884,0.3694444444444445,-0.6583333333333334,0.5027777777777778,-0.37277777777777776,-0.05622222222222222,0.11838888888888893,-0.12455555555555556,-0.12927777777777777,-0.05544444444444444,-0.8083333333333333,-0.5272222222222221,1.6998999999999995,-3.021427777777778,0.7902611111111111,0.885,-2.2405555555555554,-0.3572222222222223,0.7183333333333332,-0.0983333333333333,0.5872222222222223,0.2622222222222222,0.035,0.2356111111111111,0.1431111111111111,-0.06788888888888889,-0.060166666666666674,-1.0627777777777778,-0.31333333333333335,-0.24799999999999997,0.14644444444444443,-0.35172222222222227,-0.5383888888888889,0.14505555555555558,0.4081666666666667,-1.1649833333333333,-1.289438888888889,-0.18412777777777783,-0.3155777777777778,0.6670222222222223,-0.17593333333333333,-2.7356833333333332,0.04671111111111112,-1.0517500000000002,-1.3025888888888888,1.2831166666666667,-5.821666666666666,-0.0222222222222222,-0.17722222222222217,0.8122222222222223,0.9177777777777776,0.27388888888888885,-0.45444444444444443,-0.43277777777777776,-0.23055555555555557,0.16111111111111112,-0.6761111111111111,0.3055555555555555,-0.3116666666666667,-1.0088888888888887,0.3316666666666666,0.6977777777777777,-0.3622222222222222,0.00833333333333334,-0.35611111111111116,-0.7038888888888889,-1.605,-0.8866666666666666,-0.3994444444444444,0.18555555555555556,10000
NNIDDLAGALSKLSDLH,-0.0075846882352941436,-0.06250359705882354,-1.3559985176470588,0.47746389411764706,-0.7436274964705882,0.3011764705882353,-0.30352941176470594,-0.08176470588235293,0.27176470588235296,-0.10058823529411764,0.3111764705882353,-0.07000000000000002,0.027647058823529407,-0.05117647058823526,-0.012352941176470573,-0.035882352941176456,-0.46529411764705886,-0.028235294117647063,-0.11917647058823529,0.035294117647058816,-0.2681176470588235,0.6543529411764705,-0.05847058823529411,-0.45817647058823535,-0.09764705882352943,-0.41647058823529415,-0.38294117647058823,0.05882352941176468,-0.24529411764705888,-0.5952941176470588,-0.3111764705882352,0.09588235294117643,0.25941176470588234,0.10882352941176471,-0.37058823529411766,0.18823529411764706,-0.5447058823529412,0.05270588235294118,0.049294117647058815,-0.11547058823529414,-0.03652941176470588,0.06488235294117647,-0.8435294117647059,-0.032941176470588224,-1.6119823529411763,-2.076729411764706,-0.058823529411764705,-1.1664705882352941,-1.1276470588235294,-1.0405882352941178,-0.14294117647058827,-0.14235294117647057,0.07941176470588233,0.012352941176470612,-0.1652941176470588,0.23241176470588237,0.00041176470588235085,-0.0816470588235294,-0.04623529411764707,-0.9969999999999999,-0.25988235294117645,-0.39635294117647063,-0.09752941176470588,0.11300000000000002,-0.21970588235294117,0.04276470588235295,0.24935294117647058,-1.704405882352941,-1.329170588235294,1.0267882352941176,-0.0633823529411765,-0.04911176470588236,-0.15595882352941173,-1.6629882352941174,-0.4645176470588236,-0.25864117647058826,-1.9678294117647062,0.48088235294117654,-5.4276470588235295,-0.019411764705882358,0.30588235294117644,0.3911764705882353,0.9052941176470588,-0.09176470588235287,-0.1688235294117647,-0.39,-0.17882352941176474,-0.40823529411764714,-0.11588235294117649,0.3364705882352941,-0.22529411764705887,-0.9417647058823531,0.035882352941176476,0.5270588235294118,-0.5617647058823528,0.3370588235294118,-0.19058823529411767,0.5352941176470587,-0.5235294117647058,0.10764705882352939,-0.6994117647058823,0.7676470588235295,10000
LNKADLIDEQNAPALNA,0.15190007470588235,-0.3375141429411764,-0.6677906823529413,0.5412744529411765,-0.5069914211764707,0.40294117647058825,-0.40588235294117647,-0.16176470588235295,0.06352941176470589,-0.08058823529411764,0.1464705882352941,-0.05176470588235297,0.008235294117647073,0.053529411764705916,0.018235294117647058,-0.08882352941176469,-0.4488235294117647,-0.11999999999999998,-0.2172941176470588,0.2236470588235294,-0.25023529411764706,0.6127058823529412,0.21123529411764708,-0.5049411764705882,-0.3358823529411765,-0.3864705882352941,-0.5441176470588236,0.12470588235294115,-0.29411764705882354,-0.5241176470588235,0.015882352941176455,-0.010000000000000005,0.44411764705882356,-0.40176470588235297,-0.34176470588235297,0.2241176470588235,-0.43823529411764706,0.06088235294117648,0.008470588235294115,-0.14364705882352943,-0.04217647058823531,0.11352941176470588,-0.7776470588235295,-0.10882352941176467,-2.0811058823529405,-1.7998529411764703,0.49218823529411765,-1.3094117647058827,-0.7882352941176471,-1.298235294117647,0.14470588235294118,-0.4729411764705883,0.0758823529411765,-0.06941176470588234,-0.15352941176470591,0.2353529411764706,0.002764705882352947,-0.10123529411764706,-0.09558823529411764,-0.9878235294117647,-0.3478823529411765,-0.38829411764705885,-0.06270588235294117,0.042529411764705864,-0.17335294117647065,0.01699999999999999,0.20700000000000005,-3.1031999999999997,-1.1054588235294118,1.1688882352941175,-0.001982352941176474,-0.16455882352941167,0.03889411764705885,-2.8818941176470587,-0.1580705882352942,0.0748705882352941,-3.7307235294117644,0.14745294117647056,-5.336470588235294,-0.008235294117646988,0.33705882352941174,0.4429411764705882,0.8258823529411764,-0.14176470588235293,-0.11647058823529413,-0.32176470588235295,-0.2623529411764706,-0.37705882352941184,-0.27117647058823535,0.34823529411764703,-0.11117647058823528,-0.9288235294117646,0.07,0.4894117647058824,-0.6535294117647058,0.07823529411764706,-0.17294117647058824,0.4017647058823529,-0.36882352941176466,0.05882352941176467,-0.8305882352941177,1.0017647058823531,10000
GHTGPVFTVSFSKGGELFASGGA,-0.3143641104347827,0.3691461086956522,-0.06735051304347832,0.6338942956521739,0.170300447826087,0.16739130434782606,-0.12434782608695656,0.3521739130434782,0.12,-0.23260869565217385,0.37565217391304345,0.3821739130434783,-0.0282608695652174,0.2882608695652174,-0.03043478260869566,-0.40086956521739125,-0.5043478260869565,0.17652173913043476,-0.1522173913043479,-0.5057826086956522,-0.5350434782608695,0.6723913043478261,-0.08730434782608698,-0.27482608695652166,0.2304347826086956,-0.7400000000000001,-0.040434782608695666,-0.12043478260869567,0.07565217391304346,-0.4282608695652173,0.1217391304347826,0.40782608695652167,-0.3421739130434783,0.1839130434782609,-0.31304347826086953,0.3560869565217391,-0.5947826086956521,0.03978260869565218,0.18952173913043482,-0.06534782608695652,-0.0527391304347826,0.0318695652173913,-1.4330434782608696,-0.24478260869565222,-0.7886217391304345,-4.189778260869565,0.8700695652173915,-1.2926086956521738,-3.0804347826086955,0.6760869565217391,0.13695652173913042,-0.2621739130434782,0.5295652173913045,-0.026086956521739136,0.2121739130434783,0.21404347826086956,0.16378260869565217,-0.010913043478260867,0.045130434782608704,-1.1250000000000002,-0.2940434782608696,-0.19017391304347825,0.0866086956521739,-0.30965217391304345,-1.183304347826087,0.10239130434782609,0.7429565217391305,-1.6478913043478263,0.28068260869565215,-0.7585,0.7803652173913044,1.1464652173913041,0.04371739130434785,-3.1227956521739126,0.4099695652173913,-0.6544173913043478,-1.4203652173913042,1.2112260869565217,-6.196956521739129,-0.8182608695652173,0.05565217391304351,0.18217391304347827,1.3060869565217388,0.05608695652173913,-0.6199999999999999,-0.8356521739130436,0.20826086956521736,-0.12304347826086959,-0.4782608695652174,0.35521739130434776,-0.2091304347826087,-1.083913043478261,-0.07478260869565215,0.5556521739130434,-0.6682608695652175,0.37826086956521743,-0.9213043478260871,0.2408695652173913,-1.4765217391304346,0.11652173913043473,-0.43652173913043485,0.11391304347826088,10000
LEIKHSIITEAVVCDES,-0.14954136705882354,-0.3488660105882353,-0.32149003529411774,0.3562748470588235,-0.5619412888235293,0.03941176470588236,-0.4799999999999999,-0.2705882352941177,0.15529411764705883,-0.06705882352941173,0.06941176470588235,-0.25882352941176473,-0.04588235294117647,0.2458823529411765,0.15411764705882353,-0.05411764705882353,-0.41235294117647064,-0.09705882352941175,-0.21835294117647064,0.4280588235294118,-0.20082352941176468,0.3741176470588235,-0.01258823529411766,-0.046235294117647034,-0.5170588235294117,-0.3311764705882353,0.1941176470588235,0.1317647058823529,-0.2958823529411765,-0.10941176470588233,-0.47,-0.07823529411764704,0.041764705882352926,-0.011176470588235279,-0.46352941176470586,0.34705882352941175,-0.41823529411764704,-0.01764705882352941,0.0012352941176470517,-0.1361764705882353,-0.020117647058823532,-0.03264705882352942,-0.5082352941176471,-0.017058823529411772,-0.03418823529411759,-1.5674764705882351,-0.3506058823529412,0.1311764705882353,-0.7641176470588235,-1.667058823529412,0.15823529411764709,-0.15823529411764709,0.07529411764705884,0.3311764705882353,-0.3088235294117647,0.24341176470588236,0.021411764705882356,-0.07294117647058822,-0.028117647058823535,-0.9144117647058824,-0.503235294117647,-0.3789411764705882,-0.07394117647058823,0.07247058823529413,0.0049999999999999585,0.14317647058823527,-0.07399999999999998,-0.7712470588235292,-1.0797,0.23001764705882355,-0.2504294117647059,-0.127135294117647,0.2812705882352941,-0.8589823529411766,-0.4859235294117647,-0.15596470588235292,-0.9622117647058822,-0.13674705882352947,-4.912941176470588,0.022941176470588236,0.2135294117647059,0.36000000000000004,0.5658823529411765,-0.05588235294117645,-0.28705882352941176,-0.15411764705882353,-0.6452941176470589,-0.3605882352941177,-0.31941176470588245,0.06588235294117645,0.01588235294117648,-0.8670588235294118,0.03058823529411762,0.5241176470588236,-0.3070588235294118,0.19705882352941173,0.032941176470588224,0.20882352941176466,-0.9135294117647059,-0.28235294117647064,-0.9017647058823529,0.09235294117647061,10000
YDVNTGQLVESIIDTFEFPSLITTP,-0.1632081132,0.14963753959999998,0.0208040279999999,0.41834530799999997,-0.3760989856,-0.005199999999999991,-0.31279999999999997,-0.1628,0.0964,-0.3452,0.09200000000000001,-0.15800000000000003,-0.27879999999999994,0.07840000000000001,-0.0332,-0.1044,-0.37200000000000005,-0.1612,-0.08756000000000004,-0.15108,-0.05711999999999997,0.41024,0.24332,-0.16744,0.09519999999999999,-0.23720000000000002,0.21,-0.04640000000000003,-0.1368,-0.276,-0.19159999999999996,-0.14239999999999994,0.11440000000000002,-0.20919999999999997,-0.3068,0.4836,-0.5416000000000001,-0.010160000000000002,0.07183999999999999,-0.0188,-0.07136,-0.001800000000000006,-0.37599999999999995,-0.19640000000000002,0.1947720000000001,-1.7043799999999998,0.65224,-0.1892000000000001,-0.9540000000000001,-0.73,-0.10279999999999995,-0.28240000000000004,-0.4672,0.5064000000000001,0.1204,0.22655999999999998,0.033639999999999996,-0.0558,0.020239999999999987,-0.85988,-0.4336,-0.29292,-0.08651999999999999,0.00580000000000001,-0.14544,-0.11536000000000002,-0.12808000000000003,-1.04612,-0.6428,0.638452,0.005916000000000028,0.13246400000000003,0.396556,-0.6716599999999998,0.05434400000000004,0.07611600000000002,-1.273136,0.05273599999999999,-4.510400000000001,-0.36239999999999994,0.312,0.138,0.5196000000000001,0.10520000000000002,-0.10679999999999999,-0.1764,-0.46159999999999995,-0.3504,-0.3748,-0.19280000000000005,0.196,-0.8140000000000001,-0.09919999999999998,0.308,-0.47120000000000006,-0.025199999999999972,-0.25000000000000006,-0.436,-0.6652000000000001,-0.14160000000000003,-1.0428,0.2536,10000
VYEPTIFENYIHDIFVDGNSIEL,-0.09554862739130435,-0.013350346521739127,0.4829734739130435,0.1698351086956522,-0.18226823478260865,-0.043043478260869544,-0.05782608695652172,-0.2834782608695652,0.3134782608695652,-0.37869565217391316,0.09304347826086955,-0.16739130434782612,-0.02739130434782606,0.05391304347826089,-0.005217391304347842,-0.06478260869565221,-0.2930434782608696,-0.2608695652173913,-0.0993913043478261,-0.02013043478260869,0.13630434782608697,0.26060869565217387,0.009086956521739136,-0.26208695652173913,0.007391304347826094,-0.030434782608695678,0.14608695652173906,-0.07782608695652175,-0.19130434782608696,-0.1765217391304348,-0.38086956521739135,0.36652173913043484,0.29739130434782607,-0.23304347826086963,-0.12956521739130436,0.3673913043478261,-0.4652173913043478,-0.030739130434782613,0.025739130434782608,-0.014869565217391302,-0.026173913043478266,0.02278260869565217,0.020434782608695665,-0.15043478260869564,0.9244521739130438,-0.663095652173913,0.12103913043478266,0.3373913043478262,-0.357391304347826,-0.8121739130434783,-0.4678260869565217,-0.3200000000000001,-0.21869565217391299,0.5869565217391305,-0.3947826086956522,0.23199999999999993,-0.010130434782608696,0.006565217391304347,-0.018086956521739132,-0.7240434782608695,-0.3353913043478261,-0.15878260869565217,-0.16839130434782607,0.025043478260869566,0.056565217391304344,-0.1116521739130435,-0.048608695652173906,-0.6039695652173913,-0.37170434782608697,0.9099826086956522,0.1667565217391305,-0.17048695652173912,0.4535695652173912,0.07136521739130446,0.05856956521739135,0.13989130434782607,-0.9048521739130433,-0.2929260869565218,-3.728260869565217,-0.1995652173913043,0.26652173913043475,-0.03869565217391306,0.39521739130434774,0.12956521739130436,0.05695652173913045,-0.00695652173913046,-0.3126086956521739,-0.4317391304347827,-0.2921739130434783,-0.00217391304347829,0.01347826086956521,-0.6947826086956522,-0.09521739130434784,0.21913043478260874,-0.368695652173913,0.15739130434782608,-0.15086956521739134,-0.39782608695652166,-0.17173913043478262,-0.014347826086956544,-0.8708695652173913,0.1569565217391304,10000
AVEVAYALPEKQYLQRVTL,-0.011550697894736834,-0.39558903526315786,-0.13612265789473693,0.5932171578947368,-0.2552324878947369,-0.06842105263157888,-0.3026315789473685,-0.43578947368421056,-0.17526315789473682,0.004736842105263143,-0.02894736842105262,0.0705263157894737,-0.05368421052631579,0.36421052631578954,0.1363157894736842,-0.18578947368421053,-0.24368421052631573,-0.05578947368421053,-0.3489473684210527,0.4087368421052632,0.0785263157894737,0.6172105263157894,0.20794736842105263,0.15931578947368424,-0.46842105263157907,-0.11894736842105262,0.1163157894736842,0.08210526315789474,-0.14421052631578948,-0.6157894736842104,0.1484210526315789,-0.2557894736842105,-0.017368421052631568,0.047368421052631574,-0.32263157894736844,0.505263157894737,-0.261578947368421,-0.02557894736842106,-0.023421052631578943,-0.11399999999999999,-0.11921052631578948,0.009631578947368416,-0.08736842105263158,-0.23894736842105258,0.15862105263157908,-0.5415631578947367,1.0133842105263158,0.3515789473684211,-0.1394736842105264,-0.9299999999999999,0.6421052631578948,-0.5478947368421053,0.32631578947368417,0.23894736842105263,0.10736842105263159,0.23273684210526313,0.04026315789473684,-0.040999999999999995,-0.09568421052631577,-0.7985263157894738,-0.30178947368421055,-0.12536842105263157,-0.03773684210526315,-0.2125263157894737,-0.1696315789473685,0.013315789473684187,0.21121052631578946,-0.9800263157894736,-0.7935105263157894,0.25541052631578937,0.25087894736842103,0.06786315789473683,0.33513684210526323,-1.226036842105263,0.16952105263157896,-0.28666315789473684,-1.282763157894737,0.1141842105263158,-4.18,0.07052631578947371,0.0373684210526316,0.2873684210526316,0.49947368421052624,0.052105263157894786,-0.008947368421052636,0.016315789473684165,-0.38578947368421046,0.07473684210526313,-0.4868421052631579,0.10789473684210531,-0.01578947368421053,-0.7615789473684211,0.18315789473684213,0.3368421052631579,-0.4610526315789474,-0.17368421052631577,-0.16894736842105262,-0.5447368421052632,-0.5736842105263158,-0.7789473684210527,-0.5836842105263159,0.31473684210526315,10000
KDIILHLIATYGVAFGTGY,-0.35574351315789476,-0.0260327552631579,0.6885147210526315,0.4716828052631578,0.5080745110526316,-0.30157894736842106,-0.16421052631578945,-0.04263157894736841,0.2326315789473684,-0.21473684210526317,0.2652631578947368,0.20526315789473687,-0.016315789473684197,0.18157894736842103,0.04052631578947369,-0.3863157894736842,-0.31052631578947365,0.05578947368421053,0.22763157894736838,-0.12315789473684209,0.009210526315789476,0.6287368421052633,-0.25342105263157894,-0.0694736842105263,-0.04473684210526314,-0.35526315789473684,0.3089473684210526,-0.2331578947368421,-0.0805263157894737,-0.4694736842105262,0.012105263157894739,0.4584210526315789,-0.012631578947368405,0.07999999999999996,-0.29578947368421055,0.4157894736842105,-0.45894736842105255,-0.058052631578947377,0.10121052631578947,-0.059368421052631584,-0.08584210526315791,0.0030526315789473637,-0.5173684210526315,-0.4063157894736842,1.9534052631578946,-2.2441368421052625,0.8191999999999998,0.8742105263157897,-1.7994736842105261,-0.08684210526315796,0.14578947368421058,-0.21842105263157893,0.4052631578947368,0.4636842105263158,0.0747368421052631,0.22336842105263158,0.11478947368421052,0.013736842105263158,-0.054,-0.891421052631579,-0.3399473684210526,-0.10784210526315789,-0.02826315789473685,-0.2616315789473684,-0.5033684210526316,-0.06273684210526316,0.35747368421052633,-1.8352473684210524,0.07060526315789473,0.6915105263157895,0.14732631578947364,0.7370789473684211,0.32680526315789477,-2.6679315789473677,0.7162315789473684,-0.46198947368421056,-2.4866947368421055,0.4576631578947369,-4.893157894736842,-0.4973684210526316,0.06263157894736841,0.3547368421052632,0.8184210526315789,0.3315789473684211,-0.2157894736842105,-0.3305263157894737,-0.1973684210526317,0.03526315789473683,-0.5426315789473684,0.20789473684210522,-0.30315789473684207,-0.8821052631578946,0.028947368421052645,0.48157894736842105,-0.4242105263157894,0.08894736842105264,-0.4947368421052632,-0.8026315789473683,-1.106315789473684,-0.4205263157894738,-0.3642105263157895,0.03631578947368422,10000
ARARRMGVATTHEGVIGLMN,-0.09979733350000004,-0.232077321,0.7902262999999999,0.57933164,0.8448116339999998,0.14300000000000002,-0.3385,-0.09,-0.005500000000000005,0.0925,0.357,0.3365,-0.01999999999999998,0.09250000000000004,0.17749999999999996,-0.2685,-0.3355,0.23249999999999993,-0.22705000000000003,0.11979999999999999,-0.3177999999999999,0.44094999999999984,-0.16480000000000003,0.20965000000000006,-0.2945,-0.453,0.2855,0.18550000000000003,-0.16999999999999998,0.015499999999999996,0.1605,0.277,-0.2625,0.19399999999999998,-0.4384999999999999,0.394,-0.32900000000000007,0.008999999999999998,0.047950000000000007,-0.12,-0.03825000000000001,-0.044849999999999994,-0.7044999999999999,-0.17250000000000001,-0.8258700000000001,-1.9356250000000004,0.20329999999999998,-0.347,-1.4024999999999999,-0.2345000000000001,0.6195,0.181,0.605,-0.17050000000000007,-0.019499999999999983,0.22699999999999995,0.09315,-0.0505,-0.03440000000000001,-0.9746000000000002,-0.21774999999999997,-0.24454999999999996,0.08814999999999999,-0.18705000000000002,-0.6221500000000001,0.3076000000000001,0.47430000000000005,-2.01857,-0.4529249999999999,-0.44627,0.04646499999999994,0.4316849999999999,-0.20874,-3.300379999999999,-0.251545,-0.448175,-2.1495100000000003,0.9846299999999998,-5.38,0.15800000000000006,-0.14049999999999993,0.5269999999999999,0.9295,-0.08349999999999996,-0.37050000000000005,-0.402,0.02949999999999996,0.11099999999999999,-0.275,0.48600000000000004,-0.2245,-0.9410000000000001,0.302,0.6105,-0.45949999999999996,0.20450000000000004,-0.2735,0.4254999999999999,-1.0459999999999998,-0.7004999999999999,0.024999999999999956,0.10000000000000005,10000
EIQAKGVHLVYLTLHVGLGTFRPVS,-0.2769790188,-0.02660708879999996,-0.10472740400000007,0.545103784,0.015058658800000036,-0.1396,-0.2384,-0.22440000000000002,0.06280000000000001,-0.1176,0.1476,0.23439999999999997,-0.04279999999999999,0.11120000000000001,0.13399999999999998,-0.3128,-0.29359999999999997,0.076,-0.16747999999999996,0.02732000000000001,-0.06663999999999999,0.6043200000000001,0.04831999999999998,0.14216000000000004,-0.13319999999999999,-0.29359999999999997,0.3296,-0.08720000000000003,0.08680000000000002,-0.5048,0.039599999999999996,0.049200000000000015,-0.08839999999999999,0.3096,-0.34800000000000003,0.5231999999999999,-0.41040000000000004,-0.039479999999999994,0.06908,-0.07136,-0.10144,-0.0186,-0.4216,-0.28559999999999997,1.1889560000000001,-1.7544400000000002,0.9454840000000001,0.544,-1.3088,-0.13880000000000003,0.5315999999999999,-0.2943999999999999,0.32720000000000005,0.2724,-0.15599999999999997,0.22744,0.1012,-0.011640000000000001,-0.06148000000000002,-0.8893599999999999,-0.29552,-0.13732,-0.03184000000000001,-0.26044,-0.34404,0.10507999999999998,0.2734,-1.127688,-0.42952799999999997,0.26746,0.2016919999999999,0.553584,0.03149600000000003,-1.751248,0.5150719999999999,-0.43498799999999993,-1.6273440000000001,0.32724000000000003,-4.740799999999999,-0.3148,-0.03799999999999999,0.2988,0.6507999999999999,0.1864,-0.2764,-0.23040000000000002,-0.22640000000000002,0.11840000000000002,-0.5099999999999999,0.2556,-0.06519999999999997,-0.8539999999999999,0.06359999999999999,0.4428,-0.3644,0.03840000000000002,-0.37400000000000005,-0.556,-0.9887999999999999,-0.6772,-0.234,0.1684,10000
ARDYFTYRDVLGFIYAQAK,0.04843219789473684,-0.14087851315789474,0.4064171263157895,0.3074019789473685,0.31827874000000006,-0.10684210526315786,0.07157894736842105,-0.20421052631578948,0.10684210526315789,-0.02842105263157893,0.13157894736842105,0.07421052631578948,0.01736842105263157,0.3494736842105263,-0.15894736842105264,-0.10473684210526314,-0.15105263157894736,0.0036842105263158046,-0.10863157894736843,0.044,0.22547368421052635,0.3567368421052632,-0.21105263157894735,0.17294736842105263,-0.050526315789473704,0.05368421052631581,0.14526315789473684,0.053157894736842105,-0.29157894736842105,-0.44947368421052636,0.06421052631578945,0.28631578947368425,0.19999999999999996,0.06578947368421052,-0.09105263157894737,0.358421052631579,-0.2773684210526316,-0.01710526315789474,-0.01263157894736842,-0.024894736842105258,-0.08126315789473684,-0.012473684210526319,0.17894736842105263,-0.15105263157894736,0.029084210526315882,0.41168421052631576,0.36143157894736844,0.24105263157894746,0.22210526315789458,-0.21368421052631578,0.016842105263157863,0.021578947368421038,0.22578947368421054,0.2705263157894737,0.5089473684210526,0.21710526315789475,0.000263157894736846,0.03352631578947368,-0.04626315789473684,-0.6587894736842105,-0.10626315789473688,0.019157894736842103,-0.06957894736842106,-0.1948421052631579,-0.34068421052631576,-0.04273684210526316,0.4118421052631579,0.05421052631578958,-0.03790000000000003,0.15309999999999999,0.4591578947368421,0.3710526315789474,0.4031,-0.22709473684210502,0.08367368421052634,-0.39372105263157897,0.5100736842105265,0.6356421052631579,-3.453684210526316,0.12578947368421056,0.027368421052631604,-0.051578947368421064,0.6021052631578946,0.04210526315789473,0.24842105263157893,0.0647368421052631,-0.036842105263157905,0.0931578947368421,-0.017894736842105262,0.027894736842105278,-0.13842105263157897,-0.6568421052631579,0.14947368421052634,0.17052631578947366,-0.5310526315789473,0.12842105263157896,-0.3294736842105264,-0.2242105263157895,0.030526315789473728,-0.38736842105263164,-0.2473684210526315,0.03578947368421054,10000
SFLLFGMALLYAESGSLSFV,-0.5678840924999999,-0.141817324,-0.672258855,0.62814638,-0.47262620249999987,-0.42200000000000004,-0.221,-0.099,0.11950000000000001,-0.10400000000000002,0.37300000000000005,0.17849999999999996,-0.008500000000000008,0.27399999999999997,-0.1165,-0.483,-0.2864999999999999,-0.0235,0.31495,0.13779999999999998,-0.021249999999999998,0.84245,0.005950000000000009,-0.23774999999999996,-0.25000000000000006,-0.37500000000000006,-0.16150000000000003,-0.47450000000000003,-0.16999999999999998,-0.7875,0.020500000000000018,0.05200000000000001,-0.07649999999999994,0.18500000000000003,-0.35950000000000004,0.5245,-0.483,-0.07535,0.10115,-0.11995000000000003,-0.07520000000000002,0.0717,-0.5439999999999998,-0.6759999999999999,2.7690300000000003,-2.724105,0.26567,1.3695,-1.9224999999999994,-0.4455,0.1465,-0.4709999999999999,0.33,-0.20900000000000002,0.2015,0.2405,0.09305000000000001,0.020700000000000003,0.034199999999999994,-0.9248999999999998,-0.24505,-0.04034999999999998,0.019949999999999996,-0.32094999999999996,-0.46699999999999997,-0.0675,0.41175000000000006,0.5166400000000001,-0.474865,-0.13270000000000007,-0.040230000000000064,0.51228,0.15531,-0.37676999999999977,0.293785,-0.9262899999999998,0.8977149999999998,0.80772,-5.0265,-0.4154999999999999,-0.10400000000000001,0.3415,0.7945,0.489,-0.2995,-0.3015,-0.21100000000000002,-0.08150000000000003,-0.5165000000000001,-0.12800000000000003,-0.40549999999999997,-0.8954999999999999,0.10799999999999998,0.4875,-0.302,0.1325,-0.488,-1.2395,-0.8939999999999999,0.075,-0.5685,0.20700000000000002,10000
LHRCAFLVTACWTLTSLLAMTRT,-0.440494304347826,-0.33880034608695647,0.018718326086956387,0.4925960956521738,0.18732754,-0.4230434782608697,-0.433913043478261,-0.07086956521739131,-0.003913043478260858,0.3021739130434783,0.1426086956521739,0.04565217391304348,-0.3926086956521739,0.09347826086956523,0.04304347826086957,-0.27869565217391307,-0.21130434782608692,0.15695652173913044,0.299,0.3640869565217392,-0.07652173913043475,0.36834782608695643,0.03339130434782609,0.3182173913043478,-0.41521739130434787,-0.25043478260869567,0.2608695652173913,-0.21521739130434783,-0.3434782608695652,-0.20652173913043476,0.2573913043478261,-0.511304347826087,0.027826086956521726,0.4130434782608695,-0.45434782608695656,0.6265217391304347,-0.3973913043478261,-0.07865217391304345,0.030434782608695653,-0.1011304347826087,-0.04847826086956523,-0.05247826086956523,-0.25086956521739123,-0.3730434782608696,2.1563260869565224,-1.316704347826087,-0.2880478260869566,1.8260869565217388,-0.9517391304347828,-0.5278260869565216,0.6430434782608696,0.27304347826086944,0.019130434782608702,-0.2260869565217391,0.3656521739130435,0.23543478260869566,0.09504347826086956,-0.031217391304347825,0.05108695652173911,-0.8400434782608698,-0.37086956521739134,-0.22473913043478264,-0.00356521739130435,-0.1377391304347826,-0.27304347826086967,0.21799999999999997,-0.03956521739130432,-0.8879434782608695,-0.23607391304347827,0.37465217391304334,-0.6201347826086958,0.35407826086956523,-0.2363260869565216,-1.4700695652173912,0.23319130434782614,-0.27498260869565216,-1.3612347826086961,0.5311173913043478,-4.586956521739129,-0.2634782608695652,-0.0026086956521738864,0.44652173913043486,0.5891304347826085,0.2895652173913044,-0.25478260869565217,-0.04913043478260873,-0.49913043478260877,0.24347826086956523,-0.16913043478260872,-0.271304347826087,-0.10043478260869565,-0.8282608695652173,0.10434782608695656,0.54,-0.2878260869565217,-0.11521739130434779,-0.07782608695652171,-0.7552173913043481,-0.8173913043478261,-0.38086956521739135,0.026086956521739115,-0.08652173913043482,10000
SGSSGNFTSGSQIHMSSITNT,-0.18251349952380952,0.6465742709523807,-0.7806400714285715,0.36289131428571425,-0.2480119052380952,0.39666666666666667,-0.20857142857142852,0.1952380952380952,0.2942857142857143,-0.029047619047619048,0.5,0.1304761904761905,-0.4371428571428571,0.09714285714285714,0.040952380952380935,0.04619047619047619,-0.5619047619047619,0.26571428571428574,-0.10300000000000001,-0.5838571428571427,-0.5735238095238095,0.317,-0.20185714285714285,-0.10690476190476189,0.4361904761904762,-0.6704761904761904,0.30523809523809525,0.17380952380952377,0.1304761904761905,0.019047619047619035,-0.4985714285714286,0.001428571428571451,-0.39952380952380956,-0.3595238095238095,-0.41,0.5504761904761905,-0.7371428571428572,0.07900000000000001,0.16599999999999998,-0.011238095238095238,-0.0160952380952381,-0.09752380952380953,-1.3438095238095238,0.08666666666666671,-2.622880952380952,-3.5017285714285706,-0.4572523809523809,-2.076190476190477,-2.146190476190476,0.061428571428571374,0.42571428571428577,0.602857142857143,-0.21666666666666662,0.19904761904761903,0.13571428571428565,0.22352380952380949,0.043523809523809534,-0.08157142857142856,0.19142857142857142,-1.0981428571428573,-0.2875238095238095,-0.48,-0.016190476190476193,0.19623809523809527,-0.8626666666666665,0.09199999999999998,0.2581904761904762,0.46594285714285694,-1.0917761904761907,-0.7146904761904761,0.22403809523809518,0.48916666666666664,-0.4247047619047618,-0.15645714285714263,-1.0159380952380952,-0.5561666666666666,1.4971761904761907,1.2412047619047617,-6.055238095238095,-0.4204761904761904,0.3366666666666667,0.11999999999999995,1.142380952380952,-0.2195238095238095,-0.5938095238095238,-0.7252380952380952,-0.05904761904761908,-0.16333333333333333,-0.05333333333333335,-0.05428571428571435,-0.2180952380952381,-1.0423809523809522,-0.15476190476190474,0.5671428571428572,-0.5842857142857143,0.6433333333333332,-0.39142857142857146,0.980952380952381,-1.0599999999999998,0.22761904761904758,-0.7385714285714284,0.24952380952380948,10000
KLEAATGDVVEFDQVLMVSD,-0.11264668600000002,-0.35842111149999994,-0.712155935,0.526562195,-0.8207586705000001,0.09800000000000002,-0.4159999999999999,-0.211,-0.0215,-0.2355,0.21800000000000003,-0.2285,0.06699999999999999,0.257,0.094,-0.15999999999999998,-0.454,-0.20049999999999998,-0.4986,0.32989999999999997,-0.22304999999999997,0.5839,-0.04000000000000001,-0.22885,-0.4605,-0.399,-0.101,0.09799999999999999,-0.08450000000000002,-0.41500000000000004,-0.2325,0.06050000000000001,-0.11000000000000001,0.194,-0.39849999999999997,0.2665,-0.492,0.0022999999999999965,0.01885,-0.15555,-0.02870000000000001,0.021699999999999997,-0.6485,-0.17949999999999997,-0.6369699999999996,-2.0538549999999995,-0.11345000000000002,-0.39449999999999996,-1.0505,-1.5295,-0.2375,-0.28650000000000003,0.22149999999999997,0.056999999999999995,0.24250000000000002,0.23020000000000002,0.010900000000000003,-0.10394999999999999,-0.0695,-0.96965,-0.3558,-0.28755,0.031,-0.028200000000000003,-0.21415,0.020800000000000003,0.19974999999999996,-1.7952400000000002,-0.6474300000000001,-0.02728500000000005,0.10522999999999996,-0.09469999999999998,0.4287850000000001,-2.1694,-0.3297150000000001,-0.128685,-2.05849,0.03344999999999998,-5.1835,0.05250000000000003,0.19400000000000003,0.4149999999999999,0.7580000000000001,-0.027999999999999962,-0.24750000000000005,-0.2835,-0.43899999999999995,-0.48500000000000004,-0.301,0.08249999999999999,-0.13,-0.9099999999999998,0.15649999999999997,0.48949999999999994,-0.53,0.020499999999999984,-0.1795,0.094,-0.9345000000000001,-0.21900000000000003,-0.9810000000000001,0.26049999999999995,10000
DTRKSLVGSGDRSERIRTYN,0.3767336855,0.318500643,-0.1003002800000001,0.4444743449999999,0.290794299,0.5365,-0.138,-0.1045,0.024,0.10250000000000001,0.3365,0.03249999999999999,-0.13799999999999998,0.052500000000000005,-0.1285,0.265,-0.302,0.23299999999999996,-0.5747500000000001,-0.24415,-0.20414999999999997,0.32789999999999997,-0.18125,0.34540000000000004,0.3065,-0.11850000000000001,0.35950000000000004,0.6075,-0.4725,-0.1655,-0.10300000000000001,0.03600000000000002,-0.20199999999999996,0.24050000000000002,-0.3325,0.24699999999999997,-0.2725,0.10715,0.008050000000000012,-0.004000000000000005,-0.09125000000000001,-0.10690000000000002,-0.31049999999999994,0.42750000000000005,-4.19103,0.17732,0.13198,-2.3970000000000002,0.26450000000000007,-0.15400000000000003,0.211,0.39649999999999996,0.1555,0.45549999999999996,0.21499999999999994,0.21894999999999998,-0.02724999999999999,-0.0605,0.022549999999999987,-0.8173,-0.0962,-0.34124999999999994,-0.04845000000000001,0.09640000000000001,-0.4052500000000001,0.20715,0.37139999999999995,0.786975,-1.6816250000000004,-0.538905,0.31177999999999995,0.21124499999999996,-0.09849999999999999,0.45865000000000017,-1.39227,-0.5890899999999999,2.0479600000000002,1.3418999999999996,-4.326,0.7430000000000001,0.09250000000000004,0.056999999999999974,0.8045,-0.5305,0.10949999999999997,-0.16699999999999998,0.217,-0.055000000000000014,0.20750000000000002,0.38849999999999996,0.046000000000000006,-0.7695000000000001,0.2615,0.275,-0.6435000000000002,0.4965,-0.15899999999999997,1.498,-0.2144999999999999,-0.7040000000000001,-0.538,0.1275,10000
PSDPVVRVPDDTIPADDAFSL,-0.06675974476190476,0.34952958095238096,-1.4846179904761907,0.5335898333333333,-1.2676862795238097,0.30619047619047624,-0.5057142857142857,0.023809523809523805,-1.32169407693471e-18,-0.5071428571428572,-0.21904761904761907,-0.14333333333333337,-0.0819047619047619,0.0942857142857143,-0.0919047619047619,-0.1823809523809524,-0.4785714285714286,-0.17047619047619048,-0.47523809523809524,-0.32876190476190476,-0.3100476190476189,0.3930476190476191,0.6675714285714286,-0.37561904761904746,0.2819047619047619,-0.4123809523809523,-0.2014285714285714,-0.030952380952380936,-0.21571428571428572,-0.38380952380952377,-0.5633333333333335,-0.46761904761904755,0.30238095238095236,0.1304761904761905,-0.4247619047619048,0.2585714285714286,-0.6104761904761904,0.05185714285714286,0.08871428571428572,-0.008190476190476201,-0.06657142857142857,0.05038095238095238,-0.838095238095238,-0.1961904761904762,-1.4018523809523806,-2.3346142857142858,1.3245333333333333,-1.3447619047619048,-1.2176190476190476,-0.7938095238095237,-0.25952380952380955,-0.42380952380952375,-0.9976190476190476,0.17428571428571427,0.34238095238095234,0.2115238095238095,0.06147619047619048,-0.10371428571428569,-0.032238095238095246,-0.9842857142857142,-0.39728571428571435,-0.39957142857142847,-0.03590476190476192,-0.03990476190476188,-0.42347619047619045,0.0038571428571428645,-0.11238095238095237,-1.8292666666666666,-0.7945809523809525,0.656352380952381,0.010409523809523804,0.10825714285714284,0.11999047619047619,-1.341147619047619,0.21271904761904756,0.30413333333333326,-1.8745380952380948,0.7431904761904763,-5.156190476190476,-0.7361904761904762,0.33190476190476187,0.1476190476190476,0.6414285714285715,-0.0614285714285714,-0.12142857142857148,-0.3376190476190476,-0.5138095238095238,-0.5295238095238096,-0.26333333333333336,-0.13285714285714287,0.7847619047619047,-0.9142857142857143,-0.22761904761904764,0.36380952380952386,-0.5547619047619048,-0.11666666666666667,-0.40904761904761905,0.12523809523809523,-0.4638095238095239,0.4347619047619048,-0.742857142857143,0.74,10000
NFHLPRSTLVMLVAAFVG,-0.4756014133333333,-0.18281816555555558,-0.1848413444444445,0.5948698555555555,-0.09369055444444448,-0.3144444444444444,-0.3561111111111111,-0.2255555555555556,0.10333333333333335,-0.1061111111111111,0.17555555555555552,0.2644444444444444,-0.10500000000000001,0.0666666666666667,0.022777777777777772,-0.48500000000000004,-0.25777777777777783,0.05444444444444445,-0.013833333333333347,0.16327777777777774,-0.03988888888888889,0.5828333333333333,0.18733333333333332,0.09683333333333335,-0.26333333333333336,-0.31555555555555553,0.18222222222222226,-0.3072222222222223,0.06611111111111113,-0.51,-0.009999999999999997,-0.048888888888888885,0.14166666666666666,0.23000000000000004,-0.4011111111111111,0.5933333333333334,-0.45222222222222225,-0.07761111111111112,0.0708888888888889,-0.0943888888888889,-0.07933333333333333,0.008666666666666665,-0.39499999999999996,-0.6194444444444445,2.5615000000000006,-2.0452611111111114,0.6374722222222223,1.5133333333333332,-1.4677777777777778,-0.37166666666666676,0.6533333333333333,-0.22055555555555556,-0.0016666666666666312,-0.12611111111111112,-0.036111111111111066,0.23588888888888893,0.1155,-0.0033888888888888866,-0.028166666666666666,-0.8989444444444445,-0.3045,-0.10894444444444444,0.015055555555555553,-0.3226111111111111,-0.3045555555555556,0.1046111111111111,0.15433333333333332,-1.0706333333333333,-0.20821111111111107,0.3650388888888888,-0.2252444444444445,0.5656500000000001,-0.1352722222222222,-1.6552888888888888,0.76555,-0.40245,-1.4603222222222223,0.5239055555555556,-4.811111111111112,-0.49555555555555564,-0.1011111111111111,0.38555555555555554,0.5833333333333334,0.3794444444444445,-0.33055555555555555,-0.1827777777777778,-0.4044444444444444,0.14888888888888888,-0.4516666666666667,0.0038888888888888675,-0.03277777777777777,-0.8661111111111112,0.05611111111111111,0.4816666666666667,-0.28111111111111114,-0.13222222222222224,-0.3533333333333334,-1.0472222222222223,-0.765,-0.29277777777777775,-0.011111111111111047,0.3477777777777778,10000
SAGNTGALMGLSRFTLKLLP,-0.25574749350000003,0.05227399149999999,-0.2137345250000001,0.7387380199999999,0.21918654050000003,-0.015999999999999997,-0.394,0.02199999999999998,-0.05950000000000001,0.004500000000000004,0.363,0.3325,-0.128,0.01500000000000001,-0.07999999999999999,-0.38500000000000006,-0.35100000000000003,0.20249999999999996,0.1423,-0.11785000000000001,-0.2713499999999999,0.8184000000000001,0.14355,-0.12164999999999997,-0.01649999999999998,-0.49650000000000005,-0.09999999999999998,-0.14750000000000002,-0.09049999999999998,-0.6555,0.4135000000000001,-0.0905,-0.16699999999999998,0.217,-0.49050000000000005,0.46049999999999996,-0.41950000000000004,0.007149999999999998,0.11370000000000002,-0.09515000000000003,-0.10774999999999998,0.04964999999999999,-0.8939999999999999,-0.3955000000000001,0.13800000000000007,-2.7965000000000004,1.12391,-0.3125000000000001,-2.008,0.11799999999999997,0.5860000000000001,-0.40099999999999997,0.35450000000000015,-0.16699999999999998,0.20800000000000002,0.23005,0.12569999999999998,-0.0414,-0.005800000000000009,-1.0393000000000001,-0.24874999999999997,-0.19839999999999997,0.0735,-0.28805000000000003,-0.5840500000000002,0.07549999999999998,0.4168,-1.48286,-0.7586049999999999,0.018839999999999923,-0.19638500000000003,0.73774,-0.08728,-2.628965,0.22458499999999998,-0.7271099999999999,-1.547565,1.0094099999999997,-5.722499999999998,-0.23199999999999998,-0.15799999999999997,0.5835,0.9285,0.18000000000000005,-0.35699999999999993,-0.4785000000000001,0.03549999999999999,0.09499999999999997,-0.483,0.2784999999999999,-0.21200000000000002,-0.9955000000000002,0.22349999999999998,0.5885,-0.39949999999999986,0.10750000000000004,-0.514,-0.41800000000000004,-1.1409999999999998,-0.3345000000000001,-0.32649999999999996,0.4175,10000
EKRKDATEKAKKSLSINEFLKP,0.5831181986363636,-0.32544502136363634,-0.1187481045454546,0.31939023636363634,0.07743737318181815,0.5618181818181819,-0.23272727272727278,-0.3531818181818182,-0.2213636363636364,0.13909090909090907,0.11227272727272725,-0.03636363636363639,-0.06409090909090907,0.21999999999999995,-0.2772727272727273,0.17909090909090908,-0.2527272727272728,0.17545454545454545,-0.5340454545454546,0.32436363636363624,-0.0758181818181818,0.47290909090909083,0.20254545454545453,0.07531818181818184,-0.3022727272727273,0.03454545454545454,-0.325,0.59,-0.0022727272727273,-0.6854545454545455,0.2022727272727272,-0.175,0.004090909090909084,0.05772727272727274,-0.3640909090909091,0.2318181818181818,-0.12636363636363637,0.10404545454545454,-0.09059090909090908,-0.09695454545454546,-0.12272727272727274,0.04895454545454545,-0.10818181818181814,0.3318181818181818,-3.7921954545454537,1.0141454545454545,1.2884681818181816,-2.264545454545455,1.0172727272727273,-0.7331818181818182,0.792727272727273,-0.7095454545454546,0.329090909090909,-0.012272727272727258,0.19590909090909092,0.23527272727272724,-0.017545454545454545,-0.02618181818181818,-0.09163636363636364,-0.7782272727272727,-0.19831818181818184,-0.18463636363636357,-0.10154545454545455,-0.06004545454545454,0.1225,0.1983636363636364,0.2581363636363636,0.41980000000000006,-1.2965,-0.2943909090909091,-0.18978181818181816,0.5020545454545455,0.500809090909091,0.10162727272727273,-0.5121863636363636,-0.5252999999999999,1.224481818181818,-0.0349909090909091,-4.107727272727273,0.700909090909091,-0.26272727272727275,0.20136363636363636,0.44,-0.44636363636363635,0.15954545454545455,0.0477272727272727,0.02727272727272728,0.09090909090909088,0.020000000000000007,0.5318181818181819,0.13954545454545453,-0.7399999999999999,0.3609090909090909,0.2772727272727273,-0.24863636363636357,0.34318181818181814,-0.18545454545454546,0.968181818181818,0.0040909090909091,-0.6913636363636363,-0.33454545454545465,0.46181818181818185,10000
RACADGDLREERVSLLCSN,0.0669258384210526,-0.11050858210526311,-0.788962852631579,0.4939692157894737,-0.3453819789473684,0.30368421052631583,-0.38578947368421057,0.007894736842105253,0.07052631578947369,0.2578947368421053,0.15894736842105261,-0.1,0.1131578947368421,0.10736842105263159,-0.03526315789473685,0.01684210526315787,-0.36736842105263157,0.04105263157894737,-0.3425789473684211,0.1991052631578947,-0.38431578947368417,0.33894736842105255,-0.07910526315789473,0.03084210526315792,-0.18947368421052635,-0.32999999999999996,-0.10631578947368418,0.248421052631579,-0.743684210526316,-0.09578947368421052,0.08947368421052634,-0.10210526315789474,0.13578947368421054,0.3631578947368421,-0.4068421052631579,0.15999999999999998,-0.27631578947368424,0.058368421052631576,0.006578947368421048,-0.1087368421052632,0.0012631578947368287,-0.03063157894736842,-0.6526315789473685,0.17263157894736844,-2.3141578947368417,-1.0427894736842105,-0.9039631578947368,-1.0605263157894735,-0.5673684210526317,-0.8068421052631579,-0.13631578947368422,0.27947368421052626,0.3278947368421053,-0.06421052631578941,-0.05052631578947368,0.23115789473684212,-0.008263157894736839,-0.09205263157894734,0.0006315789473684202,-0.9438947368421053,-0.20031578947368422,-0.3277368421052631,0.05594736842105264,0.015157894736842125,-0.373,0.26963157894736844,0.3206315789473684,-0.8189105263157895,-1.2559789473684213,-0.4204631578947369,0.03979473684210518,-0.29134736842105263,-0.2307842105263158,-1.2770631578947367,-1.1583263157894736,-0.35918421052631583,-0.22954210526315802,1.0714421052631578,-5.09,0.5200000000000001,0.11210526315789475,0.3257894736842105,0.9021052631578947,-0.32105263157894737,-0.15947368421052632,-0.25000000000000006,0.0047368421052631565,-0.3068421052631579,0.10368421052631578,0.24947368421052632,-0.07894736842105263,-0.8831578947368421,0.2615789473684211,0.4884210526315789,-0.59,0.36263157894736836,-0.046842105263157914,1.1236842105263158,-0.4852631578947368,-0.024736842105263168,-0.6689473684210526,0.15052631578947365,10000
VNDSQPIPWFVRLRIAWEVASALVFLHKSKP,-0.14901505129032264,-0.06283492838709678,-0.650065887096774,0.3394303580645161,-0.4592109316129032,-0.06516129032258065,-0.21677419354838715,-0.20516129032258065,-0.13193548387096773,-0.09258064516129033,-0.003225806451612913,0.09193548387096773,-0.07129032258064516,0.11645161290322585,-0.009032258064516132,-0.23322580645161292,-0.18258064516129038,0.022258064516129043,-0.21358064516129033,0.11700000000000006,0.09219354838709679,0.38141935483870965,0.3123870967741936,0.10125806451612902,-0.13806451612903223,-0.045161290322580656,0.05612903225806454,-0.09451612903225809,-0.09838709677419354,-0.4706451612903226,-0.20935483870967744,-0.30032258064516126,0.05483870967741935,-0.06483870967741932,-0.33,0.5303225806451612,-0.35870967741935483,-0.03012903225806452,0.0076129032258064515,-0.036161290322580655,-0.10164516129032258,0.026258064516129026,-0.004516129032258097,-0.27322580645161293,1.0280258064516132,-0.401058064516129,1.2556419354838708,0.5606451612903227,-0.17483870967741946,-0.3967741935483872,0.5919354838709677,-0.4525806451612903,-0.1203225806451613,0.1248387096774194,0.008709677419354831,0.22945161290322577,0.06258064516129032,0.0072580645161290265,-0.06567741935483871,-0.7477741935483871,-0.29322580645161295,-0.17403225806451614,-0.12422580645161291,-0.20238709677419356,-0.14564516129032254,0.2065483870967742,0.09532258064516129,0.4399096774193548,-0.7515548387096773,0.47238709677419344,-0.16001935483870972,0.45001935483870975,-0.05752580645161289,0.43395483870967777,0.5422032258064516,-0.3681741935483871,0.410251612903226,0.3158193548387096,-3.828709677419355,-0.3890322580645161,-0.06645161290322579,0.10516129032258069,0.3948387096774193,0.15516129032258064,0.013225806451612894,0.04806451612903224,-0.34741935483870967,0.1548387096774194,-0.34193548387096784,0.036451612903225815,0.23129032258064516,-0.72,-0.037419354838709645,0.32870967741935475,-0.20838709677419354,0.04903225806451613,-0.27290322580645165,-0.620967741935484,-0.11225806451612894,-0.3316129032258065,0.03548387096774191,0.4383870967741935,10000
LMVSHSVEDAARIATRSVVVADGRIAWQGK,-0.15704187466666666,-0.1946960303333333,-0.5204947666666667,0.5550823799999999,-0.22342062566666682,0.09500000000000001,-0.37633333333333324,-0.096,-0.04500000000000001,0.005333333333333342,0.247,0.10099999999999999,-0.006666666666666665,0.28233333333333344,0.16999999999999998,-0.20266666666666666,-0.36100000000000004,0.12433333333333335,-0.39143333333333336,0.1973333333333333,-0.23853333333333326,0.5019666666666668,-0.13183333333333336,0.1809000000000001,-0.3446666666666667,-0.422,0.256,0.15866666666666665,-0.24900000000000005,-0.2363333333333334,-0.33866666666666667,-0.006000000000000004,-0.24533333333333332,0.07600000000000001,-0.4693333333333333,0.38666666666666666,-0.4093333333333334,0.0006000000000000052,0.03303333333333335,-0.12266666666666666,-0.06373333333333334,-0.050366666666666664,-0.6566666666666664,-0.15200000000000002,-0.66038,-1.826156666666667,0.26006,-0.217,-1.0736666666666668,-0.8786666666666669,0.5539999999999999,0.10300000000000001,0.358,0.09633333333333337,0.1773333333333333,0.22763333333333333,0.06849999999999999,-0.06563333333333335,-0.05279999999999999,-0.9483333333333335,-0.3216666666666667,-0.3443333333333333,0.010666666666666666,-0.10553333333333333,-0.5528333333333335,0.2702333333333333,0.37386666666666674,-0.7627033333333334,-0.9565733333333335,-0.20017333333333334,0.08717,0.39301,-0.1377266666666666,-1.6342600000000003,-0.27076333333333324,-0.5621666666666666,-0.6380866666666666,0.9375466666666665,-5.129333333333334,-0.06899999999999998,0.08900000000000001,0.3863333333333333,0.8806666666666665,-0.07466666666666667,-0.2773333333333334,-0.3063333333333334,-0.341,0.009666666666666676,-0.2833333333333333,0.2343333333333333,-0.09733333333333334,-0.9090000000000001,0.10800000000000004,0.5636666666666666,-0.5029999999999999,0.18266666666666667,-0.24233333333333335,0.3046666666666666,-0.8796666666666666,-0.5306666666666666,-0.23933333333333331,0.2613333333333333,10000
LLQLLECRLDNVVYRMGFGATRAESRQLVSHK,-0.013268313437499998,-0.2213359040625,-0.34283249687500006,0.44823903125,-0.032859415624999944,0.036875,-0.23031249999999998,-0.305625,-0.024375,0.17000000000000004,0.203125,0.0828125,0.04156249999999999,0.08625000000000001,0.02968749999999997,-0.09499999999999999,-0.22124999999999997,0.0684375,-0.24040625000000004,0.28015625,-0.04196874999999999,0.44684375,-0.044031249999999994,0.24384375000000003,-0.27749999999999997,-0.1096875,0.1396875,0.145625,-0.2275,-0.34343750000000006,0.20375000000000001,-0.0578125,0.003437499999999996,0.27187500000000003,-0.32968749999999997,0.425625,-0.246875,-0.0030937500000000062,-0.013218749999999994,-0.09200000000000001,-0.06575,-0.029812499999999992,-0.11843749999999993,-0.05468749999999996,-0.40739062499999995,-0.26115937499999997,0.0037406249999999697,0.031249999999999972,-0.13437500000000008,-0.5078125,0.37968749999999996,0.009687500000000016,0.42593749999999997,-0.0003125000000000003,-0.02781250000000001,0.23203125,0.0042187499999999985,-0.03628125,-0.05165625,-0.8098750000000001,-0.13549999999999998,-0.137375,-0.007625000000000005,-0.13659375,-0.12571875,0.1920625,0.30325,-0.1444843750000001,-0.99139375,-0.21346250000000005,0.034693749999999995,0.04315937499999998,-0.06234999999999995,-0.6425999999999998,-0.4487281250000001,-0.5135406250000001,0.09172187499999995,0.484971875,-4.2828125,0.4703125000000001,-0.12593749999999998,0.29781250000000004,0.5915625,-0.059999999999999984,-0.058750000000000024,-0.03406250000000001,-0.048124999999999994,0.07031249999999999,-0.1171875,0.2378125,-0.16718750000000002,-0.7681250000000001,0.3140625,0.3878125,-0.3628125,0.2021875,-0.08406250000000001,0.10874999999999996,-0.41875000000000007,-0.6596875000000001,-0.2921875,0.15437499999999998,10000
NPRHSWSLPKALERVQQAESGVVILLHRTE,0.07231876666666665,-0.10121252200000003,-0.62977038,0.40871399999999997,-0.3180229296666666,0.23833333333333334,-0.19833333333333336,-0.293,-0.11733333333333332,0.051666666666666666,0.048000000000000015,0.11100000000000003,-0.08033333333333334,0.11100000000000002,0.13666666666666666,-0.02433333333333335,-0.25533333333333336,0.06733333333333331,-0.3793333333333333,0.1859666666666667,-0.08953333333333337,0.3922999999999999,0.25693333333333335,0.1461,-0.21033333333333334,-0.11466666666666664,0.0653333333333334,0.20466666666666666,-0.1673333333333333,-0.30499999999999994,-0.08900000000000005,-0.30366666666666664,-0.0663333333333333,0.05433333333333336,-0.31700000000000006,0.486,-0.3173333333333333,0.02413333333333333,-0.010600000000000002,-0.06896666666666668,-0.0834,-0.0013333333333333346,-0.17866666666666664,0.04833333333333335,-1.1484666666666665,-0.39004333333333335,0.7997700000000001,-0.6093333333333334,-0.05300000000000004,-0.49599999999999994,0.6163333333333334,-0.2943333333333333,0.1653333333333333,0.04200000000000004,-0.23399999999999999,0.23026666666666668,0.026300000000000004,-0.029933333333333336,-0.048100000000000004,-0.8000333333333335,-0.23506666666666662,-0.2635666666666666,-0.12770000000000004,-0.06226666666666667,-0.1784666666666667,0.2819333333333333,0.20483333333333337,0.12253666666666657,-1.2169566666666667,0.09468333333333327,0.18791666666666665,0.11637000000000003,-0.1830166666666666,0.10147000000000024,-0.23510000000000003,-0.31961666666666666,0.1985166666666667,0.33409,-4.154,0.07266666666666667,-0.00033333333333331885,0.11100000000000002,0.5239999999999999,-0.1403333333333333,-0.05833333333333339,-0.054000000000000006,-0.15499999999999997,0.05066666666666664,-0.24933333333333338,0.284,0.14499999999999996,-0.7566666666666667,0.06766666666666671,0.3526666666666667,-0.35866666666666674,0.2306666666666666,-0.14233333333333334,0.2553333333333333,-0.2923333333333334,-0.6256666666666667,-0.195,0.39866666666666667,10000
MATKADYTLDEESRARIKTRLFTIRQEMASRGLW,0.2034560288235294,-0.34226554882352944,0.3020855705882352,0.3669489882352941,0.33633699235294107,0.1811764705882353,-0.18941176470588234,-0.2514705882352941,-0.17441176470588235,0.15970588235294117,0.22999999999999998,-0.013235294117647074,-0.1338235294117647,0.2014705882352941,-0.05029411764705882,0.052941176470588214,-0.19529411764705884,0.10176470588235294,-0.1793235294117647,0.316764705882353,0.00011764705882352951,0.3427647058823529,-0.017999999999999995,0.21608823529411766,-0.33147058823529413,-0.018823529411764683,0.037058823529411755,0.3305882352941176,-0.41764705882352937,-0.17852941176470585,0.12176470588235296,-0.14441176470588235,-0.1435294117647059,0.07823529411764707,-0.3158823529411765,0.37617647058823533,-0.22117647058823528,0.02729411764705883,-0.053264705882352936,-0.0872058823529412,-0.06973529411764706,-0.013264705882352951,0.04235294117647064,0.07823529411764707,-1.687511764705882,0.4020088235294117,0.28033529411764707,-0.6397058823529411,0.4602941176470588,-0.7279411764705883,0.3602941176470588,-0.043235294117647094,0.29647058823529404,-0.10794117647058822,0.3873529411764705,0.22838235294117645,-0.009529411764705875,-0.028441176470588234,-0.0246764705882353,-0.7335294117647058,-0.17500000000000004,-0.21658823529411764,-0.07182352941176472,-0.025294117647058828,-0.15470588235294122,0.2254117647058823,0.2646176470588235,0.2844764705882353,-0.9927294117647059,-0.2546176470588235,-0.08265882352941178,0.1512705882352941,0.18497647058823533,-0.10485294117647041,-0.6973617647058825,-0.424914705882353,0.8222088235294117,0.528735294117647,-3.9038235294117642,0.5723529411764708,-0.10205882352941172,0.21411764705882352,0.558235294117647,-0.19176470588235292,0.13882352941176468,0.03970588235294118,-0.057941176470588225,0.03529411764705878,0.004999999999999995,0.18411764705882352,-0.039705882352941174,-0.7129411764705883,0.3138235294117648,0.3347058823529412,-0.3720588235294118,0.2552941176470588,-0.0670588235294118,0.42852941176470577,-0.18411764705882358,-0.7258823529411764,-0.24676470588235297,0.09235294117647061,10000
VTVQSLEIVRVDVERKLLLVKGSVPGATN,-0.13733413862068966,-0.07234583586206896,-0.37332231034482766,0.7244655413793105,-0.2927611679310345,0.03862068965517245,-0.5348275862068965,-0.2889655172413793,-0.09689655172413791,-0.10586206896551721,0.21896551724137933,0.046896551724137925,-0.060000000000000005,0.09517241379310344,0.0993103448275862,-0.21275862068965518,-0.3586206896551724,0.05586206896551723,-0.5441724137931034,0.1478620689655172,-0.15913793103448276,0.7070344827586207,0.06541379310344829,0.2534137931034483,-0.22068965517241385,-0.3482758620689655,0.43793103448275866,0.17206896551724132,-0.07896551724137932,-0.556551724137931,-0.05482758620689656,-0.12275862068965518,-0.1917241379310345,0.20793103448275865,-0.5462068965517242,0.43620689655172407,-0.3534482758620689,-0.007275862068965525,0.04296551724137931,-0.1056551724137931,-0.12948275862068967,-0.059517241379310346,-0.536206896551724,-0.18586206896551724,-0.26287241379310344,-1.655558620689655,0.8861034482758621,-0.16413793103448282,-0.9810344827586208,-0.8796551724137929,0.6534482758620688,-0.263448275862069,0.26379310344827595,0.5313793103448277,-0.0403448275862069,0.23479310344827584,0.07286206896551724,-0.09155172413793104,-0.08855172413793103,-0.9640689655172414,-0.3862068965517242,-0.3105862068965517,0.043448275862068966,-0.17034482758620692,-0.20737931034482762,0.10958620689655173,0.1639655172413793,-1.2217689655172417,-1.3605862068965515,0.08760000000000001,-0.09186896551724143,0.3653965517241379,0.10581379310344831,-1.8526068965517242,-0.0966137931034483,-0.526810344827586,-1.419048275862069,0.5053931034482758,-5.109310344827586,0.11586206896551722,0.04965517241379313,0.5251724137931034,0.6686206896551723,-0.026206896551724132,-0.2582758620689655,-0.21793103448275863,-0.41103448275862076,-0.005862068965517253,-0.49862068965517237,0.27758620689655167,-0.0037931034482758617,-0.8993103448275863,0.21413793103448275,0.49206896551724144,-0.46517241379310353,-0.07517241379310342,-0.20448275862068965,-0.12275862068965525,-1.0941379310344828,-0.8931034482758622,-0.7075862068965517,0.32275862068965516,10000
VTPERTLFQDFIPKFVSLATSGDDFWACSSED,-0.0904560625,0.07267780531249998,-0.719462203125,0.311146775,-0.6853953643749999,0.10687499999999998,-0.1928125,0.027812499999999987,0.015624999999999993,-0.175,0.07999999999999999,-0.1859375,-0.148125,0.2109375,-0.14468750000000002,-0.06718750000000001,-0.34781249999999997,-0.11093749999999997,-0.18681250000000005,-0.06437500000000002,-0.15568749999999995,0.2945,0.17512500000000003,-0.19324999999999998,0.01874999999999999,-0.21875,-0.15156249999999996,-0.01531250000000002,-0.25406249999999997,-0.27437500000000004,-0.17937499999999998,-0.20531249999999998,0.09531250000000001,0.014687499999999978,-0.2528125,0.36343749999999997,-0.5096875000000001,0.019312499999999996,0.04368749999999999,-0.036343749999999994,-0.030843750000000007,0.02559375,-0.421875,-0.07593749999999999,-0.6903968749999998,-1.3072750000000002,0.173475,-0.5943750000000001,-0.6796875000000001,-0.5900000000000001,-0.273125,-0.15,-0.30468749999999994,0.025625000000000023,0.4253125,0.22078124999999998,0.0165625,-0.03803125,0.03399999999999999,-0.8410625,-0.3141875,-0.24921875000000002,-0.07040625,-0.015499999999999976,-0.3326875,0.059500000000000004,0.1,-0.12682500000000008,-0.36592499999999994,0.0033156250000000165,0.1382375,0.21697812500000002,0.24492500000000003,-0.02556562499999998,-0.13201562499999997,-0.08402812500000002,0.2490531250000001,0.3842375,-4.4109375,-0.3221875,0.2078125,-0.015937500000000007,0.6546875000000001,-0.014062499999999978,-0.07250000000000001,-0.1790625,-0.27156250000000004,-0.3375,-0.06656250000000001,-0.1978125,0.1871875,-0.8021875,-0.08499999999999999,0.3028125,-0.48281250000000003,0.1834375,-0.3296875,0.08406250000000004,-0.3259375,0.22999999999999995,-0.675625,0.193125,10000
GAKYFKLAGESYKNKDMKQAFFYLGLSLHYLGDVN,0.08382644057142859,-0.06519005428571428,0.01621769142857139,0.23289038,0.17285098914285715,0.05342857142857144,0.0922857142857143,-0.16285714285714284,0.10742857142857143,-0.014000000000000009,0.252,0.152,0.08742857142857141,0.1754285714285714,-0.15542857142857144,-0.11942857142857143,-0.24057142857142852,0.06028571428571428,-0.13217142857142855,-0.023000000000000003,0.05725714285714283,0.4786285714285715,-0.20294285714285715,-0.1434,-0.0074285714285714415,-0.06314285714285713,-0.20971428571428571,0.01485714285714283,0.1491428571428571,-0.6682857142857143,0.20628571428571427,0.3951428571428572,-0.012285714285714283,0.18371428571428572,-0.14114285714285713,0.32457142857142857,-0.33085714285714285,0.017685714285714287,0.01542857142857143,-0.0462857142857143,-0.06522857142857144,0.05371428571428571,-0.18000000000000002,-0.09714285714285713,-0.42063428571428546,-0.3522342857142855,0.5097885714285714,-0.49314285714285727,-0.32685714285714296,0.11657142857142855,0.07685714285714286,-0.3788571428571428,0.5128571428571428,0.05942857142857144,0.13085714285714287,0.22422857142857142,0.011514285714285722,0.030971428571428573,-0.04288571428571429,-0.7750000000000001,-0.05162857142857144,0.05254285714285715,-0.05437142857142857,-0.19259999999999997,-0.2819142857142858,-0.03225714285714286,0.4890285714285714,-0.12236571428571429,-0.07769428571428573,-0.02689142857142863,0.2847399999999999,0.40824000000000005,0.33176,-0.6836399999999999,0.12452857142857143,-0.5202914285714286,0.14396857142857167,0.2096542857142858,-4.149714285714286,0.07028571428571434,-0.1685714285714286,0.09457142857142857,0.6705714285714286,0.03371428571428574,0.030571428571428555,-0.12857142857142856,0.23257142857142854,0.054285714285714264,-0.1148571428571429,0.3034285714285714,-0.36114285714285715,-0.7577142857142857,0.21142857142857144,0.2968571428571428,-0.33114285714285707,0.3291428571428571,-0.4097142857142857,-0.08914285714285725,-0.19599999999999995,-0.168,-0.2131428571428571,0.17000000000000004,10000
RTMTDFHKRIEAADDKLIVLDFYAN,0.13883585439999999,-0.3815097472,0.10342195200000001,0.248461408,0.017029252799999985,0.1048,-0.15679999999999994,-0.30760000000000004,0.1264,-0.06119999999999999,0.15200000000000002,-0.1404,-0.02960000000000001,0.12080000000000002,-0.1232,0.010399999999999996,-0.2376,-0.0548,-0.1868,0.30176000000000003,0.07844000000000001,0.29679999999999995,-0.06087999999999999,-0.002359999999999989,-0.3008,0.0048000000000000065,-0.06960000000000001,0.19200000000000003,-0.23000000000000007,-0.29960000000000003,-0.1392,0.1352,0.3116,0.138,-0.22640000000000002,0.2692,-0.3328,0.005879999999999996,-0.051239999999999994,-0.08084,-0.040200000000000014,0.014599999999999997,0.06920000000000004,-0.022399999999999986,-0.7795359999999998,0.3343679999999999,-0.013252000000000024,-0.18480000000000008,0.4108,-1.0344,-0.05080000000000011,-0.037200000000000004,-0.022000000000000016,-0.01040000000000001,0.2388,0.22784,-0.029599999999999987,-0.01864,-0.06392000000000002,-0.7220800000000002,-0.20540000000000003,-0.1696,-0.11208,0.005960000000000001,0.06587999999999998,0.08235999999999999,0.11144,-0.710144,-0.4780879999999999,0.53416,-0.11974800000000002,0.062464000000000006,0.33236000000000004,-0.587264,-0.23973600000000006,-0.06118000000000001,-0.6604039999999999,0.04774399999999999,-3.8160000000000003,0.3276,0.044800000000000034,0.15199999999999997,0.4628,-0.08119999999999994,0.1604,0.07439999999999998,-0.24960000000000002,-0.16319999999999996,0.09119999999999999,0.12679999999999997,0.0096,-0.7024000000000001,0.17680000000000004,0.2828,-0.3796,0.15719999999999998,-0.07039999999999999,0.22519999999999998,0.01640000000000004,-0.3372000000000001,-0.2968,0.25279999999999997,10000
EAILEVPKEAAKGLVYGIPHFLIGSVVNSFTGV,-0.2913332118181818,-0.04321714636363635,0.11274577878787878,0.5963128727272727,-0.047550796969696996,-0.07333333333333333,-0.33484848484848484,-0.10424242424242425,0.05909090909090909,-0.24848484848484853,0.16696969696969696,0.19545454545454544,0.026060606060606062,0.20575757575757575,0.060303030303030296,-0.4,-0.3724242424242424,0.010909090909090901,-0.17575757575757575,-0.010848484848484849,-0.16381818181818178,0.676969696969697,0.09303030303030302,-0.11766666666666664,-0.15727272727272726,-0.43333333333333335,0.14060606060606062,-0.1366666666666667,-0.016363636363636393,-0.5272727272727272,-0.05181818181818181,0.20030303030303032,-0.07303030303030301,0.019999999999999993,-0.4015151515151515,0.419090909090909,-0.4327272727272727,-0.027090909090909096,0.0918787878787879,-0.09248484848484849,-0.09124242424242426,0.02954545454545455,-0.7203030303030302,-0.3842424242424242,1.0251727272727276,-2.587242424242424,1.1400151515151515,0.21242424242424246,-1.8172727272727274,-0.38363636363636366,0.40242424242424246,-0.5806060606060606,0.3224242424242424,0.31848484848484854,-0.17848484848484847,0.23212121212121214,0.1232121212121212,-0.01896969696969697,-0.06193939393939394,-0.9731212121212123,-0.4,-0.17915151515151514,0.011333333333333325,-0.2900909090909091,-0.46412121212121216,0.0413939393939394,0.3130303030303031,-1.5730696969696971,-0.3994969696969697,0.2089,0.14586969696969695,0.6247878787878789,0.2420606060606061,-2.3227575757575756,0.5817575757575758,-0.45920909090909084,-1.9537181818181815,0.4222121212121212,-5.24,-0.4936363636363637,0.013030303030303041,0.3715151515151515,0.7727272727272727,0.19545454545454546,-0.3533333333333333,-0.37393939393939396,-0.26666666666666666,-0.07060606060606064,-0.6596969696969697,0.2806060606060606,-0.06727272727272723,-0.9315151515151515,0.02606060606060607,0.5018181818181818,-0.40090909090909094,0.04030303030303031,-0.4948484848484849,-0.5418181818181819,-1.1157575757575755,-0.32303030303030306,-0.5375757575757576,0.2842424242424243,10000
ESSDVQIMLSAGNNGIEFELVSDVAKQFGD,-0.054737626333333345,-0.045802191333333346,-0.6769130733333335,0.4048084799999999,-0.6353284133333335,0.2723333333333333,-0.25499999999999995,-0.08399999999999999,0.09933333333333334,-0.1973333333333333,0.3389999999999999,-0.12066666666666667,0.08466666666666667,0.1786666666666666,0.03733333333333332,-0.08333333333333331,-0.46900000000000003,-0.12733333333333333,-0.3485,0.026000000000000054,-0.29119999999999996,0.4973666666666666,-0.12956666666666666,-0.3318999999999999,-0.15633333333333335,-0.426,-0.12699999999999995,0.11966666666666664,-0.10766666666666666,-0.2743333333333334,-0.2379999999999999,0.26066666666666666,-0.08533333333333332,-0.22133333333333338,-0.32166666666666666,0.2826666666666667,-0.5123333333333334,0.03766666666666666,0.055433333333333334,-0.10723333333333332,-0.012600000000000004,0.023533333333333333,-0.7963333333333333,-0.05333333333333332,-1.463003333333333,-2.2422066666666667,-0.23260999999999996,-1.1643333333333332,-1.2436666666666667,-0.9826666666666666,-0.24933333333333332,-0.14833333333333332,0.25999999999999995,0.13866666666666666,-0.0009999999999999898,0.22963333333333333,-0.00663333333333333,-0.0822,-0.01903333333333334,-0.9857333333333334,-0.2845333333333334,-0.30423333333333336,0.002200000000000002,0.026533333333333343,-0.3499333333333333,0.028166666666666663,0.3366666666666667,-0.9926033333333334,-0.8837666666666666,-0.22607,0.2927633333333334,-0.02474999999999997,0.22210000000000005,-1.3502599999999998,-0.6226533333333334,-0.3216766666666667,-0.74147,0.3174233333333333,-5.288333333333333,0.05333333333333334,0.2156666666666667,0.26666666666666666,0.8909999999999999,-0.11499999999999999,-0.277,-0.4106666666666667,-0.14466666666666667,-0.47333333333333333,-0.23833333333333334,0.17666666666666664,-0.25866666666666666,-0.9236666666666667,0.09333333333333331,0.471,-0.5513333333333333,0.35600000000000004,-0.2636666666666667,0.4649999999999999,-0.7573333333333332,0.02066666666666665,-1.0313333333333334,0.3470000000000001,10000
GLDSSQARLTCSLHSDLKDFAGKCSDAAK,0.01473090413793104,0.0235617396551724,-1.5140854758620685,0.40873264827586203,-0.6614300579310343,0.3251724137931035,-0.31068965517241376,0.12068965517241383,0.10206896551724136,0.16344827586206898,0.18758620689655173,-0.0420689655172414,-0.005172413793103468,0.24310344827586206,-0.09965517241379308,-0.022413793103448276,-0.45379310344827595,0.14689655172413793,-0.19931034482758625,0.0057931034482758634,-0.45089655172413795,0.44124137931034485,-0.0952413793103448,-0.14844827586206893,-0.08620689655172416,-0.4789655172413793,-0.296551724137931,0.17206896551724135,-0.21103448275862066,-0.4024137931034482,-0.08758620689655174,-0.16586206896551722,0.027931034482758615,0.28793103448275853,-0.40724137931034493,0.22655172413793104,-0.46586206896551713,0.07427586206896551,0.04920689655172414,-0.10193103448275863,-0.019931034482758632,0.00041379310344827325,-1.016206896551724,0.11965517241379311,-2.5240068965517244,-1.963368965517241,-0.33525517241379316,-1.5720689655172417,-1.133103448275862,-0.5393103448275862,0.12172413793103451,0.1737931034482759,0.18241379310344827,-0.2275862068965517,0.4017241379310345,0.22199999999999995,0.02024137931034484,-0.08141379310344826,0.01620689655172413,-1.0218275862068966,-0.21165517241379314,-0.3183448275862069,0.021482758620689664,0.00710344827586209,-0.5612413793103448,0.18562068965517245,0.3889310344827587,-0.6422896551724138,-0.8324137931034483,-0.41366551724137934,0.07223448275862064,0.2960448275862069,-0.12212413793103448,-1.3802241379310345,-0.6710275862068965,-0.49079999999999996,-0.014668965517241494,0.9160275862068965,-5.610689655172414,-0.0010344827586206524,0.1089655172413793,0.2858620689655172,1.0213793103448274,-0.2462068965517241,-0.2986206896551724,-0.44241379310344836,-0.07,-0.17793103448275865,0.10206896551724137,0.1475862068965517,-0.10413793103448274,-0.9724137931034482,0.09862068965517243,0.5451724137931034,-0.5337931034482758,0.44724137931034486,-0.3089655172413793,0.9872413793103447,-0.6962068965517241,0.20413793103448263,-0.4624137931034483,0.32206896551724146,10000
DIDAGNALVDRIKGVVKQTRRPEVM,0.13432624199999996,-0.11175906479999999,-0.04172685600000006,0.48023774799999996,0.04589488599999998,0.28640000000000004,-0.4108,-0.2248,-0.10120000000000001,-0.09280000000000001,0.1812,0.011999999999999972,0.102,0.04920000000000001,0.0332,-0.10199999999999998,-0.33240000000000003,0.05119999999999998,-0.56888,0.08872,-0.17028,0.42103999999999997,-0.013240000000000004,0.1714400000000001,-0.15199999999999997,-0.24480000000000002,0.2396,0.3428,-0.1328,-0.23119999999999996,-0.026000000000000006,0.10799999999999998,-0.05319999999999998,0.08080000000000004,-0.44079999999999997,0.2696,-0.2884,0.03672,0.001200000000000011,-0.07948,-0.07819999999999999,-0.0394,-0.41239999999999993,0.01200000000000001,-1.7516519999999998,-0.7307000000000001,0.6779279999999999,-1.0136,-0.3636000000000001,-0.7356,0.3116,-0.06360000000000003,0.2316,0.3004,0.1044,0.22296,0.021359999999999997,-0.08904,-0.12088000000000002,-0.90432,-0.24496000000000007,-0.27656000000000003,0.042400000000000014,-0.11039999999999996,-0.19236000000000003,0.18892,0.24991999999999998,-1.618844,-1.038088,-0.07564799999999999,-0.052523999999999994,0.21680800000000006,0.15086799999999997,-2.1969799999999995,-0.349016,-0.292224,-1.616432,0.5022639999999999,-4.802,0.396,-0.045999999999999985,0.4432000000000001,0.6659999999999999,-0.22399999999999998,-0.08400000000000002,-0.18,-0.14960000000000004,-0.07560000000000004,-0.1936,0.4156,0.0748,-0.8488,0.2988,0.446,-0.444,0.114,-0.1628,0.5355999999999999,-0.6304000000000001,-0.7264000000000002,-0.42,0.32480000000000003,10000
SERERKIISKHTKSIINQMLKDPIKQAKELSSD,0.39111907666666657,-0.16085527484848489,-0.5194235575757578,0.18586318484848485,-0.18655536636363637,0.4569696969696969,-0.2824242424242424,-0.4187878787878788,-0.10757575757575757,0.10454545454545452,0.13212121212121214,-0.09242424242424242,-0.05515151515151517,0.11121212121212122,-0.08484848484848484,0.19484848484848485,-0.2690909090909091,0.14060606060606062,-0.3716060606060606,0.2463030303030303,-0.05754545454545453,0.3027878787878788,0.10057575757575758,0.16533333333333333,-0.2218181818181818,-0.006060606060606077,0.03181818181818186,0.5239393939393938,0.03212121212121212,-0.31333333333333335,-0.16727272727272727,-0.21333333333333335,-0.0396969696969697,-0.20454545454545456,-0.40757575757575754,0.3678787878787879,-0.22666666666666666,0.07124242424242425,-0.06696969696969697,-0.0669090909090909,-0.09106060606060606,-0.02133333333333334,-0.08424242424242422,0.30636363636363634,-2.902642424242424,0.6828878787878788,0.7084666666666667,-1.6936363636363636,0.8333333333333335,-0.9142424242424242,0.7254545454545456,-0.2387878787878788,0.07333333333333332,0.16181818181818178,0.024545454545454523,0.23384848484848486,-0.04781818181818182,-0.05387878787878787,-0.07075757575757578,-0.7856666666666666,-0.19930303030303032,-0.27590909090909094,-0.11878787878787879,0.06533333333333333,0.2062121212121212,0.21790909090909089,0.08424242424242423,0.9500606060606062,-1.7058484848484845,-0.24906969696969689,-0.33537575757575744,0.17736060606060605,0.23272121212121216,0.812530303030303,-0.8453151515151516,-0.4977727272727273,1.730978787878788,-0.024490909090909098,-4.13878787878788,0.6869696969696969,-0.17818181818181816,0.24272727272727268,0.37606060606060604,-0.3751515151515151,0.07424242424242423,0.04303030303030301,-0.1509090909090909,0.053333333333333316,0.013333333333333279,0.3366666666666666,0.12424242424242424,-0.7403030303030304,0.28939393939393937,0.35030303030303034,-0.14090909090909093,0.44878787878787874,0.021515151515151515,0.8336363636363638,-0.10606060606060602,-0.7266666666666668,-0.38181818181818183,0.41030303030303034,10000
FQQEAPERASSVYTRSTGEQEISVGL,0.11081753153846156,0.027597627307692326,-0.40855856923076933,0.4954198846153846,-0.35875540692307695,0.376923076923077,-0.19,-0.14846153846153845,-0.09807692307692308,-0.020000000000000004,0.16346153846153846,0.00807692307692309,-0.12269230769230773,0.3792307692307692,0.09538461538461539,0.04884615384615383,-0.3946153846153846,-0.0019230769230769162,-0.43480769230769234,0.019923076923076925,-0.2813461538461538,0.428076923076923,0.10184615384615385,0.014500000000000034,-0.12423076923076921,-0.32346153846153847,0.08038461538461542,0.3226923076923077,-0.2703846153846154,-0.16807692307692304,-0.06423076923076919,-0.15499999999999997,-0.24384615384615388,-0.2280769230769231,-0.2834615384615385,0.43576923076923085,-0.3942307692307692,0.061230769230769234,0.03119230769230769,-0.07873076923076924,-0.05903846153846155,-0.023384615384615393,-0.6042307692307692,0.1346153846153846,-2.6672192307692297,-1.4648923076923077,0.3008846153846154,-1.661923076923077,-0.6584615384615385,-0.6307692307692309,0.26653846153846156,-0.13576923076923075,0.24000000000000005,0.15384615384615388,0.14615384615384613,0.22488461538461538,0.0059230769230769285,-0.06753846153846153,0.026653846153846146,-0.9055,-0.2738846153846154,-0.3109615384615385,-0.03742307692307693,0.005346153846153847,-0.5232307692307693,0.12126923076923074,0.3693461538461538,0.062342307692307516,-1.1170230769230771,-0.7455115384615384,0.6765384615384615,0.07491923076923071,0.15990384615384617,-0.2514269230769229,-0.8390615384615386,-0.3775923076923077,0.7956615384615385,0.6457923076923076,-4.796538461538462,0.14884615384615385,0.2057692307692308,0.038461538461538464,0.8276923076923077,-0.28846153846153844,-0.18269230769230768,-0.3065384615384616,-0.09153846153846154,-0.22923076923076927,-0.23807692307692305,0.12307692307692306,0.004615384615384615,-0.8503846153846155,0.06884615384615386,0.3473076923076924,-0.6457692307692309,0.3342307692307692,-0.2726923076923077,0.7153846153846153,-0.6738461538461539,-0.4011538461538462,-0.9453846153846153,0.20500000000000002,10000
VSIYLVNGIKLQGQIESFDQFVILLKNTVSQMVY,-0.22563224088235295,-0.06111795117647059,-0.233998661764706,0.33329475294117644,-0.30779247382352937,-0.1914705882352941,-0.26882352941176474,-0.385,0.06029411764705883,-0.125,0.268235294117647,-0.04147058823529412,-0.01176470588235294,0.07235294117647059,0.057647058823529426,-0.19088235294117648,-0.2667647058823529,-0.07147058823529413,-0.13564705882352945,0.11476470588235294,0.12005882352941176,0.48217647058823526,-0.14244117647058824,0.1281470588235294,-0.15823529411764706,-0.13294117647058823,0.4258823529411765,-0.035882352941176476,0.16647058823529412,-0.42588235294117655,-0.07764705882352943,0.12058823529411766,-0.03147058823529409,-0.3023529411764706,-0.34205882352941175,0.5723529411764705,-0.3991176470588236,-0.05329411764705883,0.030735294117647062,-0.056441176470588245,-0.08597058823529413,-0.04679411764705882,-0.10176470588235297,-0.28235294117647053,1.3586323529411766,-0.9237529411764704,0.2931941176470589,0.7385294117647059,-0.5349999999999999,-0.7414705882352941,0.3458823529411764,-0.10235294117647062,0.16058823529411761,0.5699999999999998,-0.02911764705882353,0.23447058823529407,0.00035294117647059184,-0.044970588235294116,-0.06508823529411766,-0.8226470588235294,-0.2761764705882353,-0.133,-0.019882352941176476,-0.12029411764705882,0.056999999999999995,-0.06367647058823529,0.08352941176470588,-0.15370000000000011,-0.9101970588235294,0.214614705882353,-0.13467647058823526,0.14649117647058826,0.2796941176470588,-0.44371470588235296,-0.006799999999999982,-0.48362058823529414,-0.25160882352941166,-0.11515294117647054,-4.306470588235293,0.11529411764705885,0.007352941176470599,0.34705882352941175,0.46176470588235297,0.186764705882353,-0.12323529411764704,-0.04323529411764708,-0.36970588235294116,0.017352941176470585,-0.39588235294117646,-0.023235294117647073,-0.28323529411764703,-0.7773529411764706,0.18029411764705883,0.3858823529411765,-0.26,0.07941176470588236,-0.10764705882352942,-0.741470588235294,-0.6494117647058824,-0.6129411764705882,-0.7305882352941178,0.20500000000000004,10000
ADAYRRIRNTARFMLANLNGFDPAKDLL,0.10904671749999999,-0.22171644749999997,0.10474804285714276,0.4730958857142857,0.29594486857142854,0.1514285714285714,-0.20821428571428574,-0.17642857142857146,0.05642857142857144,0.04642857142857143,0.21535714285714283,0.12607142857142856,9.912705577010326e-18,0.02928571428571431,-0.17428571428571424,-0.12785714285714284,-0.21857142857142856,0.06357142857142858,-0.09999999999999996,0.12339285714285715,-0.008535714285714242,0.44957142857142857,0.05489285714285715,0.005285714285714323,-0.1303571428571429,-0.10178571428571427,-0.15642857142857142,0.1103571428571429,-0.4125000000000001,-0.4078571428571429,0.18428571428571425,0.0992857142857143,0.36249999999999993,0.037857142857142874,-0.27464285714285713,0.2903571428571428,-0.27321428571428574,0.022892857142857142,-0.009857142857142858,-0.07314285714285715,-0.06864285714285714,0.03785714285714286,-0.16142857142857134,-0.15821428571428567,-0.9924464285714282,-0.2113749999999999,0.4350714285714286,-0.40178571428571447,-0.08428571428571444,-0.4642857142857143,0.23357142857142849,-0.06750000000000002,0.10392857142857141,-0.12964285714285712,0.185,0.2277142857142857,0.012428571428571438,-0.019999999999999997,-0.06117857142857143,-0.7982500000000001,-0.13867857142857146,-0.16524999999999995,-0.03521428571428571,-0.13382142857142856,-0.21714285714285722,0.11532142857142855,0.3186428571428572,-1.1406928571428572,-0.7287107142857143,0.5001321428571428,-0.07337500000000004,0.22890000000000008,-0.01976785714285712,-1.3532571428571427,-0.14112857142857146,-0.303725,-0.9475214285714285,0.8007249999999999,-4.2682142857142855,0.28857142857142865,-0.02535714285714285,0.26857142857142857,0.6624999999999999,-0.059642857142857116,0.11357142857142853,-0.06607142857142863,-4.7580986769649563e-17,0.003214285714285711,-0.008214285714285714,0.27214285714285713,-0.04535714285714284,-0.7700000000000001,0.24214285714285716,0.33678571428571435,-0.49714285714285705,0.12785714285714286,-0.22142857142857147,0.17714285714285707,0.00500000000000002,-0.2910714285714286,-0.15428571428571428,0.5128571428571429,10000
GKGISYCAICDAALYKGKTVGVVGGGNSAIQ,-0.2591078480645162,0.2540555725806451,0.098030529032258,0.5334836967741937,0.35251208870967743,0.0674193548387097,-0.3351612903225806,0.2954838709677419,0.12129032258064515,-0.017096774193548395,0.3293548387096774,0.26193548387096777,0.12741935483870967,0.23548387096774195,0.07225806451612904,-0.37354838709677424,-0.49322580645161296,0.2129032258064516,-0.14674193548387102,-0.354258064516129,-0.47458064516129045,0.570774193548387,-0.41025806451612895,-0.0850322580645161,0.1174193548387096,-0.7187096774193551,0.24096774193548387,-0.023870967741935506,-0.02096774193548387,-0.2974193548387097,0.16967741935483874,0.48806451612903223,-0.31225806451612903,0.008709677419354796,-0.4548387096774194,0.2829032258064516,-0.4596774193548387,0.02470967741935484,0.15309677419354842,-0.07329032258064515,-0.045290322580645165,-0.03980645161290323,-1.3693548387096772,-0.17548387096774198,-0.5846612903225804,-3.5734935483870967,0.3815741935483869,-0.8293548387096773,-2.6825806451612904,0.2877419354838709,0.26999999999999996,0.06806451612903225,0.743225806451613,0.43612903225806454,0.13032258064516122,0.21751612903225806,0.13016129032258064,-0.06648387096774193,-0.0295483870967742,-1.140258064516129,-0.3141935483870968,-0.21906451612903224,0.17370967741935478,-0.26464516129032256,-0.9864193548387098,0.07145161290322578,0.6278387096774194,-2.5161806451612905,-0.11424193548387097,-0.501716129032258,0.2961129032258063,0.7800548387096775,0.046470967741935494,-4.244070967741935,0.12280967741935485,-0.682816129032258,-2.632503225806451,1.1034967741935484,-6.350967741935485,-0.4129032258064516,0.04161290322580645,0.5422580645161289,1.2796774193548386,-0.0019354838709677222,-0.5722580645161289,-0.7364516129032258,0.08870967741935482,0.009354838709677389,-0.46064516129032257,0.4074193548387096,-0.43451612903225817,-1.0961290322580644,0.12999999999999998,0.696451612903226,-0.5825806451612904,0.3129032258064516,-0.6119354838709677,0.30225806451612897,-1.5861290322580646,-0.08774193548387102,-0.5280645161290324,0.024193548387096815,10000
SSTAAGSGLREAANATSAPASTSGQPGASTGSSGT,-0.14616834257142855,0.4579618754285714,-0.9469026485714287,0.8969469285714285,-0.24560158914285712,0.5625714285714286,-0.4377142857142858,0.47800000000000004,0.022285714285714308,-0.008857142857142857,0.3597142857142857,0.3462857142857142,-0.35885714285714293,0.4491428571428572,0.08285714285714285,-0.1842857142857143,-0.6917142857142857,0.3331428571428571,-0.23628571428571427,-0.5245428571428571,-0.9003142857142855,0.7455428571428572,0.07819999999999998,-0.30099999999999993,0.21114285714285713,-1.0677142857142858,-0.128,0.176,-0.27857142857142864,-0.30999999999999994,-0.17771428571428566,-0.21228571428571427,-0.4837142857142856,-0.14514285714285716,-0.541142857142857,0.36914285714285716,-0.6934285714285715,0.1250857142857143,0.20354285714285714,-0.10645714285714288,-0.0608,-0.008685714285714302,-2.1245714285714286,-0.04485714285714285,-4.051074285714287,-5.3261199999999995,0.6650885714285714,-2.9922857142857144,-3.345714285714285,0.017999999999999978,0.6688571428571428,0.0785714285714286,0.18285714285714288,-0.13685714285714282,0.5085714285714285,0.21654285714285715,0.15814285714285714,-0.11842857142857144,0.13788571428571428,-1.3152571428571431,-0.4158857142857143,-0.5788857142857144,0.10302857142857141,-0.02739999999999997,-1.563114285714286,0.15128571428571427,0.6680285714285714,-1.8466399999999996,-0.9523285714285716,-0.8354114285714286,0.6883485714285714,0.8802857142857142,-0.3822028571428572,-3.2394742857142855,-0.6096114285714286,-0.6521428571428572,-1.0973457142857144,2.119157142857143,-7.382000000000001,-0.7988571428571429,0.4351428571428572,0.34257142857142864,1.6462857142857144,-0.3008571428571428,-0.7614285714285715,-1.0985714285714288,-0.025428571428571495,-0.202,-0.38457142857142856,0.2191428571428571,-0.08,-1.2525714285714287,-0.16485714285714284,0.7317142857142857,-0.9868571428571429,0.402,-0.7791428571428571,1.2374285714285713,-1.695142857142857,0.2825714285714285,-0.8202857142857143,0.5382857142857145,10000
EPGEFTRRAFLNDKLDLAQAEAVADLIEA,0.10077414448275865,-0.5045806389655173,-0.21936809999999998,0.5968272137931033,-0.3002747496551724,0.25034482758620696,-0.3010344827586207,-0.18,-0.05310344827586207,-0.08965517241379309,0.1389655172413793,-0.06344827586206896,0.08379310344827585,0.29586206896551726,-0.029655172413793097,-0.12862068965517243,-0.35655172413793107,-0.14241379310344832,-0.23931034482758623,0.3926896551724137,-0.16941379310344823,0.6289655172413794,0.17368965517241383,-0.2927931034482759,-0.5144827586206897,-0.2858620689655172,-0.4331034482758621,0.14241379310344837,-0.5200000000000001,-0.45931034482758615,0.11310344827586205,0.02586206896551726,0.24586206896551727,-0.026896551724137914,-0.28517241379310343,0.20551724137931035,-0.3279310344827586,0.032275862068965516,-0.016068965517241383,-0.1626896551724138,-0.04962068965517242,0.09979310344827584,-0.48965517241379314,-0.1075862068965517,-1.5032793103448276,-1.2963241379310346,0.4526310344827586,-0.8127586206896554,-0.5903448275862072,-1.266896551724138,-0.05655172413793106,-0.5431034482758621,0.3575862068965517,-0.21344827586206894,0.12448275862068964,0.23210344827586207,0.01882758620689656,-0.0539655172413793,-0.08848275862068965,-0.8943103448275863,-0.3211724137931035,-0.2662758620689655,-0.047862068965517236,-0.0953103448275862,-0.2617931034482759,0.10286206896551721,0.37751724137931036,-1.930855172413793,-0.7482206896551724,0.3402586206896551,0.3040448275862069,0.04566896551724137,0.3531655172413793,-2.103548275862069,-0.2174448275862069,-0.16137931034482764,-2.0582758620689656,0.31335517241379307,-4.787241379310344,0.16896551724137931,0.16517241379310346,0.2827586206896551,0.7841379310344828,-0.10827586206896553,-0.037931034482758634,-0.21137931034482763,-0.20275862068965517,-0.3786206896551724,-0.26862068965517244,0.3082758620689655,-0.03344827586206896,-0.8510344827586208,0.1582758620689655,0.3941379310344828,-0.6344827586206897,0.10931034482758618,-0.26689655172413795,0.31206896551724134,-0.47379310344827585,-0.2396551724137931,-0.7748275862068965,0.5127586206896552,10000
GLDIIKFEKEIKNAIEKLHNNDIEV,0.2589981908,-0.4242952424,0.5017462319999999,0.19212652,0.11226935520000002,0.2756,-0.214,-0.41720000000000007,0.12200000000000001,-0.1404,0.22840000000000005,-0.17760000000000006,0.1388,-0.008800000000000007,-0.05160000000000002,0.043999999999999984,-0.2904,-0.11319999999999998,-0.27599999999999997,0.35888,0.05484000000000002,0.4132,-0.09164000000000001,-0.18495999999999996,-0.39080000000000004,-0.010000000000000018,-0.08839999999999999,0.3,-0.1072,-0.35680000000000006,-0.07640000000000001,0.43080000000000007,0.26520000000000005,-0.2836,-0.2764,0.2072,-0.252,0.02296,-0.05811999999999999,-0.10624,-0.05320000000000001,0.05212,-0.020399999999999995,0.11439999999999996,-1.0728439999999997,0.20527200000000004,0.424968,-0.7051999999999999,0.33039999999999997,-1.2496,0.05640000000000004,-0.556,0.38439999999999996,0.39879999999999993,-0.5032,0.24244000000000004,-0.03592000000000001,-0.02564,-0.13912000000000002,-0.7744,-0.31936,-0.21972000000000003,-0.14436,0.02416,0.37683999999999995,0.08068,0.10651999999999998,-1.15504,-1.0396320000000001,0.76528,-0.21151599999999998,0.0061799999999999945,0.53454,-0.991148,-0.25892399999999993,-0.16495200000000002,-1.4897320000000003,-0.6715199999999999,-4.070400000000001,0.53,-0.000799999999999974,0.30279999999999996,0.4040000000000001,-0.15199999999999997,0.07920000000000002,0.0268,-0.17720000000000002,-0.2672000000000001,-0.22200000000000003,0.5399999999999999,-0.15879999999999997,-0.7356,0.23759999999999998,0.3440000000000001,-0.2456,0.32159999999999994,-0.01760000000000002,0.3459999999999999,-0.20239999999999994,-0.5684,-0.7032,0.39680000000000004,10000
PPAQPSFLQRYSAPQPAALTADDLMTFLRAY,-0.04480906258064515,0.03244205903225806,-0.7992566580645163,0.4879401064516128,-0.49472294580645165,0.10354838709677425,-0.2745161290322581,-0.11870967741935483,-0.14838709677419357,-0.10387096774193545,-0.1803225806451613,0.17193548387096774,-0.1625806451612903,0.2567741935483871,-0.0661290322580645,-0.24999999999999997,-0.2887096774193549,-0.01193548387096775,-0.022677419354838704,-0.06835483870967739,-0.10493548387096768,0.41451612903225804,0.6348387096774195,-0.1695483870967742,0.0016129032258064603,-0.23580645161290323,-0.307741935483871,-0.12,-0.11290322580645162,-0.45290322580645154,0.10129032258064515,-0.5554838709677418,0.24645161290322576,-0.1264516129032258,-0.2841935483870968,0.5229032258064515,-0.4283870967741935,0.019193548387096776,0.04474193548387098,-0.032258064516129024,-0.08519354838709679,0.079,-0.4435483870967743,-0.3235483870967742,-0.509074193548387,-1.3947258064516133,1.4579354838709677,-0.5012903225806451,-0.7193548387096775,-0.1806451612903226,0.4480645161290323,-0.4874193548387097,-0.4635483870967742,-0.30290322580645157,0.4683870967741936,0.2165483870967742,0.06293548387096776,-0.033774193548387094,-0.011322580645161303,-0.8613548387096773,-0.22751612903225812,-0.15322580645161285,-0.04135483870967741,-0.21167741935483872,-0.47161290322580646,0.025774193548387073,0.14032258064516132,-0.9676258064516127,-0.3929935483870968,0.23742258064516125,0.14699354838709677,0.2737548387096775,0.046651612903225816,-0.9575935483870963,0.4312064516129032,-0.030003225806451605,-0.8470225806451613,0.6591032258064515,-4.559032258064517,-0.5258064516129032,0.01903225806451616,0.11387096774193546,0.575806451612903,0.08290322580645164,-0.047741935483871,-0.17774193548387096,-0.2345161290322581,-0.00032258064516129775,-0.29483870967741943,-0.15193548387096778,0.4151612903225807,-0.8241935483870967,-0.044838709677419326,0.3238709677419355,-0.427741935483871,-0.07516129032258065,-0.41774193548387095,-0.4458064516129032,-0.237741935483871,0.09322580645161295,-0.250967741935484,0.6348387096774194,10000
LGVALLNINEDHNFFESAIFGFGAAVGFSLVLILFSA,-0.48966649756756764,-0.2210876981081081,-0.10870380540540543,0.5986391135135135,-0.1877091659459459,-0.26675675675675675,-0.23702702702702702,-0.06621621621621622,0.2618918918918919,-0.21513513513513516,0.3778378378378378,0.14270270270270274,0.06621621621621622,0.17108108108108114,-0.06189189189189189,-0.47027027027027035,-0.33594594594594596,-0.08675675675675676,0.18094594594594593,0.11981081081081082,-0.07491891891891886,0.7512972972972973,-0.08254054054054052,-0.27954054054054056,-0.2905405405405405,-0.4240540540540541,-0.07675675675675675,-0.36648648648648646,-0.22621621621621624,-0.5962162162162162,-0.023513513513513523,0.3981081081081081,0.2581081081081081,-0.12972972972972974,-0.29864864864864865,0.4183783783783783,-0.4970270270270271,-0.06527027027027028,0.09575675675675677,-0.12840540540540538,-0.053594594594594605,0.06981081081081081,-0.6359459459459458,-0.5851351351351352,2.314483783783784,-2.8079297297297297,0.22427297297297302,1.1267567567567565,-1.997567567567568,-0.6432432432432432,0.056486486486486444,-0.35540540540540544,0.3594594594594595,0.022432432432432453,-0.12405405405405405,0.23945945945945948,0.0927027027027027,0.008378378378378383,-0.03367567567567568,-0.9471081081081081,-0.3633243243243243,-0.1446216216216216,-0.010405405405405415,-0.27356756756756756,-0.4,-0.014135135135135132,0.4016756756756757,-1.3090648648648648,-0.242472972972973,0.5369756756756756,0.1259216216216216,0.5720837837837838,0.13948378378378382,-1.912835135135135,0.5663783783783785,-0.5801054054054053,-1.5838918918918918,0.5073081081081081,-5.124054054054054,-0.47297297297297297,0.11567567567567569,0.33081081081081076,0.86,0.3891891891891892,-0.3278378378378379,-0.3545945945945946,-0.28729729729729736,-0.18216216216216222,-0.5197297297297298,0.11324324324324321,-0.37783783783783786,-0.9145945945945947,0.004054054054054063,0.4870270270270271,-0.48270270270270277,0.11540540540540539,-0.48756756756756764,-0.8662162162162161,-0.8664864864864864,0.01756756756756756,-0.6051351351351352,0.3837837837837838,10000
KFGVIVLNSPGTIDSDYRGELKIIMINLGQKDFQLTPAM,-0.07697082205128204,0.033226355128205126,0.0334991794871794,0.33903362564102557,0.01962892384615385,0.040000000000000015,-0.2964102564102564,-0.18256410256410255,0.0010256410256410352,-0.1817948717948718,0.22102564102564096,0.03153846153846153,0.025641025641025637,-0.020769230769230766,-0.04923076923076925,-0.20692307692307688,-0.30897435897435904,-0.009487179487179495,-0.06515384615384612,-0.07664102564102561,-0.04951282051282048,0.44946153846153847,0.03692307692307692,-0.0973333333333333,0.006153846153846148,-0.21923076923076926,0.10487179487179485,0.0038461538461538438,0.06564102564102565,-0.3364102564102564,0.07256410256410256,0.1394871794871795,-0.003589743589743576,-0.1635897435897436,-0.3669230769230769,0.408974358974359,-0.388974358974359,-0.0015384615384615376,0.04915384615384616,-0.04205128205128205,-0.07212820512820513,0.015256410256410256,-0.3684615384615385,-0.20307692307692304,0.1053871794871797,-1.2657666666666667,0.8184666666666666,-0.28538461538461546,-0.8492307692307693,-0.35153846153846147,0.1515384615384615,-0.2971794871794871,0.07692307692307689,0.27564102564102566,0.06076923076923076,0.22597435897435894,0.03130769230769231,-0.04558974358974359,-0.06787179487179487,-0.8837435897435896,-0.24712820512820521,-0.16289743589743588,0.0007435897435897371,-0.1457948717948718,-0.11148717948717951,0.010102564102564106,0.15358974358974356,-1.0977564102564104,-0.6862487179487178,0.19762051282051274,-0.22635384615384616,0.30684871794871793,0.284325641025641,-1.5382666666666667,0.06766153846153843,-0.33302564102564103,-1.2188615384615384,0.14060512820512824,-4.716923076923077,0.02820512820512823,-0.10307692307692307,0.39769230769230773,0.5725641025641025,0.0830769230769231,-0.11820512820512821,-0.19820512820512823,-0.11666666666666668,-0.0825641025641026,-0.34179487179487184,0.18230769230769228,-0.06897435897435902,-0.83974358974359,0.1979487179487179,0.4307692307692308,-0.24923076923076926,0.16153846153846152,-0.26358974358974363,-0.30743589743589755,-0.648974358974359,-0.3694871794871795,-0.5241025641025642,0.29666666666666675,10000
IVDGEAWLYDVHIAPYEQSGAYFNHEPTRPRKLLLHRREI,0.12177927549999998,-0.08645514750000002,0.06458116,0.24136797249999997,0.036855522250000036,0.14175000000000001,0.010249999999999992,-0.26875,0.022750000000000027,-0.07600000000000003,-0.040000000000000015,0.09924999999999999,0.017749999999999995,0.11474999999999999,0.0485,-0.03424999999999999,-0.19025000000000006,-0.026000000000000006,-0.218625,0.076025,0.08585000000000001,0.266375,0.1918,-4.999999999999449e-05,-0.06925,0.04675,-0.022,0.09275,-0.25625,-0.25075000000000003,-0.07725,0.010749999999999982,0.1285,0.12249999999999997,-0.14375,0.3815,-0.29175,0.010324999999999997,-0.0187,-0.023450000000000006,-0.0623,0.034625,0.11274999999999999,0.018999999999999996,-0.47886000000000006,0.2576025000000001,0.8290425000000001,-0.28625,0.2142499999999999,-0.22300000000000003,0.10825,-0.38475000000000004,0.09824999999999999,0.121,-0.24525000000000002,0.22337500000000002,0.015050000000000003,0.023875,-0.05700000000000001,-0.6839250000000001,-0.1669,-0.115675,-0.1747,-0.09519999999999999,-0.15110000000000007,0.16652500000000003,0.21607499999999996,-0.10603000000000007,-0.5490524999999999,0.45247000000000004,0.333735,0.040064999999999976,0.07720500000000001,0.14344500000000035,0.05703749999999998,-0.0889725,-0.17151499999999995,0.19235249999999998,-3.5144999999999995,-0.017249999999999988,-0.013249999999999961,-0.06675,0.433,-0.049749999999999975,0.15075,0.04974999999999998,-0.01100000000000001,-0.04225000000000001,-0.18650000000000003,0.27725,0.17275000000000001,-0.6635,0.02699999999999999,0.22600000000000003,-0.33525,0.23600000000000004,-0.2065,0.044749999999999936,0.04424999999999994,-0.39625000000000005,-0.10574999999999997,0.23900000000000002,10000
NLLGSGDRSDRIRTYNFPQGRVTDHRIGLTLYRLDEVIEGKL,0.139436675952381,0.1319596769047619,0.054835649999999916,0.43180733571428564,0.2330498754761905,0.2278571428571429,-0.13214285714285717,-0.18261904761904763,0.050714285714285726,-0.04928571428571432,0.25357142857142856,0.06190476190476189,0.01642857142857142,-0.048571428571428564,-0.05595238095238096,0.0173809523809524,-0.2566666666666667,0.056666666666666664,-0.26961904761904765,-0.12690476190476188,-0.04495238095238094,0.43649999999999994,-0.06145238095238095,0.12061904761904764,0.1476190476190476,-0.09023809523809526,0.2119047619047619,0.2480952380952381,-0.35547619047619045,-0.29404761904761906,0.10714285714285712,0.1533333333333333,0.017380952380952417,0.21119047619047618,-0.2685714285714285,0.30119047619047623,-0.29214285714285715,0.03928571428571429,0.021214285714285724,-0.022309523809523814,-0.08523809523809524,-0.02811904761904762,-0.16238095238095238,0.11119047619047619,-1.5690261904761902,-0.23825476190476175,0.4925761904761905,-0.9988095238095239,-0.1864285714285717,-0.150952380952381,-0.01880952380952385,-0.008809523809523859,0.2409523809523809,0.3757142857142857,-0.038809523809523856,0.22140476190476188,0.00047619047619047565,-0.033690476190476194,-0.049833333333333334,-0.7982142857142859,-0.1362142857142857,-0.21009523809523806,-0.06214285714285715,-0.05664285714285711,-0.2050714285714286,0.11635714285714285,0.3148809523809524,-0.4629928571428572,-1.1304166666666668,0.17010238095238095,0.2306071428571428,0.1497404761904762,0.04779523809523812,-0.6547380952380951,-0.5380785714285714,-0.39328095238095234,-0.19856904761904745,0.692895238095238,-4.195,0.4376190476190477,0.018571428571428572,0.17000000000000004,0.6607142857142857,-0.17214285714285713,0.0869047619047619,-0.11690476190476191,0.13238095238095232,-0.09785714285714284,-0.09547619047619046,0.38190476190476186,-0.026904761904761928,-0.7559523809523809,0.22928571428571431,0.29595238095238097,-0.501904761904762,0.3030952380952381,-0.20500000000000002,0.468095238095238,-0.34142857142857136,-0.6604761904761904,-0.49309523809523814,0.19571428571428573,10000
AGEVIACHTVEDWNNKLKAAKESNKLIVIDFTAVWCP,-0.07454713756756758,-0.24393579729729736,-0.002741429729729827,0.2844029351351351,-0.12560858405405406,0.055135135135135134,-0.29567567567567565,-0.03756756756756757,0.01783783783783784,0.0008108108108108295,0.11162162162162165,-0.07567567567567565,-0.06864864864864866,0.14054054054054058,0.04405405405405405,-0.14540540540540542,-0.33486486486486483,0.000540540540540553,-0.24462162162162163,0.20372972972972975,-0.1458918918918919,0.31164864864864866,-0.05027027027027027,-0.0875405405405405,-0.2997297297297297,-0.2518918918918919,-0.02837837837837839,0.0345945945945946,-0.1562162162162162,-0.25486486486486487,-0.09000000000000007,0.035135135135135116,0.038648648648648684,-0.06783783783783781,-0.35027027027027025,0.3405405405405405,-0.4010810810810811,-0.00213513513513514,0.01143243243243243,-0.09043243243243242,-0.029513513513513515,0.01424324324324324,-0.4445945945945945,-0.09378378378378377,-0.05556756756756747,-1.1724108108108104,0.20866216216216216,0.01459459459459468,-0.6843243243243242,-0.7605405405405404,0.24972972972972973,-0.22135135135135134,0.20918918918918922,0.1902702702702703,-0.0627027027027027,0.23267567567567568,0.05143243243243243,-0.03913513513513513,-0.04672972972972973,-0.8683243243243244,-0.39770270270270275,-0.268,-0.055162162162162146,-0.05443243243243244,-0.23062162162162164,0.17251351351351352,0.11900000000000001,-1.4759432432432436,-0.32185675675675685,0.48294324324324317,-0.1849054054054054,0.2437351351351351,0.11002432432432435,-1.7398999999999996,0.1941891891891892,-0.10060810810810812,-1.959294594594595,0.02334594594594595,-4.648918918918921,-0.26594594594594595,0.12702702702702703,0.285945945945946,0.6659459459459459,-0.0013513513513513263,-0.17864864864864868,-0.16081081081081083,-0.32432432432432434,-0.09000000000000008,-0.24189189189189192,0.16162162162162153,-0.09108108108108112,-0.8389189189189189,0.013243243243243268,0.47783783783783784,-0.3716216216216216,0.12351351351351354,-0.19567567567567568,0.04594594594594591,-0.5318918918918918,-0.09378378378378385,-0.33351351351351355,0.22108108108108113,10000
FGVQRNAVRQTYLKWEQARIPYTISSQYSSYSRSKIAEAIEE,0.15968952880952383,-0.011058099999999996,-0.10035235000000009,0.2978570119047618,-0.04778802380952377,0.19785714285714287,-0.06952380952380952,-0.2566666666666667,-0.06785714285714285,0.08785714285714284,0.1311904761904762,0.03333333333333334,-0.1442857142857143,0.33404761904761904,0.019285714285714278,0.0861904761904762,-0.2314285714285714,0.07690476190476189,-0.2950952380952381,0.07109523809523809,0.02500000000000004,0.2952857142857142,-0.022976190476190483,0.22678571428571426,-0.08357142857142859,-0.03666666666666667,0.2376190476190477,0.2938095238095238,-0.26738095238095244,-0.22428571428571434,-0.14714285714285713,-0.12023809523809523,-0.14523809523809522,-0.3133333333333333,-0.23714285714285713,0.48999999999999994,-0.29047619047619044,0.029571428571428575,-0.016595238095238097,-0.033095238095238094,-0.085,-0.047380952380952385,-0.04261904761904752,0.10642857142857147,-1.6555809523809526,0.11765238095238095,0.43171904761904767,-0.8273809523809522,0.3247619047619046,-0.48571428571428577,0.5111904761904763,-0.030714285714285715,0.16619047619047617,0.3464285714285715,0.16571428571428565,0.22695238095238096,-0.015095238095238092,-0.01657142857142857,0.005119047619047609,-0.7319761904761906,-0.20161904761904767,-0.20838095238095244,-0.11088095238095239,-0.009047619047619046,-0.2986190476190477,0.11369047619047616,0.27447619047619054,1.1948071428571427,-1.1392142857142855,-0.3212928571428571,0.35086428571428574,0.14328333333333335,0.1308095238095238,1.0669428571428572,-0.6360833333333333,-0.4981285714285715,2.0258547619047613,0.5826904761904762,-3.817142857142857,0.2485714285714286,0.08380952380952385,-0.03214285714285715,0.5821428571428571,-0.2007142857142857,0.08809523809523807,-0.006904761904761932,-0.11404761904761901,0.0745238095238095,-0.11785714285714285,0.0630952380952381,-0.03261904761904763,-0.704047619047619,0.1,0.2571428571428571,-0.4535714285714285,0.32666666666666666,-0.15095238095238098,0.3471428571428572,-0.12547619047619052,-0.5457142857142857,-0.5073809523809524,0.16619047619047617,10000
TESRLAIAMAREGGLGVLHQNMDTDRVVAEVERVKRADE,0.1272414923076923,-0.3694900717948718,0.010485882051281972,0.5495095717948717,0.02212584794871793,0.31974358974358974,-0.3302564102564103,-0.23282051282051283,-0.06948717948717947,0.01487179487179485,0.2397435897435897,0.012820512820512815,0.07128205128205127,0.20025641025641028,0.12846153846153846,-0.04974358974358972,-0.36025641025641025,0.014871794871794868,-0.5187948717948718,0.3336153846153846,-0.2534102564102564,0.47717948717948716,-0.054974358974358976,0.0583846153846154,-0.4341025641025641,-0.30538461538461537,0.024871794871794847,0.3548717948717949,-0.35461538461538455,-0.16076923076923075,-0.024102564102564072,0.10897435897435895,-0.1397435897435897,0.21153846153846154,-0.38128205128205134,0.25025641025641016,-0.29794871794871786,0.04015384615384616,-0.01607692307692307,-0.14405128205128206,-0.03974358974358975,-0.010333333333333335,-0.4917948717948717,0.05153846153846153,-2.1051948717948714,-1.0554538461538459,0.029433333333333332,-1.021025641025641,-0.4907692307692309,-1.0538461538461537,0.1841025641025641,-0.08974358974358977,0.507948717948718,-0.05641025641025638,-0.0058974358974359315,0.23002564102564108,0.014692307692307702,-0.07758974358974359,-0.07005128205128204,-0.9105384615384613,-0.242871794871795,-0.30117948717948717,0.010487179487179485,-0.04158974358974359,-0.3196153846153846,0.24461538461538465,0.38279487179487176,-1.4186769230769232,-1.000848717948718,-0.3145692307692307,0.229474358974359,-0.028917948717948744,0.09644871794871794,-2.0057051282051277,-0.7196948717948717,-0.29312820512820514,-1.3266615384615388,0.5590538461538462,-4.893076923076924,0.47076923076923083,0.037692307692307706,0.3684615384615385,0.795897435897436,-0.2635897435897436,-0.14820512820512818,-0.23256410256410254,-0.1046153846153846,-0.22589743589743597,-0.17205128205128203,0.4358974358974359,-0.09051282051282054,-0.8607692307692306,0.2889743589743589,0.47025641025641035,-0.5523076923076923,0.2158974358974359,-0.12230769230769237,0.7823076923076923,-0.6905128205128204,-0.6369230769230768,-0.5274358974358975,0.2248717948717949,10000
TGHRVSQEVIPLLRDETRWQAASLATLAAGHRDAAEKIAE,0.05899056149999997,-0.35060274425000004,-0.35258130249999997,0.57022174,-0.12404952174999999,0.27225,-0.28274999999999995,-0.13225,-0.0895,0.0605,0.13599999999999998,0.08350000000000003,-0.056499999999999995,0.31450000000000006,0.14575,-0.07974999999999999,-0.3505,0.06375,-0.2703500000000001,0.301975,-0.24444999999999997,0.5297000000000001,0.09372499999999999,-0.0034499999999999752,-0.44399999999999995,-0.34425,-0.10524999999999998,0.23575,-0.43600000000000005,-0.27525000000000005,-0.05575000000000001,-0.14825000000000002,-0.0465,0.04025000000000001,-0.3485,0.3395,-0.35350000000000004,0.035449999999999995,-0.000999999999999998,-0.140475,-0.061675000000000015,0.022849999999999995,-0.575,0.007750000000000002,-1.7943725000000001,-1.3899024999999998,0.5121575,-0.8719999999999999,-0.6897500000000002,-0.9114999999999999,0.44425,-0.20675000000000007,0.40424999999999994,-0.15299999999999997,0.09825,0.227725,0.04960000000000001,-0.0536,-0.054575000000000005,-0.9038250000000001,-0.319525,-0.350475,-0.07477500000000001,-0.053949999999999984,-0.47635000000000005,0.27007499999999995,0.39892500000000003,-1.271485,-0.9380124999999999,0.10601999999999996,0.340815,0.23571999999999999,-0.02906250000000001,-1.7122699999999997,-0.31932250000000006,-0.312615,-1.3329625,0.6455499999999998,-4.8785,0.03375000000000006,0.15650000000000003,0.2555,0.8497499999999999,-0.17974999999999994,-0.14900000000000002,-0.263,-0.21550000000000002,-0.10050000000000003,-0.25525000000000003,0.33899999999999997,-0.0022500000000000076,-0.86875,0.083,0.4715,-0.601,0.21574999999999997,-0.242,0.554,-0.6599999999999999,-0.525,-0.36375,0.3915,10000
IDDLVGGLAALSELHAFKLRVDPANFKILAHNVIVV,-0.2783353813888889,-0.2989019994444445,-0.4621008611111111,0.5877927805555555,-0.3279681397222222,-0.11194444444444443,-0.3933333333333333,-0.23027777777777775,0.14472222222222217,-0.1680555555555555,0.18166666666666667,0.09249999999999997,0.08972222222222222,0.09750000000000002,0.045000000000000005,-0.36000000000000004,-0.33111111111111113,-0.028611111111111105,-0.12430555555555552,0.25252777777777774,-0.0685833333333333,0.6935833333333333,0.045972222222222206,-0.09144444444444441,-0.36861111111111117,-0.3447222222222223,0.02416666666666667,-0.13111111111111112,-0.13527777777777777,-0.6124999999999999,-0.16305555555555556,0.1383333333333333,0.24888888888888883,0.12583333333333335,-0.41277777777777774,0.36166666666666664,-0.4191666666666667,-0.04161111111111111,0.041805555555555554,-0.13050000000000003,-0.0815277777777778,0.03727777777777777,-0.511111111111111,-0.4005555555555555,1.2778111111111112,-1.9172861111111112,0.6635805555555554,0.7113888888888888,-1.260833333333333,-0.9536111111111111,0.35638888888888887,-0.37249999999999994,0.22833333333333336,0.13416666666666666,-0.18138888888888888,0.2364444444444445,0.08030555555555557,-0.03294444444444444,-0.1127777777777778,-0.9304722222222224,-0.3653611111111112,-0.22380555555555556,-0.03311111111111112,-0.21450000000000002,-0.18058333333333332,0.08919444444444442,0.22883333333333336,-1.815425,-0.6977027777777778,0.8350333333333331,-0.12621666666666667,0.4028527777777777,0.06225555555555556,-2.235888888888889,0.4924361111111112,-0.3873361111111111,-2.426813888888889,0.3116361111111112,-4.9975000000000005,-0.2544444444444445,0.06361111111111112,0.46166666666666667,0.6844444444444444,0.20638888888888887,-0.22944444444444445,-0.22055555555555556,-0.4308333333333334,-0.08111111111111113,-0.46222222222222226,0.2780555555555555,-0.09944444444444442,-0.89,0.07361111111111113,0.5116666666666668,-0.3958333333333333,-0.004166666666666652,-0.2905555555555555,-0.5144444444444445,-0.7877777777777779,-0.365,-0.3608333333333333,0.5205555555555557,10000
EGEPGFREREQAMIAELCALDGVVLATGGGAVMRDANRAALRAGGRVV,-0.081717738125,-0.23944549041666674,0.22640686458333328,0.7099880166666667,0.29909908187500006,0.21625000000000003,-0.3645833333333333,0.04708333333333334,-0.08291666666666665,-0.005416666666666671,0.28291666666666665,0.2310416666666667,0.199375,0.24833333333333338,0.11479166666666667,-0.324375,-0.4054166666666667,0.06770833333333334,-0.31541666666666673,0.11854166666666667,-0.4086458333333333,0.6243958333333333,-0.07600000000000003,-0.08249999999999992,-0.32541666666666663,-0.55625,-0.06812499999999999,0.11791666666666666,-0.4339583333333334,-0.2020833333333333,0.2729166666666667,0.294375,-0.17770833333333333,0.16625,-0.41020833333333334,0.22458333333333333,-0.31645833333333334,0.030583333333333334,0.06252083333333334,-0.15,-0.037083333333333336,0.026520833333333337,-0.9635416666666666,-0.17458333333333334,-1.2943645833333333,-2.578095833333333,0.3762208333333333,-0.8372916666666667,-1.7908333333333335,-0.4347916666666667,0.15187499999999995,-0.19875000000000007,0.7945833333333333,-0.14999999999999997,0.04395833333333333,0.2246875,0.09364583333333333,-0.06760416666666667,-0.07295833333333333,-1.0443333333333333,-0.2598125,-0.2451875,0.127125,-0.25662500000000005,-0.7657916666666668,0.2359375,0.6590625,-2.5280791666666667,-0.5014625,-0.5362333333333335,0.4099375,0.3367604166666667,0.027006250000000034,-3.8298229166666666,-0.23826250000000007,-0.4903625,-2.59473125,1.0780354166666666,-5.7245833333333325,0.08562500000000005,-0.026041666666666657,0.5035416666666667,1.1120833333333335,-0.10645833333333332,-0.3610416666666667,-0.5220833333333333,0.08916666666666669,-0.17625000000000005,-0.40687500000000004,0.5329166666666666,-0.22104166666666666,-0.9945833333333333,0.27645833333333336,0.598125,-0.6452083333333333,0.20437499999999997,-0.43416666666666676,0.5008333333333334,-1.1518749999999998,-0.3897916666666667,-0.47124999999999995,0.20937499999999998,10000
ANKESLVIGGRLVTQAAASGQIVPVDSEHSAFAQCLRGGGRNEVRRLVLTASGG,-0.12051271277777775,0.033613134999999995,-0.3751388814814816,0.6810306796296295,-0.0044768385185184785,0.23259259259259257,-0.352037037037037,0.03037037037037038,0.0009259259259259329,0.022037037037037018,0.30092592592592593,0.2283333333333333,0.03907407407407407,0.21370370370370373,0.10888888888888891,-0.23018518518518524,-0.4264814814814815,0.14944444444444446,-0.3267037037037036,-0.05507407407407407,-0.40888888888888886,0.6228518518518519,-0.08720370370370373,0.04633333333333339,-0.11759259259259262,-0.5624074074074074,0.14907407407407405,0.14981481481481485,-0.2581481481481482,-0.30407407407407405,0.07851851851851853,0.1174074074074074,-0.1809259259259259,0.03129629629629629,-0.43259259259259253,0.3533333333333332,-0.3998148148148149,0.03707407407407408,0.0872037037037037,-0.11072222222222221,-0.06701851851851853,-0.026333333333333323,-1.0170370370370367,-0.09333333333333334,-1.4928351851851853,-2.6391537037037036,0.4160907407407407,-1.0311111111111113,-1.7624074074074074,-0.29111111111111115,0.461111111111111,0.0018518518518518328,0.5585185185185185,0.12000000000000004,0.01925925925925925,0.22512962962962965,0.08590740740740742,-0.07401851851851851,-0.034074074074074076,-1.0532407407407407,-0.28781481481481486,-0.3161111111111111,0.07598148148148148,-0.1748518518518519,-0.74,0.2061851851851852,0.5540185185185186,-1.5743,-0.9127444444444445,-0.42657777777777783,0.4101351851851851,0.488237037037037,-0.1587648148148148,-2.666061111111111,-0.3118351851851851,-0.6254407407407406,-1.4044981481481484,1.1260962962962962,-5.737222222222225,-0.04722222222222224,0.09462962962962965,0.4031481481481481,1.0907407407407408,-0.1344444444444444,-0.4088888888888889,-0.5296296296296296,-0.027407407407407432,-0.049074074074074096,-0.3657407407407408,0.40759259259259245,-0.1925925925925926,-0.9972222222222221,0.14537037037037037,0.5716666666666667,-0.6551851851851851,0.2707407407407408,-0.4235185185185186,0.5331481481481481,-1.1462962962962964,-0.4303703703703704,-0.5357407407407409,0.30907407407407417,10000
NKDHRFIVNEQLAALNLETQAILMEPFGRNTAPAVALTAMKLVNEG,-0.009246159565217394,-0.35050446804347835,0.17109586521739126,0.5032263695652174,0.07111136891304347,0.14956521739130432,-0.3356521739130434,-0.24456521739130438,-0.004347826086956516,-0.02695652173913045,0.1891304347826087,0.0882608695652174,-0.06847826086956521,0.08652173913043476,0.053260869565217375,-0.18760869565217397,-0.3343478260869565,-0.014999999999999984,-0.18160869565217394,0.2646086956521739,-0.1491739130434782,0.5089347826086956,0.14460869565217394,-0.12315217391304348,-0.3771739130434782,-0.28543478260869565,-0.12391304347826085,0.07999999999999999,-0.11000000000000001,-0.3419565217391304,0.1623913043478261,0.030869565217391294,0.15,-0.15652173913043477,-0.3417391304347826,0.4067391304347825,-0.3658695652173913,0.008413043478260876,0.010282608695652179,-0.12345652173913044,-0.05260869565217393,0.04752173913043478,-0.4663043478260869,-0.20760869565217385,-0.5657586956521738,-1.3983739130434785,0.5007282608695652,-0.301304347826087,-0.7621739130434783,-0.8143478260869565,0.4345652173913042,-0.35043478260869565,0.2326086956521739,-0.09673913043478258,-0.11195652173913043,0.2357826086956522,0.04019565217391305,-0.05299999999999999,-0.060195652173913046,-0.9069565217391304,-0.30934782608695655,-0.236695652173913,-0.022434782608695653,-0.10650000000000003,-0.18363043478260876,0.10550000000000001,0.20889130434782607,-2.027382608695653,-0.6272347826086956,0.4149456521739129,-0.04109347826086955,0.13624347826086963,0.09204565217391306,-2.2999499999999995,0.03693695652173911,-0.1264782608695652,-2.4518000000000004,0.12794999999999995,-4.875869565217392,0.033260869565217434,0.04782608695652176,0.39478260869565224,0.6652173913043478,-0.007391304347826042,-0.18695652173913047,-0.20826086956521744,-0.21478260869565222,-0.09956521739130438,-0.3269565217391305,0.27304347826086955,-0.11282608695652177,-0.8639130434782608,0.16413043478260866,0.45869565217391306,-0.44739130434782604,0.04608695652173913,-0.19717391304347825,-0.03043478260869565,-0.5717391304347825,-0.3606521739130435,-0.46478260869565213,0.4984782608695652,10000
GNAVNLTDGLDGLAIVPVMVAALSFALIAYLSGNINFADYLQIHYVSGT,-0.3895548157142857,-0.020470374489795915,-0.20089589183673467,0.599331518367347,-0.16709664469387756,-0.16102040816326527,-0.33387755102040817,-0.04551020408163264,0.213265306122449,-0.19836734693877547,0.28428571428571425,0.14755102040816329,-0.03326530612244897,0.12183673469387758,0.08122448979591836,-0.3840816326530612,-0.40224489795918367,-0.01775510204081633,0.03246938775510204,-0.060204081632653075,-0.15073469387755103,0.6769591836734694,-0.0932857142857143,-0.21912244897959185,-0.09734693877551023,-0.49489795918367346,0.1085714285714286,-0.24326530612244895,-0.12979591836734694,-0.4942857142857143,-0.14081632653061224,0.2387755102040816,0.06428571428571431,-0.07244897959183672,-0.3818367346938776,0.4228571428571428,-0.5422448979591836,-0.03710204081632653,0.11008163265306124,-0.09293877551020407,-0.0623061224489796,0.018346938775510205,-0.8053061224489795,-0.47632653061224484,1.2904428571428572,-2.958702040816327,0.39388163265306125,0.5312244897959184,-2.0124489795918366,-0.559795918367347,0.1677551020408163,-0.16285714285714284,0.17530612244897967,0.2761224489795918,-0.03163265306122448,0.23075510204081634,0.09248979591836733,-0.04489795918367347,-0.02875510204081633,-0.9966938775510205,-0.357734693877551,-0.23769387755102042,0.01595918367346938,-0.16873469387755102,-0.5247959183673468,-0.05920408163265307,0.2844285714285714,-2.05644693877551,-0.4663142857142857,0.693469387755102,0.05218571428571421,0.3494265306122448,0.016132653061224494,-2.6249571428571428,0.36018979591836736,-0.37095510204081633,-2.5850979591836736,0.6723816326530612,-5.438775510204081,-0.5114285714285715,0.21673469387755104,0.44571428571428573,0.9059183673469388,0.266530612244898,-0.336530612244898,-0.4253061224489796,-0.3212244897959184,-0.14448979591836733,-0.5185714285714286,0.10081632653061222,-0.2922448979591837,-0.9577551020408164,-0.002448979591836731,0.5516326530612246,-0.5361224489795917,0.01979591836734695,-0.3942857142857143,-0.6138775510204081,-1.0277551020408162,-0.06673469387755104,-0.6204081632653061,0.40897959183673477,10000
VIVNQPLV,-0.5254507825,0.045117762500000005,-0.5424120375000001,0.6417831375,-0.7742103387500001,-0.3475,-0.73,-0.50875,-0.023749999999999993,-0.37375,-0.02124999999999999,0.04875,-0.03874999999999999,-0.14375,0.28125,-0.50625,-0.3225,-0.15875,-0.446,0.08787500000000004,0.07037500000000002,0.592,0.365125,0.2615,-0.1575,-0.30625,0.8087500000000001,-0.23874999999999996,0.32125,-0.4925,-0.25375000000000003,-0.23124999999999998,0.1925,-0.405,-0.5800000000000001,0.7312500000000001,-0.46375,-0.10812500000000001,0.079625,-0.052500000000000005,-0.139875,-0.072625,-0.31125,-0.6612499999999999,3.3551875,-2.114375,1.4042249999999998,1.8512500000000003,-1.2975,-1.0387499999999998,0.9049999999999999,-0.36875,-0.37125,0.98375,-0.52125,0.24,0.09262500000000001,-0.10875000000000001,-0.157875,-0.951125,-0.538,-0.274625,0.046,-0.2735,0.16737499999999997,-0.046875,-0.30975,-2.3257375000000002,-1.2060875,1.1608125,-0.48680000000000007,0.1347,-0.02528749999999997,-2.25685,0.9819749999999999,-0.08854999999999996,-3.6376875,-0.23914999999999997,-4.87125,-0.4975,0.13875,0.6475,0.2775,0.3975000000000001,-0.36,-0.0675,-0.92875,0.08875,-0.90625,-0.05750000000000001,0.18874999999999997,-0.8700000000000001,0.00375,0.49875,-0.25125,-0.5225,-0.0775,-1.6,-1.07,-0.7975,-0.7375,0.6637500000000001,10000
YAEIWLDQEKVATTD,0.16001141133333327,-0.39778614066666657,-0.0011516266666666533,0.25467768,-0.4038243793333334,0.1406666666666667,-0.11733333333333333,-0.17533333333333329,-0.12799999999999995,-0.12466666666666668,0.104,-0.33866666666666667,-0.14599999999999996,0.318,0.11266666666666668,0.11133333333333334,-0.32599999999999996,-0.2153333333333333,-0.3097333333333333,0.3239333333333333,0.03173333333333334,0.34900000000000003,-0.07020000000000003,-0.22540000000000002,-0.39866666666666667,-0.06866666666666664,-0.15933333333333338,0.2053333333333333,-0.37533333333333335,-0.2673333333333333,-0.17466666666666666,-0.07399999999999998,-0.13933333333333334,-0.09466666666666668,-0.18733333333333338,0.292,-0.42266666666666663,0.017400000000000002,-0.043533333333333334,-0.09586666666666667,-0.0364,0.039933333333333355,-0.06733333333333329,0.09933333333333336,-1.2908,-0.2942200000000001,0.1572733333333334,-0.5806666666666668,0.19466666666666657,-1.3546666666666665,-0.35333333333333333,-0.362,0.20133333333333334,0.26933333333333337,0.3393333333333333,0.22440000000000002,-0.028533333333333334,-0.055,-0.047066666666666666,-0.7364666666666667,-0.36846666666666666,-0.3046666666666667,-0.1686666666666667,0.14153333333333334,-0.12720000000000004,0.02346666666666665,0.11373333333333334,-1.07882,-0.53106,0.65418,0.26802000000000004,-0.23423999999999995,0.5583666666666667,-0.7207199999999999,-0.34418000000000004,0.14974,-1.5421933333333333,-0.32830666666666664,-3.853333333333333,0.04133333333333338,0.36733333333333335,0.07200000000000001,0.5933333333333334,-0.11133333333333328,0.15933333333333338,-0.006000000000000038,-0.35533333333333333,-0.4006666666666668,-0.18199999999999994,0.01066666666666666,-0.09666666666666662,-0.7153333333333334,0.01266666666666668,0.2973333333333334,-0.5666666666666667,0.10333333333333335,-0.07466666666666666,0.1693333333333333,-0.3013333333333333,-0.3366666666666668,-0.8653333333333334,0.11933333333333333,10000
LNTDDP,0.36391886,0.4754881233333334,-1.15536445,0.3179275166666667,-1.09005937,0.7116666666666668,-0.3383333333333334,0.045000000000000005,0.15666666666666665,-0.5083333333333333,-0.07500000000000002,-0.435,-0.2783333333333333,-0.36833333333333335,-0.16,0.25166666666666665,-0.5599999999999999,-0.32,-0.47400000000000003,-0.5311666666666667,-0.34450000000000003,0.22833333333333328,0.5738333333333333,-0.8001666666666667,0.5966666666666667,-0.25666666666666665,-0.5766666666666667,0.20166666666666666,-0.23833333333333337,-0.26999999999999996,-0.27166666666666667,-0.34,0.5416666666666666,0.085,-0.23166666666666666,0.08333333333333333,-0.705,0.13916666666666666,0.0625,0.03599999999999998,-0.008833333333333337,0.09549999999999999,-0.7399999999999999,0.2483333333333333,-4.099483333333333,-1.4720333333333333,0.5315166666666666,-3.026666666666667,-0.45333333333333337,-0.8166666666666665,-1.1083333333333334,-0.2783333333333334,-1.2166666666666668,0.25833333333333336,0.12999999999999992,0.20833333333333334,-0.056666666666666664,-0.15633333333333332,0.00933333333333333,-0.9396666666666667,-0.3131666666666667,-0.5255000000000001,-0.1496666666666667,0.37616666666666676,-0.04566666666666671,-0.16416666666666666,-0.3426666666666667,-3.499683333333333,-0.9364166666666666,1.74225,-0.019049999999999994,-0.6598833333333333,0.12746666666666667,-1.8312333333333335,-0.4894166666666668,1.0745000000000002,-4.215533333333333,-0.01873333333333334,-4.896666666666666,-0.2866666666666667,0.6716666666666665,0.06333333333333335,0.6183333333333333,-0.34166666666666656,0.12166666666666669,-0.3133333333333333,-0.19000000000000003,-0.96,0.12499999999999996,-0.01833333333333335,0.6083333333333334,-0.8583333333333334,-0.21,0.2366666666666667,-0.7666666666666666,-0.003333333333333318,-0.14833333333333332,0.9699999999999999,0.045000000000000005,0.6883333333333334,-1.2583333333333333,0.9250000000000002,10000
ERSYETM,0.51276896,-0.27563502,1.0322989428571427,0.05736331428571427,0.37319272285714294,0.4142857142857143,0.08857142857142856,-0.4499999999999999,-0.11428571428571428,0.15142857142857144,0.12142857142857144,-0.19285714285714284,-0.2714285714285714,0.31999999999999995,0.017142857142857126,0.4257142857142857,-0.2085714285714286,-0.04714285714285716,-0.4627142857142857,0.33499999999999996,0.019285714285714288,-0.053,0.01714285714285715,0.0935714285714286,-0.23285714285714285,0.21857142857142856,-0.01428571428571429,0.5671428571428572,-0.37571428571428556,0.26857142857142857,-0.09999999999999996,-0.11285714285714284,-0.47428571428571425,0.20714285714285716,-0.12142857142857143,0.37285714285714283,-0.20714285714285716,0.07142857142857141,-0.10485714285714286,-0.04042857142857143,0.01157142857142857,-0.03457142857142857,0.4071428571428572,0.41857142857142854,-3.439457142857143,1.5749285714285712,-0.7686285714285714,-1.615714285714286,1.4942857142857142,-0.8442857142857143,-0.20571428571428566,-0.07000000000000005,0.0928571428571429,-0.14428571428571432,0.11428571428571425,0.23228571428571426,-0.108,-0.010857142857142859,0.12828571428571428,-0.5865714285714284,-0.031571428571428584,-0.12042857142857141,-0.1352857142857143,0.24700000000000003,-0.038571428571428576,0.11057142857142857,0.07642857142857144,2.165714285714286,-0.8897,-1.2312571428571426,0.2610428571428572,-0.8072571428571429,0.47832857142857144,2.4780428571428574,-1.8439999999999999,0.006300000000000043,3.5350000000000006,0.12658571428571413,-3.0342857142857147,0.9671428571428571,-0.08857142857142852,-0.20571428571428568,0.3128571428571429,-0.45999999999999996,0.27857142857142864,0.20285714285714285,0.17857142857142858,-0.3414285714285715,0.2485714285714286,-0.018571428571428572,0.024285714285714275,-0.5657142857142857,0.3371428571428572,0.12285714285714287,-0.28571428571428575,0.4557142857142857,0.19571428571428573,1.07,0.2842857142857142,-0.3985714285714286,-0.7085714285714284,-0.40714285714285714,10000
HGFRTRSETVGG,0.08189357333333327,0.34652614,0.6510045583333333,0.4988306249999999,0.8500436875,0.4366666666666666,0.04500000000000002,0.15333333333333332,0.1016666666666667,0.00583333333333332,0.4041666666666666,0.3333333333333333,-0.1125,0.1475,0.023333333333333327,-0.005833333333333339,-0.37000000000000005,0.285,-0.4446666666666667,-0.4134166666666666,-0.43791666666666657,0.34175,-0.2476666666666667,0.2494166666666667,0.2783333333333333,-0.4033333333333333,0.36833333333333323,0.37999999999999995,-0.2075,0.03083333333333334,0.18166666666666673,0.40499999999999997,-0.38166666666666665,0.42583333333333334,-0.2075,0.32749999999999996,-0.3975,0.081,0.09600000000000002,-0.024333333333333335,-0.04624999999999999,-0.08025,-0.7899999999999999,0.2733333333333333,-3.00765,-1.7236916666666666,0.21785000000000002,-2.0316666666666667,-1.394166666666667,0.7583333333333333,0.1625,0.3425,0.6108333333333335,0.09750000000000002,0.0691666666666667,0.20983333333333334,0.0795,-0.00783333333333333,0.05616666666666665,-0.9267499999999999,-0.13808333333333336,-0.23858333333333337,0.0026666666666666505,-0.11333333333333333,-0.9376666666666668,0.324,0.7044166666666666,-0.5854916666666666,-0.23614166666666667,-1.0605083333333332,0.9682583333333333,0.7983666666666666,-0.16518333333333332,-1.659516666666666,-0.5725416666666666,-0.5280083333333333,0.09536666666666675,1.3098666666666665,-5.014166666666666,0.0741666666666666,0.03250000000000001,-0.053333333333333344,1.1141666666666667,-0.35166666666666674,-0.31083333333333335,-0.5266666666666666,0.44416666666666665,-0.009166666666666675,-0.029999999999999954,0.5566666666666666,-0.08583333333333333,-0.8925,0.09750000000000002,0.3691666666666667,-0.7358333333333333,0.5716666666666667,-0.5775000000000001,1.3208333333333335,-0.9249999999999999,-0.6116666666666667,-0.18666666666666656,-0.2008333333333333,10000
IDELFDEIPPA,0.00881617454545454,-0.1919562536363636,-0.3362736090909091,0.3431971636363636,-0.9049244236363635,0.17727272727272728,-0.35545454545454547,-0.19272727272727275,-0.024545454545454568,-0.5909090909090909,-0.2545454545454546,-0.27909090909090906,0.15272727272727268,0.1190909090909091,-0.10181818181818182,-0.21181818181818182,-0.3645454545454545,-0.4536363636363637,-0.0369090909090909,0.10236363636363642,-0.033636363636363596,0.4139090909090909,0.7493636363636363,-0.7498181818181817,-0.17181818181818176,-0.15727272727272726,-0.6063636363636364,-0.17090909090909093,-0.45818181818181825,-0.30727272727272725,-0.23545454545454553,-0.14727272727272725,0.5445454545454546,-0.26818181818181813,-0.24454545454545454,0.1918181818181818,-0.43818181818181823,0.009090909090909089,0.015363636363636357,-0.06254545454545456,-0.033727272727272724,0.18790909090909091,-0.28727272727272724,-0.2545454545454545,0.11165454545454569,-1.4173818181818183,1.427909090909091,-0.4981818181818181,-0.6536363636363637,-1.2990909090909093,-0.7536363636363638,-1.1836363636363638,-0.5763636363636363,0.019090909090909106,-0.1518181818181818,0.22654545454545455,0.02145454545454546,-0.037636363636363634,-0.10454545454545455,-0.8306363636363635,-0.4425454545454546,-0.2420909090909091,-0.1450909090909091,-0.08572727272727271,0.09072727272727271,-0.061727272727272735,-0.12381818181818183,-2.0436636363636365,-0.5366272727272727,1.0958454545454546,-0.023518181818181792,-0.25308181818181813,0.7282363636363635,-1.1469090909090909,0.42461818181818173,0.4632545454545454,-2.605754545454545,-0.405309090909091,-4.28,-0.43545454545454537,0.17727272727272725,0.12181818181818183,0.34545454545454546,0.12272727272727275,0.0990909090909091,-0.09545454545454546,-0.42545454545454553,-0.7827272727272727,-0.5109090909090909,0.026363636363636356,0.610909090909091,-0.7790909090909092,-0.12000000000000001,0.27090909090909093,-0.3163636363636364,-0.023636363636363636,-0.2927272727272727,-0.47090909090909094,-0.20181818181818179,0.37000000000000005,-1.0545454545454547,0.64,10000
QPNSVPQCL,-0.08248686555555554,0.5811395655555556,-1.7375087222222223,0.2028135111111111,-1.1814366855555558,0.29666666666666663,-0.4655555555555556,-0.062222222222222213,-0.12777777777777774,0.011111111111111136,-0.3755555555555556,0.02,-0.12444444444444445,-0.10777777777777775,0.10666666666666669,-0.14222222222222225,-0.4066666666666667,-0.05555555555555555,-0.357,-0.3784444444444443,-0.37888888888888883,-0.01455555555555558,0.7353333333333334,-0.07555555555555557,0.38555555555555554,-0.3255555555555556,0.014444444444444482,-0.06888888888888887,0.3522222222222222,-0.025555555555555554,0.18999999999999997,-0.8144444444444443,0.29666666666666663,-0.5000000000000001,-0.36888888888888893,0.6711111111111111,-0.49666666666666676,0.047222222222222214,0.08977777777777778,0.05266666666666667,-0.023888888888888897,-0.019333333333333327,-0.76,-0.049999999999999996,-1.0322222222222222,-1.7671999999999999,0.7712888888888889,-1.0633333333333332,-0.9300000000000002,0.24555555555555555,0.5288888888888889,-0.08777777777777786,-0.8,0.16888888888888892,-0.19222222222222218,0.21611111111111114,0.01766666666666667,-0.12888888888888891,0.011111111111111115,-0.9875555555555555,-0.26655555555555555,-0.249,0.055333333333333325,-0.07844444444444444,-0.23011111111111113,0.0891111111111111,-0.23944444444444446,-1.4421333333333333,-0.7264666666666666,-0.12780000000000014,-0.06226666666666672,-0.2735777777777778,-0.4102,-1.0589666666666668,0.14799999999999988,0.3574111111111111,-1.6036777777777778,0.031300000000000036,-5.097777777777778,-0.5722222222222223,0.08888888888888886,0.1622222222222222,0.45222222222222225,-0.09333333333333334,-0.38666666666666666,-0.2611111111111111,-0.24666666666666665,-0.030000000000000013,-0.2544444444444445,-0.2733333333333333,0.53,-0.8944444444444445,-0.12777777777777777,0.4044444444444445,-0.2833333333333333,0.0022222222222222244,-0.16777777777777775,-0.04555555555555567,-0.3911111111111111,0.4122222222222222,-0.5788888888888889,0.6411111111111112,10000
KGNDLVLGSHM,-0.07910424363636365,0.09817591909090904,-0.6300124545454547,0.3045654363636363,-0.10293652545454544,0.2318181818181818,-0.17363636363636364,-0.07363636363636364,0.17181818181818181,-0.08181818181818183,0.3890909090909091,0.17636363636363636,0.13454545454545452,-0.17363636363636362,0.0909090909090909,-0.17090909090909087,-0.4209090909090909,0.1127272727272727,-0.265,-0.13527272727272724,-0.31181818181818177,0.48318181818181816,-0.21009090909090905,-0.26454545454545453,0.043636363636363654,-0.4072727272727273,-0.12454545454545456,0.033636363636363666,0.34545454545454546,-0.3754545454545454,-0.040909090909090964,0.3918181818181818,-0.23727272727272727,0.42454545454545456,-0.3654545454545455,0.29363636363636364,-0.5018181818181818,0.03745454545454547,0.07800000000000001,-0.07590909090909091,-0.01427272727272727,0.023545454545454546,-0.8163636363636364,-0.06272727272727271,-0.8375818181818185,-2.1125636363636358,0.0627363636363636,-0.9645454545454545,-1.497272727272727,-0.0036363636363636698,0.017272727272727256,-0.10909090909090903,0.46090909090909093,-0.09545454545454551,-0.30818181818181817,0.22536363636363638,0.037818181818181834,-0.05118181818181819,-0.041363636363636366,-1.003,-0.09136363636363636,-0.17563636363636362,0.015909090909090918,-0.06645454545454542,-0.3344545454545455,0.1469090909090909,0.3898181818181817,-1.494590909090909,-0.5408272727272728,-0.0427636363636365,-0.05774545454545465,0.1796,-0.19411818181818183,-2.3038545454545454,-0.20692727272727274,-0.3906363636363636,-1.7952090909090908,0.2924,-5.476363636363636,-0.0027272727272727097,-0.15727272727272726,0.45,0.8518181818181816,-0.029090909090909056,-0.37363636363636366,-0.46,0.20999999999999994,-0.14272727272727279,-0.18363636363636363,0.5236363636363636,-0.3618181818181818,-0.950909090909091,0.21545454545454545,0.588181818181818,-0.25818181818181823,0.43454545454545457,-0.2990909090909091,0.38909090909090904,-0.8418181818181819,-0.13090909090909097,-0.14545454545454542,0.30454545454545456,10000
NVNPQSTLLL,-0.16432655499999999,0.204356137,-0.9638989499999999,0.6198032299999999,-0.6709811259999999,0.06600000000000003,-0.49300000000000005,-0.32599999999999996,0.02899999999999999,-0.079,0.166,0.039999999999999994,-0.358,-0.27399999999999997,0.05700000000000001,-0.12800000000000003,-0.36400000000000005,-0.03300000000000001,-0.15640000000000004,-0.09029999999999998,-0.10150000000000006,0.6284,0.426,-0.07890000000000001,0.10800000000000001,-0.272,0.13699999999999998,-0.06800000000000002,0.088,-0.63,0.11199999999999999,-0.5069999999999999,0.22700000000000004,-0.2669999999999999,-0.445,0.6539999999999999,-0.517,0.002399999999999991,0.0753,-0.040100000000000004,-0.11620000000000001,0.001100000000000001,-0.48900000000000005,-0.2779999999999999,0.04427999999999983,-1.7868699999999997,0.8511200000000001,-0.17799999999999994,-0.9019999999999999,-0.589,0.6639999999999999,-0.285,-0.43000000000000005,0.4090000000000001,-0.31499999999999995,0.23970000000000002,0.028500000000000004,-0.10740000000000001,-0.007400000000000006,-0.9502,-0.3562,-0.36010000000000003,-0.058499999999999996,0.00900000000000003,0.05039999999999998,-0.0775,-0.19529999999999997,-1.5567,-1.62438,1.20332,-0.36433000000000004,-0.0873,-0.2993,-1.0432700000000001,0.03745999999999992,-0.06604000000000003,-2.20596,0.10750000000000001,-4.977,-0.18699999999999994,0.267,0.44000000000000006,0.4969999999999999,0.11100000000000003,-0.21300000000000002,-0.17700000000000005,-0.41899999999999993,-0.052000000000000025,-0.44700000000000006,-0.03600000000000002,0.01599999999999997,-0.873,0.016999999999999994,0.417,-0.45099999999999996,-0.16299999999999998,-0.076,-0.6100000000000001,-0.5780000000000001,-0.3500000000000001,-0.8800000000000001,0.865,10000
PVQEVIAELTNGG,-0.11872048076923078,0.004740437692307697,0.2537414153846153,0.6681849,-0.10078226615384608,0.25230769230769234,-0.42,-0.04692307692307695,-0.06153846153846154,-0.2915384615384615,0.18923076923076923,0.08769230769230768,0.009230769230769256,0.12846153846153843,0.23923076923076925,-0.2684615384615384,-0.51,-0.11153846153846156,-0.39761538461538465,-0.08715384615384615,-0.39376923076923076,0.6401538461538461,0.14984615384615382,-0.29746153846153844,-0.13846153846153844,-0.5884615384615384,0.07615384615384617,0.06692307692307692,-0.10615384615384618,-0.23999999999999996,0.13846153846153844,0.18,-0.18230769230769228,-0.2692307692307692,-0.3915384615384615,0.3669230769230769,-0.47846153846153844,0.02792307692307692,0.10353846153846155,-0.10776923076923077,-0.05723076923076923,0.034076923076923074,-1.0530769230769228,-0.1684615384615385,-0.9906615384615384,-3.2773769230769227,0.949876923076923,-1.0715384615384616,-2.0946153846153845,-0.5899999999999999,0.10461538461538457,-0.5569230769230769,0.41000000000000003,0.39769230769230784,-0.30846153846153845,0.22746153846153852,0.09184615384615384,-0.10099999999999998,-0.0653076923076923,-1.0796153846153844,-0.45738461538461544,-0.3490769230769231,0.050230769230769225,-0.13353846153846155,-0.5458461538461539,0.03561538461538461,0.3165384615384615,-3.2908153846153847,-0.6491846153846155,0.15731538461538458,0.4703538461538461,0.16305384615384616,0.23832307692307703,-3.81826923076923,0.07969999999999995,-0.06065384615384612,-4.0860076923076925,0.21973846153846155,-5.804615384615384,-0.3130769230769231,0.2576923076923077,0.44384615384615383,0.9469230769230769,-0.04076923076923073,-0.44923076923076927,-0.5638461538461539,-0.17076923076923078,-0.37923076923076926,-0.7284615384615385,0.39923076923076917,-0.09153846153846155,-1.0092307692307694,0.039999999999999994,0.5446153846153846,-0.6615384615384615,0.040000000000000036,-0.4138461538461539,0.08461538461538445,-1.3861538461538458,-0.37384615384615383,-1.1053846153846156,0.38230769230769235,10000
ESLVNWDPVDNTV,-0.026681460000000004,0.21544412615384612,-0.7597036000000001,0.3169479923076924,-1.00476411,0.24076923076923082,-0.2646153846153846,-0.05769230769230771,0.03692307692307692,-0.36076923076923073,0.11999999999999995,-0.31923076923076926,-0.2323076923076923,-0.12461538461538459,0.10769230769230768,0.0569230769230769,-0.4292307692307692,-0.24692307692307697,-0.6806923076923077,-0.15576923076923077,-0.13684615384615384,0.26815384615384613,0.1435384615384615,-0.31099999999999994,0.1661538461538461,-0.1946153846153846,0.02846153846153847,0.0646153846153846,-0.18692307692307691,-0.24153846153846154,-0.5584615384615385,-0.13846153846153844,-0.04999999999999996,-0.01692307692307693,-0.29307692307692307,0.3284615384615384,-0.6261538461538461,0.030153846153846146,0.04561538461538461,-0.013,-0.027,0.0019230769230769206,-0.38384615384615384,-0.0038461538461538156,-1.0008461538461537,-1.3242769230769231,0.10834615384615387,-0.7892307692307691,-0.4930769230769231,-1.009230769230769,-0.4776923076923078,-0.19153846153846166,-0.48769230769230776,0.6023076923076922,-0.1823076923076923,0.22638461538461538,-0.006230769230769236,-0.09738461538461539,0.006230769230769234,-0.8495384615384616,-0.4059230769230769,-0.4473846153846155,-0.13700000000000004,0.21807692307692314,-0.1427692307692308,0.012769230769230767,-0.1779230769230769,-1.3267461538461538,-0.936853846153846,1.0910153846153845,0.021230769230769234,-0.41060769230769234,-0.02682307692307689,-0.37878461538461544,-0.24260769230769239,0.4035076923076924,-1.9386846153846153,0.014615384615384577,-4.334615384615384,-0.4138461538461539,0.55,0.05769230769230766,0.5807692307692308,-0.08538461538461538,-0.03307692307692308,-0.14923076923076925,-0.42153846153846153,-0.5676923076923077,-0.2023076923076923,-0.06461538461538462,0.15692307692307697,-0.7876923076923076,-0.2053846153846154,0.31769230769230766,-0.5992307692307692,-0.014615384615384629,-0.08769230769230771,0.17230769230769233,-0.22307692307692303,0.16769230769230767,-0.9415384615384615,0.4561538461538462,10000
GSGQV,-0.280338022,0.8489836040000001,-1.12966408,0.6999060000000001,-0.3270101239999999,0.5,-0.20800000000000002,0.476,-0.031999999999999994,-0.2,0.6,0.39999999999999997,0.23199999999999998,0.254,0.32599999999999996,-0.314,-0.71,0.20599999999999996,-0.6234,-0.8718,-0.8812,0.7222,-0.49280000000000007,-0.18339999999999995,0.5039999999999999,-1.0939999999999999,0.362,0.16000000000000003,0.318,-0.17400000000000002,0.10400000000000005,0.584,-0.9560000000000001,-0.198,-0.42400000000000004,0.368,-0.6759999999999999,0.10200000000000001,0.26280000000000003,-0.05600000000000001,-0.0386,-0.079,-2.1460000000000004,0.04400000000000004,-3.11644,-5.6882399999999995,0.41690000000000005,-2.976,-4.002000000000001,0.9139999999999999,0.061999999999999965,0.266,1.086,0.492,0.138,0.19960000000000003,0.11960000000000001,-0.13999999999999999,0.00799999999999999,-1.3652000000000002,-0.2024,-0.3606,0.259,-0.21000000000000002,-1.5735999999999999,0.12999999999999998,1.0842,-2.1931199999999995,-0.63554,-1.8430399999999998,1.3855,0.8144399999999999,-0.26698,-4.425520000000001,-0.5808800000000002,-0.98842,-1.7608600000000003,1.6131000000000004,-7.506,-0.458,0.2,0.40800000000000003,1.778,-0.25400000000000006,-0.944,-1.264,0.47999999999999987,-0.21400000000000002,-0.614,0.5879999999999999,-0.6020000000000001,-1.27,0.061999999999999986,0.758,-0.9259999999999998,0.6700000000000002,-0.8960000000000002,1.1299999999999997,-2.266,-0.22200000000000006,-1.044,0.11000000000000001,10000
IMFGFCYLHHWKC,-0.44880092692307694,-0.17003239692307698,0.5530798384615385,-0.5634290538461537,0.48567712538461555,-0.6553846153846153,0.34384615384615375,-0.014615384615384629,0.3092307692307692,0.24615384615384617,-0.08153846153846155,0.07384615384615383,0.1315384615384615,-0.03307692307692308,-0.04692307692307693,-0.31,0.02538461538461538,0.021538461538461545,0.5491538461538462,0.1523076923076923,0.30969230769230766,-0.4290769230769231,-0.3195384615384616,0.09638461538461539,-0.1053846153846154,0.2830769230769231,0.02846153846153847,-0.5838461538461538,0.2792307692307692,0.22153846153846152,0.2115384615384615,0.34846153846153843,0.25307692307692303,0.38384615384615384,0.05230769230769231,0.5807692307692307,-0.33000000000000007,-0.13161538461538463,-0.009538461538461543,0.04646153846153847,0.09369230769230769,0.00669230769230769,0.6292307692307694,-0.2769230769230768,4.969776923076923,0.9958230769230768,-1.0497615384615386,3.102307692307692,0.039230769230769215,0.9276923076923076,-0.2692307692307692,0.2530769230769231,0.20461538461538462,-0.36,-0.2476923076923077,0.22223076923076926,0.023230769230769225,0.15,0.031230769230769232,-0.5023846153846153,-0.006769230769230776,0.338923076923077,-0.12415384615384614,-0.2682307692307692,0.04338461538461537,0.2663076923076923,0.046230769230769214,1.1164846153846153,1.8330076923076923,-0.015576923076923052,-0.39636923076923075,0.19634615384615378,-0.07472307692307688,0.8129692307692309,1.0707307692307693,-0.013253846153846163,0.6931615384615384,-0.7046076923076924,-2.6030769230769235,-0.5576923076923077,-0.5146153846153846,-0.19538461538461538,0.14076923076923079,0.5323076923076924,-0.029999999999999992,0.29692307692307696,0.12307692307692306,0.3584615384615385,0.17307692307692307,-0.2530769230769231,-0.26846153846153853,-0.5399999999999999,-0.012307692307692294,0.29538461538461536,0.3676923076923077,0.4346153846153846,-0.1453846153846154,-1.1846153846153848,0.3384615384615385,0.4846153846153846,1.0592307692307692,-0.7207692307692308,10000
QSDITALAGAT,-0.24794330454545455,-0.14676713727272728,-0.6577981909090909,0.8308636545454544,-0.325792129090909,0.18909090909090914,-0.5618181818181818,0.17363636363636362,0.03363636363636364,-0.05909090909090908,0.3281818181818182,0.04727272727272727,-0.26545454545454544,0.4163636363636364,0.16363636363636364,-0.23727272727272727,-0.599090909090909,0.08454545454545455,0.03663636363636364,0.008909090909090912,-0.5543636363636364,0.7874545454545454,-0.05600000000000001,-0.26645454545454544,-0.3227272727272728,-0.8718181818181818,-0.04727272727272727,0.06818181818181816,-0.3645454545454545,-0.34,-0.11272727272727269,-0.16545454545454544,-0.11636363636363639,-0.3009090909090909,-0.5181818181818181,0.37999999999999995,-0.6418181818181817,0.03718181818181818,0.12218181818181818,-0.1719090909090909,-0.05818181818181818,0.004363636363636358,-1.5463636363636362,-0.23090909090909084,-1.7834909090909092,-4.371927272727272,0.3044181818181818,-1.1627272727272728,-2.624545454545455,-1.1227272727272726,0.41454545454545444,0.08818181818181822,0.2127272727272728,-0.029090909090909098,0.6272727272727273,0.22281818181818183,0.10472727272727274,-0.13727272727272727,0.011545454545454536,-1.1949999999999998,-0.5248181818181819,-0.5535454545454546,0.054545454545454536,0.002272727272727265,-0.9450909090909092,0.040545454545454544,0.40645454545454546,-3.1850545454545456,-0.8194636363636366,0.2688909090909091,0.2817363636363636,0.5409545454545455,0.023572727272727276,-4.145845454545454,-0.25708181818181824,-0.3436818181818182,-3.520890909090909,1.0877363636363635,-6.6909090909090905,-0.5018181818181818,0.5181818181818182,0.58,1.3363636363636362,-0.052727272727272706,-0.5472727272727274,-0.7654545454545455,-0.49636363636363645,-0.27090909090909093,-0.44636363636363635,0.05636363636363633,-0.22636363636363635,-1.1463636363636363,-0.054545454545454536,0.7209090909090909,-0.9,0.09090909090909095,-0.4509090909090909,0.3836363636363637,-1.6409090909090909,-0.1490909090909091,-0.9918181818181818,0.5363636363636363,10000
NSDPDGVDYI,0.13566907,0.6872145310000002,-1.0041698599999997,0.19871033000000002,-0.970174081,0.5000000000000001,-0.13299999999999998,0.14699999999999996,0.321,-0.576,0.05299999999999998,-0.27,0.071,-0.06999999999999999,-0.06000000000000002,0.09100000000000001,-0.5519999999999999,-0.25100000000000006,-0.5489,-0.7152,-0.2887999999999999,0.2042,0.0191,-0.6459,0.712,-0.3490000000000001,-0.14500000000000002,0.10200000000000001,-0.18500000000000003,-0.163,-0.713,0.31500000000000006,0.164,-0.028000000000000025,-0.201,0.054000000000000006,-0.6880000000000001,0.0986,0.1103,0.059300000000000005,0.004100000000000001,0.021000000000000008,-0.8480000000000001,0.14599999999999996,-2.780879999999999,-2.01305,0.15460000000000013,-2.404,-1.0990000000000002,-0.43500000000000005,-1.1919999999999997,-0.021000000000000053,-0.6719999999999999,0.714,0.011999999999999978,0.2044,-0.03280000000000001,-0.1006,0.004499999999999999,-0.9455,-0.22890000000000002,-0.3736,-0.0758,0.21780000000000005,-0.4711,-0.178,0.06039999999999994,-1.82926,-0.70007,0.76547,0.4444100000000001,-0.39868,0.1921,-1.0970799999999996,-0.5539600000000001,0.40286999999999995,-1.7830499999999998,0.60843,-4.977,-0.41800000000000004,0.5559999999999999,-0.03699999999999999,0.8540000000000001,-0.24500000000000002,-0.0009999999999999675,-0.45,-0.040000000000000015,-0.8400000000000001,-0.022999999999999975,0.06399999999999996,0.253,-0.8780000000000001,-0.21400000000000002,0.29800000000000004,-0.7110000000000001,0.306,-0.3380000000000001,0.875,-0.238,0.736,-1.169,0.4920000000000001,10000
DEIIFASKADM,-0.02451418181818186,-0.52923105,-0.28676320000000005,0.22852086363636362,-0.48683584,0.11090909090909093,-0.3563636363636363,-0.1954545454545455,0.08545454545454545,-0.20636363636363633,0.1981818181818182,-0.26636363636363636,0.12363636363636363,0.3109090909090909,-0.09909090909090908,-0.13818181818181818,-0.3772727272727272,-0.1654545454545455,-0.0210909090909091,0.4161818181818182,-0.10090909090909085,0.37100000000000005,-0.04318181818181818,-0.3967272727272727,-0.5463636363636364,-0.2736363636363636,-0.36181818181818187,0.06090909090909092,-0.23090909090909092,-0.1945454545454546,-0.44272727272727275,0.19636363636363632,0.17272727272727273,-0.2763636363636363,-0.37000000000000005,0.2009090909090909,-0.4327272727272727,0.0010000000000000059,-0.02263636363636364,-0.14645454545454545,0.005909090909090909,0.075,-0.4327272727272727,-0.2036363636363637,-0.44244545454545425,-1.2941636363636364,-0.1718727272727273,-0.2772727272727274,-0.521818181818182,-1.728181818181818,-0.24545454545454543,-0.2945454545454546,-0.015454545454545464,-0.23727272727272727,0.33999999999999997,0.23427272727272727,-0.017636363636363634,-0.05109090909090908,-0.06136363636363637,-0.8796363636363637,-0.3312727272727273,-0.25236363636363635,-0.04172727272727273,0.012999999999999989,-0.040727272727272765,0.050454545454545446,0.1330909090909091,-0.8052181818181818,-0.5678,0.08608181818181825,-0.3756363636363636,0.012209090909090997,0.5819727272727273,-1.0921363636363637,-0.3810727272727272,-0.2004181818181818,-0.5326545454545455,-0.006254545454545493,-4.788181818181818,0.11181818181818186,0.02454545454545459,0.37363636363636366,0.6154545454545454,0.00454545454545456,-0.07636363636363638,-0.1636363636363637,-0.44272727272727275,-0.46181818181818185,-0.11545454545454546,0.015454545454545438,-0.06545454545454545,-0.8490909090909091,0.15727272727272726,0.4881818181818183,-0.25181818181818183,0.27545454545454545,-0.12454545454545451,0.1254545454545454,-0.4036363636363637,0.15636363636363632,-0.6672727272727272,0.34090909090909094,10000
MELEI,-0.041355166,-1.192501564,1.1599234199999997,0.1760319,-0.11160195399999999,-0.174,-0.42400000000000004,-0.79,-0.20800000000000002,-0.178,0.166,-0.396,0.256,0.06400000000000002,0.22999999999999998,-0.156,-0.21400000000000002,-0.496,0.1824,1.1572,0.21340000000000003,0.43019999999999997,0.23900000000000002,-0.517,-1.214,0.08,-0.41800000000000015,-0.052000000000000046,-0.342,0.06000000000000003,0.09400000000000001,0.124,-0.172,-0.16399999999999998,-0.374,0.354,-0.162,-0.0834,-0.12240000000000002,-0.22760000000000002,0.03319999999999999,0.1564,0.454,-0.31599999999999995,2.1520200000000003,-0.07136,-0.30927999999999994,1.4500000000000002,0.30600000000000005,-2.48,-0.5299999999999999,-1.238,0.5660000000000001,-0.38600000000000007,-0.71,0.26539999999999997,-0.06439999999999999,-0.0364,-0.1092,-0.7124,-0.3342,-0.08259999999999999,-0.08619999999999998,0.002400000000000002,0.8416,0.046,-0.1874,-0.6616200000000001,-1.07228,0.07303999999999995,-0.85052,-1.18186,1.0056600000000002,-0.5112400000000001,-0.7405200000000001,0.049839999999999975,-1.37846,-1.5856,-3.753999999999999,0.924,-0.39199999999999996,0.6659999999999999,-0.024000000000000004,0.25600000000000006,0.04,0.258,-0.376,-0.7140000000000001,-0.644,0.176,-0.278,-0.672,0.5599999999999999,0.4779999999999999,0.284,0.12199999999999997,0.42000000000000004,-0.9600000000000002,-0.546,-0.5900000000000001,-1.1400000000000001,-0.076,10000
RLLGD,0.033183208000000006,-0.014831861999999996,-0.76658828,0.75158612,-0.020818396000000038,0.11800000000000004,-0.26999999999999996,-0.11400000000000002,-0.07400000000000002,-0.039999999999999994,0.41600000000000004,0.09399999999999994,0.376,-0.248,-0.12000000000000002,-0.176,-0.24,0.0,-0.06640000000000004,-0.005800000000000083,-0.06360000000000003,0.9067999999999999,-0.0708,-0.09239999999999995,0.03599999999999996,-0.182,-0.184,0.06399999999999999,-0.724,-0.72,0.528,0.184,0.04600000000000004,0.79,-0.37999999999999995,0.086,-0.20600000000000002,0.0316,0.03600000000000002,-0.09220000000000002,-0.1126,0.061999999999999986,-0.30199999999999994,-0.049999999999999954,-0.908,-0.8102799999999999,0.7215,-0.716,-0.7680000000000002,-0.21400000000000005,-0.5200000000000001,-0.312,0.756,0.064,0.026000000000000002,0.22080000000000002,0.016200000000000003,-0.059,-0.1582,-0.8924,-0.019800000000000005,-0.1804,0.022199999999999998,-0.22219999999999995,-0.1732000000000001,0.14379999999999998,0.6085999999999999,-1.5014600000000002,-1.6537200000000003,0.46385999999999994,0.06939999999999998,0.07827999999999999,-0.02577999999999998,-2.2038799999999994,-0.5512400000000001,-0.77752,-1.60928,1.08902,-4.758,0.798,-0.174,0.572,0.8560000000000001,-0.019999999999999928,0.14600000000000002,-0.21599999999999997,0.38799999999999996,-0.24400000000000005,-0.22800000000000004,0.7,-0.238,-0.834,0.5159999999999999,0.43,-0.5279999999999999,0.284,-0.2720000000000001,0.1979999999999998,-0.646,-0.8380000000000001,-0.546,0.376,10000
LKTVEVTVKGPGP,-0.03559011615384614,0.28612383769230765,0.24899376153846153,0.715206546153846,0.13311005538461543,0.21538461538461537,-0.5292307692307692,-0.035384615384615445,-0.2792307692307692,-0.3038461538461539,0.0030769230769230795,0.23615384615384613,-0.1576923076923077,0.07076923076923078,0.031538461538461536,-0.33384615384615385,-0.43692307692307697,0.14846153846153845,-0.6313076923076923,-0.31684615384615383,-0.35853846153846153,0.6726923076923078,0.4333076923076923,0.04846153846153845,0.16692307692307692,-0.48307692307692307,0.2669230769230769,0.13153846153846147,0.34461538461538466,-0.6169230769230769,0.29307692307692307,-0.19538461538461535,-0.39999999999999997,0.3615384615384615,-0.5507692307692307,0.41999999999999993,-0.4015384615384615,0.041230769230769224,0.11215384615384617,-0.03792307692307692,-0.15484615384615383,-0.0007692307692307614,-0.9530769230769232,-0.1669230769230769,-1.0407846153846152,-2.576107692307692,2.463461538461539,-1.3261538461538462,-1.8023076923076924,0.23769230769230754,0.7576923076923077,-0.8507692307692307,0.11230769230769237,0.5115384615384616,0.0969230769230769,0.21830769230769234,0.17015384615384616,-0.0796923076923077,-0.08284615384615385,-1.059230769230769,-0.43569230769230766,-0.23438461538461544,0.09553846153846152,-0.3425384615384615,-0.5329230769230769,0.07815384615384617,0.1717692307692307,-2.6923153846153847,-0.4079307692307693,-0.13420769230769233,0.0320692307692307,0.9314076923076923,0.3583461538461539,-3.642607692307692,0.7754307692307693,-0.21943076923076918,-3.311746153846154,0.3404153846153846,-5.66,-0.5215384615384615,-0.12307692307692303,0.49153846153846154,0.7146153846153847,-0.03999999999999999,-0.4084615384615385,-0.4623076923076923,-0.1561538461538462,0.06153846153846151,-0.7276923076923076,0.42999999999999994,0.36846153846153845,-0.9946153846153846,0.10384615384615384,0.4969230769230769,-0.39846153846153837,-0.19076923076923075,-0.616923076923077,-0.1600000000000001,-1.4707692307692306,-0.6953846153846156,-0.49923076923076926,0.27615384615384614,10000
MSLTKELTTLS,-0.09840019545454544,-0.24760572545454543,-0.28758031818181834,0.6084224454545454,-0.18799896818181816,-0.029090909090909067,-0.5518181818181819,-0.33636363636363636,-0.14909090909090905,0.12090909090909091,0.33,-0.11727272727272728,-0.5754545454545454,0.06909090909090908,-0.030000000000000006,0.0036363636363636446,-0.3527272727272728,0.13272727272727272,0.06036363636363637,0.3314545454545454,-0.15254545454545454,0.6847272727272727,0.2082727272727273,0.06918181818181818,-0.3554545454545455,-0.2790909090909091,0.08818181818181817,0.1427272727272727,-0.01272727272727272,-0.5527272727272726,0.11545454545454543,-0.6927272727272726,-0.3972727272727273,0.33181818181818185,-0.5936363636363636,0.6018181818181817,-0.44636363636363635,0.0023636363636363607,0.01918181818181818,-0.1258181818181818,-0.10918181818181819,-0.022090909090909102,-0.42999999999999994,-0.1372727272727273,-0.6100090909090912,-1.4871272727272726,0.3533818181818182,-0.25818181818181823,-0.6372727272727273,-1.1345454545454545,0.7327272727272728,-0.289090909090909,-0.0954545454545455,-0.08363636363636368,0.43454545454545457,0.24500000000000002,0.038000000000000006,-0.09209090909090908,0.07936363636363634,-0.9248181818181819,-0.3809090909090909,-0.35254545454545455,-0.03981818181818181,0.07763636363636366,0.02481818181818183,0.013818181818181818,-0.16690909090909087,0.06028181818181826,-1.4865454545454546,0.02270909090909091,-0.789627272727273,0.17629090909090908,0.23883636363636365,-0.3196090909090909,-0.6817363636363637,-0.4475,0.17289090909090907,0.11859999999999998,-5.057272727272727,0.2563636363636364,-0.027272727272727205,0.5827272727272728,0.5,0.03454545454545457,-0.22454545454545452,-0.13454545454545458,-0.4763636363636363,-0.04090909090909092,-0.27272727272727276,-0.15727272727272726,-0.0909090909090909,-0.8809090909090909,0.27454545454545454,0.52,-0.22,-0.006363636363636369,0.005454545454545454,-0.2963636363636364,-1.0590909090909093,-0.6963636363636364,-0.8118181818181818,0.15818181818181817,10000
GNCLLTYREYK,0.21776564818181818,0.08081867727272729,0.9707393181818182,0.17234176363636364,0.8147966009090909,-2.0185873175002847e-17,0.06272727272727273,-0.16636363636363635,0.11272727272727275,0.2781818181818182,0.11727272727272728,0.06363636363636362,-0.07363636363636364,0.009999999999999993,-0.1409090909090909,0.08636363636363634,-0.14454545454545453,0.1081818181818182,-0.10509090909090911,-0.06445454545454551,0.1126363636363636,0.1964545454545455,-0.24827272727272726,0.20054545454545458,0.18999999999999997,0.14727272727272725,0.17818181818181814,0.14999999999999994,-0.28181818181818186,-0.30363636363636365,0.5818181818181819,0.19999999999999993,0.01909090909090908,0.39545454545454545,-0.1309090909090909,0.3409090909090909,-0.15000000000000002,0.020727272727272726,-0.012454545454545456,0.01963636363636364,-0.05427272727272728,-0.04136363636363637,0.20272727272727276,0.17181818181818184,-0.7596090909090911,1.0288818181818185,-0.1352636363636365,-0.2763636363636365,0.4636363636363635,0.44727272727272727,-0.0181818181818182,0.0027272727272727097,0.46181818181818185,0.4754545454545455,-0.1063636363636364,0.2262727272727273,-0.016000000000000004,0.018727272727272728,0.020545454545454544,-0.6633636363636363,-0.03981818181818184,0.05163636363636366,-0.038000000000000006,-0.092,-0.13463636363636364,-0.01654545454545453,0.23836363636363636,-0.055599999999999934,-0.2949,0.0030909090909090535,0.11139090909090908,-0.10112727272727273,0.2122909090909091,-0.2718818181818181,-0.43862727272727275,-0.2659,0.18724545454545458,0.3163181818181819,-3.5036363636363643,0.5127272727272728,-0.1236363636363636,0.058181818181818216,0.51,-0.1118181818181818,0.19818181818181815,0.09909090909090908,0.3627272727272727,0.12636363636363634,0.053636363636363614,0.22,-0.29454545454545455,-0.6481818181818182,0.32545454545454544,0.20636363636363633,-0.3563636363636363,0.2554545454545455,-0.10454545454545458,0.179090909090909,-0.032727272727272765,-0.3809090909090909,-0.379090909090909,-0.29,10000
KTVTAMDVVYAL,-0.3164048691666666,-0.39396885333333337,0.1681901166666666,0.630793325,-0.10280560000000005,-0.30583333333333335,-0.5608333333333333,-0.2816666666666667,-0.012499999999999999,-0.10833333333333332,0.16333333333333333,-0.020833333333333332,-0.2658333333333333,0.29250000000000004,0.13083333333333333,-0.32749999999999996,-0.36666666666666664,0.034999999999999996,-0.32633333333333336,0.34341666666666665,-0.05974999999999998,0.6003333333333333,-0.08725,0.1955,-0.47,-0.3841666666666666,0.4108333333333334,-0.02999999999999999,0.1258333333333333,-0.5208333333333334,-0.21583333333333335,-0.12583333333333332,-0.2225,0.3666666666666667,-0.5408333333333334,0.4941666666666667,-0.48000000000000004,-0.06425,0.03283333333333334,-0.13283333333333336,-0.08991666666666666,-0.0635,-0.4950000000000001,-0.4875,1.347625,-1.9664499999999998,0.3600166666666667,1.1108333333333333,-1.1441666666666668,-1.2625000000000002,0.6258333333333334,-0.07166666666666664,0.015000000000000013,0.27916666666666673,0.5166666666666667,0.23291666666666666,0.09333333333333334,-0.08374999999999999,-0.04008333333333333,-0.93725,-0.4365000000000001,-0.22825000000000004,0.07316666666666666,-0.14966666666666667,-0.3071666666666667,-0.049000000000000016,-0.015999999999999976,-2.074308333333333,-0.24594166666666664,0.36785833333333323,-0.42145833333333327,0.33604166666666674,0.34312500000000007,-2.8274916666666665,0.3478333333333334,-0.18460833333333335,-2.7381583333333332,0.28351666666666664,-5.115833333333334,-0.2866666666666666,0.10500000000000004,0.6191666666666666,0.6316666666666667,0.2133333333333333,-0.2908333333333334,-0.17166666666666672,-0.7475,0.043333333333333314,-0.42333333333333334,-0.13833333333333334,-0.11666666666666668,-0.9074999999999999,0.16,0.5599999999999999,-0.4091666666666667,-0.3833333333333333,-0.16083333333333333,-0.7658333333333335,-1.1816666666666669,-0.5675000000000001,-0.455,0.09916666666666667,10000
RYSYGSNIALGAAA,-0.20319873785714285,0.12808439214285722,-0.012039942857142953,0.7118807214285713,0.3577914671428573,0.07642857142857143,-0.16714285714285718,0.19357142857142856,0.2092857142857143,0.06071428571428572,0.3507142857142858,0.4407142857142857,-0.042857142857142885,0.4314285714285715,0.04071428571428572,-0.31285714285714283,-0.41428571428571426,0.2535714285714286,0.04085714285714286,-0.24721428571428575,-0.31428571428571417,0.7232142857142857,-0.27349999999999997,-0.13149999999999995,0.04642857142857142,-0.6257142857142857,0.027142857142857104,-0.06214285714285716,-0.46785714285714286,-0.4821428571428572,-0.11428571428571423,0.3392857142857143,-0.14857142857142858,-0.1464285714285714,-0.35214285714285715,0.3428571428571429,-0.455,0.027857142857142865,0.1277142857142857,-0.08978571428571429,-0.0755,0.0029999999999999988,-1.1528571428571428,-0.3085714285714286,-0.919042857142857,-3.160557142857143,0.460742857142857,-0.7135714285714286,-2.197857142857143,0.03928571428571427,0.5307142857142857,0.03857142857142853,0.5700000000000002,0.15857142857142867,0.17928571428571427,0.22485714285714284,0.12121428571428572,-0.013857142857142854,0.037428571428571415,-1.0374285714285714,-0.2427857142857143,-0.2489285714285714,0.04299999999999998,-0.20378571428571426,-1.196,0.024714285714285716,0.7576428571428572,-1.1182357142857142,-0.6292214285714287,-0.05836428571428571,0.5778642857142857,0.6571999999999999,-0.2249285714285714,-2.365164285714285,-0.1313785714285715,-0.8571857142857142,-0.6201214285714284,1.912785714285714,-5.814285714285714,-0.4735714285714286,0.22428571428571428,0.30142857142857143,1.3342857142857143,0.01785714285714284,-0.33142857142857146,-0.6378571428571428,0.06285714285714285,0.06857142857142857,-0.4014285714285714,0.30071428571428566,-0.4385714285714286,-1.0157142857142856,0.008571428571428586,0.5800000000000001,-0.784285714285714,0.3185714285714288,-0.6171428571428572,0.22571428571428573,-0.9692857142857143,0.04428571428571427,-0.40142857142857136,0.3842857142857143,10000
VRIYDGEEKIKF,0.33499761833333325,-0.2716776991666667,0.9919374916666666,0.14096850833333333,0.4695232375,0.15333333333333324,0.0008333333333333434,-0.3991666666666666,-0.021666666666666678,-0.13750000000000004,0.1641666666666667,-0.11500000000000003,0.23583333333333334,0.20750000000000002,-0.18083333333333332,0.048333333333333346,-0.1475,-0.06500000000000003,-0.4093333333333334,0.22391666666666668,0.23833333333333337,0.31725000000000003,-0.19666666666666668,0.14116666666666675,-0.19583333333333333,0.21166666666666664,0.16166666666666665,0.3608333333333334,-0.2016666666666667,-0.34833333333333333,0.06083333333333334,0.5208333333333334,0.015833333333333366,0.01916666666666667,-0.1708333333333334,0.19416666666666663,-0.09750000000000002,0.014166666666666675,-0.07466666666666667,-0.04291666666666668,-0.08625000000000001,0.0045,0.41250000000000003,0.16749999999999998,-0.9784249999999998,1.4404750000000002,0.7266416666666666,-0.5983333333333332,0.9441666666666667,-0.6133333333333334,-0.10083333333333333,-0.5058333333333334,0.5466666666666667,0.5625,-0.04999999999999999,0.22883333333333336,-0.03675,0.029249999999999998,-0.13258333333333333,-0.6241666666666666,-0.1625833333333333,0.001083333333333325,-0.10066666666666667,-0.15091666666666667,0.19641666666666666,0.06858333333333334,0.3118333333333333,0.5234499999999999,-0.638175,-0.18569999999999995,0.16334166666666664,0.2533333333333334,0.8443166666666665,0.27490000000000014,-0.3009083333333333,-0.46074166666666666,1.0325166666666667,-0.2257166666666667,-3.1725,0.7366666666666668,-0.2358333333333333,0.04833333333333332,0.3291666666666667,-0.17416666666666666,0.3166666666666666,0.19666666666666668,0.07666666666666667,-0.09166666666666669,-0.12416666666666666,0.4641666666666666,-0.055000000000000014,-0.6041666666666667,0.36000000000000004,0.15583333333333335,-0.22333333333333336,0.3491666666666667,-0.165,0.26833333333333326,-0.004166666666666615,-0.8233333333333333,-0.5283333333333332,-0.1058333333333333,10000
VKISLYKEPLMA,-0.05228855666666666,-0.3241714858333333,-0.056908316666666764,0.3786723583333333,-0.10607573583333335,-0.16249999999999995,-0.4024999999999999,-0.47,-0.19083333333333333,-0.03833333333333333,-0.01333333333333333,0.11083333333333334,-0.008333333333333335,0.16583333333333333,-0.05083333333333334,-0.2891666666666667,-0.19083333333333333,0.06166666666666667,-0.08424999999999999,0.35775,0.15258333333333332,0.5746666666666665,0.32083333333333336,0.03683333333333336,-0.3658333333333334,-0.03833333333333331,-0.025000000000000022,-0.05750000000000003,0.19749999999999998,-0.7116666666666668,0.043333333333333356,-0.25999999999999995,-0.12916666666666668,0.13499999999999998,-0.4883333333333333,0.5025,-0.22416666666666665,-0.03783333333333334,-0.021250000000000005,-0.08508333333333333,-0.12741666666666668,0.050833333333333335,0.004999999999999967,-0.37833333333333335,1.2901416666666667,-0.2852916666666669,1.561891666666667,0.6516666666666667,-0.09249999999999999,-0.6924999999999999,0.8466666666666667,-0.9025,0.1083333333333333,0.0825,0.019166666666666648,0.241,0.06166666666666667,-0.0065000000000000014,-0.09558333333333335,-0.7946666666666666,-0.25025,-0.01974999999999999,-0.024416666666666653,-0.2876666666666666,0.12999999999999998,0.018916666666666655,0.010916666666666686,0.14730833333333337,-0.8880999999999998,0.1282833333333333,-0.6998749999999999,0.30327499999999996,0.4451916666666667,-0.3997083333333333,0.3984916666666667,-0.5388333333333333,0.11683333333333328,-0.11359999999999999,-4.229166666666667,0.04416666666666669,-0.43416666666666665,0.51,0.2275,0.21250000000000005,-0.01583333333333331,0.08583333333333328,-0.32499999999999996,0.21083333333333332,-0.5175000000000001,0.1366666666666667,0.07249999999999997,-0.765,0.3141666666666667,0.43416666666666676,0.10666666666666669,-0.06250000000000003,-0.155,-0.9808333333333333,-0.48583333333333334,-0.5691666666666667,-0.17,0.31749999999999995,10000
IHAQVP,-0.285346585,-0.10703552666666671,-0.90870235,0.2749611166666666,-0.6523326816666667,0.030000000000000027,-0.3516666666666666,-0.35833333333333334,0.06666666666666671,-0.225,-0.3766666666666667,0.2683333333333333,-0.00999999999999999,0.19333333333333336,0.4183333333333334,-0.37666666666666665,-0.3416666666666666,-0.015000000000000005,-0.19299999999999998,0.11766666666666666,-0.1338333333333333,0.19283333333333333,0.5743333333333333,0.05516666666666666,-0.30833333333333335,-0.3516666666666666,0.25000000000000006,-0.13499999999999998,0.4366666666666667,-0.06833333333333334,-0.46833333333333343,-0.3416666666666666,0.375,-0.43166666666666664,-0.32166666666666666,0.7033333333333335,-0.5216666666666666,-0.04566666666666666,0.044333333333333336,-0.05533333333333335,-0.05499999999999999,0.0043333333333333375,-0.5166666666666667,-0.33666666666666667,1.3514833333333336,-1.96695,1.5097500000000001,0.6533333333333334,-1.1433333333333335,-0.515,1.0666666666666667,-0.30500000000000005,-0.4183333333333333,0.013333333333333327,-0.4633333333333333,0.22066666666666665,0.10116666666666667,-0.03433333333333333,-0.1245,-0.9010000000000001,-0.4186666666666667,-0.247,-0.12750000000000003,-0.20850000000000002,-0.24266666666666672,0.2541666666666666,-0.05683333333333331,-2.1315,-0.17125,0.8054499999999999,0.2066166666666666,0.34203333333333336,-0.28093333333333326,-1.9901666666666664,1.1921,0.2700666666666667,-3.265933333333333,-0.30124999999999996,-4.725,-0.9966666666666666,0.08666666666666667,0.1633333333333333,0.3933333333333333,0.16833333333333336,-0.4116666666666666,-0.19500000000000006,-0.7050000000000001,0.18833333333333335,-0.5933333333333334,0.08333333333333333,0.5266666666666667,-0.86,-0.30833333333333335,0.48333333333333334,-0.20666666666666664,-0.06,-0.26333333333333336,-0.6133333333333333,-0.6616666666666667,-0.33166666666666667,0.23833333333333329,0.715,10000
ADMKASED,0.4018963649999999,-0.5172538062500001,-1.1635292124999999,0.2655030625,-0.92496786875,0.72,-0.33375,-0.04000000000000001,-0.054999999999999986,-0.065,0.16624999999999998,-0.33125,0.1075,0.42875,-0.027500000000000004,0.15125,-0.56625,-0.11,-0.5658750000000001,0.401625,-0.508,0.3298749999999999,-0.011874999999999997,-0.6503749999999999,-0.5425,-0.45875,-0.8999999999999999,0.45499999999999996,-0.21000000000000002,-0.17375000000000002,-0.485,0.0049999999999999906,-0.14125,0.11999999999999998,-0.37625000000000003,-0.037500000000000006,-0.49,0.13075,-0.046,-0.188375,0.057125,0.103875,-0.9999999999999999,0.23374999999999999,-4.8271625,-1.623375,-0.6323750000000001,-2.8712500000000003,-0.3949999999999999,-1.865,-0.4699999999999999,-0.25875000000000004,0.1175,-0.71,0.56625,0.22462500000000002,-0.06012499999999999,-0.12525,-0.016375000000000008,-1.010875,-0.20600000000000002,-0.39475,-0.005624999999999998,0.23550000000000004,-0.4,0.14875,0.33925000000000005,-1.4204625,-0.7557375,-0.6214875,0.03627500000000006,-0.4195374999999999,0.416525,-1.7744125,-1.3233875,0.046537499999999954,-0.7647875,0.3093125,-5.5825,0.34125000000000005,0.15000000000000008,0.3225,0.95375,-0.50125,-0.14625000000000005,-0.42000000000000004,-0.13875,-0.74125,0.20875,0.22749999999999998,-0.03249999999999999,-0.9587500000000001,0.20625,0.55,-0.52125,0.46124999999999994,-0.11874999999999998,1.6724999999999999,-0.36499999999999994,0.5099999999999999,-0.7749999999999999,0.48125,10000
DNPNPVIYVD,0.071567151,0.614976368,-0.38294613,0.20248536,-0.7596987420000001,0.30200000000000005,-0.275,-0.12999999999999995,0.251,-0.614,-0.22400000000000003,-0.14700000000000002,-0.07899999999999999,-0.255,-0.026000000000000013,-0.06100000000000003,-0.421,-0.276,-0.6239,-0.6073999999999999,-0.05319999999999998,0.0907,0.4608999999999999,-0.41579999999999995,0.6729999999999999,-0.134,0.09699999999999998,-0.038999999999999965,0.07399999999999998,-0.21300000000000002,-0.5900000000000001,0.046000000000000034,0.489,-0.257,-0.23000000000000004,0.293,-0.601,0.041999999999999996,0.08199999999999999,0.09829999999999998,-0.042700000000000016,0.017400000000000006,-0.374,-0.12800000000000003,-0.7968400000000001,-1.11544,1.0808600000000002,-1.0819999999999996,-0.506,-0.352,-0.48599999999999993,-0.33,-1.141,0.906,-0.398,0.21459999999999999,0.003300000000000003,-0.08019999999999998,-0.0411,-0.8431000000000001,-0.3262999999999999,-0.2897,-0.10110000000000001,0.07799999999999999,-0.0863,-0.20060000000000003,-0.34940000000000004,-2.41531,-0.5427500000000001,1.5475800000000002,0.0036100000000000355,-0.40298999999999996,0.09293,-1.08161,0.3813099999999999,0.7820699999999999,-3.0951700000000004,0.055269999999999986,-4.2669999999999995,-0.6890000000000001,0.45199999999999996,-0.0029999999999999805,0.378,-0.04399999999999997,0.061999999999999986,-0.143,-0.34299999999999997,-0.5210000000000001,-0.25200000000000006,-0.04599999999999997,0.593,-0.775,-0.278,0.20500000000000002,-0.49800000000000005,-0.163,-0.217,-0.08699999999999997,0.10700000000000003,0.5259999999999999,-0.8320000000000001,0.7470000000000001,10000
TVARL,-0.28825868799999993,-0.45931822999999994,0.1867745999999999,1.0852863799999999,0.3782481059999999,-0.25199999999999995,-0.71,-0.332,-0.146,0.194,0.254,0.22800000000000004,-0.332,0.22000000000000006,0.092,-0.332,-0.23400000000000004,0.258,-0.23720000000000002,0.48439999999999994,-0.07419999999999997,0.866,0.08700000000000001,0.7204,-0.5720000000000001,-0.362,0.682,0.146,-0.556,-0.594,0.16999999999999998,-0.4640000000000001,-0.026000000000000013,0.44400000000000006,-0.6540000000000001,0.5660000000000001,-0.24999999999999994,-0.058800000000000005,0.014800000000000011,-0.167,-0.17980000000000002,-0.11000000000000001,-0.362,-0.422,0.7122999999999999,-1.40542,0.84968,1.182,-0.868,-1.124,1.3599999999999999,0.13999999999999999,0.28200000000000003,0.21800000000000005,0.41,0.23979999999999996,0.13280000000000003,-0.0804,-0.0714,-0.9262,-0.45200000000000007,-0.3676,0.0644,-0.27240000000000003,-0.37080000000000013,0.22859999999999997,0.18360000000000004,-1.6007400000000005,-1.41088,0.43755999999999995,-0.33566,0.71378,-0.18051999999999999,-2.57566,0.07538,-0.71086,-1.8888399999999996,1.30162,-5.02,0.19600000000000004,0.07400000000000002,0.702,0.7299999999999999,0.09200000000000001,-0.20400000000000001,-0.09400000000000006,-0.6839999999999999,0.39,-0.44399999999999995,0.142,0.017999999999999995,-0.89,0.29400000000000004,0.546,-0.632,-0.392,-0.14,-0.4720000000000001,-1.1880000000000002,-1.4100000000000001,-0.23600000000000004,0.30999999999999994,10000
SDTEREEPT,0.7285336133333334,0.0022658088888888994,0.03501479999999985,0.38075555555555557,-0.4742556455555555,1.011111111111111,-0.18888888888888888,-0.15444444444444447,-0.19666666666666668,-0.17222222222222222,-0.08333333333333331,-0.4144444444444444,-0.36444444444444446,0.2711111111111111,-0.02333333333333334,0.5577777777777778,-0.48666666666666664,-0.19333333333333336,-0.8377777777777778,0.03477777777777779,-0.446,0.14133333333333334,0.5641111111111111,-0.32944444444444443,-0.017777777777777743,-0.13222222222222224,-0.40111111111111114,0.7911111111111111,-0.6755555555555556,0.15000000000000002,-0.1766666666666667,-0.5033333333333333,-0.15666666666666668,0.12666666666666668,-0.19777777777777775,0.12666666666666665,-0.3844444444444445,0.1827777777777778,-0.0488888888888889,-0.05444444444444445,-0.012111111111111112,0.037888888888888896,-0.4466666666666666,0.7422222222222223,-6.810244444444444,-0.1546333333333335,0.24969999999999995,-4.121111111111111,0.637777777777778,-1.2466666666666666,-0.571111111111111,-0.48666666666666675,-0.38444444444444437,-0.0022222222222222244,0.10888888888888884,0.221,-0.07166666666666666,-0.11022222222222222,0.08988888888888888,-0.8185555555555555,-0.3407777777777778,-0.5266666666666667,-0.18699999999999997,0.39822222222222226,-0.22555555555555554,0.1587777777777778,-0.018666666666666647,-0.44980000000000014,-1.3942444444444444,-0.4784111111111111,0.7054555555555556,-0.652,0.5227555555555556,0.5967888888888891,-1.7619777777777776,0.5806333333333333,0.36133333333333323,0.14025555555555547,-4.222222222222222,0.518888888888889,0.4588888888888889,-0.2711111111111111,0.6077777777777778,-0.8099999999999999,0.14111111111111113,-0.1711111111111111,-0.015555555555555569,-0.8955555555555557,0.13111111111111112,0.18333333333333326,0.6555555555555554,-0.7511111111111111,-0.006666666666666642,0.12777777777777777,-0.7855555555555556,0.36666666666666664,-0.05111111111111111,2.117777777777778,-0.10555555555555557,-0.1277777777777778,-1.4666666666666666,0.1888888888888889,10000
KVADNSGAKEIMC,0.049178040769230776,-0.22159395615384614,-0.13572906153846148,0.2767057692307692,-0.01647810461538461,0.3107692307692307,-0.4461538461538461,0.031538461538461515,0.04384615384615386,0.11461538461538462,0.21769230769230768,-0.03846153846153848,0.10461538461538461,0.19076923076923077,0.0023076923076923053,-0.13384615384615384,-0.46615384615384614,0.11538461538461539,-0.357,0.16715384615384613,-0.4507692307692307,0.28146153846153843,-0.2217692307692308,-0.15907692307692306,-0.30846153846153845,-0.4938461538461538,-0.1476923076923077,0.2276923076923077,0.023846153846153833,-0.09769230769230762,-0.0276923076923077,0.2276923076923077,-0.12307692307692306,-0.033846153846153845,-0.49,0.19846153846153847,-0.3746153846153846,0.05384615384615384,0.02546153846153845,-0.12684615384615386,0.016692307692307687,-0.006230769230769236,-0.9930769230769232,0.01769230769230768,-1.9189153846153841,-1.9421076923076923,-0.37499230769230774,-1.206923076923077,-1.167692307692308,-0.7799999999999999,0.27230769230769236,0.009999999999999957,0.4138461538461539,-0.07384615384615383,0.06769230769230769,0.2316153846153847,0.03230769230769231,-0.09346153846153847,-0.031923076923076915,-1.0469230769230768,-0.2867692307692308,-0.26576923076923076,0.12015384615384614,-0.04561538461538461,-0.4036153846153846,0.18969230769230766,0.28969230769230764,-1.856107692307692,-0.4305307692307693,-0.6195923076923078,-0.3238846153846154,0.1601846153846155,0.13626923076923075,-2.947746153846154,-0.5109,-0.3053153846153846,-1.6813000000000002,0.3695230769230769,-5.792307692307692,0.13,-0.07999999999999999,0.5553846153846153,0.9076923076923075,-0.2315384615384615,-0.4153846153846154,-0.4292307692307693,-0.09615384615384616,-0.166923076923077,-0.08538461538461536,0.3192307692307691,-0.24461538461538462,-0.996923076923077,0.26615384615384613,0.6600000000000001,-0.32230769230769213,0.3438461538461538,-0.19000000000000006,0.8576923076923074,-0.88,0.11999999999999997,-0.4407692307692308,0.17153846153846147,10000
NAFLHHMVR,-0.1623350166666667,-0.5267890666666666,0.08702775555555547,6.647777777777734e-05,0.3310622611111111,-0.11999999999999998,0.10222222222222224,-0.53,0.38666666666666666,0.1622222222222222,0.08888888888888886,0.3077777777777778,-0.01333333333333334,-0.08444444444444443,0.14555555555555555,-0.17444444444444446,-0.09,0.11333333333333334,-0.06333333333333335,0.4993333333333333,0.15288888888888894,-0.017888888888888912,-0.02222222222222222,0.2753333333333334,-0.49,0.11333333333333334,0.08222222222222225,-0.07666666666666666,0.3266666666666667,-0.00888888888888889,-0.25,0.2455555555555555,0.47000000000000003,0.3766666666666667,-0.09,0.5966666666666666,-0.36000000000000004,-0.06988888888888889,-0.06144444444444444,-0.07822222222222222,0.025555555555555554,-0.009777777777777767,0.3888888888888889,-0.24333333333333337,1.9095444444444445,0.7006444444444444,-0.6550444444444443,1.6933333333333336,0.3988888888888888,-0.27888888888888885,0.6766666666666666,0.3144444444444444,0.03888888888888889,-0.6833333333333333,-0.6188888888888888,0.2368888888888889,0.0040000000000000036,0.07855555555555555,-0.03066666666666667,-0.6244444444444445,-0.016111111111111125,0.03533333333333334,-0.18511111111111112,-0.1127777777777778,0.14055555555555554,0.38411111111111107,0.10744444444444447,0.10993333333333331,0.32472222222222225,0.47378888888888887,-0.12221111111111115,0.06697777777777782,-0.5554222222222222,0.23617777777777793,0.436,0.012088888888888915,-0.26287777777777777,-0.23196666666666665,-3.2622222222222224,-0.035555555555555535,-0.28111111111111103,-0.02999999999999999,0.22,0.16444444444444448,-0.10333333333333337,0.2044444444444444,-0.1611111111111111,0.3288888888888889,0.17555555555555558,0.2111111111111111,-0.07555555555555558,-0.6255555555555555,0.0577777777777778,0.3233333333333334,-0.009999999999999972,0.2677777777777778,0.02666666666666669,-0.24333333333333323,0.3866666666666666,-0.31555555555555553,1.0455555555555556,0.23777777777777775,10000
LRWSWEAA,-0.09069395749999999,-0.46021870875000004,-0.42597022500000004,0.17187522499999996,-0.26964711375,-0.13500000000000004,0.22874999999999995,0.17625,-0.5050000000000001,0.24375000000000002,0.2325,0.0012500000000000011,-0.12625000000000003,0.34375,0.16125,-0.06874999999999999,-0.027499999999999997,0.0012500000000000011,0.028624999999999977,0.44237499999999996,0.23737499999999997,0.303125,-0.068875,-0.09299999999999997,-0.49749999999999994,0.15500000000000003,-0.4624999999999999,-0.16500000000000004,-0.99375,-0.255,-0.16625000000000004,-0.36,-0.6024999999999999,-0.08124999999999996,-0.1225,0.44625000000000004,-0.2975,-0.03149999999999999,-0.061125,-0.08249999999999999,-0.044375000000000005,0.11312499999999999,0.43625000000000014,-0.10624999999999998,0.9200750000000002,0.5819000000000001,0.528225,0.97,0.5174999999999998,-0.435,0.01624999999999996,-0.515,0.75,-0.33875,0.28374999999999995,0.229,0.044875000000000005,0.077125,-0.0012500000000000046,-0.531875,-0.23162500000000003,-0.25075000000000003,-0.30274999999999996,-0.03699999999999999,-0.5695,0.49424999999999997,0.5255000000000001,2.2338999999999993,-0.6651499999999999,0.5054,0.1876,0.14446249999999994,-0.31887499999999996,2.2054500000000004,0.05173749999999999,-0.606425,2.2411375,0.7259625,-2.6724999999999994,-0.4074999999999999,0.08250000000000002,-0.19124999999999998,0.6762499999999999,0.16750000000000004,0.37,0.18875000000000003,0.009999999999999981,0.10375000000000001,-0.23500000000000004,0.043750000000000025,-0.29000000000000004,-0.56,-0.11249999999999996,0.3225,-0.35375,0.39375,-0.225,-0.4375000000000001,0.4537500000000001,-0.19625000000000006,0.42999999999999994,0.06374999999999999,10000
AMVVAAER,-0.27698121249999996,-0.9367993225,0.23887832499999992,0.8429630749999999,0.038883375,-0.061249999999999916,-0.67375,-0.27125,-0.1725,0.095,0.17250000000000001,0.21375,0.08,0.57125,0.29375,-0.495,-0.3775,0.07125,-0.46687500000000004,0.8331249999999999,-0.31712499999999993,0.648125,0.013749999999999998,0.17950000000000005,-1.09875,-0.59875,0.06375000000000008,0.0875,-0.35000000000000003,-0.1975,-0.19,-0.0025000000000000022,-0.21,0.11750000000000002,-0.6087499999999999,0.38250000000000006,-0.2975,-0.046375,-0.013499999999999998,-0.27025,-0.036125,-0.004874999999999997,-0.81375,-0.5575000000000001,0.3716250000000003,-2.5726875,0.05500000000000001,0.875,-1.45375,-1.7962500000000001,0.9774999999999999,-0.17375000000000002,0.64375,-0.49874999999999997,0.2075,0.243875,0.11975,-0.083625,-0.090625,-1.037875,-0.41500000000000004,-0.28325,0.16399999999999998,-0.29425,-0.6448750000000001,0.311,0.43550000000000005,-2.3587375,-0.5034624999999999,-0.5959375,-0.11506250000000007,0.22327499999999997,0.02173750000000002,-3.8385499999999997,-0.04437499999999994,-0.47507499999999997,-2.5404999999999998,0.9695374999999999,-5.74375,-0.009999999999999953,-0.06749999999999998,0.74875,0.9149999999999999,0.04124999999999995,-0.48125000000000007,-0.3275,-0.61875,0.014999999999999986,-0.51625,0.24374999999999997,-0.16625,-1.0,0.30875,0.7375,-0.49624999999999997,-0.19625,-0.17625000000000002,-0.08500000000000008,-1.2125,-0.5525,-0.15375000000000003,0.30750000000000005,10000
ATAIAHVCHNFNV,-0.42342424230769227,-0.3065812361538462,0.10293290769230759,0.29185488461538456,0.07974965999999999,-0.1176923076923077,-0.27999999999999997,-0.05384615384615384,0.5415384615384615,0.08923076923076921,0.0669230769230769,0.15923076923076926,-0.20692307692307688,0.156923076923077,0.2146153846153846,-0.2953846153846154,-0.3984615384615384,0.09461538461538462,-0.06653846153846152,0.23053846153846153,-0.2889999999999999,0.1210769230769231,-0.1700769230769231,0.06884615384615386,-0.40461538461538465,-0.4846153846153846,0.2661538461538462,-0.1576923076923077,0.05076923076923079,0.04923076923076924,-0.3861538461538462,0.23461538461538464,0.546923076923077,-0.09769230769230769,-0.2784615384615384,0.5161538461538462,-0.5884615384615385,-0.054923076923076915,0.058846153846153854,-0.11107692307692307,0.04023076923076922,-0.05800000000000001,-0.773076923076923,-0.31615384615384623,1.4428846153846158,-2.3981,-0.9570307692307692,1.2553846153846158,-1.6061538461538463,-0.6992307692307692,0.6715384615384615,0.5561538461538461,-0.08384615384615383,-0.06769230769230769,-0.44307692307692315,0.23653846153846156,0.09276923076923077,-0.017307692307692305,0.02515384615384616,-0.9453076923076922,-0.4512307692307693,-0.28623076923076923,-0.05430769230769231,-0.040923076923076944,-0.46130769230769236,0.2262307692307692,0.0497692307692308,-2.6470384615384615,0.5262538461538461,0.8634076923076924,0.0229153846153846,0.3388538461538462,-0.48847692307692303,-2.8283769230769233,0.6397153846153846,0.21020769230769237,-3.5623615384615377,0.22373846153846166,-5.185384615384614,-0.8284615384615385,0.3684615384615385,0.19230769230769232,0.8046153846153845,0.13538461538461538,-0.5676923076923077,-0.3184615384615385,-0.6192307692307693,0.06999999999999999,-0.10846153846153847,0.0023076923076922927,-0.14846153846153845,-0.9269230769230767,-0.26692307692307693,0.5723076923076923,-0.5169230769230769,0.05769230769230771,-0.18999999999999997,0.004615384615384619,-0.6723076923076923,0.25384615384615383,0.13846153846153847,0.29615384615384616,10000
VTGFD,-0.34165213999999994,0.28222758600000003,0.24692073999999992,0.5078452600000001,-0.142970826,-0.03199999999999999,-0.154,0.258,0.25,-0.534,0.40599999999999997,-0.14400000000000004,-0.08799999999999997,0.138,-0.13200000000000003,-0.266,-0.4960000000000001,-0.172,-0.324,-0.45499999999999996,-0.297,0.4790000000000001,-0.29480000000000006,-0.26159999999999994,0.27,-0.522,0.21600000000000003,-0.10999999999999996,-0.040000000000000015,-0.274,-0.07199999999999998,0.568,-0.04199999999999995,0.312,-0.20400000000000001,0.242,-0.704,-0.0028000000000000134,0.153,-0.033600000000000005,-0.0174,-0.0206,-0.916,-0.24400000000000005,0.04150000000000027,-3.2205,-0.12465999999999999,-0.5020000000000001,-2.314,-0.1920000000000001,-0.93,0.16,-0.013999999999999967,0.41600000000000004,0.63,0.20659999999999998,0.0738,-0.0566,0.022799999999999994,-0.9928000000000001,-0.3738,-0.2242,0.06899999999999999,-0.1136,-0.7192000000000001,-0.1206,0.3394,-2.6249000000000002,0.7093400000000001,0.017479999999999985,0.63,0.6683199999999999,0.5301400000000001,-3.1695800000000003,0.30762,0.012340000000000018,-2.92022,0.5366,-5.322,-0.592,0.40599999999999997,0.09800000000000002,1.0579999999999998,0.11800000000000002,-0.336,-0.56,-0.172,-0.56,-0.1999999999999999,-0.06400000000000006,-0.12400000000000003,-0.95,-0.098,0.364,-0.836,0.052000000000000005,-0.668,-0.005999999999999961,-1.202,0.13799999999999996,-1.01,-0.13399999999999998,10000
IIMDL,-0.622130554,-0.660218906,0.2643630599999999,0.15768178,-0.26183208,-0.748,-0.74,-0.6100000000000001,0.10999999999999999,-0.384,0.256,-0.34199999999999997,0.258,-0.31799999999999995,0.096,-0.5199999999999999,-0.186,-0.33599999999999997,0.7672000000000001,0.6204000000000001,0.40279999999999994,0.4568,-0.021599999999999998,-0.26280000000000003,-0.6639999999999999,-0.072,0.268,-0.512,-0.11000000000000003,-0.06399999999999997,-0.392,0.168,0.252,-0.33199999999999996,-0.6300000000000001,0.476,-0.388,-0.1818,-0.007600000000000001,-0.122,-0.023600000000000003,0.045,0.308,-0.8460000000000001,5.84864,-1.10954,0.05244,3.4840000000000004,-0.732,-2.15,-0.324,-0.354,-0.292,0.20799999999999996,-0.18200000000000002,0.25020000000000003,-0.007200000000000001,-0.06639999999999999,-0.1768,-0.7992,-0.391,-0.1566,-0.008799999999999997,-0.10800000000000001,0.8744,-0.1008,-0.502,-1.46822,-1.1563400000000001,1.4678799999999999,-1.89608,-0.47868000000000005,0.58998,-1.60196,0.25766,-0.20334000000000008,-2.7112000000000003,-0.87582,-4.322,0.29,-0.348,1.0979999999999999,-0.027999999999999987,0.752,-0.014000000000000002,0.196,-0.882,-0.326,-0.636,-0.21399999999999997,-0.2,-0.768,0.42400000000000004,0.6759999999999999,0.4620000000000001,-0.13,0.364,-2.186,-0.8099999999999999,-0.502,-0.584,0.22599999999999998,10000
VPADDLTDPAPATTF,-0.10101136066666667,0.157647072,-0.7712803066666667,0.6687403866666667,-0.8106108973333334,0.26266666666666677,-0.536,0.1606666666666667,-0.04400000000000002,-0.4686666666666667,-0.23533333333333334,-0.07533333333333332,-0.34800000000000003,0.20400000000000004,-0.08466666666666667,-0.25733333333333336,-0.5326666666666667,-0.14199999999999996,-0.23166666666666672,-0.29113333333333336,-0.41553333333333337,0.4786,0.7748666666666668,-0.5197999999999999,0.13533333333333333,-0.566,-0.402,-0.11133333333333333,-0.20266666666666672,-0.41866666666666674,-0.19866666666666669,-0.5853333333333333,0.3433333333333334,0.10199999999999995,-0.3913333333333334,0.31333333333333335,-0.6859999999999999,0.052400000000000016,0.11073333333333335,-0.04473333333333334,-0.06366666666666668,0.09706666666666665,-1.112666666666667,-0.30799999999999994,-1.4409133333333335,-3.251266666666666,1.5823533333333335,-1.3353333333333335,-1.8393333333333335,-0.6913333333333331,-0.11266666666666664,-0.5559999999999999,-0.9819999999999999,-0.12399999999999999,0.6626666666666667,0.20893333333333336,0.11720000000000004,-0.10546666666666667,0.007399999999999994,-1.0456666666666665,-0.5192,-0.42433333333333323,-0.0264,-0.06473333333333331,-0.6639333333333333,-0.05799999999999999,-0.10379999999999999,-3.6323066666666666,-0.003106666666666591,0.9850333333333332,0.09918,0.37437333333333334,0.25421333333333335,-3.264706666666667,0.7028866666666665,0.6106333333333333,-4.31428,0.60178,-5.618666666666667,-1.1146666666666667,0.464,0.20333333333333328,0.7979999999999999,0.018666666666666668,-0.24000000000000002,-0.48533333333333334,-0.5793333333333334,-0.5,-0.356,-0.21733333333333335,0.7493333333333335,-0.9926666666666665,-0.314,0.4126666666666667,-0.7313333333333334,-0.32866666666666666,-0.5666666666666667,-0.07733333333333334,-0.7933333333333333,0.5186666666666666,-0.7406666666666669,0.7433333333333334,10000
NPSVKPIC,-0.12405730625000005,0.68351263625,-0.6823194000000001,0.2100907125,-0.44388963750000004,0.1975,-0.6375000000000001,0.0625,-0.0012500000000000011,-0.08875000000000001,-0.39749999999999996,0.12875,-0.16749999999999998,-0.16624999999999998,-0.125,-0.28500000000000003,-0.38,0.16499999999999998,-0.3145,-0.5235,-0.366375,-0.007249999999999979,0.724625,0.029374999999999984,0.5475000000000001,-0.34375,0.22375000000000006,-0.09875,0.315,-0.11875000000000005,-0.07624999999999998,-0.5899999999999999,0.3075,-0.24374999999999997,-0.575,0.52875,-0.42,0.0355,0.11124999999999999,0.083375,-0.06637500000000002,-0.03625,-0.8312499999999999,-0.16500000000000004,-0.16047499999999992,-1.75705,1.573375,-0.7300000000000002,-1.19125,0.47375000000000006,0.8975,-0.3075,-0.9850000000000001,0.48625,-0.31875,0.223875,0.11525,-0.07625,0.006500000000000006,-1.0033750000000001,-0.40512499999999996,-0.24312499999999998,0.075625,-0.21325,-0.24275000000000002,0.134125,-0.381625,-1.28565,-0.5735750000000001,0.1226875,-0.7953625,0.4231625,-0.2583,-1.337575,0.6903,0.13440000000000002,-1.3024749999999998,0.41629999999999995,-5.2925,-0.8512500000000001,-0.13874999999999998,0.325,0.37125,-0.022500000000000006,-0.40375000000000005,-0.25875,-0.3425,0.15875,-0.3375,-0.08375,0.77625,-0.9312499999999999,-0.13499999999999998,0.48624999999999996,-0.019999999999999962,-0.04875000000000001,-0.31499999999999995,-0.15374999999999997,-0.5075,0.485,-0.14499999999999993,0.5225000000000002,10000
TPYTFTKDQ,0.3510276333333333,0.3177214655555555,0.4303132444444444,0.0967818,0.11384594555555555,0.27444444444444444,0.01666666666666665,-0.14666666666666667,-0.06777777777777777,-0.1688888888888889,-0.11555555555555558,-0.18666666666666668,-0.6133333333333332,0.17555555555555558,-0.23555555555555557,0.24777777777777782,-0.27888888888888885,-0.013333333333333332,-0.2768888888888889,-0.38266666666666665,0.03911111111111111,0.010333333333333337,0.323,0.07744444444444441,0.42000000000000004,0.09666666666666666,0.1311111111111111,0.30666666666666664,0.28,-0.24333333333333337,0.20555555555555557,-0.43777777777777765,0.10777777777777775,-0.07222222222222226,-0.060000000000000005,0.541111111111111,-0.49222222222222217,0.0668888888888889,0.007444444444444432,0.08566666666666665,-0.086,-0.03377777777777778,0.056666666666666705,0.23333333333333334,-2.6102333333333334,0.5316000000000002,1.0365777777777776,-1.7188888888888891,0.63,0.1688888888888889,0.06777777777777777,-0.0488888888888889,-0.8144444444444445,0.35444444444444445,0.9388888888888888,0.2018888888888889,-0.02511111111111111,-0.03366666666666666,0.07422222222222222,-0.6684444444444444,-0.24211111111111108,-0.1441111111111111,-0.1507777777777778,0.0967777777777778,-0.15700000000000003,-0.1582222222222222,-0.19099999999999998,-0.548211111111111,0.2854777777777777,0.25054444444444446,0.3182888888888889,0.3692777777777778,0.6438444444444444,0.17400000000000004,0.07689999999999994,0.5180333333333333,-0.35630000000000006,-0.29893333333333333,-3.4099999999999997,-0.2222222222222222,0.24666666666666673,-0.3055555555555556,0.32666666666666666,-0.21666666666666667,0.22222222222222227,0.049999999999999975,-0.1788888888888889,-0.040000000000000036,0.1733333333333333,-0.3766666666666667,0.4766666666666667,-0.65,-0.10222222222222223,0.010000000000000002,-0.5333333333333334,-0.03888888888888885,-0.30666666666666664,0.20555555555555552,0.047777777777777725,-0.2255555555555556,-0.601111111111111,0.04777777777777778,10000
AIAEDAGAVSVM,-0.4288194375,-0.49459513833333335,-0.4398468916666667,0.8102555916666666,-0.4784139783333334,0.030000000000000027,-0.6583333333333333,0.0775,0.0425,-0.18499999999999997,0.28250000000000003,0.09833333333333334,0.10083333333333333,0.5341666666666667,0.26999999999999996,-0.5108333333333334,-0.5975,-0.01916666666666666,-0.2310833333333333,0.34450000000000003,-0.5476666666666666,0.7725000000000001,-0.10916666666666669,-0.3700833333333333,-0.7041666666666667,-0.9291666666666666,-0.14083333333333328,-0.09500000000000001,-0.30000000000000004,-0.265,-0.4633333333333334,0.20666666666666667,-0.24250000000000002,-0.10999999999999999,-0.6075,0.2625,-0.5800000000000001,-0.013916666666666666,0.10008333333333334,-0.24041666666666664,-0.007500000000000002,0.03875000000000001,-1.5524999999999995,-0.5416666666666666,-0.0008249999999996316,-4.754716666666666,0.013174999999999973,-0.05083333333333314,-2.935833333333333,-1.6441666666666668,0.31,-0.2191666666666667,0.47916666666666674,-0.2399999999999999,0.23916666666666667,0.23491666666666666,0.13616666666666666,-0.11399999999999999,-0.04624999999999999,-1.2229166666666667,-0.5195833333333333,-0.42591666666666667,0.152,-0.16858333333333334,-0.9455000000000001,0.12191666666666663,0.4845,-3.195133333333334,-0.4520666666666668,-0.2186916666666667,0.07601666666666669,0.32263333333333327,0.11015000000000001,-4.627383333333333,-0.02315833333333332,-0.4295166666666667,-3.5617500000000004,1.0544333333333336,-6.853333333333333,-0.5824999999999999,0.2541666666666667,0.75,1.2758333333333336,0.10000000000000002,-0.6891666666666666,-0.7516666666666666,-0.5900000000000001,-0.3866666666666667,-0.6433333333333334,0.18749999999999997,-0.2866666666666666,-1.1725,0.04833333333333334,0.85,-0.6525,0.02,-0.4266666666666666,0.04749999999999999,-1.7041666666666666,0.1175,-0.7391666666666667,0.43583333333333335,10000
LKSSNRPLDDREK,0.6796902969230769,0.12717476769230768,-1.1247858307692307,0.31116972307692303,-0.44673063307692307,0.7792307692307693,-0.19461538461538463,-0.30307692307692313,-0.14307692307692307,0.09846153846153845,0.08538461538461539,-0.11153846153846156,-0.013846153846153859,-0.06692307692307689,-0.2876923076923077,0.3669230769230769,-0.2623076923076923,0.12307692307692306,-0.7063846153846154,-0.001153846153846172,-0.12853846153846152,0.3323076923076923,0.3010769230769231,0.062461538461538485,0.16999999999999998,0.10538461538461535,-0.3015384615384616,0.6638461538461538,-0.30230769230769233,-0.5123076923076922,-0.03923076923076925,-0.3469230769230769,0.11307692307692309,0.28692307692307695,-0.3361538461538461,0.14615384615384613,-0.18,0.14976923076923077,-0.0736923076923077,-0.019461538461538457,-0.10307692307692305,0.013999999999999997,-0.04846153846153846,0.533076923076923,-5.152607692307693,1.447630769230769,0.8151615384615385,-3.0923076923076924,1.386153846153846,-0.5399999999999999,0.2353846153846154,-0.2853846153846154,-0.13384615384615384,0.07,0.07615384615384618,0.22523076923076918,-0.08146153846153846,-0.06576923076923076,-0.05515384615384616,-0.7572307692307692,-0.03000000000000002,-0.29615384615384616,-0.12923076923076923,0.11900000000000002,0.12276923076923074,0.23092307692307695,0.17484615384615385,1.0906538461538458,-2.102423076923077,-0.15420000000000006,-0.08388461538461536,-0.07748461538461544,0.01673076923076925,1.4454615384615386,-1.2771384615384618,-0.37015384615384617,2.3265846153846157,0.6107923076923079,-3.8784615384615386,0.9353846153846154,-0.10769230769230767,0.0492307692307692,0.44846153846153847,-0.6269230769230768,0.32999999999999996,0.06692307692307692,0.21538461538461537,-0.14615384615384625,0.3107692307692308,0.4807692307692308,0.36923076923076914,-0.6938461538461538,0.32230769230769235,0.18615384615384614,-0.3807692307692308,0.46999999999999986,-0.03692307692307692,1.5615384615384615,0.4653846153846154,-0.4638461538461539,-0.43615384615384606,0.6276923076923077,10000
NLIQAKMDELT,0.14101822545454548,-0.5529586709090909,-0.048154709090909194,0.30034491818181813,-0.1798711572727273,0.1636363636363637,-0.3972727272727272,-0.440909090909091,-0.08454545454545455,0.011818181818181823,0.24363636363636362,-0.2163636363636364,-0.05909090909090908,-0.015454545454545455,0.05636363636363635,0.0018181818181818197,-0.32363636363636367,-0.1281818181818182,-0.08527272727272726,0.49699999999999994,-0.023545454545454536,0.4432727272727273,0.04363636363636364,-0.20463636363636367,-0.55,-0.12636363636363634,-0.2127272727272728,0.2045454545454545,-0.007272727272727292,-0.29363636363636364,0.16454545454545452,-0.07636363636363637,0.08545454545454546,-0.2563636363636364,-0.37454545454545457,0.38272727272727275,-0.34181818181818185,0.011,-0.05227272727272727,-0.14081818181818184,-0.03481818181818182,0.05036363636363636,-0.16181818181818183,-0.060909090909090885,-0.9364363636363635,-0.45351818181818176,0.037354545454545425,-0.4018181818181818,0.08363636363636359,-1.489090909090909,0.16000000000000006,-0.3363636363636364,0.18636363636363634,-0.08636363636363636,0.034545454545454476,0.23954545454545456,-0.051,-0.09627272727272727,-0.08790909090909091,-0.8484545454545455,-0.2742727272727273,-0.2600909090909091,-0.05290909090909091,0.08154545454545455,0.315,0.024909090909090912,-0.018999999999999996,-1.737427272727273,-1.0778545454545454,0.5389090909090909,-0.5027636363636363,-0.3491272727272726,0.3811363636363637,-1.7151727272727273,-0.5197636363636364,-0.013209090909090927,-2.2519454545454547,-0.6209454545454546,-4.550909090909091,0.5727272727272728,-0.007272727272727259,0.5554545454545454,0.43454545454545457,-0.058181818181818154,-0.023636363636363646,-0.02272727272727275,-0.3072727272727273,-0.24818181818181823,-0.19000000000000003,0.16454545454545452,-0.23999999999999996,-0.8009090909090909,0.35,0.4627272727272728,-0.2490909090909091,0.09818181818181819,0.13272727272727275,-0.011818181818181889,-0.44090909090909086,-0.5281818181818182,-0.7672727272727272,0.44909090909090904,10000
EERLSQLV,0.19754742999999997,-0.49915273375,-0.8577912750000001,0.5759304375000001,-0.79540691125,0.24375000000000002,-0.30624999999999997,-0.63,-0.25125,0.11,0.16749999999999998,-0.195,0.07749999999999996,0.21125,0.14875,0.13374999999999998,-0.2425,-0.1775,-0.52925,0.686125,0.013249999999999984,0.6323749999999999,0.20425000000000001,0.15187500000000004,-0.645,0.012499999999999983,-0.007499999999999951,0.39125,-0.50375,-0.4362499999999999,0.1,-0.3687499999999999,-0.12874999999999998,0.08000000000000002,-0.34,0.41625,-0.16,0.01912499999999999,-0.08687500000000001,-0.16062500000000002,-0.09012500000000001,0.005874999999999991,0.14,0.15875000000000006,-1.6953375,0.36283750000000015,0.0562125,-0.6187499999999998,0.72125,-1.6475,0.22749999999999998,-0.5075000000000001,0.56125,0.1025,-0.30125,0.246375,-0.07099999999999998,-0.078125,-0.083875,-0.7633749999999999,-0.222875,-0.2665,-0.099625,0.02162500000000002,0.26799999999999996,0.18324999999999997,0.213375,0.8783749999999999,-2.215875,-0.35456250000000006,0.2719249999999999,-0.5879375,0.24470000000000003,1.0388000000000002,-1.2554125,-0.5165375000000001,1.34015,-0.07005000000000006,-3.8625,1.0275,0.015000000000000027,0.23625,0.40375,-0.24749999999999994,0.09125000000000003,0.13749999999999998,-0.22125,-0.29250000000000004,-0.29000000000000004,0.275,-0.0875,-0.6925000000000001,0.385,0.28375,-0.4225,0.22249999999999998,0.17375,0.34124999999999994,-0.3487500000000001,-1.0662500000000001,-1.13875,0.29,10000
QCICSK,-0.23175977,0.17377662166666666,-1.1373201666666668,-0.29275366666666663,-0.4244857666666666,-0.09166666666666674,-0.59,0.18500000000000003,0.12500000000000006,0.7633333333333333,-0.21,-0.305,0.08166666666666668,0.12,-0.04999999999999999,-0.041666666666666685,-0.33499999999999996,0.23166666666666666,0.12599999999999997,0.114,-0.47783333333333333,-0.49433333333333335,-0.328,0.4875,-0.08166666666666668,-0.3266666666666667,0.4483333333333334,0.05833333333333331,0.07833333333333337,0.565,0.38499999999999995,-0.46833333333333327,0.23999999999999996,-0.2566666666666666,-0.54,0.5066666666666666,-0.2483333333333333,-0.004333333333333328,0.022333333333333327,-0.006166666666666663,0.09616666666666666,-0.19833333333333333,-0.725,0.27999999999999997,0.014850000000000326,-0.6706833333333334,-2.1088166666666672,0.38500000000000006,-0.5800000000000001,-0.048333333333333395,0.5333333333333333,1.1433333333333333,-0.0033333333333333734,0.20833333333333334,0.13,0.22733333333333336,-0.027499999999999997,-0.1195,0.061,-0.9743333333333334,-0.27499999999999997,-0.14900000000000002,0.2336666666666667,-0.03566666666666667,-0.06616666666666667,0.3336666666666666,-0.2061666666666667,0.05025000000000013,-0.18746666666666664,-1.579983333333333,-0.9721166666666666,-0.11960000000000008,-0.2580666666666666,-1.1056,-0.7863000000000001,-0.2993333333333334,0.7786833333333334,0.005483333333333322,-5.33,0.23499999999999996,-0.25666666666666665,0.4750000000000001,0.5750000000000001,-0.19499999999999998,-0.5866666666666666,-0.13500000000000004,-0.2783333333333334,0.285,0.35833333333333334,-0.43166666666666664,-0.11333333333333333,-0.9183333333333333,0.25166666666666665,0.6866666666666666,0.105,0.5183333333333334,0.2166666666666667,0.7033333333333333,-0.7916666666666669,0.5016666666666666,-0.2866666666666667,-0.5666666666666667,10000
LEKKE,1.071728812,-1.002928578,0.50303018,0.18749963999999997,0.14182606200000003,0.7659999999999999,-0.09600000000000002,-0.764,-0.518,0.22199999999999998,0.07599999999999998,-0.29800000000000004,0.22599999999999998,0.292,-0.22399999999999998,0.43599999999999994,-0.17,-0.044,-0.8544,1.0096,0.11019999999999999,0.5992000000000001,0.20919999999999997,-0.08659999999999997,-0.924,0.404,-0.784,0.9279999999999999,-0.018000000000000016,-0.898,0.6679999999999999,-0.03200000000000001,-0.242,0.378,-0.256,0.019999999999999997,0.192,0.13219999999999998,-0.244,-0.19660000000000002,-0.12200000000000003,0.1516,0.536,0.724,-5.048780000000001,3.1671,1.3857199999999998,-2.884,2.614,-1.4979999999999998,0.42200000000000004,-1.6880000000000002,1.246,-0.11400000000000002,-0.278,0.2514,-0.1058,-0.008800000000000002,-0.2112,-0.6184000000000001,-0.1338,-0.02560000000000001,-0.18419999999999997,-0.0258,0.8150000000000001,0.23420000000000002,0.3422,0.74068,-1.6092399999999998,-0.6307400000000001,-0.06467999999999999,-0.11534000000000004,1.26812,0.6176,-1.02934,-0.47863999999999995,1.26254,-1.51664,-3.1239999999999997,1.72,-0.57,0.22199999999999998,0.092,-0.6679999999999999,0.454,0.392,0.304,-0.1640000000000001,-0.074,1.032,-0.06399999999999999,-0.576,0.75,0.148,-0.020000000000000018,0.47000000000000003,0.09,1.3039999999999998,0.2,-1.338,-0.7639999999999999,0.192,10000
SSFRISDILEQ,-0.028348244545454572,0.012847980909090928,-1.210155518181818,0.3143369454545455,-0.8949272027272727,0.15454545454545457,-0.24818181818181817,-0.32090909090909087,0.08818181818181818,-0.055454545454545444,0.26,-0.2318181818181818,-0.04363636363636366,0.1990909090909091,-0.10090909090909093,0.10181818181818182,-0.2863636363636364,-0.07727272727272728,-0.06781818181818183,0.15045454545454545,-0.004818181818181788,0.39518181818181813,0.03036363636363637,0.0510909090909091,-0.12727272727272726,-0.10000000000000003,0.15545454545454546,0.19454545454545455,-0.44272727272727264,-0.22636363636363635,-0.49272727272727274,-0.2127272727272727,0.10727272727272727,-0.4163636363636364,-0.3427272727272727,0.44909090909090904,-0.3909090909090909,0.01263636363636364,-0.002818181818181821,-0.06054545454545455,-0.06463636363636363,-0.036818181818181826,-0.11909090909090897,0.049090909090909095,-1.0506090909090906,-0.4391363636363637,-0.2298454545454546,-0.5890909090909092,0.09636363636363642,-1.2781818181818183,0.07,0.0918181818181818,-0.19181818181818186,0.2654545454545455,0.1127272727272727,0.23618181818181821,-0.06618181818181817,-0.04963636363636363,0.01336363636363635,-0.791,-0.25390909090909086,-0.3361818181818182,-0.13045454545454546,0.10918181818181821,0.05154545454545456,0.09018181818181818,0.09227272727272728,2.165927272727273,-1.9872818181818184,-0.23138181818181813,-0.034981818181818225,-0.0632909090909091,0.13247272727272727,2.3667000000000002,-1.1476818181818182,-0.6771272727272728,3.429881818181819,0.5378363636363634,-4.1054545454545455,0.45545454545454545,0.1490909090909091,0.06454545454545456,0.5136363636363636,-0.1227272727272727,0.04181818181818183,-0.01636363636363636,-0.36454545454545445,-0.280909090909091,-0.04272727272727275,-0.1318181818181818,0.02272727272727271,-0.7381818181818183,0.09363636363636366,0.3009090909090909,-0.34909090909090906,0.48727272727272725,-0.005454545454545479,0.2954545454545454,-0.16727272727272735,-0.32,-0.989090909090909,0.34,10000
ILSYNLPLELE,-0.1304009509090909,-0.20562236818181814,-0.26592681818181824,0.524219209090909,-0.55450914,-0.18636363636363631,-0.29818181818181816,-0.4954545454545455,0.017272727272727276,-0.1890909090909091,0.03181818181818183,-0.05818181818181818,-0.040909090909090895,-0.06636363636363636,-0.008181818181818179,-0.17545454545454547,-0.21636363636363634,-0.2545454545454545,0.18581818181818185,0.2856363636363636,0.2346363636363636,0.7594545454545453,0.48218181818181827,-0.38499999999999995,-0.21818181818181823,0.01999999999999999,-0.24545454545454548,-0.2645454545454546,-0.41,-0.7781818181818181,0.1,-0.2690909090909091,0.23454545454545456,-0.0009090909090908897,-0.3190909090909091,0.46636363636363637,-0.30818181818181817,-0.04481818181818182,0.007999999999999997,-0.07672727272727274,-0.11254545454545455,0.12409090909090907,0.12454545454545456,-0.36454545454545445,1.810209090909091,-0.6722727272727271,1.1045545454545453,0.8445454545454546,-0.28272727272727266,-1.0127272727272727,-0.019090909090909006,-1.1345454545454545,-0.021818181818181837,0.33,-0.6245454545454546,0.25090909090909097,0.016181818181818186,-0.008090909090909093,-0.0540909090909091,-0.7562727272727272,-0.31927272727272726,-0.13563636363636364,-0.16890909090909093,-0.1020909090909091,0.32781818181818173,-0.15972727272727272,-0.10581818181818183,-0.2549818181818182,-1.5633727272727271,1.3334181818181818,-0.3331909090909091,-0.4395909090909091,0.3399727272727273,0.4387909090909093,0.07307272727272726,-0.22640909090909095,-0.7989090909090906,-0.2769818181818182,-3.9018181818181827,0.043636363636363654,0.026363636363636356,0.32909090909090905,0.23636363636363641,0.32000000000000006,0.1372727272727273,0.10636363636363635,-0.29272727272727284,-0.3172727272727273,-0.6727272727272727,0.08363636363636362,-0.02000000000000001,-0.7090909090909091,0.1281818181818182,0.2972727272727273,-0.17727272727272728,-0.05545454545454545,-0.040909090909090895,-1.2318181818181821,-0.2863636363636364,-0.3118181818181818,-1.0545454545454547,0.5390909090909091,10000
ATSTSSSFHG,-0.26204426200000003,0.5589050870000001,-1.37969913,0.52413549,-0.571059408,0.377,-0.145,0.31899999999999995,0.352,0.032999999999999995,0.38,0.195,-0.628,0.43899999999999995,-0.012999999999999989,0.04200000000000002,-0.595,0.36100000000000004,-0.1065,-0.4932,-0.6889,0.41929999999999995,-0.0665,-0.07100000000000001,0.304,-0.785,0.122,0.13600000000000004,-0.00399999999999999,-0.199,-0.7139999999999999,-0.30499999999999994,-0.36100000000000004,0.06299999999999999,-0.38,0.5579999999999999,-0.827,0.0852,0.1742,-0.0476,-0.02789999999999999,-0.08580000000000002,-1.5710000000000002,0.07400000000000001,-2.96449,-4.0510399999999995,-0.4368600000000001,-2.115,-2.438,0.005999999999999961,0.642,0.605,-0.344,-0.187,0.502,0.22080000000000002,0.0971,-0.04529999999999999,0.26270000000000004,-1.1134,-0.3524,-0.5142,-0.0769,0.17140000000000002,-1.2385,0.16699999999999998,0.37060000000000004,1.1596599999999997,-0.7128500000000001,-0.8784599999999999,0.59276,0.89939,-0.5099899999999999,0.4759100000000004,-0.80149,-0.6298199999999999,2.55844,1.7276,-6.194,-0.893,0.483,-0.135,1.308,-0.23200000000000004,-0.674,-0.8030000000000002,-0.23699999999999996,-0.11499999999999999,0.053000000000000005,-0.21700000000000008,-0.015000000000000013,-1.076,-0.388,0.538,-0.768,0.618,-0.6060000000000001,1.1600000000000001,-1.113,0.46399999999999997,-0.49999999999999983,0.227,10000
GAKRYDDKDR,0.9173136640000001,0.08554632000000002,-0.32026833000000005,0.13266978999999998,0.27946973099999994,0.874,0.132,-0.06800000000000003,-0.060999999999999985,0.08000000000000003,0.15299999999999997,-0.10099999999999998,0.27799999999999997,0.155,-0.326,0.42700000000000005,-0.255,0.158,-0.8795,-0.1688,-0.10619999999999999,0.16219999999999998,-0.3106,0.10270000000000001,0.27799999999999997,0.13699999999999998,-0.2859999999999999,0.8580000000000002,-0.391,-0.3440000000000001,0.03899999999999998,0.378,0.028000000000000004,0.567,-0.12,-0.172,-0.121,0.1822,-0.09319999999999999,0.000999999999999998,-0.0608,-0.011800000000000001,-0.028999999999999915,0.757,-6.55359,2.1374500000000003,0.3744700000000001,-3.8050000000000006,1.5949999999999998,-0.07999999999999999,-0.45199999999999996,0.15599999999999997,0.4090000000000001,0.16,0.6359999999999999,0.1983,-0.10530000000000002,-0.04009999999999999,-0.1172,-0.6935,0.15499999999999997,-0.14859999999999998,-0.072,0.0747,-0.29750000000000004,0.2177,0.6494000000000001,-0.0032399999999999096,-0.94052,-0.5317999999999999,0.5982000000000001,0.11722999999999999,0.34830000000000005,-0.28762999999999994,-1.31712,-0.31715,1.31103,0.95686,-3.6310000000000002,1.1400000000000001,-0.095,-0.10400000000000001,0.777,-0.817,0.5269999999999999,-0.015999999999999993,0.6200000000000001,-0.1640000000000001,0.637,0.736,0.126,-0.6629999999999999,0.43,0.12499999999999996,-0.6499999999999999,0.6469999999999999,-0.23400000000000007,2.331,0.5630000000000002,-0.4800000000000001,-0.13399999999999995,0.19800000000000004,10000
EGVKDAVC,-0.09403606500000006,-0.18164716874999998,-0.37488178749999995,0.45701092499999996,-0.411578215,0.22,-0.515,0.17625000000000002,0.037500000000000006,-0.016250000000000014,0.08499999999999999,-0.15875,0.2825,0.31875000000000003,0.10750000000000001,-0.23125,-0.5525,-0.03499999999999999,-0.7123750000000001,0.153625,-0.58575,0.369875,-0.28912499999999997,-0.13449999999999995,-0.33375,-0.64375,-0.011249999999999954,0.17499999999999993,-0.15375,-0.14625,0.02124999999999999,0.31,-0.16374999999999998,0.445,-0.48250000000000004,0.056249999999999994,-0.4,0.03912499999999999,0.05825,-0.14700000000000002,0.02612499999999999,-0.031625000000000014,-1.2462499999999999,0.04124999999999998,-1.5157999999999996,-2.778725,-0.5681875000000001,-0.975,-1.8575,-0.87,-0.24874999999999997,-0.025000000000000022,0.655,0.23500000000000004,0.04624999999999996,0.2235,0.07050000000000001,-0.1225,-0.07475,-1.12225,-0.39937500000000004,-0.273875,0.19949999999999996,-0.142375,-0.62375,0.18787500000000001,0.388625,-3.1829625,0.01633749999999995,-0.7466375,0.1965125000000001,0.1103375,0.299325,-4.43355,-0.268425,-0.1353625,-3.50085,0.3958625,-6.135,-0.08374999999999999,0.11875,0.5275000000000001,1.0899999999999999,-0.23124999999999996,-0.5475,-0.5487500000000001,-0.19000000000000006,-0.40875000000000006,-0.23499999999999993,0.35624999999999996,-0.16999999999999998,-1.05625,0.1875,0.66625,-0.5862499999999999,0.16250000000000003,-0.32,0.91625,-1.40625,0.12,-0.81125,-0.12000000000000002,10000
TLGLWALRF,-0.4586559755555555,-0.3245875555555556,0.2624052222222221,0.5818812333333333,0.4024540377777777,-0.5888888888888889,-0.06444444444444443,-0.022222222222222223,-0.2255555555555556,0.07222222222222222,0.38999999999999996,0.2222222222222222,-0.09000000000000002,0.006666666666666691,-0.08222222222222222,-0.4588888888888889,-0.02222222222222223,0.04333333333333335,0.4924444444444444,0.23688888888888884,0.3061111111111111,0.7727777777777778,-0.019666666666666666,0.08233333333333336,-0.2944444444444445,0.0022222222222222244,-0.04666666666666665,-0.47,-0.58,-0.7344444444444443,0.5944444444444446,-0.09333333333333332,-0.11333333333333329,0.31666666666666665,-0.25555555555555554,0.5588888888888888,-0.2833333333333333,-0.10677777777777779,0.03633333333333335,-0.08233333333333334,-0.128,0.08577777777777777,0.2600000000000001,-0.5866666666666666,3.7174666666666667,-0.6700999999999999,1.1021444444444444,2.308888888888889,-0.8211111111111112,0.1211111111111111,0.19999999999999993,-0.5155555555555555,0.6833333333333333,-0.12444444444444445,0.3266666666666667,0.23144444444444445,0.1138888888888889,0.0661111111111111,-0.06288888888888891,-0.6844444444444444,-0.23111111111111113,-0.03122222222222219,-0.10099999999999999,-0.39511111111111114,-0.2864444444444445,0.1693333333333333,0.44066666666666665,-0.06706666666666668,-0.29895555555555564,0.8995555555555556,-0.19662222222222225,0.7600888888888888,-0.01635555555555553,-0.7455333333333333,0.9196444444444444,-0.8165888888888889,-0.7027333333333335,0.6142444444444445,-3.597777777777777,-0.26,-0.18999999999999995,0.3144444444444444,0.6088888888888888,0.5822222222222222,0.13111111111111107,0.060000000000000005,-0.026666666666666713,0.29333333333333333,-0.51,0.08666666666666664,-0.39,-0.6922222222222224,0.17666666666666667,0.37444444444444447,-0.2955555555555555,-0.018888888888888865,-0.42000000000000004,-1.651111111111111,-0.45333333333333337,-0.7200000000000001,0.1544444444444445,0.0733333333333333,10000
RAKEIIAS,0.10460222749999992,-0.5458891537499999,0.1936369249999999,0.6091793124999999,0.3002540275,0.21375,-0.52125,-0.29625,-0.09249999999999997,0.1625,0.21250000000000002,0.11625,0.02124999999999999,0.45375,-0.015,-0.13124999999999995,-0.28125,0.22875,-0.12475000000000003,0.525625,-0.129875,0.63025,-0.003500000000000003,0.271,-0.6675,-0.3075,0.16625,0.38500000000000006,-0.5775,-0.33625000000000005,-0.23,-0.0475,0.021250000000000012,-0.4174999999999999,-0.57125,0.32875,-0.14750000000000002,0.01800000000000001,-0.041499999999999995,-0.17412499999999997,-0.12025,-0.017000000000000005,-0.45625,-0.0625,-1.5180624999999999,-0.7814125000000001,0.9185749999999999,-0.56125,-0.26125,-1.44875,1.1875,-0.27125000000000005,0.5075000000000001,0.12625000000000003,0.07875,0.24487499999999998,0.059375000000000004,-0.03875,-0.104375,-0.901125,-0.415875,-0.370625,-0.037000000000000005,-0.14775,-0.24800000000000003,0.30124999999999996,0.371,0.01127499999999998,-1.7709,-0.1615624999999999,-0.2895249999999999,0.6459875,0.20487500000000003,-0.9697374999999998,-0.5165875,-0.9438000000000001,0.7351749999999999,0.910225,-4.94375,0.4475,-0.0875,0.51875,0.73,-0.20625,-0.10125,-0.14125,-0.42749999999999994,0.16874999999999998,-0.35000000000000003,0.45,-0.01625,-0.8725,0.28375000000000006,0.5537500000000001,-0.35624999999999996,0.3,-0.1475,0.50125,-0.69,-0.89625,-0.36375,0.4600000000000001,10000
KVAINEAIELA,-0.10156213363636364,-0.8093592245454545,0.4364288272727272,0.7077531454545454,-0.00647947363636365,0.0354545454545455,-0.5881818181818181,-0.33,0.00818181818181818,-0.06090909090909091,0.21818181818181817,0.0,0.06363636363636364,0.36090909090909096,0.14636363636363636,-0.3054545454545454,-0.3936363636363636,-0.07,-0.1415454545454545,0.6924545454545454,-0.14018181818181813,0.8109999999999999,0.02218181818181817,-0.19118181818181815,-0.910909090909091,-0.44636363636363635,-0.1,0.09090909090909087,-0.43818181818181823,-0.5081818181818183,-0.11181818181818183,0.18090909090909094,0.1690909090909091,-0.43545454545454537,-0.5127272727272728,0.2972727272727273,-0.29454545454545455,-0.02572727272727273,-0.01481818181818182,-0.23727272727272727,-0.07909090909090909,0.06909090909090909,-0.6590909090909091,-0.3472727272727273,0.19442727272727273,-2.1129545454545453,0.6530727272727272,0.3263636363636364,-1.1181818181818182,-1.9736363636363636,0.6936363636363637,-0.7063636363636363,0.6245454545454545,0.16545454545454547,-0.31909090909090915,0.2541818181818182,0.07690909090909091,-0.06472727272727273,-0.13954545454545453,-0.9850000000000001,-0.568818181818182,-0.36181818181818187,-0.02272727272727272,-0.143,-0.13200000000000003,0.09609090909090909,0.256,-2.607618181818182,-1.1391909090909091,0.7888818181818181,-0.2159,0.22242727272727275,0.4022272727272728,-3.1874454545454545,0.10118181818181812,-0.4060727272727273,-3.3030090909090912,0.05130909090909091,-5.3954545454545455,0.04818181818181821,0.17,0.6818181818181818,0.7672727272727272,0.053636363636363656,-0.2690909090909091,-0.24818181818181823,-0.6236363636363635,-0.19363636363636366,-0.6854545454545454,0.43454545454545457,-0.27090909090909093,-0.9445454545454546,0.18181818181818182,0.6218181818181819,-0.4809090909090909,-0.030909090909090928,-0.14545454545454548,-0.21545454545454554,-1.03,-0.5745454545454547,-0.8554545454545456,0.6054545454545454,10000
DHEATGIASKIWD,0.05574608384615381,-0.16441228769230773,-0.363286253846154,0.17434843076923073,-0.2971562992307692,0.3061538461538461,-0.08230769230769232,0.10846153846153844,0.06692307692307689,-0.15538461538461543,0.19538461538461538,-0.14923076923076925,-0.03999999999999999,0.24384615384615385,0.12538461538461537,0.030769230769230778,-0.41615384615384615,-0.030769230769230764,-0.156,0.05046153846153842,-0.22646153846153835,0.294076923076923,-0.177,-0.37415384615384606,-0.21461538461538462,-0.32384615384615384,-0.24769230769230774,0.1546153846153846,-0.33153846153846156,-0.09000000000000002,-0.5053846153846153,0.17153846153846158,-0.14846153846153842,-0.09153846153846155,-0.24461538461538462,0.19846153846153847,-0.5376923076923077,0.04553846153846154,0.020076923076923086,-0.08746153846153847,-0.0003846153846153871,0.04984615384615384,-0.6169230769230769,0.1469230769230769,-1.6922461538461535,-1.5431538461538459,0.16046153846153846,-1.1630769230769231,-0.8161538461538462,-0.8792307692307693,-0.28923076923076924,-0.15769230769230771,0.23461538461538464,0.05000000000000002,0.11769230769230764,0.21930769230769231,0.025076923076923083,-0.03284615384615384,-0.029923076923076927,-0.8646923076923078,-0.3624615384615385,-0.4053846153846154,-0.18353846153846154,0.14223076923076924,-0.4694615384615385,0.22315384615384615,0.30484615384615377,-1.1162230769230772,-0.44063846153846153,0.5638923076923077,0.25304615384615387,0.21032307692307695,0.1433769230769231,-1.2100923076923076,-0.2376076923076923,-0.05911538461538458,-1.4256692307692305,0.20613076923076926,-4.687692307692307,-0.35538461538461547,0.32076923076923075,0.07923076923076922,0.8807692307692307,-0.14999999999999997,-0.0884615384615385,-0.32384615384615384,-0.19615384615384618,-0.37615384615384634,-0.13,0.2692307692307691,-0.07615384615384616,-0.8484615384615386,-0.1446153846153846,0.47384615384615386,-0.5061538461538462,0.4746153846153846,-0.28230769230769237,0.7199999999999999,-0.5007692307692307,0.02153846153846147,-0.36615384615384616,0.2361538461538462,10000
LSASAHASQTRYALE,-0.04650674600000001,-0.2622589146666667,-1.1072707733333333,0.63136094,-0.4929116599999999,0.22466666666666674,-0.23133333333333336,-0.132,0.08133333333333334,0.22466666666666668,0.14733333333333334,0.18000000000000002,-0.25666666666666665,0.5346666666666667,0.14266666666666666,-0.03399999999999999,-0.3986666666666666,0.1753333333333333,-0.11253333333333335,0.28659999999999997,-0.30913333333333326,0.5991333333333332,0.06960000000000001,-0.0013999999999999642,-0.42400000000000004,-0.46133333333333326,-0.15466666666666667,0.16466666666666666,-0.39000000000000007,-0.43466666666666665,-0.31133333333333335,-0.3773333333333333,-0.05333333333333335,0.005333333333333345,-0.35,0.47533333333333333,-0.46466666666666673,0.03906666666666667,0.024933333333333342,-0.1508,-0.061466666666666676,-0.0007333333333333377,-0.8213333333333334,-0.05666666666666666,-1.9950533333333336,-2.02958,-0.0030533333333333376,-0.8746666666666666,-0.9620000000000002,-0.9473333333333334,0.812,0.04000000000000001,0.226,-0.3319999999999999,0.24133333333333332,0.233,0.04833333333333334,-0.04373333333333334,0.05879999999999997,-0.9478000000000001,-0.28559999999999997,-0.3667333333333333,-0.09653333333333333,0.021,-0.7355333333333333,0.18246666666666664,0.4359333333333334,0.08059999999999998,-1.1495199999999999,-0.14008,0.4805733333333333,0.23012,-0.28375999999999985,-0.3779266666666663,-0.6265933333333333,-0.5555666666666668,0.6916666666666665,1.1546533333333333,-5.214666666666667,-0.19199999999999992,0.29333333333333333,0.13466666666666663,0.9939999999999998,-0.164,-0.27133333333333326,-0.35866666666666663,-0.324,0.0013333333333333346,-0.15533333333333338,0.058,-0.12466666666666668,-0.9180000000000004,-0.04799999999999994,0.4960000000000001,-0.6839999999999998,0.29933333333333334,-0.26399999999999996,0.5753333333333333,-0.6413333333333334,-0.17400000000000004,-0.4053333333333333,0.49000000000000005,10000
PKYFTAGEVITQALP,-0.09832356133333334,0.006351300000000008,0.3406919866666668,0.52283674,0.07594382599999998,0.006666666666666702,-0.298,-0.10600000000000002,-0.13066666666666665,-0.2206666666666667,-0.07866666666666666,0.17333333333333334,-0.19599999999999998,0.28333333333333327,-0.013333333333333324,-0.312,-0.32599999999999996,-1.1102230246251566e-17,-0.08780000000000003,-0.10453333333333331,-0.10079999999999996,0.5119333333333334,0.42946666666666666,-0.1034,-0.04133333333333337,-0.30133333333333334,0.013999999999999997,-0.082,0.05066666666666665,-0.4733333333333334,0.22999999999999995,-0.21133333333333332,0.038000000000000006,-0.176,-0.312,0.5213333333333332,-0.4133333333333333,-0.0023333333333333335,0.0692,-0.04146666666666666,-0.11000000000000001,0.05126666666666666,-0.5286666666666665,-0.32066666666666666,0.14825333333333332,-1.8621466666666664,1.809586666666667,-0.28666666666666674,-1.2113333333333334,-0.09666666666666668,0.5373333333333332,-0.6940000000000001,-0.09799999999999999,0.18600000000000008,0.2846666666666667,0.22033333333333335,0.11186666666666666,-0.023200000000000002,-0.039200000000000006,-0.8945333333333334,-0.39173333333333343,-0.14173333333333338,-0.018933333333333344,-0.28019999999999995,-0.4632666666666667,-0.0328,0.1537333333333333,-1.8662200000000004,-0.023080000000000003,0.28839333333333333,0.2055,0.6383133333333332,0.42514666666666673,-2.218293333333333,0.8105133333333332,-0.06808666666666664,-2.27162,0.2120733333333333,-4.769333333333333,-0.6173333333333333,0.03200000000000004,0.21200000000000002,0.6093333333333334,0.138,-0.17800000000000002,-0.2553333333333333,-0.28,0.030666666666666644,-0.5753333333333334,0.033333333333333305,0.256,-0.8626666666666665,-0.034,0.36133333333333323,-0.4319999999999999,-0.14066666666666666,-0.5233333333333333,-0.6439999999999999,-0.8106666666666668,-0.2860000000000001,-0.4893333333333333,0.34199999999999997,10000
INFALNIQGEVHP,-0.1624869492307692,-0.06999638615384617,0.19004545384615382,0.2871098461538461,-0.03877493692307694,0.08000000000000002,-0.17307692307692304,-0.2415384615384616,0.22923076923076927,-0.23538461538461536,0.10923076923076926,0.13153846153846155,0.03692307692307694,-0.05307692307692306,0.12846153846153846,-0.25,-0.32846153846153847,-0.11923076923076924,-0.058384615384615375,-0.0035384615384615415,-0.06369230769230766,0.33976923076923077,0.15607692307692303,-0.2351538461538461,-0.1184615384615385,-0.24615384615384617,0.04692307692307693,-0.11384615384615383,0.06923076923076922,-0.16999999999999996,-0.06384615384615383,0.3076923076923076,0.4046153846153846,-0.5384615384615383,-0.20076923076923076,0.48846153846153845,-0.46076923076923076,-0.021076923076923083,0.053076923076923084,-0.05523076923076923,-0.030000000000000002,0.04861538461538462,-0.3915384615384615,-0.2569230769230769,0.8213769230769233,-1.638376923076923,0.5991384615384616,0.1892307692307692,-1.0723076923076924,-0.4253846153846154,0.23923076923076922,-0.33461538461538465,0.02538461538461539,0.23384615384615384,-0.6507692307692309,0.2330769230769231,0.04030769230769231,-0.014384615384615385,-0.07353846153846154,-0.868076923076923,-0.3383846153846154,-0.1983846153846154,-0.10476923076923078,-0.1133846153846154,-0.09576923076923084,0.06623076923076922,0.12315384615384616,-2.0247384615384614,-0.34693846153846153,0.9109,0.18521538461538462,0.13759230769230774,-0.015746153846153778,-1.8124615384615383,0.5270923076923076,0.0601846153846154,-2.8086153846153845,-0.24881538461538463,-4.566923076923077,-0.38384615384615384,0.1507692307692308,0.17615384615384608,0.5592307692307692,0.13846153846153844,-0.2353846153846154,-0.2169230769230769,-0.22846153846153855,-0.1453846153846154,-0.45461538461538453,0.26692307692307693,-0.05461538461538465,-0.8246153846153847,-0.08384615384615385,0.3915384615384615,-0.37307692307692314,0.1592307692307693,-0.26076923076923075,-0.37000000000000005,-0.4323076923076922,-0.13846153846153844,-0.44230769230769224,0.5661538461538462,10000
TLGEVGNSEMR,0.10467441272727272,0.00978571090909096,0.5490393909090908,0.5153199545454545,0.3625345645454546,0.42818181818181816,-0.2409090909090909,-0.06090909090909089,-0.042727272727272746,-0.033636363636363624,0.4581818181818182,0.08363636363636363,-0.028181818181818193,0.014545454545454545,0.11818181818181821,-0.015454545454545438,-0.44090909090909086,0.04454545454545455,-0.4653636363636364,-0.04554545454545455,-0.4205454545454545,0.46354545454545454,-0.13700000000000004,-0.14854545454545445,-0.06636363636363636,-0.4227272727272728,0.029090909090909098,0.32,-0.20909090909090908,-0.013636363636363624,0.1863636363636364,0.31181818181818177,-0.49999999999999983,0.15363636363636368,-0.36727272727272725,0.2818181818181818,-0.3809090909090909,0.07190909090909091,0.05809090909090909,-0.09918181818181818,-0.012636363636363645,-0.00790909090909091,-0.7990909090909092,0.11363636363636366,-2.642027272727273,-2.0221818181818176,-0.16894545454545454,-1.8118181818181818,-1.2718181818181822,-0.35090909090909095,-0.09090909090909091,-0.13272727272727278,0.6272727272727272,0.036363636363636355,-0.2318181818181819,0.2307272727272727,0.023909090909090904,-0.082,0.03036363636363636,-0.9953636363636362,-0.19590909090909092,-0.2953636363636364,0.063,0.013454545454545467,-0.5032727272727272,0.16509090909090907,0.4373636363636363,-1.3014636363636365,-0.9462999999999998,-0.818118181818182,0.2985545454545454,-0.09681818181818182,0.06016363636363638,-2.090872727272727,-1.0646909090909091,-0.34109090909090906,-1.0304818181818183,0.6403272727272727,-5.400909090909091,0.43818181818181823,0.0018181818181818804,0.36909090909090914,0.9518181818181819,-0.2818181818181818,-0.3236363636363636,-0.47181818181818186,0.27818181818181814,-0.3718181818181819,-0.25363636363636366,0.49272727272727274,-0.31272727272727274,-0.9327272727272728,0.3172727272727273,0.5081818181818182,-0.5418181818181819,0.4063636363636363,-0.22818181818181824,0.9372727272727271,-0.9900000000000001,-0.4081818181818182,-0.8509090909090908,0.026363636363636398,10000
WGQLC,-0.48205540999999996,0.192063074,-0.6738994000000001,-0.26787758,-0.22794818999999994,-0.426,0.15599999999999992,0.542,-0.32,0.386,0.12799999999999997,-0.08000000000000002,0.24,-0.10400000000000001,0.258,-0.29800000000000004,-0.148,-0.08199999999999999,0.3912,-0.15280000000000002,-0.06939999999999999,-0.15240000000000004,-0.44560000000000005,-0.15199999999999997,0.074,-0.10199999999999998,-0.13399999999999998,-0.556,-0.24399999999999994,0.28200000000000003,0.8320000000000001,-0.039999999999999994,-0.48199999999999993,-0.088,-0.082,0.5359999999999999,-0.39,-0.0656,0.07680000000000001,0.02799999999999999,0.08539999999999999,0.0246,-0.15399999999999997,-0.06599999999999995,3.0031600000000003,-1.03022,-0.83528,1.6119999999999997,-1.2320000000000002,1.182,-0.774,0.21600000000000003,0.974,-0.009999999999999986,0.07600000000000003,0.20620000000000002,0.030600000000000006,-0.0036000000000000034,-0.007000000000000006,-0.751,-0.1062,0.011000000000000005,0.020999999999999998,-0.19419999999999998,-0.548,0.35159999999999997,0.42779999999999985,-0.6239600000000001,0.8403,-0.30648,0.08491999999999988,-0.14896000000000004,-0.38899999999999996,-1.4821999999999997,0.45504,-0.22188000000000008,-1.6450000000000002,-0.18371999999999994,-3.9219999999999997,-0.548,-0.146,0.12999999999999998,0.808,0.376,-0.19,-0.152,0.43599999999999994,0.10599999999999998,-0.21200000000000005,-0.14600000000000007,-0.682,-0.74,0.03600000000000001,0.5359999999999999,-0.12199999999999997,0.5,-0.24400000000000005,-0.8000000000000002,-0.518,0.354,0.148,-0.624,10000
TRPSDRFDV,0.3068454533333333,0.3812922833333333,-0.7927957333333333,0.35630423333333333,-0.47387074444444455,0.47555555555555556,-0.18666666666666668,-0.11555555555555556,-0.01333333333333334,-0.17666666666666664,-0.025555555555555543,-0.15222222222222223,-0.17444444444444443,0.03222222222222223,-0.2944444444444445,0.19444444444444445,-0.2588888888888889,0.01444444444444442,-0.6747777777777778,-0.2921111111111111,-0.11377777777777773,0.08766666666666667,0.35111111111111115,0.26177777777777783,0.41999999999999993,0.02888888888888889,0.1644444444444445,0.42555555555555563,-0.4388888888888889,-0.11888888888888889,-0.3277777777777777,-0.36444444444444446,0.2711111111111111,0.35,-0.2522222222222222,0.26333333333333336,-0.37,0.08722222222222221,-0.005777777777777771,0.04977777777777778,-0.07544444444444445,-0.06588888888888889,-0.027777777777777693,0.2622222222222222,-3.3597111111111113,0.6556555555555552,0.48329999999999995,-1.9322222222222223,0.7144444444444444,-0.33111111111111113,-0.1811111111111112,0.29999999999999993,-0.8144444444444444,0.17888888888888888,0.5766666666666667,0.20744444444444443,-0.03688888888888889,-0.05622222222222221,0.016888888888888887,-0.7263333333333333,-0.129,-0.3031111111111111,-0.087,0.056666666666666705,-0.22233333333333333,0.18722222222222223,0.021555555555555557,0.7545999999999998,-1.0860888888888889,-0.20825555555555558,0.21980000000000005,0.1491777777777778,0.003200000000000036,1.307,-0.7773555555555558,0.012711111111111117,1.9826222222222225,1.114888888888889,-3.637777777777777,0.28777777777777785,0.15222222222222223,-0.2188888888888889,0.47333333333333333,-0.4166666666666667,0.2655555555555556,0.03666666666666666,-0.10777777777777776,-0.24222222222222223,0.3733333333333333,-0.05888888888888889,0.7344444444444443,-0.6744444444444444,0.030000000000000013,0.08333333333333333,-0.5977777777777779,0.18777777777777774,-0.20444444444444443,1.0744444444444445,0.35333333333333333,-0.19444444444444442,-0.37777777777777777,0.30999999999999994,10000
GHDLNLDVCSKC,-0.12152784000000001,0.182060785,-1.3216417583333333,0.08423193333333336,-0.6800062808333335,0.1708333333333333,-0.30833333333333335,0.15583333333333332,0.37000000000000005,0.17333333333333334,0.05249999999999999,-0.20249999999999999,0.14083333333333337,-0.1458333333333333,-0.006666666666666675,-0.02333333333333335,-0.4575,0.017499999999999974,-0.2416666666666667,-0.08474999999999999,-0.45608333333333323,0.05533333333333331,-0.255,-0.1880833333333333,0.10333333333333332,-0.3916666666666668,-0.11666666666666668,-0.002500000000000021,-0.05333333333333332,-0.04749999999999995,-0.04249999999999998,0.07750000000000001,0.2783333333333334,0.5699999999999998,-0.3516666666666666,0.1691666666666667,-0.4958333333333333,0.039333333333333324,0.06066666666666667,-0.04416666666666667,0.07158333333333333,-0.043000000000000003,-0.88,0.1875,-0.9376666666666665,-1.6515083333333334,-1.4578166666666668,-0.6158333333333335,-1.1733333333333336,-0.27,-0.47583333333333333,0.5,0.03916666666666667,0.0616666666666667,-0.27499999999999997,0.22308333333333338,-0.0070833333333333364,-0.09183333333333332,0.013833333333333328,-0.99625,-0.19508333333333336,-0.24325000000000005,0.05125000000000001,0.07966666666666668,-0.23041666666666663,0.18625000000000003,0.06291666666666663,-1.8199750000000001,-0.23044999999999996,0.048058333333333314,-0.24405000000000002,-0.2962833333333333,-0.32155,-2.1070499999999996,-0.5058166666666667,0.071975,-2.071283333333333,0.21465,-5.408333333333332,-0.06416666666666668,0.12166666666666666,0.3133333333333333,0.8266666666666667,-0.15999999999999998,-0.3933333333333333,-0.3491666666666666,-0.03333333333333336,-0.32916666666666666,0.23083333333333333,0.1183333333333333,-0.14833333333333332,-0.9366666666666669,0.06250000000000001,0.5691666666666667,-0.3466666666666667,0.4191666666666667,-0.06333333333333334,0.8949999999999999,-0.6158333333333333,0.5966666666666667,-0.4016666666666666,0.013333333333333383,10000
FYVNQRWL,-0.03544227249999998,-0.05280986749999998,0.4259985125,-0.13567812499999998,0.19295110375,-0.40875,0.45625,-0.37625,-0.08374999999999999,0.0975,0.1875,-0.0012500000000000011,-0.07125,-0.05500000000000001,-0.05500000000000001,0.0024999999999999883,0.1575,-0.125,-0.10375000000000001,0.106625,0.7417499999999999,-0.014375000000000027,-0.24462499999999998,0.414875,0.07249999999999998,0.66125,0.355,-0.15999999999999998,-0.17624999999999996,-0.29500000000000004,0.18000000000000002,0.14499999999999996,0.08124999999999999,-0.25749999999999995,0.15125,0.68375,-0.20875,-0.0915,-0.077375,0.0785,-0.07375000000000001,-0.026249999999999996,1.40125,-0.16374999999999992,2.6874374999999997,3.011825,0.09421250000000003,2.05125,1.8849999999999998,0.32875000000000004,-0.04250000000000009,0.06624999999999995,0.20625,0.50375,0.008750000000000036,0.22412500000000002,-0.0755,0.10574999999999998,-0.039624999999999994,-0.30325,0.03274999999999999,0.16200000000000003,-0.25225000000000003,-0.128125,0.22525,0.07412500000000002,0.16137500000000002,2.5186625,-0.12278750000000005,0.7327874999999999,0.24944999999999998,-0.083975,-0.022249999999999992,3.2708,0.3667624999999999,-0.289775,2.5879000000000003,-0.21797499999999997,-1.1675,0.1912500000000001,-0.07,-0.41874999999999996,0.04625000000000001,0.29125000000000006,0.62375,0.645,0.09124999999999998,0.38250000000000006,0.04625,-0.20375,-0.325,-0.3175,0.07750000000000001,-0.08249999999999999,-0.21,0.14250000000000002,-0.012500000000000011,-1.2087500000000002,1.125,-0.60625,0.24374999999999997,-0.09499999999999999,10000
YPFGIDPIWNIANN,-0.12652879285714286,0.422027375,0.6883150642857142,0.03633020714285713,0.20585697857142857,0.0035714285714285904,0.01428571428571431,0.08499999999999998,0.19785714285714281,-0.41214285714285703,0.05214285714285717,0.08214285714285711,-0.07214285714285713,-0.2207142857142857,-0.08142857142857148,-0.23571428571428568,-0.24357142857142855,-0.14785714285714285,0.1325,-0.5547857142857142,0.13742857142857148,0.09507142857142857,0.18178571428571424,-0.4545714285714286,0.5214285714285712,-0.04571428571428572,-0.024999999999999974,-0.3257142857142856,-0.14357142857142854,-0.09714285714285717,-0.19142857142857142,0.3642857142857143,0.38785714285714284,-0.7800000000000001,-0.09785714285714286,0.42571428571428577,-0.5164285714285715,-0.01321428571428571,0.09085714285714287,0.091,-0.03371428571428572,0.08135714285714288,-0.11571428571428567,-0.32071428571428573,1.35155,-0.9958857142857142,1.1948214285714285,0.16285714285714295,-0.7914285714285716,0.35499999999999987,-0.29857142857142854,-0.40142857142857136,-0.5007142857142858,0.6164285714285713,-0.3885714285714285,0.21971428571428575,0.04692857142857143,0.029071428571428564,-0.022499999999999996,-0.7341428571428572,-0.3032857142857143,-0.16328571428571426,-0.16785714285714287,-0.07649999999999998,-0.2461428571428572,-0.07407142857142858,-0.01964285714285715,-1.4617,0.012878571428571359,1.5894000000000001,-0.06527142857142855,0.1856071428571429,0.01914285714285719,-0.7299714285714284,0.8958642857142858,0.26952142857142863,-2.1585857142857146,0.12127142857142857,-3.778571428571428,-0.865,0.23142857142857146,-0.04928571428571428,0.4864285714285713,0.26499999999999996,0.10999999999999999,-0.12000000000000001,-0.04000000000000007,-0.17357142857142863,-0.38142857142857156,0.030714285714285694,0.10714285714285719,-0.7157142857142856,-0.27214285714285713,0.25214285714285717,-0.32785714285714285,0.135,-0.3985714285714285,-0.7635714285714287,0.22000000000000006,0.47428571428571425,-0.28357142857142853,0.5428571428571429,10000
QGLLHDRMVE,0.07902406599999998,-0.392489389,-0.5359057,0.2131667,-0.29224542,0.17900000000000005,-0.10899999999999999,-0.45099999999999996,-0.037000000000000005,0.0009999999999999898,0.16599999999999998,-0.025000000000000012,0.259,-0.05900000000000001,0.23299999999999996,-0.031000000000000007,-0.255,-0.122,-0.3277,0.40919999999999995,-0.04409999999999999,0.29979999999999996,-0.0191,-0.04179999999999997,-0.429,-0.048999999999999995,-0.11199999999999999,0.17400000000000002,0.028000000000000025,-0.089,0.08600000000000001,0.123,-0.075,0.4050000000000001,-0.22199999999999998,0.35,-0.30500000000000005,0.0037999999999999952,-0.046599999999999996,-0.11069999999999999,0.0034000000000000002,0.0258,0.011000000000000006,0.05800000000000003,-0.6108199999999998,-0.07414000000000007,-0.28301,-0.23100000000000004,0.06700000000000013,-0.76,-0.21000000000000005,-0.14500000000000002,0.508,-0.32200000000000006,-0.321,0.22640000000000002,-0.05070000000000001,-0.048400000000000006,-0.1079,-0.7804,-0.029500000000000005,-0.10630000000000002,-0.0637,-0.028199999999999992,0.1284,0.2502,0.2728,-0.8428600000000003,-0.7420199999999999,-0.16842000000000001,0.15629999999999994,-0.49939999999999996,0.015510000000000024,-1.01595,-0.58392,-0.09327999999999995,-1.1936,-0.33211,-4.077999999999999,0.6260000000000001,-0.213,0.282,0.45199999999999996,-0.08999999999999997,-0.04500000000000002,-0.01699999999999999,0.07400000000000001,-0.233,-0.09099999999999998,0.404,-0.16400000000000003,-0.732,0.352,0.397,-0.20100000000000007,0.338,0.060999999999999985,0.2879999999999999,-0.33799999999999997,-0.655,-0.2120000000000001,0.13799999999999998,10000
NIPIVLCGNK,-0.2650039069999999,0.29355797399999994,0.41854575999999993,0.31250025,0.338987259,-0.06499999999999999,-0.557,-0.026000000000000002,0.185,-0.06699999999999998,0.09399999999999997,0.13299999999999998,0.046000000000000006,-0.33799999999999997,-0.028000000000000004,-0.378,-0.341,0.091,-0.01040000000000001,-0.27969999999999995,-0.186,0.2958,0.06009999999999992,-0.005399999999999983,0.23399999999999999,-0.3530000000000001,0.398,-0.16799999999999995,0.10399999999999998,-0.18299999999999997,0.23399999999999993,0.20700000000000002,0.324,-0.356,-0.519,0.43600000000000005,-0.358,-0.02350000000000001,0.1055,0.0014999999999999957,-0.05810000000000002,-0.0328,-0.6729999999999999,-0.298,1.4552800000000004,-1.9273099999999996,0.77294,0.43100000000000005,-1.5640000000000005,0.11299999999999995,0.5299999999999999,-0.13499999999999998,-0.06299999999999997,0.74,-0.638,0.2353,0.0945,-0.06570000000000001,-0.08059999999999999,-0.9978,-0.3987,-0.21069999999999997,0.09230000000000001,-0.22799999999999992,-0.05560000000000005,0.054400000000000004,-0.0976,-2.72058,-0.6107199999999999,0.8061,-0.7710400000000001,0.36284,-0.12557999999999997,-3.2029000000000005,0.6184799999999999,-0.16415000000000002,-3.5614599999999994,0.13242,-5.364999999999999,-0.317,-0.086,0.651,0.567,0.17099999999999999,-0.38000000000000006,-0.284,-0.20100000000000007,0.10399999999999998,-0.4940000000000001,0.2819999999999999,-0.03500000000000002,-0.938,0.121,0.5890000000000001,-0.14499999999999996,0.025000000000000033,-0.21200000000000002,-0.5030000000000001,-0.873,-0.091,-0.4,0.384,10000
TSEAGE,0.24660401666666665,-0.138529635,0.16736371666666658,0.7365550166666667,-0.18167826499999998,0.82,-0.24500000000000002,0.25333333333333335,-0.05333333333333332,-0.10833333333333335,0.35666666666666663,-0.07333333333333335,-0.20333333333333328,0.6133333333333334,0.18333333333333335,0.14166666666666666,-0.7166666666666667,-0.04,-0.5371666666666667,0.013499999999999993,-0.846,0.6608333333333334,-0.008666666666666665,-0.6405,-0.32166666666666666,-0.8383333333333333,-0.5083333333333334,0.49333333333333335,-0.6266666666666667,-0.05166666666666666,-0.07499999999999997,0.12333333333333331,-0.6133333333333334,-0.049999999999999996,-0.3233333333333333,0.09999999999999996,-0.5566666666666668,0.15583333333333332,0.08683333333333333,-0.19316666666666668,0.015499999999999998,0.0705,-1.6949999999999996,0.3666666666666667,-5.663683333333334,-4.082116666666667,-0.18884999999999996,-3.7616666666666667,-2.2633333333333336,-1.0833333333333333,-0.34,-0.48833333333333345,0.7416666666666668,-0.18666666666666665,0.08999999999999993,0.22799999999999998,0.05833333333333333,-0.11299999999999999,0.1148333333333333,-1.1763333333333332,-0.4713333333333333,-0.5665,-0.005666666666666671,0.19466666666666668,-1.1376666666666666,0.13633333333333333,0.6733333333333333,-2.1050833333333334,-0.8304166666666667,-1.0769,1.1733,0.008983333333333343,0.40271666666666667,-2.8417999999999997,-1.4394166666666666,-0.16218333333333335,-1.5866500000000003,0.8846166666666666,-6.531666666666666,-0.07833333333333332,0.5533333333333332,0.12833333333333335,1.4833333333333334,-0.57,-0.535,-0.9,0.10166666666666667,-0.8683333333333333,-0.36166666666666664,0.45999999999999996,-0.21333333333333335,-1.1133333333333333,-0.030000000000000016,0.5650000000000001,-1.0599999999999998,0.5583333333333333,-0.515,1.9416666666666664,-1.5183333333333335,0.1283333333333333,-1.6483333333333334,0.115,10000
PAQKFCQKRTTMF,0.19824163,-0.18033334692307695,0.2895169307692307,-0.010017769230769259,0.4120473084615384,0.11769230769230764,-0.15615384615384617,-0.22769230769230767,-0.23999999999999994,0.3023076923076922,-0.07153846153846152,0.03000000000000001,-0.20692307692307693,0.17846153846153845,-0.23461538461538464,-0.03692307692307692,-0.13000000000000003,0.16615384615384615,-0.1269230769230769,0.16307692307692312,-0.02038461538461534,-0.12892307692307692,0.22353846153846155,0.4234615384615385,-0.16,0.09538461538461539,0.050769230769230775,0.2361538461538462,0.3892307692307692,-0.0076923076923077335,0.6615384615384615,-0.38692307692307687,0.17846153846153845,-0.18615384615384614,-0.21538461538461537,0.6169230769230768,-0.2053846153846154,0.018692307692307706,-0.054307692307692314,-0.006153846153846154,-0.036461538461538476,-0.03892307692307694,0.14692307692307696,0.04846153846153857,-1.0879923076923077,1.0672692307692309,0.393976923076923,-0.41076923076923116,0.7676923076923077,0.24076923076923076,0.8076923076923077,0.14923076923076922,-0.14923076923076925,-0.40076923076923077,0.7446153846153847,0.21630769230769234,-0.016307692307692308,-0.015846153846153847,-0.005692307692307681,-0.7016153846153845,-0.09476923076923077,0.048538461538461544,0.03730769230769231,-0.20692307692307696,0.00653846153846151,0.21792307692307694,0.045384615384615405,0.11473076923076936,0.3914307692307692,-1.025246153846154,-0.27161538461538465,0.5290846153846154,0.2823076923076923,-0.4116923076923077,0.11702307692307688,-0.07694615384615383,0.7500846153846152,-0.2517615384615385,-3.658461538461538,0.29538461538461536,-0.42999999999999994,0.06538461538461536,0.25846153846153846,-0.13923076923076916,-0.014615384615384638,0.1492307692307692,-0.02538461538461538,0.43307692307692314,0.2492307692307693,-0.18307692307692314,0.22000000000000003,-0.6807692307692306,0.29999999999999993,0.24000000000000002,-0.08230769230769228,0.13923076923076924,-0.16461538461538466,0.09461538461538471,0.06615384615384616,-0.3707692307692308,0.24076923076923074,-0.04615384615384616,10000
RLDNIKLICNIKAG,0.004809916428571426,-0.14397631071428568,0.33078345000000003,0.3282769,0.50758482,0.0364285714285714,-0.45785714285714285,-0.17571428571428568,0.13571428571428573,0.1392857142857143,0.27999999999999997,0.025714285714285696,0.13785714285714287,-0.19285714285714287,-0.12285714285714289,-0.16928571428571426,-0.2514285714285714,0.14285714285714285,0.04657142857142856,0.12049999999999998,-0.0432142857142857,0.4225,-0.221,0.1303571428571429,-0.13214285714285717,-0.17500000000000002,0.2307142857142857,0.12214285714285712,-0.24571428571428575,-0.31285714285714283,0.2564285714285714,0.28428571428571425,0.34214285714285714,-0.21642857142857144,-0.48285714285714276,0.2814285714285715,-0.19928571428571432,-0.0020714285714285635,0.00707142857142857,-0.07028571428571428,-0.074,-0.02628571428571429,-0.3064285714285714,-0.07499999999999996,0.037207142857142994,-0.42859285714285694,0.3227357142857143,0.06714285714285717,-0.4207142857142858,-0.5350000000000001,0.4878571428571429,0.021428571428571398,0.37,0.48500000000000015,-0.28785714285714287,0.23828571428571435,0.022571428571428576,-0.05428571428571428,-0.12928571428571428,-0.8877857142857142,-0.28178571428571425,-0.22500000000000003,0.025571428571428568,-0.13671428571428573,0.12914285714285714,0.1424285714285714,0.13492857142857143,-1.7035357142857142,-1.1778857142857144,0.7068357142857141,-0.7436642857142858,0.33231428571428573,0.028664285714285732,-2.3304071428571427,-0.0999428571428571,-0.5295857142857143,-1.9902357142857146,0.2691571428571429,-4.815714285714285,0.4757142857142857,-0.1485714285714286,0.6628571428571429,0.595,-0.01999999999999997,-0.07642857142857144,-0.095,-0.11500000000000006,0.13428571428571426,-0.1885714285714286,0.4635714285714286,-0.2564285714285714,-0.8464285714285714,0.36500000000000005,0.5385714285714286,-0.20999999999999996,0.23857142857142857,-0.04714285714285714,0.0771428571428571,-0.5278571428571428,-0.5621428571428573,-0.3235714285714285,0.3678571428571428,10000
GSDFFDSLLQKLQ,-0.008908057692307701,-0.0005463915384615176,-1.669957176923077,0.2760952153846154,-1.0526632253846153,0.11384615384615385,-0.054615384615384614,-0.1992307692307692,0.01153846153846154,-0.10153846153846158,0.2946153846153846,-0.18384615384615385,0.11615384615384615,0.11000000000000001,-0.21,-0.02307692307692308,-0.29769230769230764,-0.1546153846153846,-0.0649230769230769,0.0386923076923077,-0.00030769230769227913,0.5481538461538461,-0.01384615384615384,-0.25323076923076915,-0.044615384615384605,-0.10000000000000003,-0.3538461538461538,0.003076923076923097,0.02846153846153845,-0.683076923076923,0.11923076923076922,-0.04461538461538458,0.1653846153846154,-0.05769230769230771,-0.17692307692307693,0.37538461538461537,-0.44846153846153847,0.02338461538461538,0.017307692307692323,-0.0643846153846154,-0.05761538461538462,0.062230769230769215,-0.2276923076923076,-0.03846153846153843,-0.8037230769230767,-0.6971384615384613,0.06259230769230767,-0.7807692307692309,-0.2623076923076924,-0.5807692307692307,-0.3538461538461538,-0.22153846153846157,0.13769230769230772,-0.08615384615384618,0.4453846153846154,0.2220769230769231,-0.06584615384615383,-0.04153846153846154,-0.04753846153846154,-0.8221538461538463,-0.08738461538461538,-0.10730769230769231,-0.07023076923076922,-0.05307692307692307,-0.0005384615384615133,-0.04030769230769233,0.3438461538461538,0.5975615384615384,-0.9056307692307691,-0.11890000000000003,0.2597230769230769,0.12639230769230766,0.3206769230769231,0.5338076923076925,-0.4070461538461539,-0.5368307692307692,1.1970538461538465,0.007261538461538482,-4.272307692307693,0.2869230769230769,0.012307692307692285,0.08076923076923079,0.6261538461538461,0.014615384615384645,0.035384615384615375,-0.11769230769230773,-0.012307692307692304,-0.27307692307692316,-0.004615384615384615,-0.030769230769230806,-0.22692307692307695,-0.7692307692307693,0.17384615384615382,0.2653846153846154,-0.40230769230769237,0.39538461538461545,-0.28000000000000014,-0.053846153846153925,-0.18999999999999997,-0.09230769230769227,-0.8300000000000001,0.41307692307692306,10000
DAVEGDKAKEEDSG,0.5264431999999999,-0.19665667428571432,-0.6843493714285714,0.43931762857142853,-0.6438964985714285,0.9242857142857144,-0.1814285714285715,0.11857142857142855,-0.05357142857142856,-0.2278571428571428,0.2464285714285714,-0.265,0.27071428571428574,0.4164285714285715,-0.0014285714285714377,0.19642857142857142,-0.6328571428571428,-0.1385714285714286,-0.8955714285714286,0.06271428571428572,-0.6174999999999998,0.5442857142857143,-0.15292857142857147,-0.6716428571428571,-0.24428571428571436,-0.5357142857142857,-0.7307142857142858,0.6071428571428571,-0.35571428571428576,-0.32928571428571424,-0.20428571428571424,0.41857142857142854,-0.29,0.23714285714285713,-0.275,-0.1978571428571429,-0.43714285714285717,0.17392857142857143,0.005499999999999989,-0.1625,0.013571428571428568,0.10014285714285713,-1.2378571428571428,0.5042857142857142,-6.035285714285713,-2.0897285714285716,0.007628571428571366,-4.017142857142857,-0.9535714285714286,-1.2392857142857143,-0.8092857142857143,-0.5564285714285714,0.71,-0.06499999999999995,0.1871428571428571,0.21700000000000003,-0.02557142857142857,-0.11657142857142856,-0.06814285714285713,-1.063142857142857,-0.2617142857142857,-0.4109285714285714,-0.007000000000000014,0.15007142857142858,-0.6380714285714285,0.13457142857142856,0.6740714285714285,-2.274507142857143,-0.7960357142857143,-0.6755357142857142,0.8859785714285714,-0.12163571428571429,0.6145285714285713,-2.799278571428571,-1.2300642857142858,-0.08685714285714285,-1.8538142857142859,0.379,-5.783571428571429,0.3657142857142857,0.3071428571428571,0.17071428571428574,1.2214285714285715,-0.667142857142857,-0.175,-0.6235714285714286,0.21785714285714283,-0.8828571428571429,-0.039285714285714264,0.7099999999999999,-0.11142857142857142,-0.9950000000000001,0.16428571428571423,0.46357142857142863,-0.847857142857143,0.5907142857142856,-0.4121428571428572,2.1592857142857143,-0.7942857142857143,0.1435714285714285,-1.262857142857143,0.32928571428571424,10000
ELIQD,0.215946726,-0.57261085,-0.9114620800000001,0.20206423999999998,-1.2054935539999998,0.25000000000000006,-0.2899999999999999,-0.5720000000000001,-0.076,-0.26799999999999996,0.094,-0.618,0.288,0.06799999999999999,0.17600000000000002,0.176,-0.35,-0.558,-0.16060000000000002,0.5978,0.1046,0.44420000000000004,0.093,-0.47479999999999994,-0.6220000000000001,0.010000000000000004,-0.314,0.242,-0.44400000000000006,-0.17599999999999996,-0.10200000000000001,-0.022,0.298,-0.5199999999999999,-0.2,0.23200000000000004,-0.34199999999999997,0.010599999999999998,-0.0864,-0.14240000000000003,-0.010400000000000003,0.08920000000000002,0.12599999999999995,0.17600000000000002,-1.1933599999999998,0.008799999999999997,-0.25338,-0.664,0.592,-2.332,-0.9199999999999999,-0.5599999999999999,0.20400000000000001,0.298,-0.23200000000000004,0.23440000000000003,-0.1512,-0.121,-0.1722,-0.7618,-0.321,-0.333,-0.175,0.22920000000000001,0.641,-0.053200000000000004,-0.03860000000000001,-1.38542,-1.71512,0.8541599999999999,0.13198000000000001,-1.0747,0.7659400000000001,-0.43014,-1.01892,0.21251999999999996,-1.99304,-1.2197,-3.8620000000000005,0.858,0.308,0.296,0.324,-0.13199999999999995,0.22400000000000003,0.10600000000000001,-0.418,-0.8460000000000001,-0.2840000000000001,0.13199999999999998,-0.11599999999999996,-0.692,0.24,0.29200000000000004,-0.398,0.262,0.286,0.1339999999999999,-0.26799999999999996,-0.5640000000000001,-1.6799999999999997,0.45199999999999996,10000
APVEVAPQYSWA,-0.19547355749999998,0.025332643333333293,-0.7552034583333334,0.44596252499999994,-0.8128597141666668,0.03583333333333338,-0.20666666666666667,0.046666666666666655,-0.26999999999999996,-0.21166666666666667,-0.25083333333333335,0.16333333333333333,-0.14166666666666666,0.48916666666666675,0.225,-0.3333333333333333,-0.34833333333333333,-0.08,-0.36733333333333335,-0.044499999999999984,-0.1465833333333333,0.3715,0.5165833333333334,-0.24975,-0.12249999999999996,-0.3466666666666667,-0.20249999999999999,-0.21250000000000002,-0.13416666666666668,-0.3675,-0.3283333333333333,-0.46416666666666667,-0.20916666666666664,-0.28750000000000003,-0.27833333333333327,0.5416666666666667,-0.5158333333333333,-0.0038333333333333375,0.06474999999999999,-0.04424999999999999,-0.06900000000000002,0.07616666666666666,-0.6091666666666665,-0.3766666666666667,0.29289166666666694,-2.203066666666667,1.6216583333333334,-0.08416666666666654,-1.2141666666666666,-0.32833333333333325,0.4625000000000001,-0.7400000000000001,-0.1758333333333333,0.04083333333333337,0.20166666666666666,0.21799999999999997,0.11916666666666668,-0.022000000000000002,-0.012583333333333335,-0.8744166666666667,-0.40316666666666673,-0.23291666666666666,-0.08016666666666668,-0.20941666666666667,-0.8264999999999999,0.10625,0.22208333333333333,-0.9146666666666663,-0.0971583333333333,0.25242499999999995,0.5002916666666667,0.25506666666666666,-1.6666666666650953e-05,-0.9688499999999998,0.8064083333333333,0.022925000000000046,-1.2532166666666669,0.591975,-4.579166666666666,-1.175,0.23833333333333337,-0.014166666666666624,0.7174999999999999,0.1425,-0.18249999999999997,-0.26833333333333337,-0.40750000000000003,-0.05250000000000001,-0.6308333333333335,-0.14,0.33083333333333337,-0.8450000000000001,-0.3125,0.39666666666666667,-0.5033333333333333,-0.11833333333333336,-0.5166666666666666,-0.6191666666666666,-0.4691666666666667,0.25166666666666665,-0.2508333333333333,0.49000000000000005,10000
MLYYPSVSRCERGLD,-0.0019174573333333425,0.24131873333333334,-0.33290834666666674,0.24089361999999997,-0.13420778533333333,0.012666666666666678,-0.13066666666666668,-0.13866666666666663,0.018,0.07933333333333334,-0.014666666666666668,0.05333333333333332,0.03866666666666667,0.07466666666666667,-0.06733333333333334,-0.058666666666666686,-0.21200000000000002,0.04266666666666666,-0.20653333333333337,-0.11993333333333328,-0.03279999999999998,0.1686666666666667,0.08293333333333335,0.10480000000000003,0.2246666666666667,-0.02666666666666666,0.11200000000000004,0.009999999999999972,-0.292,-0.15266666666666664,0.014000000000000028,-0.14333333333333328,-0.11933333333333332,0.4733333333333334,-0.28866666666666674,0.37533333333333324,-0.2773333333333333,0.012933333333333328,0.02373333333333334,0.019066666666666662,-0.03446666666666667,-0.03579999999999999,-0.06866666666666663,-0.02933333333333333,-0.3630466666666665,-0.06696666666666679,-0.012746666666666654,-0.22533333333333333,-0.1013333333333334,0.11666666666666672,-0.12266666666666666,0.004666666666666641,-0.055333333333333366,0.13866666666666666,0.041999999999999996,0.22173333333333334,0.0010666666666666713,-0.014866666666666663,0.0404,-0.7580666666666667,-0.029666666666666675,-0.03526666666666665,0.011733333333333333,-0.11466666666666665,-0.3031333333333333,0.07813333333333335,0.15386666666666665,0.944753333333334,-0.71518,-0.57974,-0.034013333333333416,-0.2614866666666667,-0.01955333333333332,0.677086666666667,-0.6161066666666668,-0.3350933333333333,1.7386666666666668,0.8741800000000001,-3.9813333333333336,0.2066666666666667,-0.19600000000000004,0.09266666666666667,0.4993333333333333,-0.046666666666666676,0.051333333333333335,-0.015999999999999997,0.1426666666666667,-0.0646666666666667,-0.016000000000000014,-0.02600000000000006,0.10000000000000003,-0.7206666666666666,0.226,0.30400000000000005,-0.21933333333333335,0.25533333333333336,-0.12800000000000003,0.07066666666666659,-0.1326666666666666,-0.007999999999999991,-0.30066666666666664,-0.11933333333333333,10000
FNALAGWTLIF,-0.5943698336363636,-0.3172948645454545,0.6320567272727271,0.4480819818181818,0.33205324818181814,-0.5809090909090909,-0.06636363636363639,0.08636363636363632,0.06909090909090908,-0.13181818181818183,0.4145454545454545,0.15545454545454546,-0.13272727272727275,0.09909090909090912,-0.0990909090909091,-0.5418181818181818,-0.15999999999999998,-0.0718181818181818,0.5845454545454545,0.12154545454545453,0.20400000000000001,0.6433636363636364,-0.12009090909090908,-0.23990909090909093,-0.29,-0.19727272727272724,-0.10999999999999996,-0.6054545454545455,-0.36727272727272725,-0.5645454545454545,0.27454545454545454,0.2790909090909091,0.18000000000000005,-0.31272727272727263,-0.1890909090909091,0.5563636363636363,-0.47818181818181815,-0.11672727272727274,0.08090909090909092,-0.087,-0.06709090909090909,0.10518181818181818,-0.1309090909090909,-0.7472727272727273,4.190736363636364,-1.963763636363636,0.6275363636363637,2.3790909090909094,-1.6036363636363637,-0.18181818181818177,0.057272727272727225,-0.41818181818181815,0.3872727272727273,-0.030909090909090907,0.2081818181818182,0.23509090909090913,0.11881818181818184,0.06518181818181819,-0.02418181818181819,-0.7744545454545455,-0.38781818181818184,-0.07754545454545453,-0.09527272727272727,-0.3237272727272727,-0.3915454545454545,0.013090909090909071,0.34636363636363643,-1.1573272727272725,0.38990909090909087,1.2113727272727273,-0.12978181818181825,0.8257454545454546,0.13240000000000002,-1.6181000000000003,1.2612363636363637,-0.49499090909090915,-1.9985363636363636,0.30489090909090916,-4.156363636363636,-0.7909090909090909,0.08636363636363635,0.24727272727272728,0.7327272727272726,0.6636363636363636,-0.08909090909090908,-0.13818181818181827,-0.2636363636363637,0.0809090909090909,-0.5527272727272727,-0.09090909090909095,-0.4845454545454546,-0.7836363636363636,-0.07272727272727271,0.42090909090909084,-0.39272727272727265,-0.01818181818181818,-0.5245454545454545,-1.7200000000000002,-0.5245454545454545,-0.04545454545454548,-0.1336363636363636,0.23090909090909092,10000
LEARIAALEA,-0.13908921900000001,-1.0689002969999999,0.06453680999999994,0.9872595499999999,-0.03662233699999999,0.001000000000000016,-0.5879999999999999,-0.25999999999999995,-0.129,0.11400000000000002,0.176,0.137,0.12,0.5660000000000001,0.157,-0.39,-0.34800000000000003,-0.040999999999999995,0.08249999999999999,0.9229999999999998,-0.20269999999999996,1.0188000000000001,0.19239999999999996,-0.21329999999999996,-1.173,-0.5189999999999999,-0.442,0.01599999999999997,-0.968,-0.593,0.129,-0.096,0.193,-0.11499999999999995,-0.5050000000000001,0.256,-0.213,-0.024199999999999996,-0.027800000000000002,-0.3041,-0.08430000000000001,0.12710000000000002,-0.7319999999999999,-0.43699999999999994,-0.021299999999999764,-2.39924,0.6755799999999998,0.4710000000000001,-1.3150000000000002,-2.04,0.67,-0.7909999999999999,0.884,-0.45899999999999996,-0.03600000000000001,0.25220000000000004,0.10429999999999999,-0.051000000000000004,-0.1302,-0.9962,-0.4981000000000001,-0.35539999999999994,-0.009500000000000008,-0.24789999999999995,-0.4447000000000001,0.2141,0.545,-2.51356,-1.2541100000000003,0.5295500000000001,0.07379999999999998,0.19754,0.23125000000000004,-3.40102,-0.06577,-0.61673,-2.9434499999999995,0.7903899999999999,-5.5280000000000005,0.1290000000000001,0.125,0.691,0.967,0.07599999999999998,-0.21900000000000003,-0.29400000000000004,-0.509,-0.195,-0.6860000000000002,0.45600000000000007,-0.242,-0.9650000000000002,0.24899999999999997,0.6520000000000001,-0.644,-0.03500000000000002,-0.23200000000000004,-0.17500000000000016,-1.059,-0.6010000000000001,-0.6929999999999998,0.647,10000
IVAETVRVLD,-0.294639918,-0.455053788,-0.02019722000000006,0.8157501499999998,-0.38958877700000005,-0.195,-0.6900000000000001,-0.403,-0.009999999999999998,-0.20999999999999996,0.18000000000000002,-0.16,-0.053000000000000005,0.2,0.191,-0.26599999999999996,-0.3510000000000001,-0.11599999999999999,-0.49729999999999996,0.4992,-0.044899999999999975,0.7154,-0.005400000000000005,0.30400000000000005,-0.594,-0.342,0.609,0.11400000000000002,-0.45499999999999996,-0.40099999999999997,-0.36,-0.08399999999999999,0.0020000000000000018,0.23200000000000004,-0.583,0.38500000000000006,-0.366,-0.0671,0.008000000000000004,-0.16260000000000002,-0.11040000000000001,-0.07959999999999999,-0.33599999999999997,-0.346,1.09809,-1.64727,0.3284,1.0859999999999999,-0.873,-1.932,0.38100000000000006,-0.11800000000000004,0.133,0.629,-2.2204460492503132e-17,0.2413,0.0678,-0.10629999999999999,-0.11939999999999999,-0.9218,-0.55,-0.39980000000000004,0.02169999999999999,-0.11310000000000002,-0.049800000000000025,0.08939999999999998,-0.017599999999999998,-1.9378699999999998,-1.3373300000000001,0.6526299999999999,-0.24013,0.09335999999999997,0.28488,-2.2665499999999996,-0.08875999999999999,-0.28784,-2.57425,0.38510999999999995,-4.877,0.13900000000000004,0.26800000000000007,0.613,0.5879999999999999,0.09200000000000004,-0.19300000000000006,-0.082,-0.869,-0.21500000000000002,-0.549,0.101,0.048,-0.866,0.17300000000000001,0.51,-0.5519999999999999,-0.31100000000000005,-0.011000000000000001,-0.434,-1.1760000000000002,-1.0020000000000002,-0.9219999999999999,0.227,10000
IRGATTHYD,0.10061360666666667,0.12397927222222223,0.7139531555555555,0.2993017555555555,0.7167609188888888,0.22111111111111115,0.01666666666666668,-0.0066666666666667035,0.2922222222222222,-0.038888888888888896,0.15111111111111108,0.12000000000000001,-0.27999999999999997,0.1777777777777778,0.09333333333333334,0.08888888888888892,-0.33777777777777784,0.1688888888888889,-0.11177777777777781,-0.24722222222222218,-0.15722222222222224,0.18255555555555555,-0.23988888888888887,0.13988888888888887,0.1622222222222222,-0.23777777777777775,0.36888888888888893,0.2733333333333333,-0.2866666666666667,0.05555555555555555,-0.22111111111111112,0.23000000000000004,0.017777777777777757,0.26333333333333336,-0.15666666666666662,0.33888888888888896,-0.47777777777777786,0.04055555555555556,0.045444444444444454,-0.006444444444444449,-0.03655555555555556,-0.07644444444444445,-0.41555555555555546,0.1922222222222222,-1.9498444444444445,-0.887433333333333,0.0641111111111111,-1.0344444444444445,-0.6288888888888889,-0.0022222222222222244,0.04555555555555557,0.4811111111111111,0.00777777777777781,0.2911111111111111,0.22333333333333327,0.20866666666666667,0.039777777777777766,-0.01144444444444443,0.03755555555555556,-0.7984444444444444,-0.22977777777777778,-0.28855555555555557,-0.13977777777777775,0.08622222222222223,-0.6316666666666667,0.12622222222222218,0.27611111111111103,-1.4081555555555552,-0.0774333333333334,0.4601222222222223,0.5611444444444444,0.3650555555555555,-0.019599999999999975,-1.5452000000000001,-0.28863333333333335,0.05264444444444442,-1.5206000000000002,0.7942666666666667,-4.362222222222222,-0.16666666666666663,0.3211111111111112,-0.05111111111111112,0.8477777777777777,-0.2111111111111111,-0.03666666666666666,-0.2677777777777778,-0.04222222222222226,-0.04666666666666666,0.06555555555555556,0.21444444444444444,0.03888888888888889,-0.7944444444444444,-0.08111111111111108,0.3277777777777777,-0.6877777777777777,0.31333333333333335,-0.2922222222222223,0.8144444444444444,-0.5166666666666667,-0.4300000000000001,-0.1388888888888889,-0.046666666666666634,10000
RTIVCP,-0.3707152816666666,0.332029725,0.4687713999999999,0.39733235000000006,0.35298697333333323,-0.26499999999999996,-0.7816666666666666,-0.02166666666666663,-0.03999999999999998,0.11500000000000003,-0.3416666666666666,0.05833333333333334,-0.25500000000000006,-0.09666666666666668,-0.006666666666666664,-0.3499999999999999,-0.22666666666666666,0.19333333333333333,-0.07983333333333335,-0.16799999999999995,-0.2065,-0.0725,0.44799999999999995,0.694,0.19833333333333333,-0.25333333333333335,0.9516666666666668,-0.07833333333333332,-0.2783333333333333,0.3083333333333334,0.18000000000000002,-0.66,0.29,0.13500000000000004,-0.6333333333333334,0.6216666666666667,-0.26499999999999996,-0.05783333333333334,0.0755,0.048999999999999995,-0.07183333333333332,-0.17233333333333337,-0.34333333333333327,-0.24833333333333332,1.7779666666666663,-1.02885,0.71115,1.2716666666666665,-0.9416666666666668,0.11333333333333329,0.8833333333333333,0.41666666666666674,-0.7533333333333333,0.6116666666666667,0.023333333333333307,0.22283333333333336,0.133,-0.0805,0.0006666666666666638,-0.8938333333333333,-0.48466666666666675,-0.25516666666666665,0.13999999999999999,-0.2811666666666667,-0.19483333333333333,0.2683333333333333,-0.44816666666666666,-1.58155,-0.41491666666666677,-0.01151666666666662,-0.9074,0.4195333333333333,-0.2302333333333333,-2.031416666666667,0.48924999999999996,0.07559999999999996,-1.8521166666666666,0.7607499999999999,-4.72,-0.3916666666666666,-0.12999999999999998,0.4766666666666666,0.3083333333333333,0.10333333333333333,-0.32666666666666666,-0.023333333333333345,-0.61,0.3333333333333334,-0.2816666666666667,-0.2816666666666667,0.7383333333333333,-0.8450000000000001,0.053333333333333344,0.49666666666666665,-0.12,-0.295,-0.06833333333333336,-0.505,-0.9083333333333335,-0.38000000000000006,-0.04666666666666667,-0.16333333333333333,10000
PQGEQSTGKIY,0.29379331454545454,0.45639077818181817,-0.025942590909091002,0.22495673636363642,0.07582265272727275,0.5281818181818184,-0.010909090909090898,-0.00999999999999998,-0.17272727272727273,-0.11818181818181821,0.08545454545454544,0.12818181818181817,-0.048181818181818166,0.23363636363636367,0.07818181818181821,0.06454545454545454,-0.41181818181818186,0.06545454545454545,-0.3624545454545454,-0.4884545454545453,-0.2879090909090909,0.2858181818181818,0.08299999999999996,-0.13736363636363635,0.3609090909090909,-0.2927272727272727,0.059090909090909104,0.33818181818181814,0.24181818181818182,-0.14363636363636365,0.27454545454545454,0.0490909090909091,-0.39909090909090905,-0.4390909090909091,-0.18545454545454546,0.43727272727272726,-0.40363636363636374,0.104,0.07472727272727274,0.022454545454545453,-0.06981818181818182,-0.001818181818181816,-0.7109090909090909,0.29363636363636364,-3.412154545454545,-1.4009636363636364,1.2808636363636363,-2.732727272727273,-0.8409090909090909,0.5318181818181817,0.18454545454545454,-0.34181818181818185,0.3045454545454545,0.42454545454545456,0.18181818181818182,0.20563636363636364,0.012000000000000005,-0.05918181818181818,-0.009545454545454546,-0.9159090909090909,-0.16472727272727275,-0.18009090909090905,-0.02127272727272728,-0.058545454545454526,-0.6020000000000001,0.016181818181818176,0.4406363636363635,-0.7565545454545454,-0.5455363636363636,-0.7970090909090909,0.819709090909091,0.3240363636363636,0.35808181818181817,-1.2739545454545453,-0.3916909090909092,-0.23718181818181813,-0.358509090909091,0.22171818181818184,-4.866363636363636,-0.034545454545454574,0.029090909090909122,0.005454545454545459,0.8236363636363635,-0.32545454545454544,-0.1636363636363636,-0.4318181818181818,0.3227272727272727,-0.08727272727272734,-0.3145454545454545,0.3109090909090908,0.005454545454545439,-0.8636363636363636,0.07545454545454545,0.32,-0.5109090909090909,0.4681818181818182,-0.480909090909091,0.7318181818181819,-0.7490909090909091,-0.37909090909090915,-0.8018181818181819,0.15272727272727277,10000
DITDIKTIL,-0.09654550666666666,-0.21459209777777777,0.28200032222222216,0.3851060777777778,-0.07467423888888886,-0.13,-0.6366666666666666,-0.3288888888888889,0.12000000000000001,-0.32111111111111107,0.2288888888888889,-0.4344444444444444,-0.22,-0.10222222222222221,-0.07555555555555556,-0.03555555555555555,-0.34222222222222226,-0.11555555555555556,0.19166666666666665,0.1688888888888889,0.11411111111111112,0.5301111111111111,-0.0561111111111111,-0.008111111111111104,-0.21000000000000002,-0.16666666666666666,0.46222222222222226,0.13,-0.29666666666666663,-0.31777777777777777,-0.32666666666666666,-0.07444444444444444,0.2611111111111111,-0.22555555555555562,-0.5466666666666666,0.33222222222222214,-0.44555555555555554,-0.03788888888888889,0.007999999999999993,-0.07011111111111111,-0.11088888888888888,-0.04200000000000001,-0.13888888888888887,-0.12333333333333335,0.6144000000000003,-0.855,0.6838222222222221,0.36555555555555547,-0.35333333333333333,-1.7733333333333334,-0.024444444444444505,-0.09666666666666668,-0.41555555555555546,0.8588888888888888,0.3088888888888888,0.2328888888888889,0.0034444444444444535,-0.10466666666666666,-0.11377777777777778,-0.8467777777777777,-0.5697777777777778,-0.45511111111111113,-0.11522222222222221,0.12200000000000004,0.44011111111111106,-0.10055555555555556,-0.3835555555555555,-1.9813555555555555,-1.4236444444444443,1.6391222222222224,-0.9748777777777777,0.22816666666666668,0.6923333333333334,-1.7290777777777777,-0.10991111111111114,-0.05110000000000005,-2.8090333333333333,-0.3943666666666667,-4.551111111111111,0.22666666666666668,0.26333333333333336,0.6533333333333333,0.3533333333333333,0.11333333333333336,0.07444444444444444,0.004444444444444461,-0.8377777777777777,-0.30222222222222234,-0.3255555555555556,-0.032222222222222235,0.11333333333333334,-0.8111111111111111,0.1411111111111111,0.4633333333333333,-0.2677777777777778,-0.06999999999999999,0.08555555555555555,-0.4666666666666667,-0.8999999999999999,-0.8322222222222222,-1.0655555555555556,0.2922222222222222,10000
LQWHLLDSGA,-0.253853518,-0.149657349,-1.6338685800000003,0.27200028000000004,-0.8820674970000001,-0.06799999999999998,0.035999999999999976,-0.014000000000000035,-0.039,-0.0040000000000000036,0.23199999999999998,0.02699999999999999,0.07199999999999998,0.03599999999999999,0.22600000000000003,-0.162,-0.279,-0.08299999999999999,0.15029999999999996,0.1462,-0.021799999999999976,0.5513,-0.05169999999999999,-0.3805,-0.24100000000000002,-0.20699999999999993,-0.42700000000000005,-0.269,-0.20600000000000002,-0.515,-0.09000000000000004,-0.13200000000000003,-0.15099999999999997,0.194,-0.181,0.434,-0.536,-0.019700000000000002,0.038400000000000004,-0.09230000000000001,-0.028800000000000003,0.10289999999999999,-0.31899999999999995,-0.15499999999999997,0.9266200000000001,-1.52714,0.24379,0.38499999999999984,-0.9690000000000001,-0.36500000000000005,-0.24100000000000002,-0.335,0.49800000000000005,-0.271,-0.06400000000000006,0.22240000000000001,0.024000000000000004,-0.007800000000000001,-0.0558,-0.8158000000000001,-0.1683,-0.22489999999999996,-0.19690000000000002,-0.024900000000000005,-0.33580000000000004,0.20729999999999998,0.4163,-0.3783800000000002,-0.6600099999999999,0.8696699999999999,0.28162999999999994,-0.007539999999999991,-0.31074,-0.4382,0.17702,-0.36269,-1.12819,0.1120800000000001,-4.323,-0.41600000000000004,0.13299999999999998,0.14100000000000001,0.7779999999999999,0.23200000000000004,-0.06899999999999999,-0.20400000000000001,-0.036000000000000046,-0.15,-0.30500000000000005,0.172,-0.362,-0.7929999999999999,-0.075,0.4700000000000001,-0.366,0.38600000000000007,-0.26400000000000007,-0.43200000000000005,-0.4029999999999999,-0.10199999999999995,-0.09699999999999998,0.40199999999999997,10000
SYAGQHIPYIAKAI,-0.16410123,0.006326136428571423,0.08478184285714277,0.2926348928571429,0.19834837214285717,-0.0642857142857143,-0.12999999999999998,-0.12785714285714286,0.15428571428571428,-0.08857142857142856,-0.04357142857142856,0.32642857142857146,-0.005714285714285712,0.3871428571428571,0.1242857142857143,-0.30785714285714283,-0.2942857142857143,0.1407142857142857,0.15764285714285717,-0.09535714285714281,-0.012571428571428558,0.3970714285714286,0.03499999999999998,-0.038,-0.07142857142857144,-0.3085714285714286,0.17142857142857146,-0.11785714285714287,0.04357142857142853,-0.33,-0.27428571428571435,0.1385714285714286,0.08857142857142859,-0.4192857142857143,-0.27785714285714286,0.5157142857142858,-0.41142857142857153,-0.02228571428571428,0.06335714285714285,-0.036,-0.0835,0.012428571428571424,-0.5149999999999999,-0.2992857142857143,0.7474500000000001,-1.6757357142857139,1.2993428571428571,0.20428571428571432,-1.170714285714286,-0.0664285714285714,0.7728571428571429,-0.2871428571428572,0.12071428571428569,0.28928571428571426,-0.020714285714285734,0.22164285714285717,0.09721428571428573,0.022571428571428576,-0.05392857142857143,-0.8587142857142858,-0.29764285714285715,-0.12235714285714284,-0.08978571428571426,-0.23357142857142854,-0.578857142857143,0.03514285714285713,0.3259285714285714,-0.7949571428571428,-0.21259285714285717,0.4343642857142857,0.2446642857142857,0.6379071428571427,0.10324285714285715,-1.3851714285714283,0.6648642857142857,-0.41817142857142864,-0.9325500000000001,0.5450928571428573,-4.691428571428571,-0.6657142857142856,0.015,0.17214285714285715,0.7071428571428571,0.16214285714285714,-0.18142857142857144,-0.2685714285714286,-0.2592857142857143,0.24285714285714285,-0.49571428571428583,0.15857142857142853,-0.012142857142857113,-0.8514285714285714,-0.10428571428571429,0.4592857142857142,-0.30642857142857144,0.2121428571428572,-0.4471428571428571,-0.4814285714285713,-0.6278571428571428,-0.1992857142857143,-0.02285714285714286,0.36357142857142855,10000
TLAAAAFAATSE,-0.3756664391666667,-0.7327158183333333,-0.23900787500000006,1.0742064749999998,-0.18590089583333333,0.012499999999999956,-0.5875,0.17500000000000002,0.0325,0.07333333333333332,0.24916666666666665,0.2041666666666667,-0.3675,0.8199999999999998,0.08000000000000002,-0.4466666666666666,-0.5575,0.11333333333333334,0.14841666666666667,0.49899999999999994,-0.55625,0.9730833333333333,0.13491666666666666,-0.33108333333333334,-0.8941666666666667,-0.9441666666666667,-0.45416666666666666,-0.10833333333333339,-0.6358333333333333,-0.5958333333333333,-0.07833333333333332,-0.2675,0.08166666666666665,-0.19666666666666666,-0.5066666666666666,0.39083333333333337,-0.5866666666666667,0.0006666666666666696,0.08758333333333333,-0.28358333333333335,-0.05708333333333334,0.08825,-1.6033333333333333,-0.5691666666666666,-0.7319083333333332,-4.7856749999999995,0.32350000000000007,-0.14583333333333334,-2.8316666666666666,-1.6049999999999998,0.8833333333333332,-0.2966666666666667,0.37083333333333335,-0.6766666666666666,0.75,0.23924999999999996,0.17816666666666667,-0.07216666666666666,0.04824999999999999,-1.1875833333333332,-0.6381666666666667,-0.4802499999999999,0.05016666666666667,-0.1723333333333333,-1.1956666666666669,0.09658333333333331,0.5573333333333335,-3.164175,-0.18391666666666664,0.22800833333333334,0.3491083333333333,0.8523666666666667,0.0819166666666667,-4.3670833333333325,0.28404166666666686,-0.4427083333333333,-3.3613583333333334,1.3881249999999998,-6.746666666666666,-0.8758333333333331,0.5058333333333332,0.5241666666666666,1.4208333333333332,0.10416666666666669,-0.6216666666666667,-0.7374999999999999,-0.7208333333333333,-0.1675,-0.5391666666666667,-0.033333333333333354,-0.2325,-1.1666666666666667,-0.13416666666666668,0.7408333333333332,-0.9883333333333333,-0.12499999999999996,-0.6141666666666665,-0.004999999999999967,-1.5374999999999999,0.16416666666666663,-0.6975000000000001,0.6366666666666666,10000
RFAQLPLAN,-0.06942536222222223,-0.2770235377777778,-0.49070700000000006,0.6072706555555555,-0.12407430444444446,0.023333333333333355,-0.28,-0.2677777777777777,-0.1011111111111111,0.07222222222222223,0.031111111111111114,0.28444444444444444,-0.026666666666666655,0.09000000000000002,-0.10666666666666667,-0.33111111111111113,-0.18000000000000002,0.013333333333333338,0.059555555555555584,0.2192222222222222,0.022666666666666693,0.583111111111111,0.4917777777777778,-0.00855555555555555,-0.27333333333333343,-0.1388888888888889,-0.2899999999999999,-0.12666666666666665,-0.2533333333333333,-0.6111111111111112,0.46222222222222226,-0.3055555555555555,0.5633333333333334,-0.3277777777777777,-0.26555555555555554,0.5433333333333334,-0.2733333333333333,-0.011000000000000003,0.006666666666666663,-0.08966666666666669,-0.10533333333333333,0.09277777777777778,-0.1888888888888888,-0.41999999999999993,0.3435111111111111,-0.7619888888888888,1.2487111111111109,0.2933333333333333,-0.408888888888889,-0.31333333333333324,0.7766666666666666,-0.45444444444444443,0.012222222222222221,-0.35222222222222216,0.07666666666666666,0.2317777777777778,0.051,-0.012999999999999996,-0.08877777777777779,-0.8258888888888889,-0.20233333333333334,-0.11355555555555553,-0.03833333333333333,-0.31555555555555553,-0.19888888888888898,0.11777777777777779,0.29600000000000004,-1.3142111111111108,-0.7180000000000001,0.6411333333333332,0.04903333333333334,0.3782555555555557,-0.1644,-1.4050555555555553,0.5668888888888888,-0.31833333333333336,-1.4382444444444442,0.5566555555555556,-4.332222222222222,-0.10111111111111104,-0.06666666666666668,0.26111111111111107,0.5588888888888888,0.1488888888888889,-0.00777777777777781,-0.05222222222222223,-0.1588888888888889,0.20111111111111113,-0.32000000000000006,0.1322222222222222,0.08666666666666664,-0.7866666666666666,0.13,0.32888888888888895,-0.4577777777777777,-0.0733333333333333,-0.32999999999999996,-0.6266666666666666,-0.04555555555555562,-0.3088888888888889,-0.10888888888888885,0.8622222222222223,10000
QLRVHVRRHKGVR,0.32091431615384625,-0.15100723384615383,-0.12434687692307704,0.3131215307692307,0.6610918746153847,0.2892307692307693,-0.019999999999999997,-0.5961538461538461,-0.06230769230769229,0.3707692307692308,0.09615384615384613,0.39076923076923076,0.15153846153846154,-0.02923076923076924,0.13615384615384615,0.08769230769230772,-0.01230769230769231,0.3961538461538462,-0.824923076923077,0.3023846153846154,0.107,0.151,-0.12930769230769232,1.1260769230769232,-0.19615384615384618,0.2376923076923077,0.8007692307692308,0.6446153846153846,0.00846153846153852,-0.1353846153846154,0.08,0.02846153846153846,0.00615384615384614,0.6607692307692308,-0.26615384615384613,0.4853846153846154,0.006923076923076938,0.019307692307692307,-0.10253846153846152,-0.03184615384615386,-0.12353846153846153,-0.1709230769230769,0.546923076923077,0.3584615384615385,-1.8168538461538462,2.467484615384615,0.5498153846153847,-0.3523076923076924,1.5238461538461539,0.20846153846153842,1.28,0.5261538461538462,0.6230769230769232,0.1576923076923077,-0.35,0.22115384615384615,-0.008461538461538456,0.016384615384615383,-0.15599999999999997,-0.6093076923076923,0.0802307692307692,-0.07007692307692309,-0.0926923076923077,-0.22161538461538463,0.03184615384615382,0.6164615384615385,0.44884615384615384,1.2579615384615386,-1.2746,-0.6202307692307691,0.3493076923076923,0.4781999999999999,-0.561876923076923,0.6425307692307693,-0.4551307692307693,-0.7217461538461537,1.8726230769230767,0.7172307692307691,-3.022307692307692,1.0192307692307694,-0.4461538461538461,0.026153846153846153,0.3207692307692308,-0.4176923076923077,0.1461538461538462,0.2923076923076924,0.16692307692307692,0.7153846153846154,0.21384615384615385,0.7584615384615385,0.17615384615384613,-0.5792307692307692,0.4238461538461538,0.22000000000000006,-0.25307692307692303,0.37923076923076926,0.02538461538461538,1.0046153846153847,0.15461538461538457,-1.7815384615384615,0.9092307692307693,0.06692307692307692,10000
SVIRFSSNAVVLIND,-0.354020946,0.08616945066666665,-0.7700230733333334,0.5870728599999998,-0.6146324653333333,-0.07733333333333332,-0.49533333333333335,-0.22999999999999998,0.2833333333333333,-0.14333333333333328,0.3566666666666667,-0.03133333333333333,-0.14466666666666667,0.05000000000000001,-0.013333333333333334,-0.19466666666666668,-0.36666666666666675,0.02999999999999998,-0.28826666666666667,0.03093333333333335,-0.09506666666666665,0.5506666666666665,-0.11680000000000001,0.18426666666666666,-0.06533333333333335,-0.3646666666666667,0.544,0.0013333333333333346,-0.24866666666666667,-0.3966666666666666,-0.6593333333333332,0.0366666666666667,0.1726666666666667,-0.27466666666666667,-0.5173333333333333,0.4866666666666666,-0.5093333333333334,-0.03566666666666666,0.07006666666666668,-0.07486666666666666,-0.08626666666666667,-0.0948,-0.536,-0.33933333333333343,0.7147733333333336,-1.9273866666666668,-0.16654666666666665,0.522,-1.0693333333333335,-1.2240000000000002,0.538,0.3,-0.2673333333333333,0.6313333333333334,-0.14266666666666666,0.24353333333333332,0.03559999999999999,-0.07200000000000001,-0.0006666666666666682,-0.9424666666666666,-0.41433333333333333,-0.4019333333333333,-0.016400000000000005,-0.01079999999999998,-0.18979999999999994,0.03919999999999998,0.013066666666666681,0.09145333333333341,-1.62446,0.5076933333333333,-0.32726000000000005,0.26772666666666667,-0.21684666666666666,-0.044753333333333124,-0.35121333333333343,-0.6105866666666666,0.48901333333333313,0.9406000000000001,-5.006,-0.11066666666666662,0.3093333333333333,0.37199999999999994,0.6966666666666667,0.08266666666666665,-0.26199999999999996,-0.20400000000000004,-0.6533333333333334,-0.09600000000000003,-0.2753333333333334,-0.07066666666666667,-0.102,-0.8839999999999999,-0.005999999999999968,0.4806666666666667,-0.4926666666666666,0.07799999999999999,-0.11000000000000003,-0.2026666666666667,-0.6400000000000001,-0.2606666666666666,-0.7659999999999999,0.5193333333333334,10000
IEVVLQITV,-0.5834929133333333,-0.46910313666666664,0.20127342222222214,0.6995983999999998,-0.4936429677777778,-0.551111111111111,-0.7788888888888889,-0.6277777777777778,-0.035555555555555556,-0.30333333333333334,0.17777777777777776,-0.20777777777777778,-0.08777777777777779,0.13,0.3622222222222222,-0.4066666666666667,-0.3155555555555556,-0.22444444444444445,-0.22322222222222227,0.5726666666666667,0.1547777777777778,0.7276666666666666,-0.004666666666666668,0.3895555555555556,-0.7088888888888889,-0.30222222222222217,1.0144444444444443,-0.10444444444444446,-0.0488888888888889,-0.3577777777777778,-0.31,-0.11555555555555554,-0.061111111111111116,-0.32666666666666666,-0.6222222222222222,0.69,-0.4033333333333333,-0.1507777777777778,0.02788888888888889,-0.15133333333333335,-0.13244444444444448,-0.10977777777777778,-0.12000000000000001,-0.5777777777777777,3.8241888888888886,-1.9686333333333335,0.5934555555555555,2.554444444444444,-1.1311111111111112,-2.0755555555555554,0.6922222222222223,-0.2644444444444444,0.12111111111111111,1.0522222222222222,-0.2788888888888889,0.25022222222222223,0.07055555555555555,-0.11022222222222222,-0.15322222222222223,-0.9052222222222223,-0.6853333333333333,-0.34655555555555556,0.013555555555555562,-0.16900000000000004,0.32166666666666666,-0.04077777777777779,-0.2813333333333333,-1.8411777777777776,-1.3891555555555557,0.9083999999999999,-0.5196666666666666,0.08230000000000001,0.484411111111111,-2.1008000000000004,0.39786666666666665,-0.3217666666666667,-3.1107333333333336,-0.5503666666666667,-4.72111111111111,-0.01999999999999997,0.21666666666666667,0.7655555555555557,0.3055555555555556,0.41111111111111115,-0.3288888888888889,0.019999999999999997,-1.1855555555555555,-0.07222222222222224,-0.9500000000000001,-0.11555555555555556,-0.10777777777777778,-0.8444444444444446,0.14666666666666667,0.5522222222222222,-0.27666666666666667,-0.4444444444444444,0.11333333333333334,-1.5799999999999998,-1.5666666666666669,-1.3555555555555554,-1.198888888888889,0.14555555555555555,10000
DHSLDYHLSQ,0.146952446,0.12457806500000002,-2.3094592900000004,-0.09344260000000003,-1.409909036,0.3350000000000001,0.25399999999999995,-0.3330000000000001,0.4410000000000001,-0.044,-0.03599999999999998,-0.188,-0.045,0.077,0.154,0.34500000000000003,-0.346,-0.118,-0.2277,0.011899999999999989,-0.025900000000000006,0.08739999999999996,-0.024899999999999978,-0.29100000000000004,0.079,0.015999999999999993,-0.30100000000000005,0.13599999999999998,0.09600000000000002,-0.273,-0.807,-0.16199999999999998,0.26600000000000007,0.426,0.009000000000000003,0.366,-0.626,0.0524,-0.019700000000000002,-0.011100000000000002,0.026500000000000003,0.008700000000000001,-0.07499999999999997,0.363,-1.9395199999999995,0.10949999999999993,-0.9244100000000002,-1.1310000000000002,0.487,-0.6819999999999999,-0.501,0.26999999999999996,-0.374,-0.14700000000000002,-0.24799999999999994,0.2166,-0.1143,-0.011699999999999997,0.0402,-0.6956,0.0030999999999999943,-0.22550000000000003,-0.33549999999999996,0.3498,-0.014800000000000002,0.0873,0.072,1.27252,-0.8669,0.6714599999999998,0.61717,-0.66291,-0.30883999999999995,2.42518,-0.84565,0.17333000000000004,1.52167,-0.15799999999999997,-3.588,-0.06100000000000001,0.35300000000000004,-0.39199999999999996,0.48600000000000004,-0.21299999999999994,0.09799999999999998,-0.015000000000000008,-0.11700000000000002,-0.39200000000000007,0.365,-0.03599999999999999,0.047,-0.6639999999999999,-0.233,0.198,-0.39,0.6359999999999999,0.037000000000000005,0.833,0.3959999999999999,0.2689999999999999,-0.264,0.389,10000
DYDAIPRR,0.47414961375,0.19469248375000003,-0.18002642499999988,0.238603425,0.012735444999999901,0.435,-0.07375000000000002,-0.18875,0.0025000000000000022,-0.14249999999999996,-0.20124999999999998,-0.03750000000000003,0.12125,0.08625,-0.20125,0.15000000000000002,-0.16375,-0.01999999999999999,-0.42512500000000003,-0.20887499999999998,0.10662500000000003,0.0635,0.28212499999999996,0.11750000000000005,0.34375,0.1775,0.006250000000000033,0.37625000000000003,-0.72875,-0.08250000000000002,-0.27999999999999997,-0.08499999999999999,0.4425,0.15625,-0.16499999999999998,0.12,-0.19375000000000003,0.079375,-0.050249999999999996,0.05687499999999999,-0.076375,-0.0061249999999999985,0.26125000000000004,0.23875000000000002,-2.9827,1.5674625,0.9733125,-1.625,1.21125,-0.2975,-0.3125000000000001,0.03624999999999998,-0.51875,0.30125,0.32125,0.20425000000000001,-0.047875,-0.01949999999999999,-0.084875,-0.62625,-0.03562500000000003,-0.191375,-0.13474999999999998,-0.010749999999999954,-0.19750000000000004,0.13600000000000004,0.16037500000000002,-0.004162499999999847,-1.0734,0.457275,0.26585000000000003,-0.1629625,0.11669999999999997,0.5998250000000003,-0.589725,0.0702875,0.8086625,1.1233125,-3.1537499999999996,0.42000000000000004,0.06,-0.14624999999999996,0.42374999999999996,-0.37374999999999997,0.5525,0.15999999999999998,0.0725,-0.17750000000000005,0.24374999999999997,0.21375,0.65125,-0.59875,0.11750000000000001,0.08250000000000002,-0.5199999999999999,0.2225,-0.13749999999999998,0.89375,0.6900000000000001,-0.24750000000000005,-0.14749999999999996,0.40624999999999994,10000
RCVAYP,-0.21409573333333332,0.29013661,0.13867113333333328,0.30255153333333334,0.22570816499999993,-0.22999999999999998,-0.335,0.0666666666666667,0.023333333333333334,0.23166666666666666,-0.5,0.28,-0.011666666666666659,0.26,-0.03833333333333333,-0.36833333333333335,-0.16833333333333336,0.18000000000000002,-0.23916666666666667,-0.18849999999999997,-0.11566666666666668,-0.10033333333333332,0.33249999999999996,0.47483333333333344,0.24666666666666667,-0.1416666666666667,0.4233333333333334,-0.19333333333333336,-0.3266666666666667,0.024999999999999994,0.19333333333333333,-0.395,0.3,0.4083333333333334,-0.345,0.48500000000000004,-0.205,-0.0325,0.052,0.05783333333333333,-0.039833333333333346,-0.09383333333333331,-0.25499999999999995,-0.27666666666666667,1.23635,-0.41540000000000005,0.5147166666666667,1.015,-0.5833333333333336,0.6983333333333334,0.6033333333333333,0.2216666666666666,-0.37833333333333335,0.26,0.11333333333333333,0.21383333333333332,0.11750000000000001,-0.0008333333333333318,0.0205,-0.7934999999999999,-0.19866666666666669,0.033666666666666685,0.12883333333333333,-0.4046666666666667,-0.6779999999999999,0.17999999999999997,0.029166666666666657,-0.7780999999999999,0.4123333333333334,-0.41830000000000006,-0.06810000000000004,0.2039333333333333,-0.27138333333333325,-1.332533333333333,0.6131666666666667,-0.0020333333333333683,-0.5038333333333332,1.2769833333333331,-4.188333333333333,-0.5916666666666667,-0.17333333333333334,0.08666666666666673,0.5033333333333333,0.075,-0.13666666666666666,-0.011666666666666695,-0.165,0.38500000000000006,-0.12166666666666669,-0.2233333333333333,0.5283333333333333,-0.77,0.008333333333333378,0.35333333333333333,-0.2833333333333333,-0.18333333333333335,-0.3,-0.36499999999999994,-0.23666666666666666,0.26333333333333336,0.31999999999999995,-0.1683333333333333,10000
ADKDRNEIKEQL,0.75346605,-0.471995165,-0.30016205,0.17932632499999998,-0.26048382333333336,0.7633333333333333,-0.15,-0.43250000000000005,-0.12916666666666665,0.05583333333333332,0.15166666666666667,-0.3341666666666667,0.1791666666666667,0.10500000000000002,-0.09416666666666666,0.39000000000000007,-0.30666666666666664,-0.12166666666666665,-0.6879166666666667,0.44475,-0.06441666666666666,0.29891666666666666,-0.019666666666666683,-0.13349999999999998,-0.405,0.09916666666666667,-0.4116666666666666,0.75,-0.3183333333333333,-0.29333333333333333,0.07833333333333334,0.11166666666666664,0.2066666666666667,-0.17500000000000002,-0.20666666666666667,0.04999999999999997,-0.14916666666666667,0.12475000000000003,-0.13633333333333333,-0.11499999999999999,-0.04158333333333333,0.051083333333333335,0.04500000000000001,0.5766666666666668,-4.959033333333333,1.51285,0.12540833333333332,-2.7316666666666674,1.5475,-1.4725000000000001,-0.15083333333333335,-0.3675,0.42083333333333334,0.09583333333333334,-0.03666666666666666,0.22983333333333333,-0.13416666666666666,-0.0855,-0.1475,-0.7376666666666667,-0.1396666666666667,-0.29358333333333336,-0.141,0.19416666666666668,0.33975,0.17608333333333334,0.2595,-0.7506833333333333,-1.5729,0.10814166666666665,0.1866416666666667,-0.43092499999999995,0.51495,-0.3637666666666666,-1.2795583333333336,-0.04288333333333335,-0.35471666666666674,-0.4287,-3.805833333333334,1.205,0.057500000000000016,0.14583333333333331,0.4841666666666666,-0.6366666666666666,0.32749999999999996,0.09500000000000001,0.075,-0.39750000000000013,0.2058333333333333,0.6041666666666666,-0.015833333333333324,-0.6825,0.39666666666666667,0.22499999999999998,-0.4875,0.465,0.11833333333333335,1.595833333333333,0.28583333333333344,-0.6533333333333334,-0.8516666666666667,0.51,10000
HPTNVGRL,0.029554152500000014,0.39377404749999995,0.12430884999999997,0.45987637500000006,0.44556207999999997,0.3275,-0.17125,-0.11624999999999999,0.13125000000000003,-0.07374999999999998,0.03624999999999998,0.39625,-0.2175,-0.2575,0.11499999999999998,-0.11249999999999999,-0.31124999999999997,0.22375,-0.41050000000000003,-0.39175,-0.25425,0.2799999999999999,0.32075,0.189,0.36874999999999997,-0.2475,0.32500000000000007,0.1475,0.11500000000000005,-0.17124999999999996,0.09124999999999997,-0.05999999999999997,0.12125000000000002,0.34750000000000003,-0.2875,0.49375,-0.4275,0.045875,0.081125,0.022624999999999992,-0.082375,-0.039625,-0.5062500000000001,0.028750000000000026,-1.29455,-1.1930999999999998,1.1922375,-1.0274999999999999,-0.9350000000000002,0.685,0.6649999999999999,-0.006250000000000061,-0.16374999999999995,0.20125,-0.5075,0.21737499999999998,0.095375,-0.024624999999999994,-0.01575,-0.885625,-0.19875000000000004,-0.25425,-0.082375,-0.11962500000000004,-0.42437499999999995,0.26437499999999997,0.14475,-1.8901375000000002,-0.5175375,0.5812375,0.2614249999999999,0.44976250000000007,-0.5487624999999999,-1.8954499999999996,0.34826250000000003,0.06917499999999999,-2.4361875,0.651275,-4.6675,-0.34874999999999995,0.03250000000000003,0.10375000000000001,0.63375,-0.13624999999999998,-0.23250000000000004,-0.28125,0.08874999999999997,0.16874999999999998,-0.21250000000000008,0.47875,0.32999999999999996,-0.83875,-0.05249999999999999,0.36,-0.47,0.12250000000000003,-0.35375,0.41375,-0.4799999999999999,-0.51875,0.19874999999999998,0.44625,10000
GRVGATAAVYSAAI,-0.4357002264285715,-0.129317345,0.14939844999999993,0.999959707142857,0.34048687000000005,-0.0514285714285714,-0.5071428571428571,0.2321428571428572,0.08071428571428571,-0.02285714285714285,0.3264285714285715,0.4442857142857143,-0.07857142857142858,0.5971428571428571,0.1942857142857143,-0.5414285714285715,-0.5085714285714286,0.2714285714285714,-0.13871428571428576,-0.03457142857142857,-0.4935714285714285,0.8782142857142858,-0.236,0.05264285714285718,-0.3157142857142857,-0.92,0.29285714285714287,-0.06285714285714286,-0.42857142857142855,-0.43928571428571433,-0.16928571428571426,0.23500000000000001,-0.27714285714285714,-0.03857142857142859,-0.5578571428571429,0.3742857142857144,-0.5042857142857143,-0.009142857142857142,0.1502857142857143,-0.1702142857142857,-0.09285714285714285,-0.036642857142857144,-1.5542857142857138,-0.5142857142857143,-0.15557857142857148,-4.571035714285714,0.7360142857142856,-0.10428571428571434,-3.1285714285714286,-0.505,0.8985714285714285,0.062142857142857104,0.6607142857142859,0.14857142857142858,0.4192857142857143,0.2250714285714286,0.20521428571428574,-0.06471428571428571,-0.014714285714285713,-1.1895714285714285,-0.4804285714285715,-0.37449999999999994,0.15485714285714283,-0.32821428571428574,-1.3857142857142857,0.12457142857142856,0.7387142857142858,-2.8248928571428573,-0.3527214285714286,-0.19392142857142858,0.4950285714285713,1.042085714285714,-0.13359285714285712,-4.6867214285714285,0.3273928571428572,-0.8212571428571428,-2.9129928571428576,1.9655142857142855,-6.704285714285715,-0.7557142857142857,0.2871428571428571,0.5985714285714286,1.476428571428571,0.09071428571428572,-0.6364285714285716,-0.8042857142857142,-0.36642857142857144,0.10571428571428572,-0.6671428571428571,0.2921428571428571,-0.31857142857142856,-1.16,-0.00857142857142856,0.7671428571428571,-0.89,0.0014285714285714338,-0.6992857142857144,0.025000000000000005,-1.7885714285714285,-0.29357142857142865,-0.4071428571428571,0.32785714285714285,10000
RITFNIR,0.07197263714285716,-0.09125647428571428,1.810092214285714,0.2870606142857143,1.4408860542857143,-0.11714285714285715,-0.19714285714285712,-0.4885714285714286,0.16571428571428573,0.13571428571428573,0.3514285714285714,0.10142857142857144,-0.23857142857142857,-0.21428571428571427,-0.2842857142857143,0.012857142857142885,0.06142857142857143,0.20428571428571432,0.11371428571428575,0.10457142857142858,0.4211428571428572,0.10428571428571425,-0.12942857142857145,0.8952857142857144,0.02428571428571428,0.34714285714285714,1.0071428571428571,0.3157142857142857,-0.5971428571428572,0.10714285714285714,0.14285714285714285,0.2028571428571429,0.5757142857142857,-0.5257142857142857,-0.27714285714285714,0.5857142857142857,-0.05571428571428573,-0.05285714285714284,-0.05971428571428571,0.030285714285714287,-0.1317142857142857,-0.15185714285714288,0.8842857142857143,-0.05999999999999999,0.6865571428571428,2.2929,0.3505428571428571,1.0657142857142856,1.3799999999999997,-0.3185714285714286,0.8685714285714285,0.6371428571428571,-0.20571428571428574,0.6900000000000001,-0.0628571428571429,0.2377142857142857,-0.023142857142857142,0.03628571428571429,-0.052,-0.5222857142857144,-0.21700000000000003,-0.1722857142857143,-0.12614285714285714,-0.11314285714285714,0.3915714285714285,0.22714285714285712,-0.06071428571428571,1.1655142857142855,-1.3670142857142857,0.6248285714285714,-0.5716142857142856,0.5964857142857144,-0.03332857142857141,1.3245,-0.32385714285714284,-0.5699142857142858,1.898585714285714,0.6896571428571429,-2.591428571428571,0.9028571428571429,-0.13999999999999996,0.11999999999999997,0.12857142857142856,-0.029999999999999995,0.3885714285714285,0.44571428571428573,-0.22714285714285717,0.47714285714285715,0.11999999999999997,0.12714285714285714,0.11285714285714284,-0.5142857142857143,0.32571428571428573,0.11857142857142859,-0.26000000000000006,0.1642857142857143,0.10857142857142857,-0.16571428571428568,0.41714285714285715,-1.3485714285714285,0.03285714285714288,0.11,10000
AKPVVVHGGGP,-0.29164147909090904,0.5456609218181817,-0.2519638272727272,0.6837911545454545,0.09505899181818181,0.26,-0.3590909090909091,0.2718181818181818,-0.05363636363636362,-0.4109090909090909,-0.04454545454545456,0.6263636363636363,0.1790909090909091,0.11727272727272729,0.22000000000000008,-0.6318181818181817,-0.5327272727272728,0.23545454545454547,-0.625,-0.6585454545454545,-0.6142727272727272,0.6201818181818182,0.32336363636363635,-0.16490909090909087,0.3609090909090909,-0.8181818181818182,0.15000000000000008,-0.13363636363636366,0.5254545454545453,-0.45909090909090916,0.0409090909090909,0.26999999999999996,-0.3654545454545454,0.4109090909090909,-0.4718181818181817,0.35818181818181816,-0.5445454545454544,0.04109090909090908,0.20763636363636362,-0.02700000000000001,-0.09527272727272727,0.02927272727272727,-1.6109090909090908,-0.33727272727272734,-0.36504545454545434,-4.4751272727272715,2.5043818181818183,-1.3218181818181818,-3.389090909090909,1.1218181818181818,0.6818181818181818,-0.6954545454545454,0.36181818181818187,0.23272727272727273,-0.2745454545454545,0.20427272727272727,0.25109090909090914,-0.041545454545454545,-0.10327272727272727,-1.21,-0.3392727272727272,-0.1738181818181818,0.14827272727272725,-0.5248181818181817,-1.200090909090909,0.22690909090909087,0.6016363636363636,-3.7183818181818182,0.42915454545454546,-0.34860909090909087,0.6419909090909091,1.2371999999999999,-0.17695454545454545,-5.295463636363635,1.421072727272727,-0.29219090909090906,-4.5782454545454545,0.9994636363636363,-6.579090909090908,-1.2845454545454549,-0.1481818181818182,0.4063636363636363,1.1318181818181818,0.060909090909090906,-0.759090909090909,-0.88,0.11636363636363632,0.1109090909090909,-0.8527272727272727,0.7136363636363635,0.3009090909090909,-1.1481818181818182,-0.12727272727272726,0.6636363636363636,-0.47545454545454535,0.04363636363636365,-0.9954545454545456,0.005454545454545439,-1.7309090909090907,-0.13545454545454547,0.1490909090909091,0.4090909090909091,10000
STIRRRRECES,0.5268400009090909,-0.007492315454545469,0.26594027272727255,0.3280448636363636,0.5904564554545455,0.5754545454545454,-0.24090909090909093,-0.26909090909090905,-0.12181818181818178,0.5645454545454546,0.12090909090909091,-0.048181818181818166,-0.14,0.15545454545454546,-0.14272727272727276,0.4372727272727273,-0.12363636363636363,0.3181818181818181,-0.555909090909091,0.24554545454545454,-0.18509090909090906,-0.0660909090909091,-0.015272727272727273,0.8796363636363637,-0.06818181818181818,0.1409090909090909,0.5481818181818182,0.860909090909091,-1.0172727272727276,0.4027272727272729,0.0827272727272728,-0.4027272727272727,-0.04454545454545455,0.22999999999999998,-0.3772727272727272,0.3145454545454545,0.04636363636363634,0.10063636363636363,-0.10327272727272728,-0.024090909090909093,-0.05600000000000001,-0.18154545454545457,0.24272727272727285,0.6972727272727274,-4.706945454545455,2.220254545454545,-0.7245272727272728,-1.936363636363636,1.696363636363636,-0.4881818181818182,0.620909090909091,0.7609090909090909,0.17090909090909093,0.14181818181818182,0.04181818181818178,0.23109090909090907,-0.07354545454545455,-0.04681818181818182,0.05827272727272726,-0.6638181818181818,-0.07427272727272731,-0.34290909090909094,-0.04681818181818181,0.11781818181818184,-0.11290909090909086,0.5508181818181819,0.2156363636363637,2.704818181818182,-2.1925818181818184,-1.4913181818181818,0.02816363636363635,-0.1433545454545455,-0.3019636363636364,2.4452090909090916,-2.209563636363636,-0.6668999999999999,4.863954545454546,1.4862181818181817,-3.417272727272727,1.4672727272727273,-0.14818181818181814,-0.050000000000000024,0.5,-0.77,0.2327272727272727,0.21000000000000005,0.17363636363636362,0.13454545454545455,0.5145454545454545,0.2890909090909091,0.3318181818181818,-0.62,0.44727272727272727,0.2090909090909091,-0.4436363636363637,0.6327272727272727,0.23636363636363636,2.070909090909091,0.25454545454545446,-0.9999999999999999,-0.27454545454545454,-0.23909090909090908,10000
VKSVNT,-0.026017445000000028,0.2391137733333333,-0.3003084000000001,0.60268895,-0.21293125499999999,0.23666666666666666,-0.5766666666666667,-0.2516666666666667,0.09833333333333333,-0.006666666666666665,0.36166666666666664,-0.014999999999999994,-0.5266666666666667,0.041666666666666685,0.02666666666666666,0.03833333333333333,-0.465,0.28,-0.9311666666666666,-0.09566666666666664,-0.2956666666666667,0.4851666666666666,-0.169,0.5228333333333334,0.06499999999999999,-0.4083333333333334,0.85,0.45999999999999996,0.40166666666666667,-0.515,-0.4549999999999999,-0.17166666666666663,-0.305,0.021666666666666657,-0.625,0.5533333333333333,-0.5183333333333334,0.03616666666666666,0.05933333333333333,-0.05516666666666667,-0.13316666666666666,-0.19166666666666665,-0.7683333333333332,0.023333333333333334,-1.9672333333333334,-1.5961999999999998,0.2873333333333333,-1.06,-0.7183333333333333,-0.8516666666666669,1.2916666666666667,0.36166666666666664,-0.21666666666666667,0.9400000000000001,0.07833333333333337,0.23933333333333331,0.056666666666666664,-0.12633333333333333,0.03150000000000001,-1.0103333333333333,-0.4728333333333334,-0.472,0.035833333333333335,0.0825,-0.24716666666666667,0.06066666666666667,-0.11199999999999999,-0.58645,-1.4487833333333333,0.022916666666666603,-0.3565666666666667,0.6194000000000001,-0.12368333333333333,-1.0185000000000002,-0.42378333333333335,-0.4300833333333332,-0.34925000000000006,0.5581166666666667,-5.393333333333334,-0.025000000000000005,0.3033333333333334,0.4216666666666667,0.7016666666666667,-0.275,-0.4183333333333333,-0.27166666666666667,-0.6333333333333333,0.19166666666666662,-0.16999999999999996,0.07499999999999996,-0.03833333333333333,-0.9416666666666668,0.060000000000000005,0.48833333333333334,-0.5616666666666666,-0.075,-0.11666666666666668,0.55,-1.0033333333333336,-0.75,-0.7016666666666667,0.35833333333333334,10000
ARQDARTLK,0.5170655277777778,-0.42364512555555556,-0.4311816000000001,0.5729359999999999,0.2731394633333333,0.5266666666666667,-0.3088888888888889,-0.3011111111111111,-0.27555555555555555,0.38,0.17,0.06666666666666668,-0.07666666666666669,0.2666666666666667,-0.08888888888888889,0.17333333333333334,-0.21777777777777774,0.2611111111111112,-0.4934444444444445,0.3983333333333333,-0.13733333333333334,0.4517777777777778,0.023000000000000007,0.4991111111111111,-0.41,-0.0733333333333333,0.003333333333333358,0.7044444444444445,-0.4655555555555555,-0.3733333333333333,0.34555555555555556,-0.3522222222222222,0.11333333333333334,0.11000000000000001,-0.3688888888888888,0.2877777777777778,-0.10555555555555557,0.09488888888888888,-0.09655555555555556,-0.12266666666666667,-0.11833333333333333,-0.04633333333333334,-0.14333333333333328,0.3322222222222223,-4.416377777777778,0.9823999999999999,0.599811111111111,-1.9522222222222223,1.0044444444444443,-0.8244444444444445,0.9033333333333332,0.22999999999999998,0.4222222222222222,-0.20888888888888887,0.6855555555555556,0.21999999999999997,-0.03133333333333333,-0.08444444444444443,-0.112,-0.798,-0.112,-0.3144444444444444,-0.028666666666666667,-0.04044444444444443,-0.22466666666666668,0.3504444444444444,0.4655555555555556,-0.6325222222222222,-1.5187777777777778,-0.30464444444444444,0.17164444444444438,0.3649555555555556,-0.03362222222222222,-1.2200222222222221,-0.9343666666666667,-0.5282777777777778,0.10394444444444437,0.9382555555555554,-4.26111111111111,0.9988888888888889,-0.05111111111111106,0.2977777777777778,0.7266666666666667,-0.5444444444444444,0.19222222222222218,0.006666666666666636,-0.023333333333333355,0.26111111111111107,0.23777777777777775,0.45222222222222225,0.08333333333333333,-0.7611111111111112,0.44,0.3344444444444445,-0.6566666666666667,0.23000000000000004,-0.06555555555555556,1.3344444444444443,-0.08888888888888888,-1.1566666666666667,-0.0877777777777777,0.4911111111111111,10000
IPFGAGL,-0.6335728228571428,0.27983648000000005,0.4023706857142857,0.7633454285714285,0.4152660314285715,-0.26142857142857145,-0.32,0.3457142857142857,0.019999999999999997,-0.4599999999999999,0.20857142857142857,0.5557142857142857,0.2557142857142857,0.10428571428571431,-0.0842857142857143,-0.8885714285714286,-0.38571428571428573,0.03142857142857143,0.4801428571428571,-0.5282857142857144,-0.2909999999999999,0.9041428571428572,0.2902857142857143,-0.5327142857142857,0.2057142857142857,-0.7285714285714285,-0.19857142857142857,-0.6628571428571429,-0.10285714285714288,-0.6114285714285713,0.5057142857142857,0.4557142857142858,0.0642857142857143,-0.16142857142857142,-0.3814285714285714,0.39571428571428563,-0.4957142857142857,-0.04742857142857144,0.23,-0.05671428571428572,-0.09842857142857143,0.15485714285714286,-1.282857142857143,-0.8342857142857143,2.9097428571428567,-4.8177,2.3576142857142854,0.5399999999999998,-3.838571428571428,0.9099999999999998,0.08571428571428565,-0.9657142857142855,0.46,-0.00857142857142858,0.010000000000000009,0.216,0.24385714285714283,0.02271428571428571,-0.09014285714285715,-1.1312857142857144,-0.3712857142857143,-0.041857142857142836,0.1344285714285714,-0.6705714285714286,-1.0095714285714286,-0.01271428571428571,0.6794285714285715,-3.337757142857143,0.4952857142857143,0.28627142857142857,0.2819428571428571,1.335942857142857,0.21625714285714287,-4.910871428571427,1.7015285714285715,-0.6667714285714286,-4.099971428571428,1.0690142857142857,-6.225714285714285,-1.2185714285714284,-0.20142857142857146,0.5371428571428571,1.1199999999999999,0.5885714285714284,-0.5428571428571429,-0.7842857142857141,0.13285714285714278,-0.04,-1.0442857142857143,0.3971428571428571,-0.0785714285714286,-1.0957142857142856,-0.03000000000000001,0.6314285714285715,-0.4071428571428571,0.05142857142857144,-1.0785714285714287,-1.3871428571428572,-1.6085714285714285,0.14571428571428574,-0.29999999999999993,0.4314285714285714,10000
EAEEVGLKGEKSEM,0.41741427785714275,-0.5553113250000001,0.41343572857142846,0.4174373928571428,-0.03700373285714282,0.6285714285714287,-0.18857142857142858,-0.21571428571428575,-0.26000000000000006,-0.05357142857142859,0.26999999999999996,-0.09714285714285716,0.23785714285714282,0.38999999999999996,0.10214285714285716,0.06214285714285716,-0.46071428571428574,-0.11071428571428574,-0.6759285714285715,0.47421428571428564,-0.40185714285714275,0.5839285714285715,-0.0025714285714285782,-0.4663571428571428,-0.6385714285714286,-0.3292857142857143,-0.6000000000000002,0.48928571428571427,-0.17571428571428577,-0.2864285714285714,0.2285714285714285,0.33142857142857146,-0.5764285714285713,0.19,-0.315,0.06928571428571428,-0.22714285714285712,0.10385714285714287,-0.04064285714285715,-0.20057142857142857,-0.006071428571428565,0.11728571428571428,-0.7078571428571429,0.29571428571428576,-3.787335714285714,-1.3230285714285712,0.2926285714285714,-2.545714285714286,-0.5692857142857145,-1.1435714285714287,-0.21642857142857136,-1.0492857142857144,1.1371428571428572,-0.2657142857142857,-0.2714285714285714,0.23857142857142863,-0.0032857142857142868,-0.060714285714285714,-0.0637142857142857,-0.9562857142857142,-0.24085714285714285,-0.20335714285714285,0.00535714285714285,-0.027428571428571438,-0.27785714285714286,0.19321428571428573,0.5905714285714285,-1.1013285714285714,-0.8236714285714287,-1.2087642857142857,0.5043714285714285,-0.20949285714285718,0.750714285714286,-1.9514785714285712,-1.0590714285714287,-0.3477571428571427,-0.7795642857142857,-0.2567714285714286,-5.173571428571428,0.6714285714285715,-0.16499999999999995,0.32,0.8414285714285713,-0.43071428571428566,-0.21500000000000005,-0.36857142857142866,0.27999999999999997,-0.5864285714285715,-0.37,0.752142857142857,-0.2871428571428572,-0.8978571428571429,0.41642857142857137,0.4742857142857143,-0.4042857142857143,0.5135714285714286,-0.24714285714285716,1.224285714285714,-0.8992857142857141,-0.4014285714285715,-1.072857142857143,0.029999999999999995,10000
KEITVGVAEPVR,0.001328750833333318,-0.17891874083333334,0.5558515666666666,0.7043505583333333,0.145020425,0.18833333333333338,-0.5308333333333332,-0.23583333333333334,-0.2008333333333333,-0.19916666666666663,0.05333333333333332,0.09750000000000002,-0.016666666666666666,0.2608333333333333,0.13333333333333333,-0.24250000000000002,-0.3741666666666667,0.0425,-0.6852499999999999,0.16758333333333333,-0.23866666666666667,0.5893333333333333,0.2213333333333333,0.21191666666666667,-0.31249999999999994,-0.37333333333333324,0.3908333333333333,0.28250000000000003,-0.15583333333333335,-0.3241666666666667,-0.019166666666666676,-0.015833333333333324,-0.245,0.1125,-0.5175,0.3558333333333333,-0.2775,0.012333333333333323,0.028999999999999998,-0.11025,-0.11833333333333333,-0.03266666666666667,-0.5975,-0.11749999999999998,-0.9562249999999999,-1.6652500000000001,1.4474833333333335,-0.6583333333333332,-1.0141666666666669,-0.8191666666666665,0.6791666666666667,-0.5716666666666668,0.3383333333333333,0.49499999999999994,-0.10666666666666667,0.23116666666666663,0.11091666666666668,-0.07308333333333333,-0.10833333333333335,-0.95925,-0.46975000000000006,-0.2990833333333333,0.049999999999999996,-0.24325,-0.3588333333333333,0.18791666666666665,0.21466666666666667,-1.92505,-0.8741249999999999,-0.21009166666666668,0.12773333333333334,0.5030583333333333,0.37375,-2.6773583333333337,0.13063333333333335,-0.30259166666666665,-2.1972000000000005,0.4115333333333333,-5.09,-0.019166666666666592,-0.004166666666666634,0.44166666666666665,0.6658333333333333,-0.13499999999999995,-0.2725,-0.2583333333333333,-0.3658333333333334,-0.06250000000000001,-0.6208333333333333,0.43833333333333324,0.24250000000000002,-0.9025000000000002,0.17500000000000004,0.4716666666666667,-0.4749999999999999,-0.09666666666666664,-0.3241666666666667,0.1458333333333334,-1.1691666666666667,-0.9049999999999999,-0.6425000000000001,0.19666666666666666,10000
ISVLEDDVLTIK,-0.18003805250000005,-0.2757167741666666,-0.6402095499999999,0.5581524916666666,-0.8102243100000001,-0.10416666666666664,-0.6175,-0.39749999999999996,0.05166666666666669,-0.2966666666666667,0.21,-0.3625,-0.03916666666666669,0.04999999999999999,0.03499999999999998,-0.1108333333333333,-0.38166666666666665,-0.18083333333333337,-0.25625000000000003,0.34941666666666665,0.012416666666666682,0.7039166666666667,0.009250000000000006,-0.042749999999999955,-0.38166666666666665,-0.24583333333333338,0.2958333333333333,0.08333333333333333,-0.2583333333333333,-0.5666666666666667,-0.4483333333333334,-0.12,0.03833333333333334,0.12,-0.5608333333333334,0.3191666666666667,-0.43583333333333335,-0.03758333333333335,0.008499999999999994,-0.12475000000000001,-0.104,-0.02350000000000001,-0.2958333333333334,-0.19583333333333333,0.656166666666667,-1.3566333333333331,0.4033333333333333,0.40666666666666657,-0.5966666666666667,-1.9433333333333336,-0.0074999999999999884,-0.36000000000000004,-0.08833333333333339,0.6841666666666667,0.009999999999999953,0.24141666666666672,0.011083333333333329,-0.10608333333333335,-0.10883333333333334,-0.90325,-0.5046666666666666,-0.39541666666666675,-0.062083333333333324,0.03325000000000001,0.27508333333333335,-0.04558333333333334,-0.1729166666666667,-1.11595,-1.654858333333333,0.9429416666666666,-0.5718083333333334,-0.03297499999999994,0.5131333333333333,-1.052425,-0.29488333333333333,-0.29326666666666673,-1.5998333333333334,-0.1628083333333334,-4.7775,0.2091666666666667,0.22249999999999995,0.5891666666666667,0.45249999999999996,0.09333333333333338,-0.07583333333333332,-0.05499999999999999,-0.7791666666666667,-0.3983333333333334,-0.4483333333333333,0.04416666666666667,0.017500000000000005,-0.8441666666666667,0.16,0.4791666666666667,-0.32833333333333325,-0.07500000000000002,0.03666666666666666,-0.4183333333333334,-0.965,-0.6825000000000001,-1.1783333333333332,0.33249999999999996,10000
DALKPPSMYK,0.28489083499999995,0.1757967,-0.7526607299999999,0.16918158,-0.3711531800000001,0.3,-0.25100000000000006,-0.2,-0.258,-0.12400000000000003,-0.287,0.15799999999999997,-0.065,0.10600000000000001,-0.229,-0.13799999999999998,-0.259,0.122,-0.27590000000000003,-0.1786,-0.04969999999999998,0.27159999999999995,0.6903,-0.24490000000000003,0.221,-0.032999999999999995,-0.501,0.04699999999999997,0.42299999999999993,-0.6409999999999999,0.019999999999999997,-0.514,-0.035000000000000024,0.236,-0.37700000000000006,0.381,-0.322,0.06949999999999999,0.0028999999999999916,0.022699999999999988,-0.1011,0.10470000000000002,-0.265,-0.12400000000000003,-1.5547499999999999,-0.08883999999999989,2.2031800000000006,-1.4889999999999999,0.12799999999999995,0.21800000000000014,0.5740000000000001,-0.9450000000000001,-0.541,-0.25300000000000006,0.39899999999999997,0.21590000000000004,0.04699999999999999,-0.014999999999999996,-0.045200000000000004,-0.8119,-0.07920000000000002,-0.0068999999999999895,-0.0388,-0.21919999999999998,-0.16840000000000005,0.021600000000000008,-9.999999999996679e-05,-0.008019999999999783,-0.41426999999999997,-0.10605,-0.4817,0.32743,0.31006,-0.1683299999999998,0.43046999999999996,-0.08321999999999996,0.42093000000000014,0.20275999999999997,-4.298,-0.31399999999999995,-0.45,0.199,0.27699999999999997,-0.05899999999999996,0.08999999999999997,-0.047,0.029000000000000005,0.12599999999999997,-0.16900000000000004,0.08900000000000001,0.575,-0.7769999999999999,0.14700000000000002,0.31799999999999995,0.05900000000000002,0.05499999999999998,-0.38,-0.18,0.07800000000000001,0.1789999999999999,0.16499999999999998,0.573,10000
VEDQTITGPLT,-0.0497806609090909,0.14258095272727275,0.11280300909090903,0.5856079181818182,-0.24341167818181822,0.22000000000000003,-0.4890909090909092,-0.0763636363636364,-0.10272727272727272,-0.3336363636363636,0.08545454545454544,-0.17454545454545453,-0.35454545454545455,0.05727272727272728,0.14636363636363636,-0.05545454545454547,-0.5,-0.12727272727272726,-0.25845454545454544,-0.18845454545454549,-0.318,0.48827272727272725,0.30172727272727273,-0.169,0.0409090909090909,-0.45909090909090905,0.24727272727272726,0.16272727272727272,-0.09454545454545454,-0.14727272727272725,0.06909090909090909,-0.31272727272727274,-0.1427272727272727,-0.10909090909090911,-0.4072727272727273,0.44999999999999996,-0.5736363636363636,0.033999999999999996,0.09027272727272728,-0.051000000000000004,-0.07645454545454546,-0.01681818181818182,-0.8072727272727274,-0.016363636363636348,-1.5041090909090913,-2.595281818181818,0.9671181818181819,-1.2545454545454549,-1.4800000000000002,-0.7654545454545455,-0.046363636363636385,-0.28090909090909094,-0.28454545454545455,0.49636363636363634,0.2727272727272727,0.21736363636363637,0.05790909090909091,-0.1339090909090909,-0.007454545454545461,-1.0016363636363637,-0.5188181818181818,-0.4521818181818182,-0.023090909090909092,0.059818181818181854,-0.31836363636363646,-0.049090909090909095,-0.09336363636363637,-3.003990909090909,-0.7137818181818183,0.5179090909090909,0.15749090909090907,0.12264545454545456,0.41715454545454556,-2.923118181818182,-0.10385454545454548,0.30804545454545457,-3.825563636363636,-0.037800000000000014,-5.346363636363636,-0.29636363636363644,0.4090909090909091,0.35454545454545455,0.7190909090909091,-0.08181818181818179,-0.27545454545454545,-0.4018181818181818,-0.44090909090909103,-0.43000000000000005,-0.4881818181818182,-0.01181818181818186,0.2527272727272727,-0.9381818181818182,-0.04181818181818182,0.43454545454545457,-0.6518181818181817,-0.10999999999999997,-0.2636363636363636,0.06545454545454543,-1.300909090909091,-0.5018181818181818,-1.25,0.24181818181818182,10000
KLWGLVNNAGIFS,-0.31386490000000006,0.08585664461538459,0.11077403846153845,0.4121883307692307,0.21599490846153843,-0.14076923076923079,-0.10923076923076923,0.09384615384615382,0.059999999999999984,-0.09000000000000001,0.5015384615384616,0.21384615384615382,0.007692307692307691,-0.07615384615384616,-0.03538461538461539,-0.3538461538461538,-0.2738461538461538,0.08076923076923077,0.044615384615384626,-0.17038461538461538,-0.02476923076923073,0.6267692307692307,-0.27153846153846156,-0.17115384615384613,0.049999999999999975,-0.2907692307692308,0.04076923076923079,-0.24769230769230768,-0.08615384615384615,-0.5715384615384616,0.1330769230769231,0.4323076923076922,-0.14230769230769222,-0.2276923076923077,-0.30846153846153845,0.43230769230769234,-0.4461538461538461,-0.029999999999999995,0.09746153846153847,-0.053230769230769234,-0.07830769230769231,0.04392307692307692,-0.4907692307692307,-0.3738461538461539,1.5107461538461542,-1.9633230769230765,0.7004307692307693,0.4930769230769231,-1.551538461538462,0.1538461538461538,0.23307692307692301,-0.3107692307692308,0.5907692307692309,0.3546153846153847,-0.17615384615384613,0.23292307692307695,0.09084615384615385,0.009923076923076916,-0.04538461538461539,-0.8922307692307693,-0.27730769230769226,-0.1673076923076923,-0.03492307692307694,-0.22392307692307692,-0.4402307692307693,0.08169230769230768,0.4543076923076923,-0.8946307692307691,-0.46548461538461533,0.6461769230769229,-0.06798461538461545,0.6994076923076923,-0.10892307692307693,-1.6314153846153845,0.5489923076923076,-0.7121846153846154,-1.3119846153846153,0.5419769230769231,-4.789230769230769,-0.4084615384615385,0.011538461538461556,0.3469230769230769,0.8707692307692307,0.2846153846153847,-0.1984615384615385,-0.3169230769230769,0.053076923076923056,0.08769230769230768,-0.47923076923076924,0.3269230769230769,-0.5361538461538461,-0.8661538461538462,0.058461538461538495,0.49692307692307686,-0.38692307692307687,0.25461538461538463,-0.47846153846153844,-0.6538461538461539,-0.6515384615384616,-0.1938461538461539,-0.24076923076923068,0.34230769230769226,10000
VALSIRHVGPTAAQ,-0.3111853964285715,-0.08501300642857143,-0.6200672857142858,0.7401243857142855,-0.19656299142857142,0.049285714285714335,-0.49000000000000005,-0.08071428571428574,0.005714285714285727,-0.034999999999999996,0.06642857142857143,0.3307142857142857,-0.12142857142857143,0.30357142857142855,0.2435714285714286,-0.38214285714285706,-0.41428571428571426,0.18357142857142858,-0.20264285714285718,0.0630714285714286,-0.35128571428571415,0.6203571428571429,0.2045714285714286,0.15135714285714283,-0.28571428571428564,-0.6164285714285714,0.2764285714285714,-0.006428571428571418,-0.0857142857142857,-0.3357142857142858,-0.19500000000000003,-0.2314285714285714,-0.021428571428571432,-0.044285714285714324,-0.5028571428571429,0.5414285714285715,-0.4821428571428571,-0.010214285714285709,0.09100000000000001,-0.12007142857142857,-0.09414285714285713,-0.030928571428571427,-1.0150000000000001,-0.34071428571428575,-0.04189285714285683,-3.056221428571429,1.0496142857142856,-0.03857142857142864,-1.957857142857143,-0.5235714285714286,1.047142857142857,-0.060000000000000046,0.13214285714285715,0.015000000000000032,0.05571428571428572,0.22557142857142856,0.14235714285714288,-0.06742857142857143,-0.050928571428571434,-1.0554285714285714,-0.42085714285714293,-0.3605714285714286,0.02271428571428571,-0.2323571428571428,-0.7420714285714285,0.2345,0.3285714285714286,-2.0219285714285715,-0.7210571428571428,0.15905714285714284,0.22127142857142854,0.6918071428571427,-0.30615714285714285,-2.908878571428571,0.4168428571428571,-0.4215571428571429,-2.388328571428571,1.0075785714285714,-5.757857142857143,-0.6064285714285714,0.14857142857142858,0.4364285714285714,0.9357142857142857,0.05357142857142857,-0.4992857142857143,-0.4778571428571428,-0.47857142857142854,0.16071428571428575,-0.5428571428571428,0.20999999999999996,0.10999999999999999,-1.0107142857142857,-0.061428571428571395,0.6214285714285716,-0.5657142857142856,-0.007142857142857133,-0.42428571428571427,-0.09714285714285717,-1.24,-0.4950000000000001,-0.15000000000000005,0.5307142857142857,10000
ACIDFSNLAYFYDYY,-0.1958899026666667,0.08657004733333334,0.24651261333333327,-0.02548635333333332,-0.13129249133333326,-0.40933333333333327,0.25533333333333336,-0.06333333333333332,0.5046666666666667,-0.1,0.0,-0.1186666666666667,-0.032,0.31733333333333336,-0.24400000000000002,-0.10266666666666664,-0.16933333333333334,-0.19866666666666669,0.25633333333333336,-0.1462,0.3389333333333333,0.07993333333333333,-0.31139999999999995,-0.2322,0.2293333333333333,0.1266666666666667,-0.03866666666666664,-0.3806666666666667,-0.3393333333333333,-0.35133333333333333,-0.24466666666666667,0.4160000000000001,0.502,-0.0020000000000000165,0.07933333333333327,0.35733333333333334,-0.45466666666666666,-0.05986666666666667,0.02793333333333332,0.04566666666666667,0.008666666666666663,0.013333333333333329,0.26,-0.3106666666666667,2.0859000000000005,0.1419133333333331,-0.8431866666666669,1.3446666666666667,-0.01466666666666659,-0.13266666666666668,-0.7766666666666667,0.16066666666666662,-0.28933333333333333,0.4146666666666667,0.27799999999999997,0.22126666666666667,-0.034333333333333334,0.07533333333333334,0.07926666666666665,-0.5894666666666667,-0.1016,0.13326666666666673,-0.1252,-0.059266666666666655,-0.30033333333333334,-0.3158,0.12400000000000001,0.665286666666667,0.6622200000000001,0.70518,0.32594666666666666,-0.20325999999999997,0.4178733333333334,1.1648,0.19128666666666666,-0.003933333333333336,1.0845400000000003,0.3943066666666665,-3.0840000000000005,-0.4246666666666666,0.2619999999999999,-0.312,0.5093333333333334,0.3086666666666667,0.276,0.12266666666666665,-0.11933333333333339,-0.2033333333333333,0.11333333333333331,-0.48800000000000004,-0.26333333333333336,-0.6020000000000001,-0.126,0.09733333333333333,-0.442,0.15466666666666662,-0.2586666666666666,-0.8033333333333331,0.44733333333333325,0.7759999999999998,-0.5253333333333333,-0.15266666666666667,10000
DGETID,0.30042879499999997,0.09721609333333335,-0.026695100000000044,0.3234890000000001,-0.5211938266666667,0.6933333333333334,-0.23999999999999996,0.18666666666666665,0.18000000000000002,-0.565,0.29833333333333334,-0.5783333333333334,0.0883333333333333,0.06833333333333334,0.04166666666666665,0.25333333333333335,-0.6683333333333333,-0.38499999999999995,-0.44300000000000006,-0.2721666666666666,-0.49766666666666665,0.3611666666666667,-0.2146666666666667,-0.8281666666666667,0.11666666666666668,-0.5116666666666668,-0.3333333333333333,0.415,-0.615,0.13833333333333334,-0.37833333333333335,0.5066666666666667,-0.06499999999999999,0.024999999999999984,-0.22333333333333336,-0.165,-0.6416666666666667,0.12666666666666668,0.06433333333333334,-0.07833333333333332,0.04966666666666667,0.056666666666666664,-1.0666666666666667,0.45166666666666666,-4.495383333333333,-2.56685,-0.50265,-3.24,-1.3566666666666671,-1.4466666666666665,-1.7766666666666666,-0.12833333333333338,0.02666666666666669,0.4633333333333333,0.19833333333333333,0.208,-0.056833333333333326,-0.15283333333333335,-0.026833333333333338,-1.022166666666667,-0.40900000000000003,-0.5643333333333335,-0.07483333333333335,0.38050000000000006,-0.38083333333333336,-0.0725,0.20966666666666658,-3.5423833333333334,-0.7163333333333334,0.48280000000000006,0.6242833333333334,-0.5221833333333333,0.77095,-3.163833333333333,-1.281,0.53475,-3.9562833333333334,0.015099999999999983,-5.526666666666666,0.20166666666666666,0.6883333333333334,0.18000000000000002,1.0866666666666667,-0.45833333333333326,-0.0733333333333333,-0.6000000000000001,-0.040000000000000036,-1.3016666666666667,-0.05833333333333331,0.3383333333333333,0.010000000000000009,-0.9550000000000001,-0.015,0.41333333333333333,-0.9149999999999999,0.46500000000000014,-0.2316666666666667,1.663333333333333,-0.975,0.21333333333333335,-1.846666666666667,0.12166666666666666,10000
LTTRIAHFLDRHL,-0.08921812153846152,-0.41451937538461536,-0.06123308461538469,0.3733888153846153,0.2593618130769231,-0.14153846153846156,-0.1223076923076923,-0.44769230769230767,0.21846153846153846,0.11461538461538462,0.1053846153846154,0.09692307692307692,-0.19153846153846155,-0.0323076923076923,-0.0023076923076923083,-0.05461538461538459,-0.1053846153846154,0.09923076923076922,0.1706153846153846,0.41292307692307695,0.18653846153846151,0.37261538461538457,0.10461538461538461,0.35192307692307695,-0.37692307692307697,0.0853846153846154,0.21230769230769228,0.04615384615384614,-0.3230769230769231,-0.32307692307692304,-0.029230769230769223,-0.18615384615384614,0.4838461538461539,0.4838461538461539,-0.22384615384615386,0.5092307692307693,-0.306923076923077,-0.04984615384615384,-0.046384615384615385,-0.07953846153846154,-0.08100000000000002,-0.020153846153846165,0.3515384615384616,-0.10076923076923074,0.9734692307692305,0.6059769230769231,0.19344615384615393,1.1284615384615386,0.3923076923076923,-0.6523076923076924,0.5061538461538462,0.14923076923076922,-0.045384615384615405,-0.19692307692307692,-0.08692307692307694,0.23215384615384613,0.019076923076923078,0.030923076923076928,-0.0533846153846154,-0.6485384615384615,-0.2030769230769231,-0.17330769230769233,-0.22284615384615386,-0.06530769230769232,0.16953846153846153,0.2683846153846154,0.041923076923076924,-0.15010000000000004,-0.6951846153846154,1.0721461538461539,-0.16053076923076925,0.3092307692307693,-0.19458461538461538,0.11907692307692314,0.14548461538461527,-0.1978230769230769,-0.5078153846153846,0.1696384615384616,-3.3969230769230774,0.20461538461538462,-0.023846153846153833,0.10307692307692305,0.31384615384615383,0.10692307692307695,0.1246153846153846,0.20769230769230768,-0.3453846153846154,0.19615384615384618,0.033846153846153845,0.1553846153846154,0.12538461538461537,-0.6438461538461537,0.08769230769230774,0.2761538461538462,-0.2869230769230769,0.12461538461538463,-0.010769230769230757,-0.25000000000000006,-0.04153846153846161,-0.87,0.29230769230769227,0.24999999999999997,10000
LSAINP,-0.323946005,0.24540897666666664,-0.8658477000000001,0.6919069833333333,-0.5578115116666668,0.07333333333333335,-0.6366666666666666,-0.06,0.11166666666666668,-0.20833333333333334,0.02666666666666669,0.245,-0.23666666666666666,-0.04999999999999998,-0.008333333333333331,-0.39666666666666667,-0.4283333333333333,0.06833333333333332,0.17,-0.22316666666666665,-0.26133333333333325,0.6803333333333331,0.6243333333333333,-0.3491666666666666,0.11333333333333333,-0.5516666666666666,-0.08833333333333332,-0.27666666666666667,-0.19499999999999998,-0.5516666666666666,-0.29166666666666663,-0.425,0.36500000000000005,-0.5950000000000001,-0.5783333333333334,0.5483333333333333,-0.5483333333333333,0.0025000000000000022,0.13083333333333333,-0.05316666666666667,-0.11216666666666668,0.06883333333333333,-1.0266666666666666,-0.5366666666666667,0.5894666666666669,-3.3113499999999996,1.6482166666666667,-0.17166666666666663,-2.0083333333333333,-0.5683333333333334,0.8983333333333334,-0.5716666666666668,-0.62,0.2166666666666667,-0.3416666666666666,0.24050000000000002,0.12783333333333333,-0.07033333333333334,-0.005833333333333337,-1.0738333333333332,-0.49249999999999994,-0.4288333333333334,-0.04133333333333333,-0.13916666666666663,-0.39533333333333337,-0.006333333333333341,-0.07533333333333332,-1.74045,-1.5081666666666667,1.2540166666666666,-0.5434,0.3995,-0.3504166666666666,-1.6875333333333333,0.5217666666666667,-0.2792333333333334,-2.07815,0.9103,-5.818333333333334,-0.86,0.21666666666666667,0.5233333333333333,0.715,0.22333333333333338,-0.36833333333333335,-0.4383333333333333,-0.5316666666666666,-0.05666666666666668,-0.685,0.02999999999999998,0.2733333333333333,-1.0116666666666667,-0.17833333333333332,0.5916666666666667,-0.36999999999999994,-0.06333333333333334,-0.36833333333333335,-0.6916666666666668,-0.7549999999999999,0.2383333333333333,-0.59,1.1133333333333335,10000
SLVQLEQALGVSEKD,0.019748367333333346,-0.2595527613333333,-1.3802157000000002,0.5947844133333332,-1.0407377386666667,0.26333333333333336,-0.37733333333333335,-0.2906666666666667,-0.14533333333333331,-0.05000000000000001,0.23933333333333334,-0.138,0.09933333333333333,0.2746666666666666,0.15199999999999997,-0.045333333333333316,-0.4426666666666667,-0.12000000000000002,-0.4796666666666667,0.33653333333333335,-0.25099999999999995,0.7478666666666667,0.03386666666666668,-0.17533333333333329,-0.44533333333333336,-0.38333333333333325,-0.16066666666666668,0.224,-0.11333333333333331,-0.6006666666666667,-0.03533333333333335,-0.16333333333333327,-0.22933333333333336,0.0006666666666666598,-0.4119999999999999,0.3453333333333334,-0.4033333333333334,0.037399999999999996,0.011600000000000003,-0.16306666666666664,-0.07246666666666667,0.028399999999999988,-0.6906666666666667,0.013333333333333345,-1.7645799999999998,-1.844073333333333,0.2542466666666667,-1.1520000000000001,-0.8300000000000001,-1.345333333333333,0.14400000000000007,-0.46199999999999997,0.5413333333333333,0.12066666666666669,0.02266666666666665,0.23446666666666668,-0.010066666666666665,-0.11233333333333334,-0.08153333333333333,-0.9879333333333332,-0.29913333333333336,-0.32073333333333337,-0.0076000000000000035,-0.016599999999999993,-0.18660000000000002,0.06853333333333333,0.3548,-0.7943666666666667,-1.5479933333333333,-0.2650200000000001,0.32736,-0.13204666666666667,0.25915333333333335,-1.2247666666666666,-0.71806,-0.5087533333333333,-0.7225800000000001,0.09323999999999999,-5.252000000000001,0.33266666666666667,0.14933333333333335,0.4046666666666667,0.8033333333333332,-0.1593333333333333,-0.23866666666666667,-0.302,-0.25666666666666665,-0.3486666666666667,-0.39866666666666667,0.26199999999999996,-0.24066666666666667,-0.9133333333333334,0.22066666666666662,0.48733333333333345,-0.538,0.22733333333333333,-0.15466666666666667,0.336,-0.9573333333333333,-0.5299999999999999,-1.1553333333333333,0.4413333333333333,10000
SVQTPSPTPENP,0.17764502333333332,0.8908402916666667,-1.0315636416666667,0.46020652500000003,-0.9378626458333331,0.7108333333333334,-0.4633333333333333,0.04166666666666668,-0.23916666666666667,-0.3983333333333334,-0.45083333333333336,0.1125,-0.5758333333333333,0.005,0.008333333333333337,-0.006666666666666682,-0.53,0.00916666666666664,-0.6043333333333334,-0.7809166666666666,-0.5365,0.14341666666666672,1.2756666666666667,-0.32325000000000004,0.7383333333333334,-0.43583333333333335,-0.12333333333333325,0.14833333333333334,0.2808333333333333,-0.14083333333333334,-0.19833333333333333,-1.0699999999999996,0.013333333333333327,-0.3941666666666668,-0.39999999999999997,0.6200000000000001,-0.6466666666666666,0.13141666666666665,0.13533333333333333,0.09608333333333334,-0.09549999999999999,0.036083333333333335,-1.0758333333333334,0.05416666666666667,-3.612575,-2.586275,2.498525,-3.109166666666667,-1.2408333333333335,0.3741666666666667,0.6466666666666667,-0.7275000000000001,-1.4391666666666667,0.2116666666666667,0.034166666666666665,0.20908333333333332,0.09541666666666666,-0.11583333333333334,0.10308333333333332,-1.0263333333333333,-0.43483333333333335,-0.45608333333333334,-0.0725,0.02758333333333335,-0.5999166666666665,0.02575,-0.34600000000000003,-1.436625,-0.8918666666666665,0.10249166666666665,0.21854166666666666,0.18585,-0.14279166666666665,-0.5520916666666665,0.23896666666666666,0.6527833333333334,-1.3127916666666668,0.4932499999999999,-5.315,-1.12,0.30749999999999994,-0.10416666666666667,0.5058333333333332,-0.29250000000000004,-0.3183333333333333,-0.4583333333333334,-0.2866666666666667,-0.26666666666666666,-0.4283333333333333,-0.20166666666666666,1.1683333333333332,-0.9375000000000001,-0.41750000000000004,0.2791666666666667,-0.4958333333333333,-0.1083333333333333,-0.5025,0.41333333333333333,-0.47333333333333344,0.4475,-0.7733333333333333,0.8783333333333333,10000
KKKAI,0.732714792,-0.706381994,0.5996081799999999,0.22644465999999994,1.1227358120000002,0.40800000000000003,-0.434,-0.526,-0.434,0.42000000000000004,0.154,0.23200000000000004,0.10800000000000001,0.336,-0.40199999999999997,-0.020000000000000018,-0.10200000000000001,0.626,-0.48599999999999993,0.6146,0.13100000000000003,0.624,-0.128,0.6596,-0.662,0.126,0.025999999999999978,0.812,0.63,-1.122,0.4839999999999999,0.038,-0.11399999999999999,-0.09200000000000004,-0.634,0.254,0.18599999999999994,0.07680000000000001,-0.16240000000000004,-0.13899999999999998,-0.24180000000000001,-0.0014000000000000013,0.07400000000000007,0.268,-3.08204,2.37584,2.8375999999999997,-1.698,1.6659999999999997,-0.5040000000000001,2.3579999999999997,-0.884,1.0019999999999998,0.23000000000000004,0.532,0.23920000000000002,0.0508,0.007600000000000004,-0.2968,-0.7698,-0.2132,-0.016999999999999994,-0.011000000000000005,-0.4048,0.3789999999999999,0.3438,0.42320000000000013,0.2850400000000003,-1.216,-0.43035999999999996,-1.0554,1.7654,0.81286,-1.5712599999999999,0.44186000000000003,-1.3296000000000001,0.9551399999999999,-0.36092,-4.226,1.0219999999999998,-0.9180000000000001,0.734,0.284,-0.418,0.1699999999999999,0.2099999999999999,-0.06399999999999992,1.0479999999999998,-0.10200000000000001,1.018,-0.044,-0.764,0.7420000000000001,0.4720000000000001,0.22999999999999998,0.30199999999999994,-0.258,0.644,-0.27599999999999997,-1.7160000000000004,0.6980000000000001,0.49800000000000005,10000
ARLLNLSERQV,0.09959459000000005,-0.36870547636363643,-0.7068579636363638,0.6911111636363636,-0.2502345181818182,0.1509090909090909,-0.3681818181818182,-0.5118181818181818,-0.1290909090909091,0.25727272727272726,0.27090909090909093,0.07727272727272728,-0.002727272727272726,0.03818181818181821,0.049090909090909095,-0.010000000000000009,-0.18818181818181817,0.05909090909090908,-0.33781818181818185,0.499,0.02263636363636364,0.6738181818181818,0.1107272727272727,0.35454545454545455,-0.45,-0.05090909090909091,0.14454545454545456,0.2972727272727273,-0.52,-0.5354545454545455,0.2136363636363636,-0.30272727272727273,0.11909090909090912,0.0372727272727273,-0.41,0.4645454545454546,-0.15272727272727274,0.009000000000000003,-0.05327272727272727,-0.13509090909090912,-0.121,-0.02618181818181818,0.028181818181818228,-0.030909090909090834,-1.162781818181818,0.22114545454545445,0.2528636363636363,-0.16909090909090913,0.4281818181818181,-1.0981818181818184,0.7581818181818182,-0.10090909090909093,0.4563636363636364,0.07727272727272727,-0.20545454545454547,0.24463636363636362,-0.02399999999999999,-0.06663636363636363,-0.08845454545454547,-0.8002727272727274,-0.17172727272727276,-0.2731818181818182,-0.051181818181818176,-0.08036363636363636,0.08090909090909087,0.22372727272727275,0.28363636363636363,0.2212272727272727,-2.1712636363636366,0.1606454545454545,-0.03195454545454545,-0.1446181818181818,-0.2365909090909091,0.06426363636363645,-0.8482,-0.7057363636363637,0.5986363636363637,0.6684181818181818,-4.159090909090909,0.8727272727272729,-0.022727272727272707,0.39545454545454545,0.540909090909091,-0.15909090909090906,0.06727272727272725,0.07999999999999997,-0.17181818181818184,0.09636363636363639,-0.19181818181818186,0.3418181818181818,-0.16272727272727272,-0.740909090909091,0.3972727272727272,0.36181818181818176,-0.48363636363636364,0.13090909090909092,0.08545454545454546,0.19545454545454533,-0.23181818181818184,-1.07,-0.5536363636363636,0.5590909090909091,10000
VEQPVFA,-0.2563233242857143,-0.28583306285714283,-0.4409519285714286,0.5269734285714286,-0.9057199457142857,-0.049999999999999954,-0.36,-0.31428571428571433,-0.17285714285714285,-0.3614285714285715,-0.19714285714285715,0.008571428571428579,0.04285714285714287,0.43142857142857144,0.13285714285714287,-0.41428571428571426,-0.33999999999999997,-0.28428571428571425,-0.5494285714285715,0.27642857142857147,-0.0834285714285714,0.4347142857142857,0.5497142857142857,-0.07785714285714285,-0.44428571428571434,-0.2871428571428571,0.00857142857142861,-0.13999999999999999,0.13714285714285712,-0.3814285714285714,-0.07000000000000002,-0.21285714285714283,0.19428571428571426,-0.33571428571428574,-0.26571428571428574,0.5671428571428572,-0.43714285714285717,-0.04657142857142858,0.029285714285714283,-0.10214285714285716,-0.06514285714285714,0.05228571428571428,-0.38714285714285707,-0.4728571428571428,1.1871428571428575,-1.9084999999999999,1.183657142857143,0.5528571428571428,-1.012857142857143,-0.97,0.3714285714285714,-0.7457142857142858,-0.13857142857142854,0.06142857142857142,0.04142857142857143,0.2278571428571428,0.07371428571428572,-0.04442857142857143,-0.09385714285714286,-0.8824285714285713,-0.446,-0.11957142857142856,0.012285714285714285,-0.32571428571428573,-0.273,0.036285714285714275,0.10828571428571429,-1.6328,0.061214285714285735,-0.10367142857142861,0.5092857142857142,0.23024285714285717,0.44378571428571434,-1.6537714285714284,0.8753714285714286,0.11008571428571434,-2.0498714285714286,-0.24790000000000006,-4.500000000000001,-0.6357142857142856,0.11714285714285715,0.09142857142857146,0.4642857142857143,0.18142857142857144,-0.2842857142857143,-0.13571428571428573,-0.6185714285714285,-0.19571428571428573,-0.6457142857142858,-0.13285714285714287,0.34714285714285714,-0.8242857142857144,-0.10142857142857142,0.31,-0.4628571428571429,-0.2871428571428571,-0.4071428571428571,-0.8514285714285713,-0.6614285714285714,-0.16142857142857142,-0.7114285714285714,0.43571428571428567,10000
TKIRKPTLDK,0.5948770809999999,-0.023679230999999978,0.28712752,0.32454533999999996,0.573801871,0.437,-0.40499999999999997,-0.38400000000000006,-0.335,0.09799999999999999,-0.012999999999999998,-0.010000000000000005,-0.28200000000000003,-0.06100000000000001,-0.334,0.175,-0.166,0.324,-0.44350000000000006,0.037600000000000015,0.05150000000000003,0.36880000000000007,0.36029999999999995,0.4769,0.05899999999999998,0.162,0.19200000000000003,0.6420000000000001,0.15899999999999997,-0.63,0.376,-0.5010000000000001,0.028000000000000004,0.268,-0.4879999999999999,0.34900000000000003,-0.095,0.0892,-0.0766,-0.0015000000000000026,-0.1956,-0.03540000000000001,0.16499999999999998,0.343,-3.3233799999999993,1.78811,2.2731900000000005,-1.985,1.363,-0.188,1.125,-0.46799999999999997,-0.18300000000000002,0.371,0.544,0.22110000000000002,0.014800000000000008,-0.0498,-0.1272,-0.726,-0.22399999999999998,-0.21030000000000001,-0.0887,-0.10579999999999998,0.31099999999999994,0.19449999999999998,-0.07829999999999995,-0.22825999999999985,-1.34071,0.23286,-0.72153,0.8556600000000001,0.48034999999999994,-0.4765400000000001,-0.07191000000000006,-0.34308,0.11820000000000004,-0.025980000000000024,-3.7870000000000004,0.688,-0.37899999999999995,0.35500000000000004,0.178,-0.396,0.296,0.19899999999999998,-0.101,0.418,0.044999999999999984,0.43699999999999994,0.537,-0.693,0.40700000000000003,0.242,-0.11200000000000002,0.06,-0.133,0.6039999999999999,-0.10200000000000001,-1.2640000000000002,0.02200000000000002,0.381,10000
VCLRVSTRTPKKP,0.13760854153846153,0.3001190030769231,-0.22872208461538468,0.49104054615384624,0.1995673592307692,0.1946153846153846,-0.5692307692307691,-0.18153846153846154,-0.27692307692307694,0.20153846153846156,-0.1946153846153846,0.17230769230769233,-0.3253846153846153,-0.004615384615384611,-0.17307692307692307,-0.08153846153846153,-0.21076923076923076,0.3707692307692308,-0.544,-0.1295384615384615,-0.191,0.22261538461538463,0.5230769230769231,0.6982307692307692,0.21615384615384617,-0.09769230769230772,0.5269230769230767,0.33615384615384614,0.059230769230769274,-0.3453846153846154,0.2823076923076923,-0.7938461538461539,-0.03461538461538461,0.45999999999999996,-0.5907692307692307,0.5407692307692309,-0.1823076923076923,0.04323076923076923,0.012923076923076923,0.025076923076923073,-0.15607692307692306,-0.11723076923076924,-0.24999999999999997,0.07307692307692308,-1.6032076923076926,0.19942307692307684,1.6558923076923078,-0.8700000000000002,0.14000000000000007,0.2969230769230769,1.3399999999999999,-0.05846153846153848,-0.4330769230769231,0.33153846153846156,0.32538461538461544,0.22161538461538466,0.09423076923076924,-0.06515384615384615,-0.02230769230769231,-0.8505384615384615,-0.2765384615384615,-0.21407692307692308,0.05976923076923076,-0.24800000000000003,-0.17584615384615385,0.2958461538461538,-0.13353846153846155,-0.038369230769230815,-1.0477923076923075,-0.4708307692307693,-0.5908769230769231,0.7471307692307694,-0.12919999999999998,-0.5958076923076923,0.09423076923076913,-0.3416307692307691,0.4905384615384616,0.8179769230769229,-4.445384615384616,0.07923076923076924,-0.31692307692307686,0.3246153846153846,0.3323076923076923,-0.24076923076923076,-0.10461538461538461,0.020769230769230762,-0.24000000000000007,0.5061538461538462,-0.08615384615384616,0.09615384615384616,0.696923076923077,-0.7984615384615383,0.22384615384615386,0.35692307692307695,-0.17692307692307685,-0.1123076923076923,-0.20615384615384613,0.27461538461538465,-0.4892307692307693,-0.7853846153846155,0.13923076923076927,0.17692307692307693,10000
SGLQLLSEHLDP,-0.08771778250000001,0.06969104166666669,-1.8911226416666667,0.47889869166666665,-1.1899834741666666,0.21750000000000003,-0.23000000000000007,-0.21583333333333335,0.011666666666666667,-0.14083333333333334,0.05583333333333329,0.009166666666666648,0.04416666666666666,-0.009999999999999986,0.10666666666666665,-0.09000000000000002,-0.39666666666666667,-0.11666666666666668,-0.049916666666666686,0.028916666666666663,-0.21491666666666673,0.6714166666666666,0.4226666666666667,-0.45375000000000004,-0.06416666666666664,-0.31,-0.45166666666666666,-0.09250000000000003,-0.09666666666666668,-0.6224999999999999,-0.0675,-0.38916666666666666,0.0375,0.27666666666666667,-0.31750000000000006,0.4025,-0.5058333333333334,0.03475,0.058166666666666665,-0.08541666666666668,-0.061000000000000006,0.10399999999999998,-0.625,-0.05999999999999997,-0.7513749999999999,-2.002775,0.7360000000000001,-0.9258333333333334,-1.1075,-0.5675,-0.10166666666666664,-0.6625000000000001,0.0316666666666667,-0.19166666666666665,-0.30583333333333335,0.22866666666666668,0.015666666666666672,-0.05875,-0.03341666666666668,-0.9421666666666666,-0.2015,-0.26733333333333337,-0.13191666666666665,-0.01683333333333331,-0.1509166666666667,0.07608333333333332,0.1975833333333333,-0.5120333333333335,-1.3906916666666669,0.4630583333333333,0.21300833333333327,-0.20115000000000005,-0.10876666666666664,-0.3119416666666665,-0.2651833333333333,-0.25763333333333344,-0.7351333333333333,0.12841666666666668,-4.984166666666666,-0.1625,0.07833333333333332,0.2225,0.65,0.03333333333333336,-0.18333333333333335,-0.2991666666666667,-0.08250000000000002,-0.37833333333333335,-0.385,0.21083333333333332,0.06500000000000002,-0.8758333333333334,0.004166666666666689,0.4316666666666666,-0.345,0.31083333333333335,-0.24333333333333332,-0.053333333333333434,-0.6241666666666666,-0.06833333333333341,-0.7266666666666666,0.6308333333333334,10000
SRSHGITYS,-0.02277772999999999,0.6650966888888887,-0.6308683888888891,0.27610806666666665,0.06470373000000008,0.29888888888888887,0.04888888888888891,0.018888888888888886,0.34555555555555556,0.10888888888888891,0.2666666666666667,0.26333333333333336,-0.3822222222222222,0.23333333333333334,0.03777777777777777,0.17666666666666667,-0.35666666666666663,0.39444444444444443,-0.15200000000000002,-0.5214444444444444,-0.2721111111111111,0.204,-0.21944444444444444,0.3155555555555556,0.5122222222222222,-0.31,0.5711111111111111,0.2833333333333333,-0.13999999999999999,-0.041111111111111105,-0.6866666666666666,-0.06888888888888885,-0.35111111111111115,0.1411111111111111,-0.29000000000000004,0.5366666666666667,-0.5366666666666666,0.06477777777777777,0.09988888888888889,0.04455555555555555,-0.06522222222222222,-0.1487777777777778,-0.6455555555555555,0.26555555555555554,-2.4407777777777775,-1.3318777777777777,-0.1162444444444444,-1.5900000000000003,-0.8377777777777777,0.42666666666666664,0.6222222222222222,0.6833333333333333,-0.1711111111111111,0.38888888888888884,0.044444444444444425,0.2181111111111111,0.03655555555555556,0.004555555555555559,0.17122222222222222,-0.855,-0.13644444444444445,-0.33655555555555555,-0.14788888888888888,0.13622222222222224,-0.8201111111111109,0.19366666666666663,0.3217777777777778,2.450822222222222,-1.2437666666666667,-0.6431222222222223,0.4927777777777778,0.5240555555555555,-0.5072555555555556,2.0552666666666672,-1.0354111111111113,-0.7466333333333334,3.948044444444444,1.6305888888888889,-4.6499999999999995,-0.21666666666666665,0.20000000000000004,-0.21333333333333332,0.9011111111111111,-0.28555555555555556,-0.21777777777777774,-0.3677777777777778,0.0422222222222222,0.14888888888888888,0.11222222222222225,0.04555555555555554,0.023333333333333317,-0.8322222222222222,-0.16,0.36111111111111116,-0.5,0.7155555555555554,-0.3233333333333334,1.0588888888888888,-0.4766666666666667,-0.2033333333333334,-0.1511111111111111,-0.006666666666666685,10000
GSVIN,-0.44847651,0.61082167,-0.10859710000000007,0.63629802,-0.019234575999999958,0.12200000000000003,-0.4839999999999999,0.142,0.372,-0.2859999999999999,0.6,0.21400000000000002,-0.055999999999999994,-0.10799999999999998,0.15799999999999997,-0.31800000000000006,-0.574,0.152,-0.3034,-0.5848,-0.46499999999999997,0.6347999999999999,-0.4088,-0.07079999999999999,0.388,-0.796,0.728,-0.019999999999999997,0.005999999999999994,-0.19,-0.5119999999999999,0.602,-0.2659999999999999,-0.526,-0.5760000000000001,0.43000000000000005,-0.648,0.009000000000000008,0.20900000000000002,-0.039400000000000004,-0.0646,-0.1102,-1.4440000000000002,-0.28200000000000003,-0.08571999999999953,-4.37308,0.12454000000000001,-0.7059999999999998,-3.018,-0.22600000000000006,0.418,0.32599999999999996,0.20800000000000002,1.0420000000000003,-0.54,0.2346,0.1106,-0.1032,0.019599999999999996,-1.1986,-0.45780000000000004,-0.4852,0.1032,-0.04499999999999997,-0.7539999999999998,0.006599999999999995,0.3121999999999999,-1.76398,-1.37644,0.1882200000000001,0.01971999999999996,0.5710000000000001,-0.3591,-2.7375199999999995,-0.27937999999999996,-0.7307600000000001,-1.8030000000000002,1.26064,-6.558,-0.484,0.37,0.572,1.206,0.03399999999999999,-0.6900000000000001,-0.788,-0.23000000000000004,-0.17600000000000002,-0.614,0.33999999999999997,-0.43800000000000006,-1.122,-0.054000000000000006,0.712,-0.632,0.32600000000000007,-0.43000000000000005,0.20199999999999987,-1.576,-0.14000000000000004,-1.01,0.42800000000000005,10000
MIRMAWHSAGTYRM,-0.1413800564285714,-0.2879988442857143,0.8005572428571428,-0.029711485714285706,0.8525402485714285,-0.16285714285714287,0.014285714285714306,-0.15785714285714286,-0.09571428571428572,0.22714285714285717,0.23214285714285718,0.2835714285714286,-0.10928571428571429,0.09500000000000001,0.1657142857142857,-0.1964285714285714,-0.09785714285714288,0.23642857142857146,0.16492857142857145,0.21314285714285713,0.07907142857142858,-0.07007142857142859,-0.19714285714285712,0.2377857142857143,-0.2721428571428572,-0.0042857142857143015,0.16214285714285717,-0.051428571428571414,0.03142857142857146,0.32285714285714284,-0.11285714285714281,0.07571428571428572,-0.47714285714285715,0.13642857142857143,-0.27071428571428574,0.59,-0.3214285714285715,-0.04578571428571427,-0.019928571428571414,-0.03485714285714285,0.0185,-0.030071428571428572,0.18285714285714288,-0.25428571428571434,1.165957142857143,0.11170714285714285,-0.20801428571428573,1.035714285714286,-0.04285714285714293,0.1314285714285714,0.49214285714285716,0.3121428571428571,0.25142857142857145,-0.5800000000000001,0.2464285714285714,0.22300000000000003,0.03442857142857143,0.04114285714285714,0.042214285714285704,-0.6712857142857143,0.005428571428571426,-0.016285714285714285,-0.0462142857142857,-0.11285714285714285,-0.3916428571428572,0.3562142857142857,0.2495,0.9611499999999997,0.15174285714285718,-0.63,-0.45121428571428573,0.11756428571428572,-0.28100714285714284,0.06564285714285742,-0.17617142857142862,-0.36724999999999997,1.2543142857142855,0.5949714285714285,-3.676428571428571,0.017857142857142922,-0.46785714285714286,0.2192857142857143,0.46428571428571436,0.15214285714285714,-0.03857142857142854,0.0321428571428571,0.09857142857142855,0.3578571428571428,0.02071428571428571,0.008571428571428555,-0.21642857142857144,-0.687857142857143,0.2564285714285715,0.4864285714285715,0.08857142857142855,0.3649999999999999,-0.05571428571428575,-0.29714285714285715,-0.0721428571428571,-0.31642857142857156,0.8849999999999998,-0.24999999999999997,10000
KVARPPDFTQ,0.276098939,0.182362055,-0.50547611,0.35666598,-0.301572842,0.40700000000000003,-0.277,-0.168,-0.27599999999999997,-0.17599999999999993,-0.279,0.086,-0.155,0.154,-0.187,-0.08500000000000003,-0.261,0.043,-0.5518000000000001,-0.19799999999999998,-0.12089999999999997,0.18470000000000003,0.7137,0.1312,0.186,-0.06499999999999999,-0.07500000000000002,0.251,0.14700000000000002,-0.3510000000000001,0.16299999999999998,-0.538,0.286,-0.074,-0.273,0.45,-0.329,0.0685,0.002499999999999994,0.02279999999999999,-0.11220000000000001,0.02370000000000001,-0.22499999999999995,0.009000000000000008,-2.3221499999999997,-0.027729999999999987,2.0110900000000003,-1.6280000000000001,0.2069999999999999,0.07100000000000004,0.5989999999999999,-0.4379999999999999,-0.6279999999999999,-0.023999999999999994,0.546,0.2068,0.0409,-0.047,-0.07249999999999998,-0.7995,-0.22519999999999998,-0.1607,-0.0389,-0.21489999999999992,-0.2503,0.15089999999999998,0.04230000000000002,-1.0003099999999998,-0.30956999999999996,-0.08169,0.18007,0.5773400000000001,0.22139999999999999,-0.85103,0.4842299999999999,0.16013,-0.70161,0.31637000000000004,-4.069,-0.251,-0.085,-0.030999999999999955,0.378,-0.22199999999999998,0.06699999999999996,-0.04000000000000002,-0.173,0.10099999999999995,-0.085,0.037999999999999964,0.791,-0.751,0.0050000000000000435,0.177,-0.4050000000000001,-0.07999999999999999,-0.426,0.24000000000000005,0.016000000000000014,-0.282,-0.08299999999999999,0.581,10000
WEEGMSEEET,0.488461575,-0.5401814059999999,0.9058636499999999,0.005552639999999986,-0.242780042,0.6740000000000002,0.18299999999999997,-0.082,-0.354,-0.137,0.23199999999999993,-0.46099999999999997,-0.028000000000000025,0.372,0.253,0.387,-0.413,-0.40700000000000003,-0.5747,0.4694999999999999,-0.2804,0.09440000000000001,0.03539999999999998,-0.7796999999999998,-0.5820000000000001,-0.051000000000000004,-0.805,0.44399999999999995,-0.592,0.376,-0.03499999999999996,0.16699999999999998,-0.851,-0.051000000000000004,-0.019000000000000006,0.12099999999999997,-0.36300000000000004,0.1055,-0.078,-0.13949999999999999,0.10070000000000001,0.1525,-0.15899999999999995,0.547,-3.9621599999999995,-0.3999999999999999,-0.72565,-2.533,0.2700000000000001,-1.339,-1.278,-0.991,0.8180000000000002,-0.38,-0.327,0.2345,-0.0845,-0.031700000000000006,0.0803,-0.7232999999999998,-0.267,-0.2994,-0.20750000000000002,0.3463,-0.2193,0.2318,0.33369999999999994,0.2636999999999997,-0.45938999999999985,-1.0339899999999997,0.79476,-1.06818,0.7939900000000001,0.68672,-1.6520700000000001,0.35546,0.49364999999999987,-0.82481,-3.752,0.49300000000000005,0.18100000000000005,-0.233,0.66,-0.45999999999999996,0.06300000000000001,-0.15299999999999997,0.33599999999999997,-1.0730000000000002,-0.18,0.32599999999999996,-0.22699999999999995,-0.688,0.123,0.26599999999999996,-0.44000000000000006,0.693,-0.01500000000000001,1.353,-0.229,0.09,-1.3490000000000002,-0.393,10000
ARRAKGRKRL,0.7227374310000001,-0.328021756,0.5434234799999998,0.66586435,1.574605943,0.592,-0.185,-0.313,-0.422,0.672,0.29100000000000004,0.5700000000000001,0.19,0.177,-0.29,0.07,0.022999999999999996,0.683,-0.6281000000000001,0.3207,-0.03369999999999999,0.5261,-0.09990000000000002,1.0739,-0.25,0.142,0.261,0.908,-0.603,-0.5120000000000001,0.7859999999999998,-0.028000000000000025,-0.08299999999999999,0.5349999999999999,-0.441,0.20800000000000002,0.305,0.1137,-0.12739999999999999,-0.08990000000000001,-0.2016,-0.08359999999999998,0.21600000000000005,0.425,-4.7990200000000005,2.7009999999999996,1.60413,-2.128,1.6469999999999998,0.445,1.6959999999999997,0.14299999999999996,1.1600000000000001,-0.213,0.43400000000000005,0.2219,0.030500000000000006,0.011300000000000001,-0.18150000000000002,-0.7017999999999999,0.14350000000000002,-0.0858,0.047400000000000005,-0.4061,-0.3528,0.6577000000000001,0.9357,1.0924299999999998,-1.8432600000000001,-1.2459500000000001,0.08282000000000003,1.13904,-0.29582,-0.6611999999999997,-0.8726900000000001,-1.44648,2.79691,1.9477499999999996,-3.747,1.605,-0.737,0.354,0.713,-0.676,0.3519999999999999,0.13899999999999996,0.6320000000000001,0.921,0.285,1.1270000000000002,0.06599999999999998,-0.682,0.826,0.304,-0.41899999999999993,0.48199999999999993,-0.24900000000000003,1.691,0.1780000000000001,-1.891,0.9119999999999999,0.3,10000
VMMVRKTVRQMAAG,-0.1257646114285714,-0.4916097921428571,0.5454569285714285,0.4218866357142857,0.6088833035714287,-0.05857142857142854,-0.5157142857142857,-0.3728571428571429,-0.2942857142857143,0.19642857142857148,0.28285714285714286,0.25214285714285717,0.013571428571428559,0.14785714285714285,0.18928571428571425,-0.3485714285714286,-0.2357142857142857,0.24428571428571427,-0.4204285714285715,0.45392857142857146,-0.1495,0.2789285714285714,-0.13221428571428573,0.5405714285714286,-0.5850000000000001,-0.28500000000000003,0.4628571428571429,0.22000000000000003,0.34857142857142864,0.039999999999999966,0.18285714285714283,-0.0007142857142857308,-0.5028571428571429,0.18428571428571425,-0.5785714285714286,0.5685714285714284,-0.23428571428571426,-0.03592857142857143,-0.02021428571428569,-0.13392857142857142,-0.0445,-0.09564285714285713,-0.2942857142857142,-0.35000000000000003,0.22873571428571418,-0.8439142857142855,0.15575714285714287,0.5735714285714286,-0.5300000000000002,-0.6014285714285713,1.0942857142857145,0.25357142857142856,0.47500000000000003,-0.36357142857142855,0.4278571428571428,0.2294285714285714,0.05635714285714286,-0.08057142857142859,-0.07764285714285715,-0.9122142857142856,-0.12700000000000003,-0.09085714285714284,0.2072857142857143,-0.28307142857142853,-0.2712857142857143,0.31985714285714295,0.2606428571428571,-1.0506714285714287,-0.3655714285714285,-1.2612642857142862,-0.5959071428571429,0.3179928571428571,-0.022214285714285714,-2.7300214285714284,-0.23067857142857143,-0.5410285714285714,-0.9102500000000001,0.5111142857142857,-4.984285714285714,0.4907142857142858,-0.5471428571428569,0.7571428571428572,0.5564285714285714,2.3790493384824782e-17,-0.34928571428571437,-0.1242857142857143,-0.20357142857142851,0.4021428571428571,-0.20571428571428568,0.19071428571428567,-0.19,-0.8749999999999999,0.5792857142857143,0.6435714285714286,-0.0614285714285714,-0.025000000000000005,-0.035000000000000066,-0.13999999999999987,-0.9335714285714286,-0.9785714285714286,0.3457142857142857,-0.03928571428571428,10000
MYAAIKRYDV,0.05171360699999998,-0.36063501400000003,0.6914906999999998,0.19993702,0.4801168700000001,-0.19699999999999995,-0.11500000000000002,-0.38,0.044,0.039,0.054000000000000006,0.099,0.067,0.342,-0.031000000000000017,-0.16599999999999998,-0.129,0.08100000000000002,-0.17640000000000003,0.2859,0.28200000000000003,0.24930000000000002,-0.24420000000000003,0.27010000000000006,-0.277,0.08000000000000003,0.263,0.08200000000000002,-0.098,-0.31900000000000006,-0.21100000000000002,0.25800000000000006,-0.024000000000000004,0.14699999999999996,-0.275,0.369,-0.207,-0.041499999999999995,-0.05369999999999999,-0.04809999999999999,-0.0698,-0.038400000000000004,0.28900000000000003,-0.266,0.7048099999999999,0.7832800000000002,0.34694,0.842,0.5399999999999997,-0.629,0.39699999999999996,-0.013000000000000017,0.19,0.23000000000000004,0.387,0.22549999999999998,0.0064000000000000055,0.019000000000000003,-0.0745,-0.6569,-0.09270000000000003,0.04330000000000001,-0.02000000000000001,-0.1924,-0.17740000000000003,-0.0006999999999999989,0.2245,0.15976000000000018,-0.20179,0.03786999999999997,-0.21073000000000003,0.11638,0.39279000000000003,-0.41349999999999965,0.0011900000000000023,-0.39792,0.5028200000000002,0.51228,-3.5269999999999997,0.25399999999999995,-0.22699999999999995,0.24999999999999994,0.40800000000000003,0.07700000000000003,0.221,0.173,-0.20299999999999999,0.23599999999999993,-0.07800000000000001,0.050000000000000024,-0.132,-0.6609999999999999,0.30999999999999994,0.32300000000000006,-0.18799999999999997,0.031000000000000007,-0.09,-0.41400000000000003,-0.0030000000000000248,-0.47800000000000004,0.10699999999999998,-0.018999999999999993,10000
KPQNPAIDTT,0.324032977,0.335501354,-0.22598005000000004,0.34132104999999996,-0.19997913699999997,0.6050000000000001,-0.438,-0.051000000000000024,-0.145,-0.23499999999999996,-0.195,-0.024999999999999988,-0.418,-0.018999999999999986,-0.05399999999999998,0.04800000000000002,-0.45499999999999996,0.037,-0.3721,-0.4048999999999999,-0.3319,0.18529999999999996,0.6788000000000001,-0.20400000000000001,0.32599999999999996,-0.312,-0.092,0.314,0.199,-0.17400000000000002,0.04300000000000002,-0.556,0.258,-0.52,-0.362,0.44699999999999995,-0.5169999999999999,0.10870000000000002,0.05289999999999999,0.025,-0.0875,0.02559999999999999,-0.759,0.12700000000000003,-3.4976999999999996,-1.38604,1.8709099999999999,-2.559,-0.5199999999999999,-0.21499999999999994,0.563,-0.36700000000000005,-0.8700000000000001,0.257,0.32599999999999996,0.21030000000000001,0.040299999999999996,-0.11749999999999998,-0.0215,-0.9518000000000001,-0.4109,-0.426,-0.075,0.06550000000000002,-0.27180000000000004,0.02040000000000001,-0.2045,-2.8175800000000004,-0.64528,0.7481099999999999,-0.07394999999999993,0.3271200000000001,0.16019,-2.2942899999999997,0.22594999999999993,0.5583199999999999,-3.2389300000000008,0.019189999999999995,-5.037999999999999,-0.4760000000000001,0.278,0.174,0.5469999999999999,-0.30899999999999994,-0.11200000000000002,-0.305,-0.31,-0.13200000000000006,-0.19699999999999998,0.04299999999999997,0.6769999999999999,-0.8920000000000001,-0.14200000000000002,0.33599999999999997,-0.526,-0.061999999999999986,-0.32,0.5599999999999999,-0.39299999999999996,-0.06300000000000001,-0.596,0.8089999999999999,10000
FNSLVQLEFEQGR,0.08155534153846157,-0.22099560615384617,-0.26584889230769243,0.3221365846153846,-0.33808897153846157,0.16615384615384615,0.019999999999999993,-0.37307692307692303,-0.030000000000000002,-0.01153846153846155,0.2969230769230769,-0.06615384615384615,0.10153846153846152,0.13384615384615384,-0.047692307692307694,0.006923076923076921,-0.21923076923076923,-0.1884615384615384,-0.29492307692307695,0.2536923076923077,0.05000000000000003,0.4141538461538461,-0.0027692307692307678,-0.012384615384615319,-0.2653846153846154,0.020769230769230755,-0.08153846153846157,0.1553846153846154,-0.16999999999999998,-0.32769230769230767,0.32384615384615384,0.16384615384615386,0.1384615384615385,-0.2953846153846154,-0.08230769230769229,0.4576923076923076,-0.2823076923076923,0.00899999999999999,-0.024999999999999998,-0.08292307692307695,-0.04261538461538461,0.030923076923076925,0.09230769230769235,0.01692307692307697,-0.8133230769230766,0.02638461538461538,-0.16373076923076918,-0.4584615384615386,0.19230769230769224,-0.6084615384615384,-0.10692307692307693,-0.24769230769230768,0.4769230769230769,0.026153846153846146,-0.1323076923076923,0.23346153846153847,-0.06630769230769232,-0.015692307692307696,-0.04292307692307694,-0.7337692307692307,-0.12169230769230768,-0.07692307692307691,-0.07561538461538461,-0.08415384615384618,0.04653846153846152,0.07307692307692307,0.3866923076923077,0.46105384615384604,-0.8487461538461538,-0.39318461538461535,0.5991538461538461,-0.12255384615384622,0.27189230769230777,0.5332923076923077,-0.5629846153846153,-0.39459230769230774,0.9595923076923077,-0.1398846153846154,-3.7038461538461545,0.5776923076923077,0.013846153846153876,-0.03923076923076922,0.5276923076923078,-0.08384615384615378,0.04153846153846153,0.015384615384615382,0.07999999999999997,-0.21769230769230777,-0.12846153846153843,0.15999999999999998,-0.28076923076923077,-0.6815384615384616,0.23692307692307693,0.17846153846153848,-0.48615384615384605,0.34615384615384615,-0.15307692307692308,0.08769230769230771,-0.06538461538461536,-0.4961538461538462,-0.8723076923076921,0.22846153846153847,10000
TQSIYTVDSVEVTPTTTSLNSATASTTVATPTSSVTPPTSSSSQTRSLTISDSQR,-0.0974076667272727,0.44705704018181824,-0.9283824036363636,0.6706141163636363,-0.6274542483636364,0.31309090909090914,-0.5339999999999999,0.004909090909090899,0.01036363636363637,-0.06327272727272726,0.1498181818181818,-0.05472727272727273,-0.7234545454545454,0.25345454545454543,0.04763636363636363,0.08999999999999997,-0.532,0.1874545454545454,-0.3518545454545454,-0.3207636363636363,-0.4668,0.4415272727272728,0.2848181818181819,0.15929090909090907,0.2330909090909091,-0.5709090909090908,0.4552727272727273,0.2883636363636364,-0.11745454545454545,-0.21854545454545454,-0.47981818181818175,-0.7694545454545455,-0.2887272727272728,-0.11690909090909093,-0.5469090909090909,0.6158181818181819,-0.6729090909090909,0.06621818181818181,0.1137090909090909,-0.028181818181818183,-0.10198181818181816,-0.12121818181818181,-1.0816363636363635,0.042181818181818195,-2.8058381818181823,-2.8224236363636366,0.4599181818181818,-1.766727272727273,-1.392909090909091,-0.7176363636363637,0.7845454545454548,0.3265454545454546,-0.7461818181818184,0.4061818181818182,0.587090909090909,0.22338181818181818,0.06641818181818185,-0.13485454545454542,0.15601818181818186,-1.046963636363636,-0.49741818181818176,-0.5999454545454544,-0.036872727272727265,0.1937818181818182,-0.6805272727272729,0.03072727272727272,-0.12625454545454542,-0.20944363636363625,-1.4773327272727272,-0.13172000000000003,0.027909090909090915,0.40478727272727266,-0.1624654545454545,-0.2526072727272728,-0.7691109090909091,-0.18381272727272724,0.4279781818181817,1.1431563636363635,-5.663636363636362,-0.4672727272727273,0.5290909090909092,0.18054545454545456,0.8725454545454543,-0.2503636363636364,-0.3970909090909091,-0.4674545454545456,-0.6212727272727271,-0.13436363636363635,-0.1758181818181818,-0.34745454545454546,0.34163636363636357,-0.9850909090909091,-0.19963636363636367,0.4638181818181819,-0.7261818181818182,0.044181818181818204,-0.2550909090909091,0.6067272727272728,-1.0934545454545455,-0.21345454545454554,-1.0083636363636364,0.37109090909090914,10000
YYFDCFSESAIRNAILGNIVSPRCEYPAGHNKVGSLQYLALAALIKPKKIKPPLPSVTKL,-0.06342083416666669,0.08918198383333334,-0.23504268000000003,0.40682171,-0.050841186666666635,0.0315,-0.2924999999999999,-0.13500000000000004,0.011666666666666659,-0.03333333333333333,-0.01733333333333333,0.18499999999999997,-0.04800000000000001,0.12616666666666668,-0.0885,-0.23966666666666667,-0.27599999999999997,0.11,-0.09078333333333334,-0.0782,-0.07379999999999996,0.4496666666666666,0.25655000000000006,-0.004466666666666652,0.041666666666666664,-0.21066666666666667,0.02266666666666669,-0.0486666666666667,-0.027166666666666683,-0.5156666666666667,0.06449999999999997,-0.1388333333333333,0.13166666666666665,-0.018500000000000006,-0.3745,0.4428333333333333,-0.3321666666666666,0.005716666666666668,0.048100000000000004,-0.029566666666666668,-0.09898333333333334,0.022366666666666663,-0.4203333333333333,-0.21633333333333332,0.07919166666666665,-1.109673333333333,1.2400416666666672,-0.20933333333333334,-0.7635000000000002,-0.05183333333333331,0.6121666666666667,-0.4461666666666667,-0.03316666666666663,0.22283333333333336,-0.027833333333333328,0.22823333333333337,0.07743333333333334,-0.012216666666666666,-0.04168333333333336,-0.8706,-0.2678166666666667,-0.12816666666666668,-0.024599999999999997,-0.2359333333333333,-0.2947,0.05903333333333332,0.16065,-0.61764,-0.6310699999999999,0.2527183333333334,-0.14524500000000007,0.4808016666666666,0.0840366666666667,-1.0107733333333333,0.38454499999999997,-0.38706833333333335,-0.5443983333333334,0.503925,-4.648333333333334,-0.29433333333333334,-0.1085,0.26466666666666666,0.5678333333333333,0.0681666666666667,-0.12216666666666666,-0.16316666666666674,-0.15283333333333335,0.13366666666666666,-0.35666666666666663,0.1588333333333333,0.13900000000000004,-0.8348333333333334,0.06949999999999999,0.4013333333333334,-0.2633333333333333,0.09033333333333333,-0.3600000000000001,-0.3236666666666667,-0.47133333333333327,-0.17000000000000004,-0.23683333333333323,0.3943333333333333,10000
KYQIKSGAQVVQIFDSWAGQ,-0.023224864499999998,0.027940345499999998,-0.7049531200000001,0.18278144999999996,-0.3984466810000001,0.11050000000000001,-0.04800000000000001,-0.095,-0.1315,-0.026000000000000023,0.23299999999999996,0.011999999999999992,0.07599999999999998,0.328,0.10900000000000001,-0.09499999999999999,-0.3055,0.016499999999999997,-0.2887,-0.037199999999999976,-0.04219999999999998,0.33609999999999995,-0.26370000000000005,0.06840000000000007,-0.1015,-0.211,0.177,0.13449999999999998,0.17300000000000001,-0.2925000000000001,-0.06600000000000002,0.13000000000000003,-0.27,-0.5345000000000001,-0.22400000000000003,0.49750000000000005,-0.4165000000000001,0.01075,0.027250000000000007,-0.045700000000000005,-0.06300000000000001,-0.028100000000000003,-0.3634999999999998,-0.011999999999999978,-0.7759849999999996,-0.96118,0.49219999999999986,-0.6330000000000002,-0.5100000000000001,-0.28250000000000003,0.32799999999999996,0.0004999999999999949,0.47050000000000003,0.3555000000000001,0.38,0.21555,-0.0042499999999999925,-0.04195,-0.07365,-0.83675,-0.20329999999999998,-0.16615,-0.03555000000000001,-0.10545,-0.4146500000000001,0.09795,0.45969999999999994,0.06808999999999998,-0.538755,-0.41316500000000006,0.47573499999999996,0.42026,0.20255,-0.5976949999999998,-0.08213000000000002,-0.56494,0.33302000000000015,0.1689150000000001,-4.4045,-0.05950000000000003,0.05700000000000003,0.10999999999999999,0.767,-0.05399999999999997,-0.11499999999999999,-0.21050000000000005,-0.09850000000000002,0.0935,-0.24649999999999994,0.09249999999999994,-0.3065,-0.8024999999999999,0.07550000000000001,0.38800000000000007,-0.4334999999999999,0.3705,-0.3285,0.041999999999999996,-0.5305,-0.45050000000000007,-0.445,0.1995,10000
GFVLPCAIDYQTVIACAKRSDR,-0.17701167818181818,-0.007306952272727273,-0.31310799545454554,0.3908709999999999,-0.10832725772727275,-0.05272727272727273,-0.4018181818181818,0.005454545454545454,0.06454545454545456,0.07590909090909091,0.0013636363636363674,0.00954545454545454,0.025454545454545455,0.21727272727272728,-0.04727272727272727,-0.23636363636363633,-0.3104545454545455,0.07318181818181817,-0.12204545454545458,0.0225909090909091,-0.1909545454545454,0.2643636363636363,-0.022409090909090938,0.18254545454545454,-0.08499999999999999,-0.3172727272727273,0.23909090909090913,-0.0018181818181817592,-0.2977272727272728,-0.14590909090909096,0.03272727272727273,-0.08999999999999998,0.20090909090909095,0.054090909090909106,-0.4040909090909091,0.3690909090909091,-0.3445454545454545,-0.010590909090909104,0.04436363636363638,-0.051727272727272726,-0.040636363636363644,-0.05586363636363636,-0.5386363636363636,-0.16318181818181812,0.08029545454545482,-1.3185454545454545,0.05798636363636366,0.18227272727272711,-0.9277272727272726,-0.40227272727272717,0.2745454545454545,0.22954545454545458,-0.00090909090909092,0.2090909090909091,0.30045454545454553,0.22154545454545457,0.05572727272727274,-0.057,-0.03272727272727274,-0.9080000000000003,-0.30018181818181827,-0.1957272727272727,0.0743181818181818,-0.1861818181818182,-0.42190909090909073,0.13859090909090907,0.17363636363636362,-1.2003818181818178,-0.35884999999999995,-0.14098636363636363,-0.11391363636363633,0.3231181818181819,0.031790909090909085,-1.8708999999999998,0.007799999999999968,-0.2945636363636364,-1.0360318181818184,0.7844727272727273,-4.892727272727273,-0.1300000000000001,0.02863636363636366,0.32727272727272727,0.7318181818181817,1.0092936587501423e-17,-0.20545454545454547,-0.20136363636363638,-0.2950000000000001,0.02954545454545454,-0.12727272727272734,-0.030454545454545453,0.07909090909090911,-0.8704545454545456,0.10954545454545456,0.4731818181818182,-0.4227272727272728,0.08545454545454544,-0.24363636363636365,0.04409090909090904,-0.6704545454545454,-0.09272727272727273,-0.33363636363636356,0.08409090909090916,10000
ISQYSGKIKHWNRFRDEV,0.29784275055555554,0.06538559666666667,-0.016542422222222266,-0.05074867777777784,0.16072126666666664,0.26611111111111113,0.18999999999999997,-0.2605555555555556,0.020000000000000007,0.07777777777777778,0.1961111111111111,-0.002222222222222231,0.011111111111111101,0.07666666666666667,-0.06833333333333336,0.19944444444444442,-0.12333333333333335,0.10444444444444446,-0.3942777777777778,-0.010499999999999997,0.1751111111111111,0.045055555555555536,-0.23077777777777778,0.28766666666666674,0.08333333333333334,0.2361111111111111,0.2327777777777778,0.3605555555555556,-0.08333333333333331,-0.13555555555555557,-0.20833333333333334,0.20944444444444443,-0.07055555555555554,-0.1227777777777778,-0.10166666666666666,0.3922222222222222,-0.24111111111111116,0.036055555555555556,-0.0561111111111111,0.02188888888888889,-0.05944444444444444,-0.049777777777777775,0.40388888888888896,0.3138888888888889,-1.6085111111111112,1.645777777777778,0.23456111111111116,-0.8522222222222224,1.1672222222222224,-0.03444444444444445,0.2233333333333333,0.1072222222222222,0.24944444444444447,0.37444444444444447,-0.06500000000000002,0.2218333333333333,-0.05833333333333332,0.03455555555555556,-0.03916666666666666,-0.5848888888888888,-0.04894444444444446,-0.10883333333333332,-0.1975,0.025666666666666657,-0.011888888888888902,0.2492222222222222,0.29027777777777775,1.9415888888888888,-0.8559944444444444,-0.14892222222222207,0.25318333333333337,0.21441666666666664,0.03555555555555556,2.0339055555555556,-0.5297222222222222,-0.4615333333333333,2.7391722222222223,0.1885166666666666,-2.9216666666666664,0.44500000000000006,-0.09777777777777778,-0.21944444444444447,0.39611111111111114,-0.25555555555555554,0.28111111111111114,0.185,0.15555555555555556,0.15388888888888885,0.17277777777777778,0.285,-0.05777777777777778,-0.5705555555555555,0.12722222222222224,0.15055555555555558,-0.25,0.5755555555555555,-0.09944444444444447,0.6288888888888889,0.4477777777777777,-0.5844444444444444,0.04222222222222219,0.05111111111111111,10000
FGPQAVAADGALDRAWMRDLVFREP,-0.05114433,-0.20640170160000007,-0.38701318400000007,0.48110859199999995,-0.22410233240000005,0.13,-0.1984,0.010800000000000006,-0.1648,-0.1268,0.07800000000000001,0.11239999999999999,0.15319999999999998,0.22360000000000002,-0.017600000000000008,-0.2928,-0.28120000000000006,-0.05920000000000001,-0.24156000000000002,0.09460000000000003,-0.14447999999999997,0.43683999999999995,0.20259999999999997,-0.17555999999999997,-0.2143999999999999,-0.2612,-0.32159999999999994,-0.04079999999999998,-0.38319999999999993,-0.298,0.08880000000000003,0.005600000000000005,0.0652,0.09400000000000003,-0.2632,0.28080000000000005,-0.3588,0.013559999999999996,0.023320000000000007,-0.08804000000000001,-0.041440000000000005,0.08224000000000001,-0.42839999999999995,-0.25199999999999995,-0.4954519999999997,-1.3215880000000002,0.8026519999999999,-0.36920000000000014,-0.8408000000000001,-0.3908,-0.07799999999999999,-0.36040000000000005,0.22040000000000004,-0.32959999999999995,0.34199999999999997,0.21656000000000003,0.05796000000000001,-0.02628,-0.0816,-0.86124,-0.19579999999999997,-0.16352,0.0015199999999999947,-0.242,-0.54664,0.2086,0.46264000000000005,-1.441384,-0.20971600000000007,-0.017672000000000052,0.30633200000000005,0.284404,0.06688000000000001,-1.9398279999999994,0.22599199999999997,-0.216336,-1.458544,0.7777,-4.566,-0.20319999999999994,-0.03040000000000001,0.19519999999999998,0.7896000000000001,0.02320000000000002,-0.04080000000000001,-0.22880000000000003,-0.02519999999999997,-0.1632,-0.2404,0.21159999999999995,0.10360000000000001,-0.828,0.10280000000000002,0.39720000000000005,-0.5112,0.10800000000000003,-0.43080000000000007,-0.0020000000000000196,-0.33640000000000003,-0.0696,-0.13639999999999997,0.3888,10000
YQFGSSVKVERVPYVKTFEDVN,0.09014111999999998,0.1277878795454546,-0.00851051363636361,0.3016444636363636,-0.24622192318181818,0.1286363636363637,-0.07681818181818181,-0.2818181818181818,0.029090909090909087,-0.1690909090909091,0.09318181818181817,-0.03454545454545455,-0.0872727272727273,0.23727272727272727,-0.07545454545454548,-0.0031818181818181798,-0.27454545454545454,-0.03090909090909092,-0.6831818181818183,-0.06863636363636362,0.029227272727272737,0.2937727272727273,-0.01145454545454544,0.1999545454545455,0.08772727272727274,-0.024545454545454558,0.33136363636363647,0.22318181818181818,0.11454545454545456,-0.4140909090909091,-0.1827272727272727,0.10772727272727277,-0.09090909090909088,0.085,-0.2122727272727273,0.4245454545454544,-0.3609090909090909,0.01604545454545454,0.008590909090909095,-0.006409090909090909,-0.08440909090909089,-0.05727272727272728,-0.0536363636363636,0.0090909090909091,-0.9515772727272727,-0.06300909090909079,0.4873045454545453,-0.6395454545454545,0.09863636363636359,-0.34,0.19818181818181824,-0.17045454545454553,-0.012727272727272747,0.5740909090909092,0.11000000000000001,0.22422727272727272,-6.308085367188389e-18,-0.01654545454545454,-0.01331818181818182,-0.7504090909090909,-0.21345454545454548,-0.09386363636363634,-0.04690909090909092,-0.09881818181818183,-0.2000909090909091,-0.00895454545454546,0.1662272727272727,0.5023363636363638,-0.4811499999999999,-0.3393181818181818,0.3995863636363636,0.23751363636363643,0.3755136363636364,0.46559090909090917,-0.15532272727272733,-0.2554681818181818,1.060340909090909,0.22172272727272724,-3.8209090909090917,0.05227272727272725,0.0640909090909091,-0.07999999999999997,0.4809090909090909,-0.13045454545454543,0.014999999999999998,-0.007727272727272741,-0.16045454545454543,-0.05500000000000004,-0.1309090909090909,0.04136363636363633,0.07818181818181819,-0.7086363636363636,0.07454545454545455,0.1781818181818182,-0.4509090909090909,0.10545454545454547,-0.27136363636363636,0.11590909090909095,-0.21363636363636368,-0.3868181818181819,-0.614090909090909,0.05681818181818183,10000
LSPILTRLMNFFVFSRGLTP,-0.3419394185,0.0956889685,0.03728850999999987,0.5129120649999999,0.0847411775,-0.29250000000000004,-0.31549999999999995,-0.24450000000000002,-0.007500000000000012,-0.11999999999999997,0.163,0.197,-0.21150000000000002,-0.0965,-0.22249999999999998,-0.36849999999999994,-0.14599999999999996,0.05650000000000001,0.20394999999999994,-0.06269999999999998,0.11885000000000004,0.50755,0.4001,0.15489999999999998,0.082,-0.07300000000000002,0.21000000000000005,-0.28,-0.078,-0.5024999999999998,0.229,-0.27249999999999996,0.20900000000000002,0.0745,-0.376,0.6445000000000001,-0.36,-0.0613,0.06445000000000001,-0.010650000000000012,-0.11910000000000001,0.013499999999999988,0.0010000000000000675,-0.5280000000000001,2.26161,-0.919685,1.148535,1.1555000000000004,-0.7545,0.046499999999999986,0.5345,-0.325,-0.3525,0.016000000000000007,0.14500000000000002,0.2333,0.08130000000000001,0.014100000000000001,0.005049999999999992,-0.7864,-0.23770000000000002,-0.06375,-0.021100000000000004,-0.3136999999999999,-0.057950000000000015,0.03599999999999999,-0.006650000000000012,0.29903499999999983,-0.64147,0.302855,-0.4876500000000001,0.60208,0.02236000000000003,0.07381000000000011,0.54235,-0.4888399999999999,0.50138,0.5738,-4.103,-0.21649999999999997,-0.24100000000000005,0.2719999999999999,0.339,0.3665,-0.05950000000000001,0.006000000000000017,-0.236,0.181,-0.355,-0.14150000000000001,0.186,-0.7529999999999999,0.13399999999999998,0.313,-0.144,-0.07550000000000001,-0.32599999999999996,-1.2005,-0.36850000000000005,-0.3709999999999999,-0.16499999999999998,0.3095,10000
LRLQLLTLAMTSAPTGWG,-0.33169441555555557,-0.08481160833333329,-0.2604422333333334,0.6766631888888889,0.06950772388888889,-0.18555555555555553,-0.38555555555555565,-0.003888888888888905,-0.26222222222222225,0.038333333333333344,0.26944444444444443,0.22166666666666668,-0.24722222222222223,0.02444444444444446,0.1,-0.36444444444444446,-0.28611111111111115,0.11499999999999999,0.2570555555555556,0.03549999999999999,-0.13722222222222222,0.7318333333333332,0.21744444444444444,-0.0641111111111111,-0.1722222222222223,-0.3877777777777778,-0.03666666666666664,-0.22944444444444448,-0.21111111111111108,-0.5077777777777778,0.4283333333333334,-0.4183333333333333,-0.32944444444444443,0.16333333333333336,-0.46499999999999997,0.5877777777777777,-0.4388888888888889,-0.029,0.08750000000000001,-0.09250000000000001,-0.10611111111111111,0.048222222222222215,-0.5827777777777778,-0.4255555555555555,1.0791777777777776,-2.398172222222222,1.190022222222222,0.47277777777777785,-1.6622222222222223,-0.09111111111111114,0.5194444444444444,-0.40722222222222215,0.2988888888888889,-0.17888888888888893,0.36222222222222217,0.2265,0.11983333333333333,-0.05077777777777778,-0.012444444444444456,-0.9476666666666667,-0.30661111111111106,-0.24650000000000002,0.006333333333333326,-0.2255,-0.5043888888888889,0.1213888888888889,0.26416666666666666,-1.4985555555555554,-0.7206444444444445,0.38818888888888886,-0.2629222222222222,0.49085555555555554,-0.11645,-2.325622222222222,0.3568666666666666,-0.49664444444444444,-2.1268444444444445,0.6803222222222222,-5.162222222222222,-0.35611111111111104,-0.06888888888888885,0.5627777777777777,0.7888888888888889,0.295,-0.24388888888888888,-0.3188888888888889,-0.14666666666666667,0.12166666666666665,-0.5705555555555556,0.06499999999999997,-0.16722222222222227,-0.9161111111111112,0.15333333333333332,0.576111111111111,-0.3633333333333333,-0.04000000000000001,-0.3661111111111111,-0.8766666666666667,-1.1044444444444443,-0.5433333333333334,-0.2533333333333333,0.3016666666666667,10000
EKIFFFKDWFFWWKLPGSPA,-0.099946447,-0.06909386750000004,0.20493007000000002,-0.17785703500000005,-0.06176295000000004,-0.2865000000000001,0.37300000000000005,0.05049999999999997,-0.2635,-0.21800000000000003,0.045,-0.00800000000000003,0.012499999999999997,0.1375,-0.3725,-0.261,0.04350000000000002,-0.12449999999999999,0.1688,-0.037849999999999995,0.47185,0.12034999999999998,0.21525,-0.22765,0.051000000000000004,0.40499999999999997,-0.48150000000000004,-0.40800000000000003,-0.017999999999999988,-0.5445,0.192,0.05950000000000004,0.039500000000000035,-0.16400000000000003,0.06349999999999995,0.4789999999999999,-0.3145,-0.05645,-0.0216,0.050650000000000014,-0.0671,0.16334999999999997,0.7585000000000002,-0.31649999999999995,2.7130599999999996,1.2774750000000004,1.6002949999999998,1.1719999999999997,0.615,0.6155000000000002,-0.2745000000000001,-0.9615,0.04700000000000002,-0.15999999999999998,0.43699999999999994,0.21764999999999998,0.040100000000000004,0.15445000000000003,-0.04755,-0.4516,-0.13974999999999999,0.18685000000000002,-0.24625000000000002,-0.3452,-0.04255000000000009,0.15195,0.26339999999999997,2.08927,0.8533950000000001,0.38562,-0.01926000000000001,0.8766049999999999,0.5173549999999999,2.274965,1.39328,-0.33477999999999997,2.25334,-0.4046850000000002,-2.091,-0.6844999999999999,-0.352,-0.41150000000000003,0.16750000000000004,0.43050000000000016,0.4245000000000001,0.3285000000000001,0.13249999999999998,0.1625,-0.166,-0.12900000000000003,0.10399999999999998,-0.47750000000000004,-0.11099999999999996,0.032499999999999994,0.051000000000000024,0.26499999999999996,-0.5875,-1.3515,0.7720000000000002,0.20049999999999996,0.47399999999999987,0.012500000000000011,10000
RALEICRRAAEVADHRLNT,0.14959595736842105,-0.5066496415789473,0.10152380526315784,0.5485070947368421,0.30189235947368415,0.25263157894736843,-0.34736842105263166,-0.2421052631578947,0.04157894736842107,0.3005263157894737,0.09999999999999999,0.07,0.0031578947368421082,0.19684210526315787,0.06052631578947368,-0.008421052631578944,-0.24736842105263154,0.12473684210526315,-0.305578947368421,0.5030526315789473,-0.18499999999999997,0.3427368421052631,0.003157894736842103,0.3142105263157896,-0.5326315789473683,-0.181578947368421,0.07421052631578948,0.3605263157894737,-0.748421052631579,-0.06368421052631579,0.06736842105263156,-0.09157894736842105,0.3010526315789474,0.21999999999999997,-0.3610526315789474,0.27052631578947367,-0.17210526315789476,0.02705263157894737,-0.057894736842105256,-0.14252631578947372,-0.0398421052631579,-0.036210526315789485,-0.24157894736842095,0.09947368421052631,-1.8607052631578949,-0.06014210526315783,-0.2963315789473684,-0.3852631578947368,0.12263157894736822,-1.0505263157894735,0.528421052631579,0.22947368421052627,0.3852631578947369,-0.17157894736842105,-0.1131578947368421,0.2351578947368421,0.015157894736842106,-0.048473684210526315,-0.06021052631578948,-0.8225789473684211,-0.25052631578947365,-0.3183157894736842,-0.04121052631578947,-0.044842105263157885,-0.24626315789473682,0.37915789473684214,0.3097368421052632,-1.1606421052631581,-1.1133894736842107,0.10567894736842104,0.07025263157894737,-0.013926315789473676,-0.23788947368421043,-1.4928631578947364,-0.6944789473684211,-0.27564210526315785,-0.9711105263157896,0.8818947368421051,-4.42421052631579,0.56,0.07315789473684212,0.2905263157894737,0.7194736842105262,-0.2957894736842105,-0.027368421052631615,-0.042631578947368444,-0.18894736842105267,0.0073684210526315415,0.04105263157894734,0.39526315789473687,0.034210526315789476,-0.7894736842105263,0.25157894736842107,0.4289473684210526,-0.5810526315789474,0.20105263157894732,0.011052631578947368,0.9110526315789473,-0.2673684210526316,-0.6415789473684211,-0.14736842105263162,0.2810526315789474,10000
FYDPDISISLGTLAVLCQLN,-0.3638998605,0.10967349649999995,-0.7764001650000001,0.44658918499999994,-0.623339549,-0.20750000000000007,-0.39050000000000007,-0.08100000000000002,0.172,-0.15050000000000002,0.12150000000000002,-0.08,-0.057499999999999996,0.014500000000000013,-0.03250000000000001,-0.26999999999999996,-0.3535,-0.10849999999999997,0.15885,-0.07204999999999999,-0.07539999999999998,0.5158,0.0893,-0.20164999999999997,0.03000000000000002,-0.3275,0.076,-0.2779999999999999,-0.21500000000000002,-0.438,-0.07099999999999998,-0.12649999999999995,0.24150000000000005,-0.0615,-0.38500000000000006,0.45099999999999996,-0.5115000000000001,-0.03875,0.08945,-0.046699999999999985,-0.0558,0.010199999999999996,-0.5365,-0.3645,1.4663150000000003,-2.1357100000000004,0.195195,0.6475,-1.4010000000000002,-0.6290000000000001,-0.08799999999999994,-0.12449999999999999,-0.21750000000000003,0.34249999999999997,0.04749999999999999,0.22994999999999996,0.04250000000000001,-0.06074999999999999,-0.010750000000000003,-0.9275,-0.347,-0.2293,-0.009200000000000003,-0.09665,-0.19170000000000004,-0.09170000000000003,0.000599999999999988,-1.19486,-0.7615749999999999,0.726165,-0.25504499999999997,0.05468499999999997,0.08302000000000001,-1.26284,0.135425,-0.2348850000000001,-1.50951,0.37305,-4.9635,-0.3535,0.19,0.37750000000000006,0.651,0.2645,-0.198,-0.23199999999999998,-0.3995,-0.22800000000000004,-0.36900000000000005,-0.17200000000000004,-0.07100000000000001,-0.8790000000000001,0.0010000000000000135,0.4630000000000001,-0.38249999999999995,0.02300000000000001,-0.22199999999999998,-0.7245000000000001,-0.752,0.08800000000000002,-0.8280000000000001,0.3375,10000
ESEGTVGPLLKGQPRALGGTA,-0.018848125238095245,0.23465432000000006,-0.0704324523809525,0.7913822333333334,0.20209596666666668,0.39190476190476187,-0.34095238095238095,0.19571428571428567,-0.20666666666666667,-0.14190476190476192,0.23,0.3442857142857143,0.02523809523809524,0.1742857142857143,0.08095238095238096,-0.30333333333333334,-0.4957142857142857,0.14333333333333334,-0.2814285714285714,-0.3447619047619047,-0.5500952380952381,0.7924285714285714,0.21333333333333335,-0.27433333333333326,0.10857142857142857,-0.6799999999999999,-0.16666666666666666,0.10238095238095238,-0.13523809523809524,-0.4642857142857142,0.4852380952380953,0.04523809523809523,-0.4085714285714285,0.15857142857142859,-0.42857142857142855,0.29952380952380947,-0.41952380952380947,0.08176190476190477,0.13942857142857143,-0.08952380952380952,-0.09533333333333334,0.06371428571428572,-1.3485714285714285,-0.07761904761904762,-2.3245,-3.5529761904761905,1.659038095238095,-2.1200000000000006,-2.4857142857142858,0.37857142857142856,0.29238095238095235,-0.6495238095238095,0.6571428571428573,0.025714285714285738,0.09714285714285714,0.21495238095238095,0.14323809523809525,-0.077,-0.04242857142857143,-1.141952380952381,-0.298047619047619,-0.2822380952380953,0.10285714285714284,-0.28338095238095234,-0.9615714285714285,0.13838095238095235,0.6648095238095239,-2.7741285714285713,-0.5965904761904762,-0.5012952380952381,0.610847619047619,0.7132571428571428,0.09477142857142856,-4.076519047619048,0.07870952380952378,-0.49810952380952384,-2.9749190476190477,1.0257523809523807,-6.2523809523809515,-0.32333333333333336,-0.011428571428571403,0.45142857142857146,1.1966666666666665,-0.12999999999999995,-0.46333333333333326,-0.751904761904762,0.27476190476190476,-0.15380952380952384,-0.64,0.6057142857142856,-0.04523809523809525,-1.0790476190476193,0.14380952380952383,0.5847619047619047,-0.670952380952381,0.2285714285714286,-0.7204761904761906,0.45952380952380956,-1.5219047619047619,-0.38428571428571423,-0.678095238095238,0.35095238095238096,10000
GAYGVLFVHLDGARDEIDRALDYIQRQQVAVEVI,-0.08252413970588236,-0.23501397352941178,-0.2808201029411765,0.4723492382352942,-0.2687995682352941,0.026176470588235336,-0.21411764705882352,-0.24352941176470586,0.062352941176470576,-0.1476470588235294,0.16970588235294115,-0.013529411764705864,0.2076470588235294,0.23000000000000004,0.14088235294117646,-0.1747058823529411,-0.3144117647058824,-0.11794117647058823,-0.3193235294117648,0.19585294117647056,-0.03373529411764703,0.5077941176470588,-0.15702941176470586,0.0202058823529412,-0.29588235294117654,-0.238235294117647,0.17705882352941177,0.08970588235294119,-0.30764705882352944,-0.29911764705882354,-0.12705882352941175,0.27294117647058824,0.07558823529411765,0.02264705882352939,-0.2676470588235294,0.3067647058823529,-0.3564705882352941,-0.015235294117647066,0.012705882352941181,-0.10170588235294119,-0.05464705882352942,-0.010264705882352938,-0.30529411764705877,-0.1352941176470588,-0.11683529411764682,-1.1160676470588233,0.1785735294117647,0.0314705882352942,-0.6705882352941178,-0.9188235294117648,-0.0944117647058824,-0.0708823529411765,0.42764705882352944,0.31264705882352944,0.007058823529411794,0.22341176470588234,0.011088235294117644,-0.05029411764705883,-0.11550000000000002,-0.8504411764705883,-0.2484117647058824,-0.19885294117647062,-0.023470588235294118,-0.12723529411764709,-0.2795588235294118,0.08038235294117646,0.3834411764705883,-1.4102000000000001,-0.7092117647058823,0.23405588235294114,0.4428029411764707,0.020279411764705907,0.21767352941176474,-1.7769147058823531,-0.16411764705882353,-0.30612647058823533,-1.637179411764706,0.38784705882352943,-4.495294117647059,0.15970588235294114,0.15,0.26294117647058823,0.7394117647058823,-0.007352941176470542,-0.061470588235294124,-0.16676470588235293,-0.22735294117647062,-0.21029411764705888,-0.30852941176470583,0.263235294117647,-0.1585294117647059,-0.8088235294117647,0.1517647058823529,0.3947058823529412,-0.5676470588235294,0.1411764705882353,-0.20500000000000002,0.022647058823529517,-0.6394117647058823,-0.5576470588235294,-0.6294117647058824,0.2282352941176471,10000
PYKIPHMGWNELKKEGEIALWNGVEDGSFVYY,0.092292845625,0.05264578062500001,0.50807259375,0.07635334687499998,0.18425122156250007,0.1109375,0.1409375,-0.07031250000000004,-0.04156249999999999,-0.1896875,0.11156250000000001,0.07624999999999998,0.08031250000000001,0.079375,0.017499999999999988,-0.09749999999999999,-0.23468750000000002,-0.0678125,-0.23353125,-0.13243749999999999,0.06871875000000002,0.2605,-0.021843749999999995,-0.29803124999999997,0.09218749999999998,0.0059374999999999845,-0.18437499999999998,-0.031875000000000014,0.0053125000000000255,-0.305,0.0315625,0.35656249999999995,-0.24,0.01812499999999999,-0.10312500000000001,0.3240625,-0.353125,0.01571875,0.020000000000000007,-0.00040625000000000036,-0.037625000000000006,0.07934374999999999,-0.039374999999999966,-0.02781249999999999,-0.08907812499999973,-0.30194062499999996,0.915496875,-0.49906249999999996,-0.2959375000000001,0.21187499999999998,-0.255625,-0.6840625000000001,0.39437500000000003,0.2615624999999999,-0.24281250000000001,0.22165625,0.02884375,0.039281250000000004,-0.04046875,-0.71484375,-0.15240625000000002,-0.023781249999999976,-0.13159375000000004,-0.12515625000000002,-0.28028125000000004,0.060968750000000016,0.32775,-0.25062812499999987,0.00790000000000013,0.21456250000000002,0.31129687500000003,0.12623437499999995,0.33316250000000003,-0.3429281249999998,0.27291875,-0.14018437499999994,-0.4749468749999999,-0.10885937500000004,-3.7153124999999996,-0.24156249999999999,-0.09874999999999996,-0.039062499999999986,0.5396875000000001,0.045937500000000034,0.0846875,-0.08625,0.24374999999999997,-0.13687500000000005,-0.32218749999999996,0.33124999999999993,-0.1321875,-0.6990625,0.04187500000000001,0.27125,-0.23812499999999998,0.3325,-0.37218750000000006,-0.17375000000000002,-0.11499999999999999,-0.07031250000000003,-0.22812500000000002,0.04406250000000002,10000
DLYRAKAFRVDPVPSAADTYFCYIAYDIDLFEEGSLAN,-0.04619556368421057,-0.07127517894736841,-0.21734589473684213,0.37969096052631574,-0.3074264031578949,0.011315789473684237,-0.14973684210526317,-0.07184210526315789,0.14973684210526314,-0.15236842105263157,0.020263157894736858,-0.04684210526315791,0.004473684210526314,0.28421052631578947,-0.12631578947368421,-0.14684210526315788,-0.3052631578947369,-0.10447368421052632,-0.12639473684210528,0.011736842105263165,-0.02560526315789472,0.3891842105263158,0.06684210526315788,-0.2055,-0.04500000000000002,-0.17631578947368423,-0.15894736842105264,-0.06289473684210527,-0.3926315789473685,-0.4097368421052632,-0.15973684210526318,0.07631578947368423,0.27815789473684205,0.08342105263157895,-0.21184210526315786,0.2721052631578947,-0.4097368421052631,0.0036052631578947364,0.02731578947368421,-0.04939473684210527,-0.04281578947368422,0.041105263157894735,-0.31631578947368416,-0.1952631578947368,-0.20578947368421016,-0.9915842105263157,0.26883947368421046,-0.1526315789473684,-0.5665789473684213,-0.6205263157894737,-0.24210526315789477,-0.22868421052631582,-0.10631578947368421,0.13894736842105265,0.25526315789473686,0.2230526315789474,0.023973684210526314,-0.011710526315789466,-0.01339473684210527,-0.8083947368421054,-0.2506315789473684,-0.1402631578947368,-0.056921052631578956,-0.10457894736842106,-0.38218421052631585,-0.045263157894736845,0.22223684210526318,-0.795444736842105,-0.2552421052631578,0.3981447368421054,0.23678157894736843,0.09058947368421053,0.3045894736842105,-0.7791184210526313,0.029176315789473654,-0.11428421052631581,-0.5962447368421051,0.60505,-4.298421052631579,-0.23631578947368412,0.18526315789473685,0.05657894736842105,0.6818421052631578,0.041315789473684215,0.0431578947368421,-0.13210526315789478,-0.20815789473684215,-0.2655263157894737,-0.13710526315789476,-0.03552631578947371,0.060263157894736845,-0.7826315789473686,-0.004736842105263142,0.2965789473684211,-0.5336842105263159,0.09105263157894737,-0.32605263157894737,-0.09421052631578945,-0.20552631578947364,0.19684210526315787,-0.5826315789473684,0.25789473684210523,10000
IRNAFMEFMETRNSKSKYVEAFNTVQSNGATSAISTF,0.03413512648648649,-0.10660828783783784,0.33569791081081074,0.34142656216216216,0.1796798386486487,0.19675675675675677,-0.17918918918918916,-0.16945945945945948,0.10864864864864864,0.042972972972972964,0.32621621621621616,0.024054054054054044,-0.2848648648648649,0.2251351351351352,-0.0981081081081081,1.50030138462859e-17,-0.32432432432432434,0.09324324324324322,-0.2351891891891891,0.07802702702702705,-0.1469459459459459,0.29102702702702704,-0.08672972972972973,0.07829729729729733,-0.14567567567567566,-0.21918918918918917,0.1283783783783784,0.22405405405405412,-0.07297297297297295,-0.162972972972973,-0.11189189189189189,0.07810810810810812,-0.01189189189189189,-0.30675675675675673,-0.28756756756756763,0.4756756756756757,-0.4181081081081081,0.026702702702702707,0.015864864864864853,-0.06991891891891892,-0.03886486486486487,-0.03697297297297297,-0.38459459459459455,-0.05405405405405406,-1.4470513513513512,-0.9282189189189188,-0.20789729729729733,-0.7470270270270273,-0.38270270270270274,-0.6297297297297297,0.48351351351351346,0.1427027027027027,0.002702702702702705,0.03864864864864863,0.2121621621621622,0.23459459459459453,0.004351351351351349,-0.029783783783783786,0.06578378378378376,-0.844,-0.26518918918918927,-0.24059459459459456,-0.037162162162162164,0.020432432432432437,-0.3194054054054054,0.0781081081081081,0.19364864864864867,0.16039729729729724,-0.6117054054054054,-0.34903783783783787,0.042751351351351385,0.30864594594594597,0.11212162162162163,-0.13258918918918913,-0.542,-0.3423054054054054,0.8881405405405406,0.5163216216216214,-4.534594594594594,0.11108108108108107,0.11135135135135141,0.10432432432432437,0.6929729729729728,-0.14270270270270274,-0.15756756756756757,-0.17756756756756759,-0.18594594594594596,-0.039729729729729754,-0.009999999999999993,-0.010810810810810844,-0.15621621621621626,-0.8121621621621622,0.10054054054054055,0.352972972972973,-0.4797297297297297,0.26594594594594595,-0.20189189189189188,0.3994594594594594,-0.32027027027027033,-0.17432432432432435,-0.528918918918919,0.20999999999999996,10000
ACEGAILVVD,-0.54335285,-0.37276287900000005,-0.36385267,0.7162580700000001,-0.518127037,-0.217,-0.6990000000000001,0.10999999999999999,0.136,-0.12799999999999997,0.13899999999999996,-0.084,0.24300000000000002,0.30700000000000005,0.22299999999999995,-0.525,-0.53,-0.139,-0.13810000000000003,0.31420000000000003,-0.4468,0.6651,-0.1741,-0.2547,-0.5660000000000001,-0.78,0.07199999999999998,-0.244,-0.479,-0.23500000000000001,-0.10500000000000001,0.22299999999999995,0.049,0.16300000000000003,-0.573,0.21200000000000002,-0.483,-0.054200000000000005,0.1028,-0.196,0.0025999999999999773,0.005399999999999997,-1.276,-0.46499999999999986,1.5878100000000006,-4.10061,-0.3933700000000001,0.943,-2.7859999999999996,-1.3989999999999998,-0.15700000000000003,-0.14000000000000004,0.5319999999999998,0.22200000000000006,-0.09600000000000004,0.23529999999999998,0.12469999999999999,-0.1146,-0.08619999999999998,-1.1637,-0.562,-0.3426,0.17419999999999997,-0.22399999999999998,-0.6113999999999999,0.08929999999999999,0.2884,-3.7918700000000003,-0.28135000000000004,0.21308,-0.07491000000000006,0.09272,0.17871,-4.939730000000001,0.21189999999999998,-0.24944999999999995,-4.740200000000001,0.5903099999999999,-6.423,-0.46399999999999986,0.263,0.7699999999999999,1.1,0.21000000000000002,-0.626,-0.5780000000000001,-0.584,-0.4370000000000001,-0.6439999999999999,0.15,-0.27199999999999996,-1.105,0.08,0.789,-0.586,-0.07399999999999998,-0.3,-0.2889999999999999,-1.7489999999999999,0.0849999999999999,-0.968,0.11299999999999999,10000
IETDFPPVFDRFY,0.00048711307692308385,0.13986256923076926,0.3831870461538462,0.10706139230769231,-0.2763109138461539,-0.08076923076923077,0.05846153846153841,-0.21923076923076923,0.10076923076923078,-0.4930769230769231,-0.20692307692307693,-0.16384615384615392,-0.06076923076923075,0.12230769230769231,-0.35538461538461547,-0.12769230769230772,-0.13461538461538464,-0.31,-0.1352307692307693,-0.19584615384615384,0.29600000000000004,0.0633076923076923,0.49546153846153845,-0.1560769230769231,0.2761538461538462,0.2469230769230769,-0.07230769230769228,-0.1715384615384615,-0.19769230769230767,-0.2630769230769231,-0.11076923076923076,0.00615384615384621,0.5846153846153846,-0.0061538461538461426,0.010769230769230762,0.3861538461538462,-0.3892307692307692,-0.026384615384615392,0.0034615384615384577,0.07146153846153845,-0.05430769230769231,0.06707692307692308,0.4853846153846154,-0.24076923076923074,1.0422000000000002,0.6652461538461538,1.0206153846153847,0.33000000000000007,0.45307692307692304,-0.14769230769230776,-0.6530769230769231,-0.5153846153846154,-0.8407692307692309,0.22384615384615386,0.31461538461538463,0.21376923076923077,-0.005615384615384615,0.05715384615384616,-0.011769230769230773,-0.5636923076923077,-0.21315384615384622,0.051230769230769226,-0.15930769230769232,-0.18338461538461542,0.056384615384615366,-0.11484615384615385,-0.1163846153846154,0.3017000000000002,0.42553846153846153,0.5231538461538462,0.25106923076923077,0.18502307692307698,0.6957307692307693,1.2755999999999998,0.6601230769230769,0.35010769230769223,0.626723076923077,-0.10317692307692307,-2.6815384615384614,-0.38461538461538464,0.037692307692307664,-0.39692307692307693,0.11076923076923076,0.18076923076923077,0.36230769230769233,0.2423076923076923,-0.2161538461538461,-0.3269230769230769,-0.05307692307692307,-0.3269230769230769,0.6307692307692309,-0.5461538461538462,-0.13461538461538464,-0.06769230769230769,-0.30846153846153845,-0.053846153846153835,-0.38461538461538464,-0.7430769230769229,0.5284615384615384,0.24384615384615385,-0.46615384615384603,0.12230769230769228,10000
AKVKELTTDEQRAEV,0.4209640119999999,-0.5939215973333333,0.04705989999999995,0.5446476066666666,-0.1676112253333333,0.48266666666666674,-0.36733333333333335,-0.38266666666666665,-0.246,0.06266666666666668,0.12599999999999997,-0.21066666666666667,-0.10533333333333336,0.384,0.06999999999999999,0.172,-0.374,-0.03466666666666667,-0.7561333333333333,0.5722,-0.20679999999999996,0.5172666666666667,0.06806666666666665,0.11100000000000002,-0.6546666666666667,-0.17733333333333332,-0.07400000000000002,0.6339999999999999,-0.26533333333333337,-0.3766666666666667,0.10399999999999995,-0.18333333333333332,-0.148,0.1193333333333333,-0.36466666666666664,0.24399999999999997,-0.23466666666666666,0.07393333333333334,-0.08453333333333335,-0.1726,-0.07899999999999997,-0.0028666666666666693,-0.31933333333333336,0.29933333333333334,-3.6651733333333336,-0.11393333333333319,0.3921666666666667,-1.799333333333333,0.43133333333333324,-1.5986666666666662,0.404,-0.4046666666666667,0.4973333333333333,0.08533333333333334,0.24533333333333338,0.23333333333333328,-0.021133333333333323,-0.1006,-0.09086666666666667,-0.8560666666666665,-0.3585333333333333,-0.3480666666666667,-0.05213333333333334,0.054866666666666654,-0.059600000000000035,0.18406666666666668,0.2434,-1.3715533333333332,-1.1566733333333332,-0.26418,0.2913933333333334,-0.012646666666666665,0.5501866666666667,-1.6017933333333327,-0.8254466666666667,-0.12369999999999995,-1.2974066666666666,-0.1316533333333334,-4.531333333333334,0.6933333333333334,0.14733333333333337,0.2833333333333333,0.6393333333333333,-0.4639999999999999,-0.011333333333333343,-0.07133333333333337,-0.29866666666666664,-0.24400000000000005,-0.13199999999999998,0.39066666666666666,0.029333333333333343,-0.8046666666666666,0.30199999999999994,0.3533333333333334,-0.6233333333333333,0.09733333333333334,-0.039333333333333345,1.0453333333333332,-0.6060000000000001,-0.9286666666666666,-0.9046666666666666,0.24733333333333335,10000
ESSQKFFF,0.08066184374999996,-0.14588984749999998,-0.6051696625000003,-0.06453293749999998,-0.6377108224999999,0.06624999999999992,0.3275,-0.30375,0.07125000000000001,-0.026250000000000037,0.23625000000000002,-0.16,-0.07625,0.48250000000000004,-0.5012500000000001,0.07375000000000001,-0.11749999999999994,-0.12125,-0.10812499999999997,0.19075,0.21625000000000005,0.147125,0.040124999999999994,0.009750000000000009,-0.15874999999999997,0.2537499999999999,-0.31625000000000003,0.065,0.19625000000000004,-0.4900000000000001,0.032500000000000084,0.07375000000000004,0.29125000000000006,-0.45375,0.08875,0.5575,-0.345,0.0030000000000000027,-0.04950000000000001,-0.025375,-0.034375,0.049499999999999995,0.4225000000000001,-0.006249999999999922,-0.4214749999999996,1.085375,-0.2614875000000001,-0.3624999999999998,0.9525,-0.29874999999999996,0.015000000000000013,-0.24500000000000002,-0.047500000000000014,-0.34125,0.5812499999999999,0.23112500000000002,-0.090875,0.093,0.07274999999999998,-0.56725,-0.058375,0.14125,-0.16175,-0.13087500000000002,0.08037500000000003,0.016625,0.34025,3.944425,0.055849999999999955,-1.2651125,0.5456375000000001,0.6000999999999999,0.66835,4.08875,-0.25427500000000025,-0.6641250000000001,5.973212500000001,-0.27670000000000006,-2.7537500000000006,0.21999999999999997,-0.17875000000000002,-0.5887500000000001,0.29875000000000007,-0.011249999999999982,0.16625000000000004,0.21499999999999997,0.002500000000000009,-0.040000000000000036,0.28750000000000003,-0.3662500000000001,-0.08,-0.55125,0.043750000000000004,-0.05875,-0.22749999999999998,0.5774999999999999,-0.39625,-0.09124999999999983,0.66625,0.17999999999999997,-0.50625,0.024999999999999994,10000
AGSRTFVEE,0.0749398888888889,-0.19499105111111112,0.4281384888888888,0.6338915,0.10634026111111115,0.35333333333333333,-0.16666666666666666,-0.031111111111111152,-0.027777777777777776,-0.0577777777777778,0.31,0.02333333333333333,-0.10222222222222226,0.4600000000000001,-0.011111111111111115,-0.022222222222222216,-0.40222222222222226,0.0033333333333333856,-0.5041111111111111,0.14411111111111108,-0.3549999999999999,0.5152222222222222,-0.035666666666666666,-0.010222222222222181,-0.29555555555555557,-0.3877777777777778,-2.4671622769447922e-17,0.3333333333333333,-0.5266666666666667,-0.16333333333333336,0.007777777777777806,0.16777777777777775,-0.24444444444444446,0.09333333333333335,-0.2666666666666667,0.2788888888888889,-0.3622222222222222,0.05588888888888888,0.030333333333333337,-0.12966666666666668,-0.04033333333333333,-0.003555555555555565,-0.6877777777777776,0.08555555555555555,-2.5777333333333328,-1.7692888888888885,-0.021188888888888875,-1.5066666666666668,-1.0,-0.7433333333333333,0.03222222222222218,-0.18777777777777777,0.5266666666666667,-0.022222222222222213,0.17000000000000004,0.22977777777777775,0.04533333333333332,-0.035111111111111114,0.04266666666666666,-0.9187777777777778,-0.3295555555555556,-0.2952222222222222,-0.005222222222222233,-0.06477777777777777,-0.6812222222222222,0.18855555555555556,0.5401111111111111,-0.3973666666666666,-0.6149111111111112,-0.9375333333333334,0.7896888888888889,0.34013333333333323,0.31562222222222225,-1.0454111111111113,-0.7719333333333334,-0.4338888888888889,0.39716666666666656,0.8901111111111111,-4.926666666666667,0.17111111111111116,0.20111111111111113,0.023333333333333355,0.9866666666666666,-0.29,-0.23000000000000004,-0.37444444444444447,-0.021111111111111094,-0.3544444444444445,-0.2022222222222222,0.2766666666666666,-0.07555555555555557,-0.8755555555555555,0.1077777777777778,0.35333333333333333,-0.7755555555555556,0.3288888888888889,-0.41111111111111115,0.9288888888888889,-0.8122222222222222,-0.3566666666666667,-0.9122222222222223,-0.013333333333333345,10000
KSAISHRGQALKLLLDA,-0.024225496470588234,-0.31891289294117653,-1.1788828529411766,0.600210294117647,-0.32225839117647054,0.13647058823529412,-0.35823529411764704,-0.2311764705882353,-0.03294117647058821,0.1688235294117647,0.23647058823529415,0.18823529411764706,0.05941176470588234,0.20764705882352943,0.015294117647058821,-0.17823529411764705,-0.3129411764705882,0.19999999999999998,-0.04123529411764707,0.3245882352941176,-0.16388235294117645,0.7767647058823529,0.023764705882352938,0.03735294117647061,-0.4264705882352941,-0.34352941176470586,-0.16882352941176468,0.12705882352941175,-0.15764705882352945,-0.7358823529411764,0.03764705882352941,-0.17823529411764708,0.036470588235294116,0.1547058823529412,-0.468235294117647,0.3735294117647059,-0.31411764705882356,0.02064705882352941,0.007411764705882353,-0.15358823529411766,-0.11141176470588235,0.03405882352941176,-0.6088235294117647,-0.11764705882352935,-0.9530470588235291,-1.365135294117647,0.812935294117647,-0.5105882352941178,-0.7723529411764707,-0.7611764705882351,0.8411764705882352,-0.28764705882352937,0.5323529411764706,-0.19470588235294115,0.11705882352941178,0.23388235294117646,0.052058823529411775,-0.04552941176470588,-0.10258823529411766,-0.9491764705882353,-0.22252941176470586,-0.25941176470588234,-0.04488235294117647,-0.1668235294117647,-0.277,0.21958823529411764,0.4562941176470588,-0.5814823529411766,-1.404558823529412,0.2064294117647059,-0.09824705882352944,0.5330941176470588,-0.11656470588235293,-1.4485882352941175,-0.15328235294117643,-0.8420411764705882,-0.4601,0.6787411764705883,-5.188235294117647,0.18647058823529405,-0.10823529411764703,0.5035294117647058,0.8088235294117647,-0.042941176470588205,-0.17941176470588238,-0.2529411764705883,-0.18176470588235294,0.16588235294117643,-0.27294117647058824,0.4288235294117647,-0.19294117647058823,-0.9099999999999999,0.24117647058823527,0.5605882352941177,-0.3676470588235294,0.2882352941176471,-0.26,0.1670588235294117,-0.7311764705882353,-0.6435294117647059,-0.15705882352941175,0.613529411764706,10000
GGKDSQEFIAI,0.00887131636363635,-0.015779034545454516,-0.12086943636363644,0.34494945454545456,-0.08227758999999994,0.30363636363636365,-0.1618181818181818,0.05090909090909091,0.04000000000000001,-0.21454545454545454,0.3554545454545454,-0.00454545454545456,0.2372727272727273,0.28818181818181815,-0.03181818181818181,-0.15636363636363637,-0.43909090909090903,-0.040909090909090895,-0.11972727272727274,-0.10927272727272724,-0.28636363636363626,0.5259090909090909,-0.23236363636363636,-0.3294545454545454,-0.10727272727272728,-0.45272727272727276,-0.12727272727272723,0.1490909090909091,-0.12636363636363637,-0.24181818181818188,0.0063636363636363795,0.5154545454545454,-0.10454545454545454,-0.44909090909090915,-0.2790909090909091,0.2227272727272727,-0.42363636363636364,0.047636363636363636,0.06863636363636363,-0.09499999999999999,-0.033727272727272724,0.046454545454545464,-0.870909090909091,0.008181818181818208,-1.6487454545454547,-2.2811090909090908,0.4723181818181819,-1.5272727272727276,-1.4990909090909093,-0.4809090909090909,-0.1954545454545455,-0.28909090909090907,0.6136363636363635,0.1990909090909091,0.1590909090909091,0.22009090909090911,0.02454545454545455,-0.04709090909090909,-0.07536363636363635,-0.9885454545454546,-0.28227272727272723,-0.23518181818181816,0.01236363636363636,-0.12027272727272727,-0.504,0.07027272727272726,0.5952727272727272,-1.2483636363636366,-0.5495454545454547,-0.460690909090909,0.48998181818181813,0.5179545454545454,0.47947272727272733,-2.1737454545454544,-0.297709090909091,-0.5729727272727273,-0.9242727272727276,0.3612454545454545,-5.368181818181818,0.039090909090909086,0.057272727272727274,0.2672727272727272,1.007272727272727,-0.11999999999999998,-0.25545454545454543,-0.5045454545454545,0.07090909090909091,-0.32909090909090916,-0.3372727272727273,0.40545454545454546,-0.2918181818181818,-0.9427272727272726,0.13636363636363635,0.48454545454545445,-0.519090909090909,0.5409090909090909,-0.4945454545454545,0.5327272727272727,-0.95,-0.18181818181818182,-0.8781818181818182,0.23454545454545456,10000
FIEERQFEGPLNV,0.12946792923076925,-0.2326060953846154,0.5994508307692308,0.2831668538461538,-0.030420253076923053,0.19538461538461538,-0.023846153846153843,-0.3515384615384616,-0.05153846153846153,-0.23076923076923078,0.09538461538461537,-0.06384615384615386,0.1523076923076923,0.10076923076923075,-0.07153846153846154,-0.07769230769230771,-0.21153846153846156,-0.27999999999999997,-0.29930769230769233,0.194,0.07338461538461541,0.3209230769230769,0.2698461538461538,-0.18007692307692308,-0.22076923076923077,0.06230769230769229,-0.15538461538461543,0.09615384615384612,-0.2707692307692309,-0.18384615384615383,0.29307692307692307,0.2569230769230769,0.26153846153846155,-0.3376923076923077,-0.07153846153846152,0.36846153846153845,-0.23846153846153847,0.005923076923076924,-0.024615384615384598,-0.05876923076923079,-0.038461538461538464,0.08338461538461539,0.1615384615384616,-0.04076923076923072,-0.38784615384615356,0.05209999999999999,0.577423076923077,-0.426153846153846,0.1276923076923076,-0.5638461538461539,-0.2938461538461538,-0.7007692307692306,0.26846153846153853,0.11692307692307691,-0.3869230769230769,0.23300000000000004,-0.026076923076923074,0.009307692307692305,-0.07307692307692307,-0.7054615384615384,-0.2251538461538462,-0.055692307692307694,-0.09992307692307692,-0.15507692307692308,0.10415384615384617,0.06907692307692306,0.24438461538461537,-0.4214769230769232,-0.4709538461538462,-0.058499999999999955,0.5057615384615385,-0.10844615384615384,0.5299076923076924,-0.0810461538461538,-0.09116153846153846,-0.04233846153846152,-0.31230769230769256,-0.38299230769230763,-3.516923076923077,0.32,-0.03538461538461538,-0.07230769230769231,0.37384615384615383,-0.039230769230769194,0.10000000000000002,0.04846153846153845,0.05384615384615381,-0.36076923076923084,-0.3161538461538462,0.26153846153846155,0.055384615384615365,-0.6584615384615387,0.15615384615384617,0.13769230769230767,-0.3876923076923076,0.22538461538461535,-0.22923076923076927,-0.08923076923076924,-0.013846153846153859,-0.35769230769230764,-0.8515384615384617,0.21615384615384617,10000
TRAMGRAIEDG,0.1452358336363636,-0.20948136454545443,0.7803101363636362,0.5692394545454544,0.808558568181818,0.4254545454545454,-0.30272727272727273,0.08181818181818183,-0.09727272727272726,0.029999999999999985,0.37454545454545446,0.1872727272727273,0.12181818181818183,0.2081818181818182,0.06818181818181818,-0.13636363636363633,-0.39545454545454545,0.15454545454545454,-0.24754545454545457,0.030545454545454532,-0.43336363636363634,0.4341818181818182,-0.1922727272727273,-0.03290909090909084,-0.22727272727272727,-0.4936363636363636,-0.024545454545454527,0.36272727272727273,-0.5390909090909092,0.1318181818181818,0.20636363636363642,0.3727272727272727,-0.29090909090909095,0.09818181818181823,-0.3963636363636363,0.15181818181818182,-0.29090909090909095,0.07218181818181818,0.037272727272727284,-0.12463636363636364,-0.01654545454545455,9.090909090908468e-05,-0.8709090909090907,0.05727272727272726,-2.9410818181818184,-1.9129636363636364,0.17996363636363633,-1.7454545454545454,-1.299090909090909,-0.39272727272727276,0.023636363636363577,0.10272727272727268,0.7018181818181819,-0.24818181818181814,0.2927272727272727,0.21727272727272728,0.05600000000000001,-0.07345454545454545,-0.04363636363636364,-0.9986363636363635,-0.18545454545454546,-0.3100909090909091,0.10099999999999998,-0.11127272727272725,-0.7724545454545454,0.3001818181818181,0.657,-2.2027545454545456,-0.6142818181818183,-0.7856454545454544,0.305790909090909,0.3070454545454545,0.07610909090909092,-3.528090909090909,-0.8143818181818182,-0.4310181818181818,-1.8625818181818183,1.257309090909091,-5.541818181818182,0.4318181818181819,-0.07090909090909091,0.4699999999999999,1.1209090909090909,-0.3118181818181818,-0.22636363636363638,-0.5099999999999999,0.24999999999999992,-0.2081818181818182,-0.14727272727272725,0.5881818181818181,-0.1654545454545455,-0.960909090909091,0.3645454545454545,0.5800000000000001,-0.6263636363636363,0.4072727272727273,-0.34545454545454546,1.1563636363636363,-0.9727272727272727,-0.510909090909091,-0.34545454545454546,0.08,10000
VLSQRQRDE,0.5289181511111111,-0.1650113033333333,-1.3325613222222223,0.3230414888888889,-0.7568494477777777,0.6144444444444446,-0.14666666666666664,-0.5444444444444445,-0.25777777777777783,0.21333333333333335,0.13444444444444445,-0.2288888888888889,0.11333333333333329,0.15222222222222223,0.08666666666666664,0.4011111111111111,-0.22111111111111112,-0.06444444444444446,-0.8324444444444445,0.36533333333333334,-0.038666666666666655,0.2204444444444444,0.03588888888888889,0.44777777777777783,-0.26,0.13333333333333333,0.1833333333333334,0.76,-0.41,-0.07111111111111107,0.00444444444444447,-0.3555555555555555,-0.018888888888888893,-0.09666666666666666,-0.2255555555555556,0.36333333333333334,-0.1488888888888889,0.09133333333333332,-0.11499999999999999,-0.07133333333333333,-0.06688888888888889,-0.08688888888888889,0.2544444444444445,0.5577777777777778,-4.470833333333333,1.706011111111111,-0.32682222222222224,-2.106666666666667,1.7022222222222223,-1.171111111111111,0.16222222222222216,0.3144444444444444,0.27,0.1488888888888889,0.14555555555555552,0.22211111111111112,-0.1554444444444444,-0.11133333333333334,-0.09022222222222222,-0.6977777777777777,-0.012111111111111121,-0.3085555555555556,-0.09122222222222222,0.16088888888888891,0.16444444444444445,0.30033333333333334,0.2951111111111111,1.3392333333333333,-2.2487222222222223,-0.8282444444444444,0.5781222222222221,-0.6045111111111111,-0.027799999999999974,1.641811111111111,-1.8263111111111112,-0.37573333333333336,2.511366666666667,0.3413555555555555,-3.434444444444445,1.3866666666666667,0.0677777777777778,-0.017777777777777806,0.4555555555555555,-0.6377777777777777,0.27777777777777773,0.18333333333333332,0.009999999999999997,-0.16000000000000003,0.2688888888888889,0.26,0.0977777777777778,-0.6233333333333334,0.4011111111111111,0.15666666666666665,-0.5811111111111111,0.4511111111111111,0.23555555555555557,1.461111111111111,0.2422222222222221,-1.1044444444444443,-0.7955555555555556,0.32999999999999996,10000
RQVYMYLENEISLAE,0.12727411400000005,-0.42198822866666663,0.38173513999999986,0.25562478666666666,-0.09075937199999995,0.021333333333333412,-0.07733333333333332,-0.5413333333333333,-0.0006666666666666673,0.024,0.13133333333333336,-0.10200000000000002,0.018000000000000002,0.21733333333333335,0.11666666666666665,0.04866666666666664,-0.19933333333333333,-0.18266666666666667,-0.22113333333333332,0.46166666666666667,0.19333333333333336,0.3416666666666667,-0.018466666666666687,-0.03686666666666665,-0.4266666666666667,0.102,0.013999999999999997,0.148,-0.3086666666666667,-0.22066666666666668,-0.04266666666666666,0.08400000000000002,-0.052,-0.14266666666666664,-0.18266666666666667,0.4326666666666668,-0.2326666666666667,-0.01580000000000001,-0.0658,-0.09006666666666667,-0.03673333333333333,0.0176,0.3086666666666666,-0.052666666666666626,-0.18739999999999998,0.5116866666666667,-0.21508666666666662,0.1960000000000001,0.632,-1.158,-0.011999999999999981,-0.37933333333333336,0.3393333333333333,0.20000000000000007,-0.30066666666666675,0.24206666666666674,-0.06293333333333333,-0.014399999999999996,-0.025600000000000005,-0.6692,-0.1596666666666667,-0.0854,-0.11386666666666669,0.022866666666666667,0.13600000000000007,-0.020333333333333346,0.1274,0.5094133333333334,-1.0572133333333336,0.048279999999999955,0.1367733333333333,-0.6538533333333334,0.3834866666666667,0.7749933333333333,-0.7692866666666667,-0.19760666666666665,0.7295599999999999,-0.17907333333333336,-3.455333333333334,0.5886666666666667,0.004666666666666678,0.12200000000000001,0.3433333333333333,-0.03333333333333328,0.17,0.1699999999999999,-0.13200000000000003,-0.22933333333333336,-0.23733333333333337,0.08400000000000002,-0.25400000000000006,-0.6373333333333335,0.27599999999999997,0.25000000000000006,-0.294,0.18666666666666668,0.12199999999999997,-0.1793333333333334,-0.020000000000000077,-0.4920000000000001,-0.8173333333333335,0.088,10000
LLTYEATQDLPLET,0.02723444714285716,-0.29602037285714283,-0.1678278785714286,0.6003117071428571,-0.46443040428571425,0.025000000000000043,-0.3371428571428572,-0.32428571428571434,-0.12714285714285714,-0.14214285714285713,-0.002857142857142852,-0.19928571428571426,-0.32,0.15071428571428575,0.06214285714285713,-0.01428571428571429,-0.3435714285714286,-0.22642857142857142,-0.0030714285714285644,0.27142857142857135,-0.013428571428571465,0.6582142857142858,0.43707142857142856,-0.30107142857142855,-0.30642857142857144,-0.15857142857142856,-0.2414285714285715,0.011428571428571383,-0.35642857142857143,-0.5671428571428571,0.26785714285714285,-0.5228571428571428,0.07499999999999998,0.1564285714285714,-0.2857142857142857,0.44571428571428573,-0.43071428571428566,0.004999999999999998,0.00535714285714285,-0.10157142857142856,-0.0905714285714286,0.08042857142857142,-0.22357142857142856,-0.12357142857142855,-0.5398,-1.1810499999999997,0.8264571428571428,-0.3214285714285713,-0.4335714285714286,-1.1585714285714288,-0.11214285714285713,-0.7278571428571429,-0.11357142857142857,0.09857142857142857,0.20285714285714285,0.23128571428571432,0.014142857142857148,-0.07614285714285714,-0.014500000000000004,-0.8290714285714286,-0.39535714285714285,-0.27921428571428575,-0.12878571428571425,0.03600000000000002,-0.006785714285714316,-0.13392857142857145,-0.07935714285714283,-1.891242857142857,-0.8942428571428571,0.9898642857142856,0.07847857142857143,-0.3028571428571429,0.5110142857142858,-1.3427642857142854,-0.12590714285714286,0.22315,-2.6640928571428577,-0.29707857142857147,-4.377142857142857,-0.019285714285714246,0.3021428571428571,0.2707142857142857,0.4849999999999999,0.06642857142857143,0.04714285714285714,-0.06571428571428574,-0.4035714285714286,-0.4049999999999999,-0.43714285714285717,-0.08499999999999999,0.10285714285714286,-0.7857142857142857,0.06642857142857142,0.3057142857142857,-0.547142857142857,-0.1857142857142857,-0.10571428571428572,-0.4914285714285716,-0.6714285714285715,-0.44142857142857156,-1.1814285714285717,0.35,10000
PDSASNPDSDYR,0.4162912024999999,0.79721823,-1.9448151750000002,0.25656093333333335,-1.2712026383333335,0.8658333333333333,-0.12083333333333336,0.1683333333333333,0.15333333333333335,-0.2775,-0.13750000000000004,-0.1333333333333334,-0.18333333333333332,0.10166666666666668,-0.20083333333333334,0.29833333333333334,-0.5175,-0.025833333333333357,-0.6579166666666667,-0.71225,-0.4404166666666666,0.09566666666666666,0.4715833333333333,-0.4911666666666667,0.7891666666666667,-0.29583333333333334,-0.4566666666666667,0.33666666666666667,-0.34,-0.19750000000000004,-0.7758333333333334,-0.40416666666666656,0.19500000000000003,0.008333333333333331,-0.23083333333333333,0.135,-0.6266666666666666,0.17875,0.07241666666666667,0.07508333333333332,-0.0195,0.026583333333333348,-0.8966666666666666,0.36999999999999994,-5.498724999999999,-1.2451416666666668,0.4685833333333336,-3.8174999999999994,-0.28250000000000003,-0.2133333333333333,-0.5041666666666665,0.03499999999999994,-1.0991666666666664,0.12750000000000003,0.3183333333333333,0.2035833333333333,-0.043666666666666666,-0.09433333333333334,0.10483333333333333,-0.9199166666666666,-0.12141666666666669,-0.4515833333333334,-0.13,0.2866666666666667,-0.6829166666666664,0.008749999999999999,0.07483333333333335,0.24663333333333334,-1.3309833333333334,0.08110833333333334,0.49680833333333335,-0.3147583333333333,-0.23559166666666664,1.185966666666667,-1.1093750000000002,0.2573666666666666,1.5617,1.4015000000000002,-4.825833333333334,-0.36083333333333334,0.4874999999999999,-0.30583333333333335,0.8408333333333333,-0.5599999999999999,0.08583333333333333,-0.3958333333333333,0.05083333333333332,-0.6225000000000002,0.31,-0.065,0.68,-0.8508333333333336,-0.2783333333333333,0.21083333333333334,-0.7425000000000002,0.4441666666666666,-0.3475,1.6716666666666669,0.36333333333333345,0.9575,-0.7841666666666668,0.7941666666666666,10000
LEVSQDTVLHTFVVKSE,-0.12040266470588236,-0.2346927817647059,-0.7784873411764707,0.4689667588235294,-0.8428306429411765,0.032941176470588265,-0.3358823529411764,-0.40470588235294125,0.05235294117647059,-0.13705882352941176,0.14882352941176472,-0.20882352941176469,-0.20823529411764707,0.22647058823529412,0.12352941176470586,-0.005882352941176489,-0.37529411764705883,-0.10176470588235295,-0.5451764705882354,0.3459411764705882,-0.0946470588235294,0.4972941176470588,0.050176470588235295,0.1315294117647059,-0.3911764705882353,-0.21647058823529414,0.28352941176470586,0.18235294117647058,0.07117647058823529,-0.45058823529411757,-0.37,-0.22764705882352937,-0.09470588235294117,0.2529411764705882,-0.36823529411764705,0.49058823529411766,-0.4870588235294117,-0.015588235294117661,0.000588235294117641,-0.11429411764705882,-0.07088235294117648,-0.05376470588235295,-0.2899999999999999,-0.04529411764705884,-0.2950941176470586,-1.1316882352941178,-0.04511764705882347,-0.016470588235294133,-0.3917647058823529,-1.387058823529412,0.2970588235294117,-0.14823529411764705,-0.016470588235294105,0.31470588235294117,0.008823529411764753,0.23676470588235296,0.006000000000000002,-0.07152941176470587,-0.01729411764705883,-0.8568823529411764,-0.39905882352941174,-0.3034117647058824,-0.09041176470588234,0.043058823529411754,0.011235294117647062,0.06782352941176471,-0.028176470588235285,-0.1890235294117647,-0.9671588235294116,0.10372941176470582,0.11167647058823527,0.03623529411764707,0.26071176470588237,-0.09184117647058815,-0.31833529411764705,-0.1711058823529412,-0.2893411764705882,-0.21255882352941183,-4.463529411764705,0.027058823529411764,0.24117647058823533,0.17411764705882352,0.49411764705882355,-0.047647058823529376,-0.2135294117647059,-0.07058823529411766,-0.6164705882352941,-0.2323529411764706,-0.24705882352941172,-0.04588235294117648,0.024117647058823535,-0.8029411764705883,0.024117647058823535,0.35882352941176476,-0.44588235294117645,0.019411764705882358,-0.0611764705882353,-0.0088235294117647,-0.7605882352941177,-0.5870588235294117,-0.8523529411764705,0.16647058823529412,10000
AELTIEGMDDKE,0.33959715166666665,-0.5579899875,0.2756808499999999,0.3101011166666667,-0.2499464058333333,0.49750000000000005,-0.28250000000000003,-0.19500000000000003,-0.09916666666666667,-0.21833333333333335,0.21916666666666662,-0.37083333333333335,0.14083333333333334,0.20750000000000002,0.05583333333333331,0.11000000000000003,-0.4741666666666667,-0.27499999999999997,-0.37083333333333335,0.4175,-0.2876666666666667,0.4420000000000001,-0.00025000000000000483,-0.6186666666666667,-0.545,-0.27999999999999997,-0.5900000000000001,0.36916666666666664,-0.3541666666666667,-0.10833333333333332,-0.0016666666666666711,0.24916666666666662,-0.18166666666666662,0.1025,-0.295,0.019166666666666665,-0.3691666666666667,0.07891666666666666,-0.041833333333333333,-0.1699166666666667,0.024583333333333336,0.11525,-0.5516666666666666,0.22083333333333335,-3.0709166666666667,-1.2098750000000003,-0.1459583333333333,-1.9883333333333333,-0.4016666666666668,-1.6683333333333332,-0.8083333333333335,-0.6866666666666666,0.47833333333333333,-0.19333333333333336,0.033333333333333326,0.23075,-0.04641666666666666,-0.09674999999999999,-0.06925,-0.9138333333333333,-0.3050833333333333,-0.315,-0.050916666666666666,0.15408333333333335,-0.03216666666666671,0.06183333333333333,0.23825,-2.2335666666666665,-0.7174833333333334,-0.10338333333333334,0.11535833333333333,-0.5224166666666666,0.8104250000000001,-2.3389083333333334,-1.0084583333333335,0.17382499999999998,-2.478658333333333,-0.4743166666666667,-4.948333333333333,0.5683333333333334,0.105,0.3716666666666666,0.7216666666666666,-0.3133333333333333,-0.04250000000000003,-0.2716666666666666,-0.036666666666666674,-0.835,-0.18333333333333332,0.42166666666666663,-0.12916666666666665,-0.8625000000000002,0.3016666666666666,0.4508333333333334,-0.45166666666666666,0.34583333333333327,-0.06500000000000003,0.9666666666666665,-0.69,-0.15416666666666673,-1.2158333333333333,0.1416666666666667,10000
NGFQESPP,0.24908006875,0.72729656,-0.628038475,0.2001838,-0.5890025825,0.73875,0.015000000000000013,0.12625,-0.0975,-0.38,-0.16875,0.1775,-0.0675,0.021250000000000033,-0.11875,-0.05000000000000003,-0.44375,-0.12625,-0.438125,-0.752375,-0.41999999999999993,0.11124999999999999,0.808875,-0.6185,0.675,-0.29500000000000004,-0.54875,0.051250000000000004,0.23,-0.11125,0.18625000000000003,-0.1737499999999999,0.16000000000000003,-0.61875,-0.06624999999999998,0.43125,-0.5362500000000001,0.132375,0.115375,0.077375,-0.0215,0.12775,-0.8549999999999999,0.10000000000000003,-3.3335624999999998,-1.9901125,1.676625,-3.135,-1.1400000000000001,0.8775,-0.155,-0.7825000000000001,-0.56125,-0.08374999999999999,-0.20249999999999999,0.20700000000000002,0.028124999999999997,-0.033625,0.0515,-0.9353750000000001,-0.16725,-0.172375,-0.06412499999999999,-0.09649999999999997,-0.6134999999999999,0.027999999999999994,0.23762499999999998,-0.988375,-0.16438750000000002,-0.4438875,0.8659625,0.148425,0.04735000000000003,-0.4801749999999998,0.15438749999999996,0.33528750000000007,-0.4951874999999999,0.26765,-4.803750000000001,-0.71,0.1025,-0.325,0.6875,-0.255,-0.2,-0.47875,0.37749999999999995,-0.405,-0.27625,0.13749999999999996,0.5625,-0.86,-0.24500000000000002,0.1775,-0.515,0.37124999999999997,-0.675,0.6012500000000001,-0.03374999999999995,0.7175,-0.7249999999999999,0.7112499999999999,10000
AAALNPRGERYSD,0.2670356746153846,0.04899533846153837,-0.27232511538461546,0.6031216615384616,0.06439532999999997,0.5246153846153846,-0.15384615384615388,0.04153846153846156,0.003076923076923075,0.034615384615384596,0.09999999999999999,0.23538461538461536,0.01153846153846155,0.27230769230769236,-0.04846153846153846,-0.029999999999999957,-0.36846153846153845,0.11461538461538463,-0.39007692307692304,-0.12384615384615384,-0.3239230769230768,0.48107692307692307,0.16761538461538464,-0.16830769230769224,0.05384615384615378,-0.34307692307692295,-0.31846153846153846,0.27461538461538465,-0.6169230769230769,-0.32461538461538464,0.0038461538461538494,0.01846153846153846,0.08538461538461539,0.05230769230769235,-0.2653846153846154,0.18384615384615383,-0.32230769230769235,0.10207692307692308,0.03292307692307693,-0.06884615384615383,-0.05907692307692307,0.04830769230769231,-0.7461538461538461,0.07692307692307693,-3.492523076923076,-1.2983000000000002,0.6856923076923078,-2.1276923076923073,-0.6915384615384619,-0.21230769230769223,0.1830769230769232,-0.19692307692307692,0.22,-0.11461538461538459,0.09769230769230769,0.21953846153846152,0.041,-0.04069230769230769,-0.006538461538461548,-0.9193846153846152,-0.15061538461538462,-0.2883846153846154,-0.028769230769230776,-0.07523076923076924,-0.7982307692307692,0.16738461538461535,0.5721538461538461,-1.1419769230769228,-0.9634307692307693,-0.0824615384615385,0.6247846153846154,0.14259999999999998,-0.16019999999999998,-1.4859615384615383,-0.5854615384615385,-0.3103615384615385,-0.4971153846153845,1.4843692307692307,-4.9715384615384615,0.0407692307692309,0.17230769230769233,0.08769230769230774,1.0215384615384615,-0.3453846153846154,-0.01923076923076925,-0.3784615384615385,0.20538461538461533,-0.18000000000000002,-0.09000000000000007,0.4346153846153846,0.0915384615384615,-0.877692307692308,0.08461538461538466,0.37000000000000005,-0.7784615384615384,0.31307692307692303,-0.4184615384615385,1.066153846153846,-0.22076923076923075,-0.0038461538461538837,-0.4061538461538461,0.5638461538461539,10000
KVLYSKYAGT,0.05923186699999998,0.13465023199999998,0.3263395199999999,0.4471011399999999,0.47284535000000005,-0.05799999999999998,-0.062,-0.14100000000000004,0.00899999999999999,0.074,0.20400000000000001,0.26,-0.20099999999999998,0.373,-0.11099999999999999,-0.11099999999999999,-0.258,0.296,-0.27730000000000005,-0.1594,0.04539999999999998,0.6176999999999999,-0.2601,0.25520000000000004,0.12699999999999995,-0.15200000000000002,0.31100000000000005,0.13999999999999996,0.189,-0.8569999999999999,0.10399999999999998,0.11800000000000002,-0.4050000000000001,0.378,-0.324,0.43699999999999994,-0.31200000000000006,0.0156,0.044300000000000006,-0.021899999999999996,-0.1533,-0.0512,-0.32799999999999996,-0.093,-0.66676,-0.59826,1.19221,-0.5270000000000001,-0.5030000000000001,0.29800000000000004,0.7949999999999999,-0.287,0.47800000000000004,0.5880000000000001,0.46099999999999997,0.2226,0.08059999999999999,0.015300000000000005,-0.0039000000000000033,-0.8150999999999999,-0.16920000000000002,-0.01319999999999999,-0.011600000000000017,-0.23499999999999996,-0.5690000000000002,-0.09290000000000001,0.42960000000000004,0.31858,-0.37054,-0.20514000000000002,0.20278999999999997,0.83542,0.38178,-0.7140299999999998,0.17319,-0.8037699999999999,0.7792199999999999,0.76624,-4.44,-0.10299999999999998,-0.11499999999999996,0.196,0.742,-0.005999999999999961,-0.025999999999999978,-0.16700000000000007,0.023999999999999976,0.3889999999999999,-0.27599999999999997,0.21199999999999997,-0.275,-0.8059999999999998,0.195,0.345,-0.40499999999999997,0.11800000000000002,-0.476,-0.19400000000000003,-0.6910000000000001,-0.616,-0.23199999999999998,-0.031,10000
FGGTGEQLKGV,-0.07360357272727275,0.26224585818181817,0.5801105999999999,0.5938411181818182,0.6149186527272728,0.2854545454545454,-0.05818181818181818,0.26727272727272733,-0.09727272727272727,-0.20545454545454547,0.5336363636363636,0.309090909090909,0.2254545454545455,0.15999999999999998,0.039999999999999994,-0.3227272727272727,-0.4818181818181818,0.0909090909090909,-0.3048181818181818,-0.4562727272727273,-0.4805454545454545,0.7501818181818183,-0.3462727272727273,-0.2605454545454544,0.16818181818181818,-0.6381818181818182,-0.0036363636363636394,0.09363636363636366,0.16363636363636366,-0.41181818181818186,0.7372727272727274,0.7527272727272727,-0.5781818181818182,0.12000000000000002,-0.25181818181818183,0.2527272727272727,-0.4281818181818183,0.062090909090909085,0.15663636363636366,-0.08000000000000002,-0.060454545454545455,0.039,-1.2563636363636366,-0.019999999999999976,-1.7058272727272727,-3.474772727272727,0.9842272727272728,-1.934545454545455,-2.72,0.8354545454545452,-0.20272727272727273,-0.4345454545454545,1.2718181818181817,0.2318181818181818,0.1427272727272727,0.2089090909090909,0.11281818181818183,-0.044454545454545455,-0.06381818181818183,-1.11,-0.1968181818181818,-0.10272727272727272,0.15609090909090909,-0.34827272727272723,-0.965818181818182,0.07118181818181818,0.9579090909090909,-2.776518181818182,0.21237272727272727,-1.0461090909090909,1.0060363636363636,0.9476363636363636,0.4142909090909091,-4.61059090909091,0.13849090909090908,-0.7010363636363636,-2.981736363636364,0.5917545454545455,-6.071818181818182,-0.10727272727272724,-0.10090909090909088,0.3663636363636364,1.3236363636363635,-0.0736363636363636,-0.5136363636363637,-0.8127272727272726,0.5918181818181817,-0.1745454545454546,-0.5727272727272726,0.7363636363636363,-0.5527272727272727,-1.0554545454545454,0.2636363636363636,0.5390909090909091,-0.6936363636363637,0.45454545454545464,-0.8536363636363636,0.45545454545454545,-1.7063636363636363,-0.5172727272727272,-0.7872727272727272,-0.09090909090909091,10000
IPEAEYDMDDVIARL,0.07806337599999999,-0.37523025800000004,-0.1383797266666667,0.32680200666666664,-0.5335400220000001,0.13999999999999999,-0.336,-0.292,0.009333333333333336,-0.31066666666666654,-0.041333333333333326,-0.25933333333333336,0.1713333333333334,0.17933333333333332,0.04799999999999998,-0.08933333333333332,-0.33933333333333326,-0.29733333333333334,-0.24553333333333333,0.3106,-0.010666666666666639,0.34833333333333333,0.20526666666666665,-0.3798000000000001,-0.3506666666666666,-0.13666666666666666,-0.2613333333333333,0.068,-0.4793333333333333,-0.15066666666666664,-0.36533333333333334,0.05200000000000003,0.19733333333333336,0.02466666666666666,-0.306,0.16333333333333336,-0.36800000000000005,0.005599999999999997,-0.029333333333333333,-0.09773333333333335,-0.013133333333333337,0.07566666666666667,-0.16799999999999995,-0.13666666666666666,-0.5511666666666664,-0.7090200000000001,0.27662000000000003,-0.3086666666666665,-0.15200000000000008,-1.5633333333333332,-0.5813333333333331,-0.4946666666666666,-0.15,0.06533333333333333,0.015333333333333317,0.22766666666666666,-0.021666666666666664,-0.06446666666666667,-0.09406666666666667,-0.807,-0.29500000000000004,-0.2442666666666667,-0.07473333333333333,0.018466666666666697,0.001666666666666646,0.005333333333333329,0.02180000000000002,-1.563233333333333,-0.7833,0.58776,-0.08907999999999999,-0.5300066666666667,0.5176400000000001,-1.2273666666666665,-0.3743666666666666,0.20303999999999991,-1.8189,0.019699999999999974,-4.257333333333333,0.15133333333333338,0.13200000000000003,0.2859999999999999,0.4746666666666666,-0.03199999999999999,0.12066666666666666,-0.03999999999999999,-0.36066666666666664,-0.5986666666666665,-0.24933333333333335,0.09600000000000003,0.2026666666666667,-0.7653333333333332,0.13333333333333333,0.366,-0.3653333333333333,0.054000000000000006,-0.03133333333333335,0.030666666666666606,-0.2493333333333333,-0.029333333333333402,-0.8213333333333335,0.33799999999999997,10000
IHDLSQYQ,0.12765567375000003,0.027803908750000023,-1.546811425,-0.1558682375,-1.0321298587499999,0.16000000000000006,0.18250000000000005,-0.5025,0.23500000000000001,-0.016249999999999987,-0.03249999999999999,-0.20124999999999998,0.01874999999999999,0.13624999999999998,0.23249999999999998,0.26375000000000004,-0.2525,-0.18000000000000002,-0.09625,0.09225000000000001,0.18624999999999997,0.031124999999999986,-0.09975,-0.0345,-0.04375000000000001,0.12749999999999997,0.09875,0.16,0.19875,-0.09875,-0.47,-0.10624999999999998,0.24,-0.3600000000000001,0.008749999999999994,0.56125,-0.48875,0.00775,-0.0415,0.0030000000000000027,-0.0072499999999999995,-0.034625,0.25625,0.255,-0.9093875,0.6917749999999998,-0.5199625,-0.4287500000000001,0.8525,-0.74,-0.15875000000000003,0.29125,-0.18375000000000002,0.26375,-0.13125000000000003,0.216625,-0.138125,-0.0295,-0.03425000000000002,-0.63775,-0.04600000000000001,-0.152,-0.27049999999999996,0.23775000000000002,0.19387499999999996,0.0007499999999999868,0.03612499999999999,1.0720125,-0.9529125,0.49212500000000003,0.5624250000000001,-0.6322125000000001,0.002787500000000026,2.006975,-0.6778500000000001,0.06356249999999998,1.1704500000000002,-0.6028,-3.2062500000000003,0.21999999999999997,0.25875,-0.24750000000000005,0.3175,-0.11624999999999996,0.16625,0.13499999999999995,-0.22249999999999998,-0.15749999999999997,0.12124999999999997,-0.14,-0.09624999999999999,-0.605,-0.07625,0.17250000000000001,-0.31,0.505,0.13875,0.20375000000000004,0.2775,-0.28875,-0.51875,0.3075,10000
LTVYDMCKAIDRTM,-0.08497389142857144,-0.301813165,0.36960327857142855,0.14748560714285716,0.2046408271428571,-0.1735714285714285,-0.42714285714285705,-0.23999999999999996,0.019285714285714278,0.10142857142857144,0.09,-0.1928571428571428,-0.12000000000000001,0.027142857142857142,-0.022142857142857155,-0.10571428571428569,-0.25214285714285717,0.022142857142857127,-0.04135714285714288,0.2890714285714286,-0.01192857142857143,0.07164285714285715,-0.13935714285714287,0.17857142857142855,-0.27214285714285713,-0.09571428571428571,0.24499999999999997,0.05999999999999999,-0.030714285714285725,0.051428571428571414,0.007142857142857125,-0.10999999999999999,-0.032142857142857154,0.3428571428571429,-0.4385714285714285,0.39357142857142857,-0.34142857142857147,-0.03435714285714286,-0.02328571428571428,-0.058928571428571434,0.0007142857142857109,-0.06835714285714288,-0.05071428571428567,-0.16642857142857143,0.5594142857142858,-0.1592857142857143,-0.6089714285714286,0.732857142857143,-0.037857142857142936,-0.877142857142857,0.03714285714285715,0.33,-0.17928571428571427,-0.013571428571428536,0.4714285714285714,0.2267142857142857,-0.008285714285714283,-0.0725,-0.006642857142857146,-0.7963571428571428,-0.20692857142857143,-0.12949999999999998,0.06500000000000002,-0.012499999999999973,0.05207142857142857,0.0662857142857143,-0.1722142857142857,-1.0619714285714281,-0.18412142857142855,-0.08309285714285715,-0.8493928571428572,-0.20370714285714284,0.27652142857142864,-1.526885714285714,-0.3877357142857143,0.03148571428571426,-1.1754142857142857,0.05144999999999996,-4.331428571428572,0.32500000000000007,-0.17999999999999997,0.5171428571428571,0.3807142857142857,0.05214285714285716,-0.054285714285714284,0.05214285714285712,-0.3557142857142857,-0.03857142857142859,0.07857142857142858,-0.2028571428571429,-0.033571428571428565,-0.7728571428571429,0.34928571428571425,0.4835714285714286,-0.08785714285714286,-0.016428571428571424,0.13071428571428573,-0.1892857142857143,-0.4835714285714286,-0.24214285714285724,-0.20071428571428565,-0.20428571428571432,10000
AQNKVRTGT,0.3188164022222222,0.08401871666666666,0.5343926222222221,0.5738844444444444,0.7675851833333334,0.5477777777777778,-0.30777777777777776,-0.06555555555555556,-0.11555555555555556,0.20555555555555557,0.3722222222222222,0.18666666666666665,-0.34888888888888886,0.11777777777777779,0.05111111111111111,0.10666666666666667,-0.40111111111111114,0.33666666666666667,-0.6554444444444445,-0.15122222222222223,-0.39188888888888884,0.3863333333333333,-0.20522222222222222,0.459,0.025555555555555505,-0.3866666666666667,0.4833333333333334,0.6566666666666667,0.06555555555555558,-0.16444444444444445,0.3722222222222222,0.009999999999999985,-0.24555555555555555,-0.1688888888888889,-0.3877777777777778,0.44,-0.3433333333333334,0.10066666666666668,0.031111111111111114,-0.06288888888888888,-0.10122222222222224,-0.12422222222222223,-0.7733333333333332,0.2988888888888889,-4.274455555555555,-1.0502555555555555,0.5302000000000001,-2.3744444444444444,-0.5344444444444445,-0.04666666666666673,1.0244444444444443,0.45000000000000007,0.41333333333333333,0.37,0.40777777777777774,0.21722222222222223,0.036000000000000004,-0.112,-0.01677777777777778,-0.9737777777777777,-0.2678888888888889,-0.3908888888888889,0.05633333333333332,0.0023333333333333353,-0.5913333333333335,0.2164444444444444,0.4052222222222222,-2.0740444444444446,-0.8603222222222223,-0.43490000000000006,0.38270000000000004,0.6857888888888889,-0.10145555555555556,-2.9559999999999995,-0.61,-0.32592222222222217,-1.8883444444444446,0.7973222222222222,-5.278888888888889,0.39888888888888885,0.1777777777777778,0.3244444444444444,0.9866666666666666,-0.5066666666666667,-0.2566666666666667,-0.3888888888888889,0.027777777777777752,0.2577777777777778,-0.011111111111111094,0.44555555555555554,-0.1466666666666667,-0.9233333333333332,0.24444444444444446,0.4388888888888889,-0.8088888888888889,0.18666666666666668,-0.2811111111111111,1.3122222222222222,-0.8744444444444446,-1.0233333333333334,-0.41555555555555546,0.2788888888888889,10000
VEVLERELAWLKEH,0.15840208714285714,-0.8324564335714287,0.043256264285714226,0.3475313857142857,-0.31930834071428565,0.0571428571428572,-0.0757142857142857,-0.5242857142857142,-0.23928571428571432,0.041428571428571426,0.06857142857142857,-0.14571428571428569,0.12214285714285711,0.21714285714285717,0.2007142857142857,0.016428571428571435,-0.14785714285714285,-0.19714285714285712,-0.4496428571428571,0.8702142857142857,0.18285714285714288,0.5172142857142857,0.13421428571428567,-0.0346428571428571,-0.8707142857142856,0.16999999999999998,-0.2792857142857143,0.185,-0.46642857142857147,-0.46642857142857136,0.031428571428571424,-0.07999999999999999,-0.1557142857142857,0.4064285714285715,-0.2057142857142857,0.3128571428571429,-0.14785714285714283,-0.022571428571428576,-0.12307142857142858,-0.1722142857142857,-0.06035714285714287,0.09271428571428572,0.4600000000000001,0.0614285714285714,0.09718571428571474,0.9422714285714285,0.4269785714285714,0.47000000000000003,0.8828571428571431,-1.4514285714285715,0.048571428571428585,-0.957857142857143,0.8271428571428573,-0.085,-0.5407142857142858,0.2470714285714286,-0.01064285714285714,0.01635714285714285,-0.12928571428571428,-0.6247857142857143,-0.27842857142857136,-0.1471428571428572,-0.22564285714285712,-0.05928571428571432,0.28099999999999997,0.3039285714285714,0.23435714285714287,0.19058571428571433,-1.0174642857142857,0.43830714285714273,0.17593571428571428,-0.35439285714285723,0.3569785714285714,0.44707142857142873,-0.22207142857142856,-0.2172,-0.3515714285714286,-0.6645285714285715,-3.1249999999999996,0.4900000000000001,-0.08214285714285711,0.10857142857142857,0.2842857142857143,-0.038571428571428513,0.20142857142857143,0.27785714285714286,-0.19214285714285717,-0.21928571428571436,-0.37214285714285716,0.47214285714285714,-0.11142857142857143,-0.6007142857142858,0.22999999999999998,0.27499999999999997,-0.23571428571428574,0.16785714285714287,0.06357142857142854,-0.10142857142857149,-0.08428571428571428,-0.8950000000000001,-0.3814285714285714,0.10142857142857144,10000
KDELPKVMAG,0.22650095499999998,-0.26307846900000004,-0.19732513000000004,0.38388716999999994,-0.12193488100000001,0.362,-0.395,-0.17900000000000005,-0.29900000000000004,-0.15100000000000002,0.03599999999999999,0.069,0.2,0.118,-0.04599999999999997,-0.22299999999999995,-0.376,0.027999999999999997,-0.5072,0.16710000000000008,-0.25949999999999995,0.5208999999999999,0.29359999999999997,-0.2973,-0.277,-0.288,-0.462,0.19699999999999995,0.285,-0.5370000000000001,0.23899999999999996,0.007999999999999962,-0.254,0.33299999999999996,-0.4579999999999999,0.193,-0.28300000000000003,0.0629,-0.0020000000000000018,-0.1116,-0.06530000000000001,0.10600000000000001,-0.632,-0.07800000000000003,-1.8145599999999997,-1.2081799999999998,1.5153400000000001,-1.5400000000000003,-0.6870000000000002,-0.475,0.26699999999999996,-0.9550000000000001,0.37800000000000006,-0.261,0.15399999999999997,0.22400000000000003,0.057699999999999994,-0.0657,-0.136,-0.9641,-0.19440000000000002,-0.10740000000000001,0.0701,-0.24379999999999996,-0.18850000000000006,0.14489999999999997,0.3029,-2.00795,-0.40524999999999983,-0.42052000000000006,-0.26102000000000003,0.30365000000000003,0.50205,-2.91538,0.15487000000000004,-0.21615,-2.21312,-0.08845999999999998,-5.202,0.11899999999999995,-0.40499999999999997,0.546,0.599,-0.13699999999999996,-0.17200000000000001,-0.277,0.06499999999999999,-0.14100000000000004,-0.362,0.5359999999999999,0.12500000000000003,-0.9109999999999999,0.369,0.517,-0.13399999999999995,0.11600000000000002,-0.36,0.258,-0.73,-0.29200000000000004,-0.24099999999999996,0.388,10000
LVVGSTASSYSQRPDDQ,0.01980796411764704,0.46051523470588235,-1.715949005882353,0.49726792352941174,-1.0568777182352942,0.40235294117647064,-0.2782352941176471,-0.010588235294117636,0.007058823529411777,-0.10117647058823528,0.12588235294117645,-0.037058823529411755,-0.18294117647058822,0.27,0.06,0.06823529411764706,-0.4847058823529412,0.052352941176470574,-0.5374705882352943,-0.3330588235294117,-0.37535294117647056,0.4144705882352941,0.09676470588235295,-0.018294117647058832,0.28,-0.4476470588235294,0.1464705882352941,0.25647058823529406,-0.10470588235294116,-0.3094117647058824,-0.46058823529411763,-0.36764705882352944,-0.23411764705882354,-0.035294117647058816,-0.37764705882352945,0.42176470588235293,-0.58,0.08129411764705882,0.08652941176470587,-0.021294117647058828,-0.06705882352941178,-0.06741176470588238,-0.9152941176470587,0.11588235294117646,-3.039988235294117,-2.1100764705882358,0.2292823529411765,-2.048823529411765,-1.0141176470588233,-0.4852941176470587,0.16941176470588235,0.2288235294117647,-0.2958823529411765,0.3123529411764706,0.43058823529411766,0.21364705882352938,0.002294117647058829,-0.11405882352941177,0.055999999999999994,-0.9917058823529411,-0.22970588235294118,-0.40764705882352936,-0.013764705882352946,0.09788235294117648,-0.6807058823529412,0.04288235294117646,0.24605882352941175,0.20795294117647056,-1.3994058823529412,-0.4942411764705883,0.5125294117647058,0.06087058823529413,-0.15391764705882352,0.040000000000000244,-0.9065647058823529,-0.3551294117647059,1.1011411764705883,1.1482529411764706,-5.274705882352941,-0.1670588235294117,0.3605882352941177,0.06294117647058822,0.9305882352941177,-0.29705882352941176,-0.22941176470588237,-0.43176470588235294,-0.21235294117647055,-0.2529411764705882,-0.07941176470588233,-0.0923529411764706,0.1470588235294118,-0.9223529411764707,-0.0688235294117647,0.3976470588235294,-0.7029411764705882,0.2976470588235293,-0.3023529411764706,0.8188235294117647,-0.6676470588235294,-0.022352941176470634,-0.898235294117647,0.4223529411764706,10000
GYLALLTKGLERLY,-0.08853262071428572,-0.21541154,0.4517299642857142,0.6783936642857142,0.53338914,-0.26642857142857135,-0.12500000000000003,-0.26571428571428574,-0.07142857142857142,0.06357142857142856,0.27928571428571425,0.26214285714285707,0.04642857142857143,0.10571428571428573,-0.05714285714285715,-0.27571428571428575,-0.1585714285714286,0.07571428571428572,0.17557142857142854,0.15678571428571422,0.1807142857142857,0.926142857142857,-0.059785714285714275,0.010000000000000031,-0.17071428571428574,-0.07499999999999998,-0.020714285714285685,-0.13142857142857148,-0.3607142857142857,-0.9399999999999997,0.6407142857142858,0.11857142857142855,-0.15142857142857138,0.5535714285714285,-0.29857142857142854,0.3835714285714285,-0.18357142857142858,-0.03357142857142858,0.028642857142857157,-0.09035714285714284,-0.15164285714285716,0.06278571428571428,-0.041428571428571405,-0.3049999999999999,1.1751142857142856,-0.6502571428571428,1.2357142857142858,0.6214285714285713,-0.7014285714285717,0.0142857142857143,0.24571428571428572,-0.7335714285714285,0.8692857142857144,0.24714285714285714,0.023571428571428573,0.233,0.07642857142857142,0.022785714285714288,-0.08507142857142858,-0.7862142857142856,-0.1375714285714286,0.027714285714285723,-0.03071428571428572,-0.3426428571428572,-0.2425714285714286,-0.06564285714285714,0.5000714285714286,-0.7720714285714284,-0.7989642857142857,0.5126142857142858,0.09515714285714282,0.37234285714285714,0.34719285714285714,-1.58565,0.23472142857142858,-0.8069785714285714,-1.109185714285714,0.545242857142857,-4.245,0.27428571428571435,-0.225,0.44285714285714295,0.6621428571428571,0.2578571428571429,0.10142857142857142,-0.06999999999999999,0.17642857142857135,0.14928571428571427,-0.5471428571428572,0.42214285714285715,-0.42357142857142854,-0.7685714285714286,0.39357142857142857,0.37,-0.36857142857142844,0.03785714285714286,-0.3571428571428572,-0.8907142857142859,-0.7564285714285717,-0.8921428571428571,-0.4514285714285714,0.09214285714285712,10000
ISNGALPLPAV,-0.46235953,0.23979423909090913,-0.7522736272727272,0.8813939727272726,-0.45403283454545457,-0.026363636363636367,-0.6672727272727272,0.06999999999999999,-0.019999999999999993,-0.30636363636363634,0.0018181818181818123,0.3918181818181818,-0.07090909090909091,0.04181818181818186,0.07363636363636362,-0.63,-0.46636363636363637,0.06909090909090908,0.04390909090909092,-0.28200000000000003,-0.3695454545454545,0.8636363636363636,0.6225454545454545,-0.36836363636363634,0.07818181818181814,-0.7254545454545455,-0.0981818181818181,-0.3945454545454546,-0.10636363636363635,-0.6827272727272727,-0.03999999999999997,-0.2972727272727272,0.13363636363636366,-0.2081818181818182,-0.6072727272727273,0.4954545454545455,-0.5454545454545454,-0.011545454545454551,0.17463636363636367,-0.07845454545454547,-0.12536363636363637,0.0900909090909091,-1.3163636363636364,-0.6863636363636363,1.2371999999999999,-4.349545454545455,2.1753545454545455,0.013636363636363587,-2.9318181818181817,-0.17363636363636364,0.7954545454545454,-0.8172727272727273,-0.22727272727272724,0.14636363636363636,-0.21636363636363634,0.23118181818181816,0.20100000000000004,-0.07127272727272728,-0.05690909090909091,-1.1679090909090908,-0.49481818181818177,-0.33981818181818185,0.06727272727272728,-0.3657272727272727,-0.7234545454545454,0.01663636363636363,0.1779090909090909,-2.9820272727272727,-0.9023272727272726,0.892881818181818,-0.22596363636363642,0.6903272727272728,-0.2355363636363636,-3.633654545454546,1.047227272727273,-0.3574727272727273,-3.743490909090909,1.0769090909090908,-6.362727272727273,-1.109090909090909,0.09727272727272727,0.6472727272727272,0.91,0.33,-0.5336363636363637,-0.629090909090909,-0.4081818181818182,-0.0381818181818182,-0.9372727272727274,0.19999999999999993,0.24818181818181817,-1.1027272727272726,-0.12818181818181817,0.6745454545454544,-0.4436363636363636,-0.2009090909090909,-0.6318181818181818,-0.9445454545454546,-1.3254545454545457,0.10909090909090911,-0.48818181818181805,0.9472727272727274,10000
LQTIGERMGK,0.193589387,-0.167510334,0.82270799,0.34256839999999994,0.841226606,0.278,-0.229,-0.217,-0.269,0.091,0.389,0.15799999999999997,0.121,0.005999999999999998,0.069,-0.09,-0.27399999999999997,0.147,-0.16770000000000004,0.08410000000000005,-0.1737,0.42869999999999997,-0.16030000000000003,0.12930000000000003,-0.20299999999999999,-0.20800000000000002,0.14800000000000002,0.35500000000000004,0.06400000000000002,-0.068,0.6220000000000001,0.263,-0.46699999999999997,-0.039,-0.374,0.38,-0.186,0.042899999999999994,0.0055,-0.08530000000000001,-0.0635,-0.008600000000000003,-0.347,0.10700000000000003,-1.8120600000000002,-0.6639899999999999,0.7205299999999999,-1.278,-0.5400000000000003,-0.00700000000000014,0.352,-0.22700000000000004,0.882,0.0010000000000000009,0.10199999999999998,0.2226,0.014800000000000002,-0.05869999999999999,-0.09290000000000001,-0.8906999999999998,-0.1041,-0.12210000000000001,0.0752,-0.17629999999999998,-0.193,0.21929999999999997,0.4838,-1.1700400000000002,-0.7878399999999999,-0.91693,-0.007279999999999953,0.31711,0.32808000000000004,-2.4518999999999997,-0.5849200000000001,-0.59063,-1.0652300000000001,0.13369999999999999,-4.828999999999999,0.771,-0.417,0.5349999999999999,0.696,-0.18799999999999997,-0.15000000000000002,-0.25,0.3489999999999999,0.07499999999999996,-0.28600000000000003,0.593,-0.31500000000000006,-0.8470000000000001,0.5559999999999999,0.49700000000000005,-0.22100000000000003,0.413,-0.20500000000000002,0.45,-0.9399999999999998,-1.067,-0.36199999999999993,-0.048999999999999995,10000
QQAFALMYGEIFTIT,-0.28833205399999995,-0.4044374833333333,0.7743223799999999,0.30169989333333336,0.2749568706666667,-0.30799999999999994,-0.15,-0.2553333333333333,0.02133333333333333,-0.09733333333333333,0.23066666666666666,0.010000000000000005,-0.11200000000000003,0.31266666666666676,0.03933333333333334,-0.2993333333333333,-0.24000000000000002,-0.12933333333333333,0.33286666666666664,0.26313333333333333,0.11200000000000004,0.39440000000000003,-0.07139999999999999,-0.06520000000000001,-0.4313333333333334,-0.18199999999999997,0.11866666666666671,-0.1906666666666667,-0.01733333333333332,-0.1626666666666667,0.24733333333333332,0.16400000000000003,0.0733333333333333,-0.5073333333333333,-0.19066666666666665,0.6113333333333332,-0.4153333333333333,-0.07479999999999999,0.026133333333333335,-0.09373333333333332,-0.036000000000000004,0.0262,-0.11266666666666665,-0.44066666666666665,1.9249933333333333,-1.3686933333333333,0.16722,1.186,-0.8953333333333333,-0.6806666666666666,0.15466666666666667,-0.1733333333333333,0.23600000000000002,-0.02666666666666669,0.3766666666666667,0.22926666666666667,0.027000000000000007,-0.003866666666666663,-0.018333333333333333,-0.7894666666666666,-0.31160000000000004,-0.051199999999999975,-0.02366666666666667,-0.18540000000000004,-0.18706666666666663,-0.07433333333333335,0.19973333333333326,-1.0549933333333332,0.2060066666666667,0.07549999999999998,0.08944666666666666,0.28576666666666667,0.5465733333333334,-1.5187799999999996,0.33502,-0.22148666666666672,-1.3420266666666667,-0.21843333333333334,-4.246666666666666,-0.13999999999999999,0.007333333333333347,0.25133333333333335,0.5559999999999998,0.32533333333333325,-0.13666666666666671,-0.09933333333333334,-0.33266666666666667,-0.034000000000000016,-0.402,-0.20400000000000004,-0.3200000000000001,-0.7773333333333333,0.12733333333333333,0.3773333333333334,-0.332,0.04133333333333335,-0.2533333333333333,-1.0166666666666666,-0.6973333333333334,-0.37066666666666664,-0.6053333333333332,0.010666666666666668,10000
KYVLECKKSDARTIA,0.2212803193333334,-0.28565245066666667,-0.05144348000000012,0.3483103666666666,0.13565746333333328,0.162,-0.35333333333333333,-0.21599999999999994,-0.05933333333333332,0.24733333333333332,0.06533333333333333,-0.05466666666666666,-0.06000000000000001,0.3073333333333333,-0.13399999999999998,0.023333333333333338,-0.26533333333333337,0.19933333333333333,-0.36213333333333336,0.317,-0.09373333333333331,0.36740000000000006,-0.10926666666666669,0.3038666666666667,-0.31533333333333335,-0.11333333333333333,0.11733333333333333,0.372,-0.18533333333333335,-0.44866666666666666,0.07400000000000004,-0.13933333333333334,-0.012000000000000002,0.24933333333333338,-0.43866666666666665,0.2826666666666667,-0.18333333333333338,0.036000000000000004,-0.04800000000000001,-0.09193333333333334,-0.08833333333333335,-0.05059999999999999,-0.24666666666666662,0.13933333333333334,-1.800366666666667,0.24423333333333327,0.34385333333333334,-0.7400000000000001,0.3086666666666664,-0.7659999999999999,0.6886666666666666,-0.07866666666666665,0.3206666666666667,0.2346666666666667,0.3373333333333333,0.23166666666666663,0.016733333333333333,-0.04479999999999999,-0.05833333333333335,-0.8218,-0.26086666666666664,-0.1844666666666667,-6.666666666667042e-05,-0.0948,-0.13006666666666672,0.16653333333333337,0.1940666666666667,-0.15727999999999992,-0.8773399999999999,-0.28115999999999997,-0.2939733333333333,0.3866466666666667,0.31828000000000006,-0.8644666666666665,-0.42695333333333335,-0.5171800000000001,0.3609733333333333,0.40962,-4.441333333333334,0.44533333333333336,-0.12666666666666665,0.34400000000000003,0.5840000000000001,-0.256,-0.0020000000000000313,-0.005999999999999991,-0.21866666666666668,0.17066666666666663,0.008666666666666682,0.23533333333333326,-0.010000000000000002,-0.794,0.31200000000000006,0.4126666666666666,-0.31400000000000006,0.18533333333333332,-0.10533333333333333,0.576,-0.42866666666666664,-0.5653333333333334,-0.29066666666666663,0.07266666666666668,10000
TIADFVADLRAPTPSA,-0.20270535437499998,-0.05305719812500001,-0.64734885,0.7522235687499998,-0.4948891418750001,0.111875,-0.559375,0.05374999999999998,-0.011250000000000003,-0.23125,-0.04312500000000004,0.07125,-0.244375,0.3137500000000001,-0.053750000000000006,-0.32125,-0.44125,0.016249999999999997,-0.10818750000000002,-0.03418749999999998,-0.32737499999999997,0.59475,0.4855,-0.18856250000000002,-0.133125,-0.5549999999999999,-0.13499999999999998,-0.06937499999999999,-0.3925,-0.431875,-0.24999999999999997,-0.431875,0.27125,-0.039999999999999994,-0.47687500000000005,0.37687499999999996,-0.544375,0.016687499999999997,0.0854375,-0.095,-0.0870625,0.044,-0.9793749999999999,-0.384375,-0.6758624999999998,-2.9105875,1.2196250000000002,-0.5299999999999998,-1.691875,-0.885,0.42750000000000005,-0.295625,-0.51,-0.10312499999999994,0.5418750000000001,0.2215,0.12175000000000001,-0.07849999999999999,-0.011875000000000004,-1.0254375,-0.48624999999999996,-0.40700000000000003,-0.0015000000000000048,-0.1489375,-0.672875,0.0666875,0.10750000000000003,-2.322225,-0.5613375,0.6099125,-0.016362499999999947,0.5762625,0.055475000000000003,-2.56748125,0.41611875,-0.043962500000000015,-2.4749625,1.0726875,-5.57,-0.74875,0.311875,0.33625,0.8643749999999999,0.05187500000000002,-0.265625,-0.41874999999999996,-0.5956250000000001,-0.19999999999999998,-0.38,-0.09062500000000002,0.44125000000000003,-0.9825,-0.15124999999999997,0.498125,-0.6625,-0.17375,-0.47875,-0.12312500000000001,-0.84625,0.10437499999999994,-0.516875,0.67875,10000
MVENVIWPAALDANRSRSDGRRVSLDLAVENPTVDEIAKAVQQVGYDAVIERDKTYPREYEGRGRVVVKDADDATKSDLLGAVAAYMQALRE,0.10861034597826084,-0.15662091239130432,-0.29903926956521737,0.5167000380434782,-0.22445157641304347,0.2685869565217392,-0.2996739130434783,-0.15760869565217392,-0.058478260869565216,-0.06945652173913044,0.1468478260869565,-0.007065217391304356,0.03456521739130435,0.22434782608695653,0.05554347826086957,-0.06576086956521739,-0.35749999999999993,-0.005760869565217396,-0.5066304347826086,0.1317282608695652,-0.18049999999999997,0.473304347826087,0.005619565217391284,-0.004554347826086919,-0.20423913043478265,-0.2738043478260869,0.0141304347826087,0.2573913043478261,-0.3243478260869565,-0.318804347826087,-0.13586956521739132,0.02749999999999999,-0.06826086956521737,0.10565217391304349,-0.357391304347826,0.25989130434782604,-0.34847826086956507,0.040499999999999994,0.005293478260869566,-0.09559782608695654,-0.06286956521739132,-0.003923913043478261,-0.48217391304347823,-0.006847826086956508,-1.8555543478260874,-1.0449956521739134,0.41658152173913043,-1.0218478260869566,-0.4746739130434785,-0.8674999999999998,0.13499999999999998,-0.15630434782608701,0.24152173913043484,0.17304347826086958,0.1501086956521739,0.22456521739130436,0.02023913043478261,-0.07181521739130436,-0.0657826086956522,-0.8910434782608696,-0.25575,-0.2863804347826087,-0.00950000000000001,-0.0543804347826087,-0.3868478260869565,0.13205434782608694,0.3228478260869565,-1.2168684782608696,-0.9487184782608695,0.0018728260869564964,0.242325,0.05360652173913043,0.1347576086956522,-1.5781097826086952,-0.44529130434782616,-0.25802608695652174,-1.086578260869565,0.6716076086956522,-4.749130434782608,0.17826086956521744,0.13195652173913044,0.2763043478260869,0.7779347826086958,-0.20173913043478256,-0.059673913043478265,-0.21510869565217394,-0.16391304347826088,-0.2008695652173913,-0.19402173913043488,0.28543478260869565,0.007500000000000009,-0.8440217391304347,0.16630434782608697,0.41184782608695647,-0.5842391304347826,0.13630434782608694,-0.2122826086956522,0.5256521739130434,-0.5254347826086957,-0.40293478260869575,-0.5739130434782608,0.3358695652173913,10000
MAVQQNKKSPSKRGMHRSHDALTNPPLAIEPTTGETHLRHHISPNGFYRGKKVIKTKNDD,0.2866838803333333,0.11819327883333335,-0.17042442666666677,0.21086806999999996,0.16225747649999994,0.4708333333333334,-0.12650000000000003,-0.18966666666666668,0.01683333333333336,0.011333333333333322,0.04333333333333333,0.15733333333333335,-0.14,0.004500000000000004,-0.022333333333333334,0.06599999999999999,-0.31133333333333335,0.189,-0.3980166666666668,-0.12935,-0.19891666666666666,0.19153333333333328,0.19818333333333332,0.06201666666666668,0.10816666666666666,-0.13433333333333333,-0.006500000000000009,0.3459999999999999,0.2031666666666667,-0.20616666666666672,-0.028833333333333374,-0.08383333333333333,0.02783333333333334,0.07933333333333333,-0.27633333333333343,0.39283333333333326,-0.36233333333333334,0.0785,0.004916666666666669,-0.013433333333333342,-0.06138333333333332,-0.006950000000000004,-0.36850000000000005,0.2111666666666667,-2.6564333333333336,-0.2527666666666664,0.9002700000000001,-1.7658333333333334,-0.03516666666666668,0.06433333333333335,0.5853333333333334,-0.12983333333333333,-0.07783333333333334,-0.00983333333333335,-0.06233333333333336,0.21939999999999998,0.01815,-0.028566666666666667,-0.024749999999999998,-0.8315666666666666,-0.1499666666666667,-0.21555,-0.10060000000000001,-0.016116666666666675,-0.22488333333333335,0.22635000000000002,0.1723666666666667,-0.5805266666666667,-0.6396333333333335,-0.023373333333333364,0.08332333333333333,0.35641,-0.07891833333333333,-0.6981033333333333,-0.18150000000000005,-0.09062666666666663,-0.37031166666666676,0.2486716666666666,-4.415,0.04833333333333335,-0.0933333333333333,0.07533333333333332,0.5508333333333333,-0.29966666666666664,-0.07816666666666668,-0.16516666666666666,0.06699999999999999,0.08999999999999998,0.011166666666666658,0.377,0.23633333333333337,-0.7938333333333333,0.08283333333333337,0.3365000000000001,-0.3091666666666667,0.343,-0.24716666666666667,0.8016666666666664,-0.17816666666666664,-0.3681666666666667,0.036166666666666694,0.3953333333333333,10000
MGLLDYFRGSRTDSAAVAKERLQILVAHERAERNKPDYLPLLQKELLEVIRKYVNVGQDAITVTMEKDDNREVLELNVVLPDAIESRPKRKRG,0.19575253365591394,-0.21255240247311824,-0.12694585376344086,0.4582787634408601,-0.060445816021505415,0.2468817204301076,-0.27731182795698917,-0.3323655913978495,-0.09451612903225806,-0.013655913978494638,0.12193548387096773,0.006021505376344095,0.04193548387096774,0.0947311827956989,-0.014408602150537644,-0.023870967741935496,-0.2644086021505376,0.008279569892473117,-0.43266666666666664,0.2240860215053763,-0.04277419354838709,0.47305376344086014,0.11782795698924729,0.08895698924731182,-0.2256989247311828,-0.08462365591397851,0.017526881720430106,0.2880645161290322,-0.2406451612903226,-0.40612903225806446,0.06709677419354838,-0.041290322580645154,0.028709677419354856,0.14903225806451612,-0.34408602150537637,0.30860215053763435,-0.23881720430107525,0.03354838709677419,-0.029526881720430102,-0.08401075268817204,-0.08764516129032258,0.007225806451612903,-0.13591397849462367,0.035591397849462345,-1.5612365591397854,-0.066158064516129,0.6957784946236558,-0.8332258064516131,0.13752688172042993,-0.7603225806451613,0.29688172043010747,-0.3372043010752688,0.2522580645161291,0.16365591397849466,-0.02978494623655913,0.23013978494623658,0.0008494623655913962,-0.049720430107526886,-0.0913225806451613,-0.8093440860215054,-0.20320430107526877,-0.20524731182795702,-0.04697849462365593,-0.08937634408602153,-0.05235483870967743,0.14411827956989248,0.22904301075268815,-0.6748258064516129,-1.1619763440860216,0.09380215053763434,0.028767741935483867,0.04169247311827958,0.1961849462365592,-0.8660634408602148,-0.4032,-0.3112096774193549,-0.5355741935483872,0.31307096774193544,-4.245591397849461,0.457741935483871,-0.05913978494623659,0.28225806451612906,0.5327956989247311,-0.1840860215053763,0.05881720430107527,-0.029569892473118295,-0.09236559139784946,-0.08258064516129032,-0.18225806451612903,0.36344086021505373,0.05591397849462366,-0.7626881720430106,0.27849462365591404,0.33806451612903227,-0.39935483870967736,0.1439784946236559,-0.1178494623655914,0.3429032258064516,-0.30752688172043013,-0.6667741935483872,-0.4740860215053763,0.3475268817204301,10000
MAVPKRKMSRANTRARRAQWKATAPNLVKTIENGQVTYSLPHQAKVVTDSAGTALFLEYKGRKVADA,0.13605259373134335,-0.1512537916417911,-0.03455194179104484,0.4888052164179104,0.20220231492537316,0.25477611940298506,-0.28791044776119407,-0.16149253731343283,-0.13223880597014925,0.10164179104477612,0.14373134328358209,0.17164179104477612,-0.14970149253731346,0.22268656716417912,0.002835820895522382,-0.08955223880597014,-0.29985074626865676,0.19791044776119404,-0.3984626865671641,0.11161194029850745,-0.17365671641791044,0.43528358208955226,0.07335820895522384,0.20217910447761198,-0.19537313432835823,-0.24432835820895518,0.0817910447761194,0.2877611940298508,-0.05417910447761193,-0.3801492537313434,0.09134328358208955,-0.14044776119402982,-0.10552238805970149,0.03731343283582089,-0.3840298507462687,0.4141791044776119,-0.31059701492537317,0.04217910447761194,0.0020895522388059743,-0.08211940298507463,-0.09361194029850746,-0.020119402985074624,-0.45089552238805963,-0.02253731343283579,-1.869402985074627,-0.7530373134328356,0.8738268656716418,-0.99,-0.3443283582089554,-0.3771641791044775,0.8180597014925375,-0.12119402985074634,0.23417910447761192,0.013582089552238824,0.2965671641791045,0.22482089552238807,0.05298507462686568,-0.048462686567164175,-0.04577611940298508,-0.8775820895522387,-0.23995522388059704,-0.2377910447761194,-0.008388059701492541,-0.13071641791044777,-0.4203880597014926,0.20061194029850743,0.3171940298507463,-0.9282746268656715,-0.7265492537313433,-0.1463626865671642,0.05875522388059707,0.5040985074626867,0.010092537313432855,-1.5781895522388059,-0.11244776119402983,-0.38515373134328357,-0.7280268656716419,0.6617358208955224,-4.720298507462687,0.0813432835820896,-0.03955223880597014,0.28955223880597014,0.7219402985074626,-0.19044776119402984,-0.11447761194029853,-0.1874626865671642,-0.1264179104477612,0.18701492537313433,-0.15791044776119403,0.2852238805970149,0.028059701492537305,-0.843731343283582,0.1843283582089552,0.4243283582089552,-0.4708955223880597,0.11507462686567163,-0.2798507462686567,0.4144776119402985,-0.503134328358209,-0.5859701492537314,-0.1180597014925373,0.36134328358208956,10000
MFCVLKFLSCTLSRINIVQKLSDAAVPPKKAAPKKAVAKKTPAKKTAKKPAVKKPAAKKRAAPKKKPAAAKKAVTKSAKKHAAKKAPKKAVKKAPKK,0.318727990927835,-0.2941846907216495,-0.3255926865979382,0.484047237113402,0.23045301525773196,0.36391752577319586,-0.48041237113402063,-0.18814432989690721,-0.3167010309278351,0.20927835051546395,-0.06896907216494845,0.2878350515463918,-0.09051546391752577,0.3497938144329897,-0.211340206185567,-0.19556701030927834,-0.2852577319587628,0.41257731958762883,-0.49296907216494856,0.23924742268041238,-0.2246082474226804,0.5465979381443299,0.3377319587628866,0.2691546391752577,-0.34,-0.252680412371134,-0.18762886597938144,0.3835051546391753,0.3635051546391752,-0.8372164948453609,0.2798969072164948,-0.3772164948453608,-0.015670103092783504,0.11989690721649485,-0.5593814432989691,0.36082474226804123,-0.16556701030927834,0.0719278350515464,-0.032381443298969075,-0.10794845360824742,-0.1599587628865979,0.028463917525773187,-0.6125773195876288,-0.024742268041237123,-2.466737113402062,-0.3586855670103092,2.23280206185567,-1.5253608247422683,-0.08494845360824756,-0.22443298969072156,1.6909278350515462,-0.686494845360825,0.26505154639175266,-0.1676288659793814,0.5096907216494845,0.2277216494845361,0.1097113402061856,-0.035082474226804126,-0.13334020618556705,-0.9362680412371133,-0.28331958762886594,-0.14645360824742268,0.04013402061855669,-0.3503092783505155,-0.305298969072165,0.274020618556701,0.31760824742268046,-1.023521649484536,-0.6083164948453609,-0.3599041237113403,-0.43890206185567004,1.2283742268041238,0.2497298969072165,-2.2633670103092784,0.5881876288659793,-0.6435567010309278,-0.679017525773196,0.41678762886597936,-5.101855670103093,-0.021958762886597948,-0.4306185567010309,0.48865979381443303,0.5955670103092783,-0.2535051546391752,-0.16453608247422685,-0.16082474226804128,-0.18845360824742266,0.5725773195876288,-0.2112371134020619,0.4998969072164949,0.2883505154639175,-0.9052577319587629,0.29020618556701033,0.4985567010309279,-0.1787628865979381,0.03773195876288658,-0.4541237113402062,0.41659793814432994,-0.5360824742268041,-0.6457731958762888,0.3696907216494846,0.6174226804123711,10000
MRRQQRSITDIICENCKYLPTKRGIQKFSFEQNTMMSVQGGLSSLSDSQLTCIFKYCTLQRACV,-0.003771068125000023,0.03372159187500001,-0.2735972609375001,0.17344469218749997,-0.02936503468749995,0.07234375,-0.2703125,-0.17359375,-0.009843749999999984,0.2134375,0.14015624999999998,-0.05828125000000001,-0.08765624999999999,0.07515625000000001,-0.047343750000000004,-0.007812500000000003,-0.25921874999999994,0.09515625,-0.10323437500000002,0.05496875000000001,-0.11890624999999998,0.11845312499999999,-0.07710937500000001,0.2621875,-0.046250000000000006,-0.1259375,0.2734375,0.1721875,-0.028124999999999983,-0.009843750000000005,0.19140625,-0.17296874999999998,-0.0012499999999999976,-0.13281250000000003,-0.34500000000000003,0.50625,-0.30937499999999996,0.010968749999999996,0.006890625000000004,-0.027859375,-0.02856250000000001,-0.079109375,-0.21953124999999993,0.057812500000000024,-0.79095625,-0.28189687500000005,-0.3442484375,-0.32781249999999995,-0.11656250000000003,-0.27875000000000005,0.361875,0.33796875000000004,0.04156250000000002,0.13390625,0.22296874999999997,0.226,-0.022656249999999996,-0.060546875,0.014093749999999995,-0.8258281249999999,-0.169875,-0.159265625,0.03132812500000001,-0.039015625,-0.1005,0.143484375,0.08296875000000001,0.22712500000000008,-0.7458453125,-0.6168953125,-0.23266406250000002,0.05272968750000001,0.028003125000000004,-0.24202968749999995,-0.6223875,-0.35639687500000006,0.7998171875,0.28488281249999997,-4.39125,0.3728125000000001,-0.11703124999999998,0.25109375,0.531875,-0.11921875000000001,-0.13296875,-0.06109375000000004,-0.09906250000000003,0.08718749999999999,0.0459375,-0.07328125000000006,-0.08281250000000001,-0.78265625,0.25453125,0.3971875,-0.24078124999999997,0.30203125,-0.03171875,0.25593749999999993,-0.40906250000000005,-0.32390625000000006,-0.4184374999999999,-0.022656249999999968,10000
MFTLKKSLLLLFFLGTISSSLCEQERDSDDEDQGEVTEQVVKRLVRGCWTKSYPPKPCFVRG,0.024150671129032256,0.023298017096774187,-0.45980679838709687,0.3161938822580645,-0.30327036758064513,0.10741935483870968,-0.23145161290322583,-0.14048387096774195,-0.10032258064516132,0.014354838709677417,0.09838709677419358,-0.07500000000000001,-0.027741935483870977,0.0996774193548387,-0.09951612903225807,-0.053064516129032256,-0.27129032258064506,0.0035483870967741825,-0.27524193548387094,0.04419354838709677,-0.10080645161290323,0.3345322580645162,0.10693548387096774,0.06322580645161292,-0.03532258064516129,-0.1103225806451613,0.02000000000000001,0.11645161290322578,-0.12096774193548389,-0.3296774193548387,0.16258064516129028,-0.185,-0.06758064516129031,0.20903225806451614,-0.32322580645161286,0.38741935483870965,-0.32016129032258067,0.020532258064516123,0.012,-0.04070967741935484,-0.06045161290322581,-0.0071774193548387105,-0.2227419354838709,0.02290322580645162,-0.7991725806451614,-0.46080000000000004,0.363816129032258,-0.5683870967741936,-0.24241935483870974,-0.3124193548387097,0.07741935483870967,-0.21080645161290323,0.10290322580645161,0.12225806451612901,0.19225806451612903,0.22504838709677424,0.008854838709677423,-0.04108064516129031,-0.019000000000000003,-0.8199032258064516,-0.20503225806451617,-0.14811290322580642,-0.013306451612903225,-0.1080806451612903,-0.13775806451612904,0.12535483870967742,0.16011290322580643,0.08519677419354826,-0.7165258064516131,-0.36531612903225813,-0.034046774193548394,0.16394354838709674,0.21491451612903228,-0.2282451612903224,-0.3055548387096774,-0.33807903225806457,0.46431774193548375,0.25336774193548395,-4.291451612903225,0.18451612903225809,-0.10016129032258062,0.17403225806451614,0.5372580645161291,-0.0796774193548387,-0.05016129032258064,-0.07419354838709676,-0.05887096774193551,-0.08854838709677423,-0.11145161290322579,0.06758064516129028,0.06387096774193549,-0.7741935483870965,0.19354838709677422,0.33370967741935487,-0.30177419354838714,0.21483870967741936,-0.2061290322580645,0.1229032258064515,-0.41967741935483877,-0.29951612903225805,-0.5119354838709678,0.06306451612903226,10000
VMNLWPGVRLRVMEGWDEDGHHSEESLHYEGRAVDITTSDRDRNKYAMLARLAVEAGF,0.09020699189655174,-0.1614806805172414,-0.04852521551724146,0.308660774137931,-0.017799856896551697,0.23000000000000007,-0.06758620689655173,-0.1367241379310345,0.001896551724137925,-0.039137931034482765,0.19172413793103443,0.027413793103448283,0.043965517241379315,0.1146551724137931,0.08362068965517241,-0.022413793103448272,-0.2906896551724138,-0.012241379310344828,-0.3621379310344827,0.1267241379310345,-0.11549999999999999,0.31162068965517237,-0.05687931034482757,-0.08231034482758617,-0.17137931034482753,-0.14224137931034478,-0.09603448275862073,0.1710344827586207,-0.2917241379310345,-0.1456896551724138,-0.12448275862068967,0.15741379310344825,-0.1472413793103448,0.2767241379310345,-0.22827586206896552,0.27827586206896554,-0.3593103448275862,0.030120689655172415,-0.00417241379310345,-0.07381034482758621,-0.019448275862068966,0.020275862068965516,-0.23517241379310336,0.04810344827586212,-1.2857413793103445,-0.5675810344827584,0.0472637931034483,-0.7163793103448277,-0.28293103448275875,-0.49706896551724133,-0.13724137931034486,-0.14241379310344823,0.3387931034482759,-0.06948275862068964,-0.07603448275862072,0.2243793103448276,0.0074482758620689725,-0.02022413793103448,-0.027362068965517246,-0.7957586206896551,-0.15322413793103457,-0.20234482758620687,-0.08422413793103446,-0.01589655172413793,-0.33156896551724135,0.215948275862069,0.3463793103448275,-0.4898241379310345,-0.5800637931034484,-0.044793103448275945,0.28206034482758613,-0.06774827586206898,0.013065517241379327,-0.6998999999999997,-0.45306551724137933,-0.18467413793103446,-0.4084034482758621,0.4526810344827586,-4.2156896551724135,0.15431034482758635,0.0196551724137931,0.10275862068965519,0.6912068965517242,-0.1408620689655172,-0.01068965517241382,-0.14189655172413793,0.059137931034482755,-0.2177586206896552,-0.08758620689655171,0.3213793103448276,-0.07603448275862072,-0.7651724137931035,0.1360344827586207,0.36568965517241386,-0.4341379310344827,0.3260344827586206,-0.185,0.5022413793103447,-0.2655172413793104,-0.2782758620689656,-0.2460344827586207,0.12965517241379307,10000
MSLTYMNMFMAFTISLLGLLLYRSHMMSSLLCLEGMMLSLFVMMTMTILNTHLTLASMIPIILLVFAACEAALGLSLLVMVSTTYGMDYVQNLNLLQC,-0.49179441204081625,-0.3088337915306122,-0.07576550714285724,0.3910373948979592,-0.08963310030612247,-0.44979591836734695,-0.43204081632653063,-0.2996938775510204,0.06051020408163265,0.027857142857142865,0.2520408163265306,0.06234693877551021,-0.12887755102040818,-0.023469387755102034,0.06867346938775509,-0.398265306122449,-0.2551020408163266,-0.0089795918367347,0.34695918367346934,0.3206428571428572,0.01903061224489798,0.4820102040816326,0.04011224489795919,-0.0533265306122449,-0.379795918367347,-0.2602040816326531,0.09959183673469385,-0.36377551020408155,0.0796938775510204,-0.30785714285714283,0.08785714285714287,-0.14540816326530612,-0.0751020408163265,0.14673469387755103,-0.47051020408163263,0.6245918367346939,-0.44285714285714284,-0.09377551020408165,0.0488265306122449,-0.10492857142857143,-0.031857142857142855,0.010020408163265295,-0.26275510204081637,-0.6077551020408163,3.0599387755102048,-1.8341683673469389,-0.15518265306122447,1.8831632653061225,-1.2504081632653063,-0.7306122448979592,0.35122448979591847,-0.1384693877551021,0.023673469387755105,-0.22112244897959177,0.04275510204081631,0.24246938775510207,0.05540816326530613,-0.03621428571428572,0.01394897959183672,-0.8859591836734694,-0.25195918367346937,-0.08830612244897958,0.04488775510204083,-0.1714795918367347,-0.022397959183673485,-0.0023979591836734795,-0.05181632653061224,-0.6817377551020409,-0.45878061224489786,0.20148775510204073,-0.8135244897959184,-0.025380612244897953,0.0334448979591837,-1.3040336734693878,0.1385959183673469,-0.3732122448979591,-1.0849765306122447,0.08936428571428567,-4.838163265306123,-0.11622448979591832,-0.22826530612244894,0.6331632653061223,0.45336734693877545,0.4538775510204082,-0.2998979591836734,-0.1062244897959184,-0.3916326530612245,0.02224489795918367,-0.4017346938775509,-0.21153061224489797,-0.305,-0.8550000000000001,0.258265306122449,0.5856122448979592,-0.007040816326530596,-0.04520408163265307,-0.042346938775510205,-1.2796938775510203,-0.8566326530612245,-0.18826530612244902,-0.29214285714285704,0.09816326530612247,10000
MTKIKTVTFVNTYPGGSMKNLLDTEGTVLFPFQTEIHFIWTIFSTVKRLVIGTRDHICQKQYWSACLCILLLMAYVGLCAAVVWFVVPC,-0.32895127617977526,-0.07803514146067417,0.21548283820224712,0.2858589595505618,0.07281932393258429,-0.30595505617977525,-0.28730337078651685,-0.11797752808988762,0.019999999999999993,-0.016966292134831463,0.1142696629213483,0.01078651685393259,-0.14247191011235955,0.06775280898876405,0.014269662921348314,-0.28674157303370784,-0.2355056179775281,0.021685393258426968,0.04139325842696629,0.08068539325842697,0.018921348314606738,0.2954943820224719,-0.022438202247191025,0.14626966292134833,-0.13898876404494384,-0.1687640449438202,0.3208988764044944,-0.1864044943820225,0.01202247191011236,-0.23235955056179772,0.0995505617977528,-0.06606741573033707,-0.015505617977528079,0.061235955056179785,-0.35224719101123597,0.5542696629213483,-0.4038202247191012,-0.06460674157303371,0.04568539325842697,-0.03982022471910113,-0.05353932584269663,-0.03385393258426967,-0.1773033707865169,-0.32651685393258423,2.036603370786517,-1.114467415730337,0.29823932584269663,1.2293258426966291,-0.8666292134831461,-0.26640449438202246,0.31719101123595506,-0.05112359550561803,0.032921348314606746,0.2530337078651686,0.13573033707865167,0.22879775280898876,0.06870786516853933,-0.016528089887640447,-0.014943820224719106,-0.814438202247191,-0.3320337078651685,-0.11486516853932585,-0.004932584269662912,-0.18987640449438203,-0.16722471910112358,0.07862921348314605,0.010449438202247195,-0.7769820224719102,-0.05639325842696626,0.24535505617977524,-0.34478988764044943,0.3788449438202247,0.14365280898876404,-1.2349988764044944,0.4688775280898876,-0.23427752808988764,-1.1888640449438201,0.06771460674157309,-4.330786516853933,-0.31595505617977526,-0.061011235955056156,0.3119101123595506,0.48999999999999994,0.2673033707865169,-0.1879775280898876,-0.06280898876404495,-0.34775280898876404,0.11191011235955058,-0.31483146067415735,-0.12213483146067419,-0.07707865168539327,-0.7915730337078652,0.07662921348314608,0.4349438202247191,-0.20123595505617978,-0.012022471910112343,-0.20955056179775283,-0.8107865168539325,-0.6938202247191011,-0.3006741573033708,-0.22337078651685388,-0.05629213483146067,10000
MAQGKQKFKAQRPGGAKKHQNKPKGLKKGGRIIAPKKAQVVQQQKLKKGLEVAIRNKIEHEVTQKASTSLHKKLSVLKTPAQKSGTAGAPKPAAGPSK,0.315057858877551,-0.06234073428571432,-0.33421783367346936,0.39771677142857137,0.20209094571428565,0.4763265306122449,-0.2674489795918367,-0.17346938775510204,-0.25387755102040815,0.11816326530612244,0.10132653061224492,0.26673469387755105,0.010408163265306122,0.21653061224489797,-0.03346938775510203,-0.0846938775510204,-0.32897959183673464,0.28867346938775507,-0.47066326530612246,0.018714285714285715,-0.26399999999999996,0.49264285714285716,0.14701020408163265,0.14693877551020412,-0.14183673469387756,-0.27489795918367343,-0.07520408163265306,0.41500000000000004,0.3556122448979591,-0.5492857142857143,0.33959183673469384,-0.10040816326530613,-0.1851020408163265,-0.08377551020408168,-0.4037755102040816,0.39193877551020406,-0.24285714285714283,0.08564285714285715,0.0024489795918367406,-0.07878571428571429,-0.12013265306122446,0.013999999999999997,-0.6406122448979592,0.14408163265306126,-2.962636734693877,-0.7332295918367345,1.694,-2.041224489795919,-0.3833673469387756,0.06408163265306119,1.123265306122449,-0.4722448979591836,0.5126530612244898,-0.012857142857142843,0.21959183673469387,0.2204795918367347,0.05781632653061226,-0.04937755102040816,-0.11460204081632651,-0.9394081632653061,-0.18758163265306121,-0.17098979591836735,0.012448979591836742,-0.23047959183673472,-0.35784693877551016,0.24707142857142855,0.467704081632653,-1.023176530612245,-0.7683010204081632,-0.5600928571428572,0.12929285714285715,0.8451500000000001,0.15586734693877552,-2.0810275510204077,0.08128163265306117,-0.5838132653061223,-0.7629877551020409,0.27229693877551026,-5.0626530612244895,0.1727551020408163,-0.29183673469387755,0.3506122448979591,0.7220408163265305,-0.30979591836734693,-0.1980612244897959,-0.28632653061224494,0.10357142857142855,0.3337755102040816,-0.24173469387755103,0.5910204081632653,0.04346938775510202,-0.8942857142857141,0.2758163265306122,0.4583673469387755,-0.31367346938775503,0.3016326530612245,-0.42367346938775513,0.6809183673469388,-0.661938775510204,-0.7566326530612244,-0.016224489795918312,0.4855102040816327,10000
MARSIKKGPFVDDHLMKKVEAQDGSEKKQVIKTWSRRSTIFPNFIGHTFAVYDGRKHVPVYVTEDMVGHKLGEFAPTRTFKGHAADDKKTRR,0.19133547978260862,-0.057681204347826094,0.054795655434782556,0.24077035217391304,0.1929559608695652,0.2748913043478261,-0.10413043478260872,-0.18152173913043476,-0.033913043478260865,-0.02880434782608696,0.11402173913043477,0.08369565217391303,-0.03847826086956522,0.14728260869565216,-0.07684782608695652,-0.020326086956521727,-0.2629347826086957,0.1309782608695652,-0.4172934782608695,0.016847826086956542,-0.09052173913043475,0.25926086956521743,0.020282608695652186,0.1439130434782609,-0.057500000000000016,-0.08869565217391305,0.05967391304347827,0.2897826086956522,0.10141304347826091,-0.2828260869565218,-0.00869565217391306,0.07673913043478262,-0.0525,0.19663043478260872,-0.26347826086956516,0.34641304347826085,-0.31728260869565217,0.04257608695652173,-0.009989130434782603,-0.03915217391304348,-0.06666304347826087,-0.011999999999999997,-0.20010869565217385,0.10141304347826086,-1.691701086956522,-0.06022173913043469,0.7450130434782609,-1.0696739130434785,0.012391304347825996,-0.145,0.38706521739130434,-0.14652173913043479,0.15554347826086962,0.03380434782608695,0.2028260869565217,0.2192717391304348,0.02270652173913043,-0.010271739130434781,-0.05228260869565217,-0.7875869565217392,-0.1635217391304348,-0.1361413043478261,-0.06359782608695652,-0.11285869565217392,-0.23393478260869563,0.20804347826086958,0.27997826086956523,-0.27519239130434786,-0.3458978260869565,-0.26535108695652176,0.12920543478260868,0.5060423913043478,0.1944967391304348,-0.7070282608695652,-0.05973369565217397,-0.27467282608695653,0.04341630434782604,0.26162282608695653,-4.161521739130435,0.12663043478260871,-0.14804347826086958,0.08543478260869565,0.5606521739130435,-0.19663043478260867,-0.01826086956521739,-0.09184782608695652,0.00619565217391304,0.0802173913043478,-0.012934782608695645,0.31499999999999995,0.11978260869565219,-0.7604347826086958,0.1582608695652174,0.3142391304347827,-0.31804347826086954,0.2829347826086957,-0.29706521739130437,0.5122826086956522,-0.25586956521739124,-0.4840217391304349,-0.005217391304347794,0.1581521739130435,10000
MNPANYLYLSALLFTIGASGVLLRRNAIVMFMCVELMLNAVNLAFVTFARMHGHLDGQMIAFFTMVVAACEVVVGLAIIMTIFRTRKSASVDDANLLKG,-0.3664826364646465,-0.3035447006060606,0.13701620707070702,0.4939915565656564,0.0939564576767677,-0.25373737373737376,-0.3926262626262626,-0.19919191919191914,0.09383838383838386,-0.024343434343434354,0.26090909090909087,0.13,-0.02707070707070707,0.09212121212121213,0.033737373737373726,-0.3953535353535353,-0.28525252525252526,0.03050505050505051,0.04535353535353534,0.25101010101010096,-0.06483838383838379,0.5093333333333333,-0.05003030303030305,0.03543434343434345,-0.36181818181818187,-0.3266666666666667,0.15606060606060607,-0.18929292929292932,-0.06181818181818183,-0.32535353535353534,0.03232323232323232,0.11353535353535352,0.062121212121212126,0.054848484848484876,-0.4253535353535354,0.4891919191919192,-0.40353535353535347,-0.06288888888888888,0.04711111111111111,-0.1140808080808081,-0.04636363636363637,-0.0017777777777777815,-0.42323232323232324,-0.4995959595959596,1.8596898989898987,-1.8500565656565655,0.09068080808080806,1.2027272727272726,-1.2873737373737375,-0.6885858585858584,0.4236363636363636,-0.06757575757575762,0.20020202020202024,-0.06101010101010099,0.04666666666666666,0.23696969696969697,0.07433333333333333,-0.031565656565656575,-0.035838383838383836,-0.9112323232323232,-0.29487878787878785,-0.14083838383838382,0.053363636363636356,-0.22662626262626262,-0.24867676767676775,0.07931313131313131,0.1776868686868687,-1.350950505050505,-0.33424444444444457,0.1933878787878787,-0.36928787878787883,0.31050707070707073,0.030997979797979816,-2.109938383838384,0.272820202020202,-0.40902424242424235,-1.654590909090909,0.4333121212121212,-4.953030303030303,-0.14535353535353532,-0.09454545454545452,0.5207070707070707,0.6523232323232322,0.2756565656565657,-0.2914141414141414,-0.19595959595959597,-0.34484848484848485,0.03737373737373735,-0.36434343434343425,0.03898989898989895,-0.2377777777777778,-0.8794949494949496,0.19585858585858587,0.5454545454545454,-0.2754545454545454,-0.015656565656565643,-0.21313131313131314,-0.7152525252525253,-0.814949494949495,-0.281010101010101,-0.2412121212121212,0.21373737373737373,10000
MVKLSKEAKQRLQQLFKGGQFAIRWGFIPLVIYLGFTRGADPGMPEPSVLSLLWG,-0.130141762,-0.0028595394545454598,-0.15237727090909092,0.3843522272727274,0.02458790236363637,-0.05218181818181814,-0.16527272727272727,-0.11363636363636363,-0.20599999999999996,-0.08836363636363635,0.1689090909090909,0.1949090909090909,0.08945454545454548,0.08418181818181818,-0.040181818181818166,-0.31781818181818183,-0.21200000000000002,0.038727272727272714,-0.03194545454545455,-0.03294545454545452,0.007472727272727278,0.5182,0.14929090909090909,-0.029290909090909062,-0.051272727272727275,-0.15327272727272725,-0.03836363636363636,-0.11399999999999999,0.012000000000000009,-0.47745454545454546,0.32,-0.0025454545454545235,-0.1625454545454545,-0.02454545454545454,-0.30927272727272725,0.4769090909090908,-0.31109090909090914,-0.014745454545454553,0.045654545454545475,-0.043781818181818206,-0.09532727272727272,0.0544,-0.23145454545454547,-0.2798181818181818,0.7348545454545456,-1.0453927272727273,1.3465690909090915,0.07036363636363624,-0.8327272727272725,0.1516363636363636,0.3158181818181817,-0.5574545454545454,0.3765454545454546,0.023454545454545447,0.15563636363636366,0.22245454545454554,0.06809090909090909,-0.0005636363636363628,-0.08083636363636368,-0.8302909090909093,-0.17707272727272724,-0.04954545454545454,-0.005636363636363645,-0.3220727272727273,-0.2958727272727272,0.1234,0.3778181818181818,-0.35968181818181816,-0.4511836363636364,-0.1404327272727273,0.0180145454545454,0.5515545454545454,0.18771272727272723,-1.103061818181818,0.4333654545454545,-0.5762836363636363,-0.38086909090909105,0.3326381818181818,-4.3776363636363635,-0.12399999999999999,-0.28054545454545454,0.287090909090909,0.5903636363636363,0.1785454545454546,-0.07690909090909091,-0.15399999999999997,0.0641818181818181,0.12127272727272725,-0.44527272727272726,0.2285454545454545,-0.06745454545454545,-0.7974545454545455,0.20090909090909093,0.3950909090909091,-0.20909090909090902,0.17254545454545456,-0.4294545454545455,-0.622727272727273,-0.5645454545454546,-0.4614545454545454,-0.16054545454545457,0.2330909090909091,10000
MLRRKPTRLELKLDDIEEFESIRKDLETRKKQKEDVDIVGGSDGEGAIGLSSDPKSREQMINDRIGYKPQPKPNNRSSQFGNFEF,0.3717221005882354,0.03794526376470588,-0.19583455294117655,0.26808223647058826,-0.06137092176470586,0.49564705882352944,-0.14294117647058824,-0.21470588235294116,-0.10164705882352944,-0.060823529411764714,0.15623529411764703,-0.04388235294117648,0.07164705882352942,0.04858823529411765,-0.13929411764705882,0.1104705882352941,-0.29270588235294115,0.014235294117647047,-0.45198823529411764,-0.032599999999999955,-0.12387058823529412,0.3183411764705883,0.12084705882352942,-0.051517647058823494,0.04423529411764703,-0.0523529411764706,-0.1332941176470588,0.4024705882352942,-0.1403529411764706,-0.2737647058823529,0.09682352941176471,0.0503529411764706,-0.010588235294117631,-0.03835294117647061,-0.2664705882352941,0.2467058823529412,-0.25776470588235295,0.08598823529411766,-0.0196,-0.03495294117647058,-0.06541176470588235,0.023129411764705884,-0.20729411764705882,0.2556470588235295,-3.0194611764705876,0.1436976470588236,0.7149482352941178,-2.0223529411764707,0.28576470588235287,-0.36388235294117643,0.03282352941176473,-0.33058823529411757,0.16329411764705876,0.1321176470588236,0.042705882352941156,0.22262352941176478,-0.034317647058823536,-0.04502352941176471,-0.060835294117647064,-0.805164705882353,-0.1252823529411765,-0.1970117647058824,-0.061388235294117625,-0.021564705882352916,-0.07404705882352942,0.1488823529411765,0.2841058823529411,-0.039030588235294185,-1.125398823529412,-0.34678352941176466,0.15757176470588236,0.09591176470588238,0.28654470588235303,-0.1630929411764706,-0.696155294117647,-0.30382352941176466,0.6197364705882356,0.263775294117647,-4.200117647058823,0.5451764705882354,-0.1095294117647059,0.11129411764705881,0.5598823529411766,-0.34611764705882353,0.09823529411764706,-0.09741176470588236,0.17517647058823527,-0.18952941176470595,-0.015176470588235264,0.40094117647058813,0.11623529411764706,-0.7534117647058822,0.2650588235294118,0.27047058823529413,-0.3675294117647059,0.4143529411764706,-0.20164705882352943,0.8588235294117647,-0.102,-0.42470588235294127,-0.5609411764705883,0.32282352941176473,10000
GFVDLAKKVVGGIRNALGI,-0.2660537389473685,-0.02816759315789472,0.29361096842105255,0.7066469894736842,0.4359419405263159,-0.04421052631578946,-0.3936842105263158,0.0163157894736842,0.04052631578947369,-0.16631578947368425,0.441578947368421,0.2926315789473684,0.24421052631578946,0.07421052631578948,-0.0052631578947368515,-0.48157894736842105,-0.3684210526315789,0.14473684210526314,-0.21142105263157893,-0.09678947368421058,-0.21689473684210525,0.8307368421052632,-0.29036842105263155,0.029578947368421066,-0.10473684210526321,-0.5278947368421053,0.2742105263157895,-0.034736842105263205,-0.06736842105263159,-0.6073684210526317,0.22157894736842104,0.59,-0.1336842105263158,0.09421052631578948,-0.48578947368421055,0.2752631578947369,-0.3452631578947369,-0.015157894736842106,0.1063684210526316,-0.1115263157894737,-0.11047368421052632,-0.0011578947368421078,-0.8936842105263156,-0.3657894736842105,0.5962000000000005,-2.703210526315789,1.0918736842105263,-0.036842105263157995,-2.123684210526316,-0.11631578947368428,0.4110526315789474,-0.2889473684210526,0.8384210526315791,0.43894736842105264,-0.02052631578947369,0.2269473684210526,0.1310526315789474,-0.04194736842105263,-0.14326315789473684,-1.051684210526316,-0.314578947368421,-0.1767368421052632,0.12921052631578944,-0.39463157894736844,-0.5716842105263159,0.10515789473684208,0.6214736842105263,-2.477457894736842,-0.5427894736842106,0.06953157894736842,0.06777894736842102,0.9611684210526316,0.16091578947368423,-4.042473684210526,0.4930578947368421,-0.8616,-2.8701578947368422,0.8706157894736843,-5.750526315789474,-0.09894736842105253,-0.12,0.6642105263157895,1.0336842105263155,0.13736842105263158,-0.3742105263157895,-0.5047368421052632,-0.013684210526315813,0.07736842105263156,-0.6026315789473684,0.6247368421052631,-0.3821052631578947,-1.0057894736842108,0.27842105263157896,0.6189473684210527,-0.49157894736842106,0.13526315789473686,-0.5721052631578949,-0.23789473684210533,-1.373157894736842,-0.6752631578947369,-0.38578947368421046,0.2847368421052632,10000
MSSELTPLQRSVLDKYRFLAESLRELSETLSDLNNTHEDSKPEAILQEMREIEVKISLVSTLLKGSVYSLVIQRRMDHQQKPSDL,0.12730726470588236,-0.1445735418823529,-0.73978096,0.3849216470588235,-0.5098117168235294,0.2261176470588235,-0.2814117647058823,-0.38635294117647057,-0.06976470588235292,0.016352941176470594,0.13341176470588237,-0.0871764705882353,-0.0843529411764706,0.10317647058823529,0.006588235294117641,0.06329411764705879,-0.2885882352941176,-0.010235294117647068,-0.30798823529411773,0.2467058823529411,-0.0544705882352941,0.444964705882353,0.18195294117647057,0.03862352941176472,-0.2231764705882353,-0.08623529411764708,-0.007647058823529416,0.25141176470588233,-0.1528235294117647,-0.3865882352941176,-0.11705882352941176,-0.29447058823529415,-0.05317647058823531,0.07517647058823528,-0.36564705882352944,0.42117647058823515,-0.3252941176470589,0.030717647058823527,-0.024423529411764705,-0.08058823529411764,-0.07694117647058825,-0.001576470588235303,-0.14258823529411763,0.0635294117647059,-1.4783141176470587,-0.2371305882352941,0.36032117647058814,-0.8174117647058823,0.17388235294117643,-0.9577647058823531,0.3204705882352941,-0.27552941176470586,0.028941176470588234,0.07611764705882354,-0.015529411764705904,0.23459999999999998,-0.026199999999999998,-0.05865882352941176,-0.028435294117647066,-0.8107294117647058,-0.20989411764705884,-0.2535176470588235,-0.09328235294117648,0.029317647058823545,0.04920000000000001,0.11803529411764707,0.08409411764705882,0.4854011764705883,-1.5080576470588236,-0.05038941176470594,-0.09799294117647059,-0.12915529411764706,0.12781882352941176,0.5305341176470589,-0.7251576470588236,-0.36027529411764714,0.9170717647058824,0.17398588235294113,-4.246235294117646,0.4265882352941177,-0.018235294117647047,0.2251764705882353,0.4563529411764706,-0.1603529411764706,0.007882352941176467,-0.014117647058823542,-0.21000000000000002,-0.14341176470588238,-0.13894117647058826,0.13388235294117642,0.05752941176470586,-0.7589411764705881,0.21152941176470594,0.3438823529411765,-0.29917647058823527,0.24129411764705885,-0.015529411764705875,0.2729411764705882,-0.3003529411764707,-0.5301176470588236,-0.6381176470588235,0.34811764705882353,10000
MLKPLGDRVVLKVEEREQKVGGFVIAGAGQDATKTAKVIAVGEGIRTLNGELVAPSVKADDTVLVESHAGIEVKDGEEKYLVVNETNILAIVE,-0.021146360752688196,-0.22213840677419353,0.08327052473118275,0.6048012107526882,-0.052749452903225774,0.17752688172043007,-0.39569892473118284,-0.16967741935483874,-0.049354838709677405,-0.15086021505376343,0.2326881720430108,0.031505376344086025,0.06139784946236561,0.19838709677419353,0.10032258064516131,-0.19580645161290325,-0.4105376344086021,-0.007204301075268816,-0.4526236559139784,0.16708602150537635,-0.23824731182795694,0.651978494623656,-0.03449462365591399,-0.06293548387096772,-0.31688172043010754,-0.40612903225806446,0.09290322580645162,0.18666666666666665,-0.12784946236559142,-0.4333333333333334,0.011290322580645157,0.19150537634408601,-0.1693548387096774,0.09279569892473119,-0.4308602150537634,0.284516129032258,-0.36376344086021506,0.018838709677419355,0.03663440860215054,-0.13065591397849463,-0.07843010752688172,0.008655913978494623,-0.6994623655913978,-0.1056989247311828,-0.9871645161290323,-1.940979569892473,0.7212010752688174,-0.7346236559139784,-1.194193548387097,-0.8759139784946236,0.26817204301075265,-0.4327956989247312,0.5183870967741935,0.3059139784946236,-0.06440860215053763,0.23125806451612904,0.06582795698924733,-0.07329032258064518,-0.09513978494623655,-0.9794623655913978,-0.3713118279569892,-0.2778602150537634,0.02816129032258064,-0.14538709677419354,-0.34076344086021504,0.10184946236559139,0.3413118279569892,-2.0311,-0.8065258064516128,0.027840860215053744,0.1661623655913978,0.31541505376344087,0.32220107526881725,-2.757703225806452,-0.09123978494623658,-0.36298279569892455,-2.3628032258064517,0.2974913978494623,-5.275483870967742,0.06505376344086024,0.06892473118279573,0.46268817204301077,0.8177419354838711,-0.08634408602150537,-0.2646236559139785,-0.34043010752688174,-0.21591397849462377,-0.19956989247311835,-0.4736559139784946,0.43526881720430105,-0.12946236559139787,-0.926451612903226,0.19666666666666663,0.5108602150537634,-0.5174193548387096,0.09279569892473119,-0.305483870967742,0.21440860215053756,-1.078064516129032,-0.5959139784946238,-0.7446236559139785,0.27268817204301077,10000
MSRSLKKGPFVADHLLKKIEKLNAKGKKVVIKTWSRSSMIVPPMIGHTIGVYNGREHIPVFVSDQMVGHRLGEFSPTRTYRGHAKKDKKAKR,0.14067083152173912,0.006216711956521727,0.0011178402173912141,0.27428528043478256,0.27816944456521736,0.22369565217391307,-0.17717391304347824,-0.22304347826086957,-0.07195652173913042,0.02065217391304347,0.1303260869565217,0.19434782608695655,-0.018152173913043475,0.0742391304347826,-0.05934782608695653,-0.08869565217391302,-0.2391304347826087,0.22195652173913039,-0.36277173913043476,-0.004402173913043471,-0.07671739130434778,0.33106521739130435,0.056391304347826084,0.21866304347826088,-0.024891304347826083,-0.10119565217391305,0.14891304347826087,0.2508695652173913,0.19130434782608696,-0.3645652173913043,0.018586956521739115,0.02554347826086956,-0.14836956521739128,0.19467391304347825,-0.35934782608695653,0.4045652173913044,-0.273804347826087,0.033532608695652166,0.0011956521739130428,-0.03457608695652174,-0.09314130434782608,-0.01966304347826087,-0.2201086956521738,0.034456521739130434,-1.207361956521739,-0.14260000000000003,1.0913402173913045,-0.8645652173913042,-0.11173913043478267,0.03217391304347829,0.7133695652173913,-0.2448913043478261,0.22315217391304346,0.09717391304347824,0.04347826086956521,0.2239456521739131,0.04583695652173913,-0.0066413043478260846,-0.0649891304347826,-0.8125434782608696,-0.15169565217391306,-0.12028260869565216,-0.042510869565217387,-0.1788913043478261,-0.1971739130434783,0.23475,0.2703586956521739,0.058941304347826094,-0.6571804347826088,-0.3069119565217392,-0.1128836956521739,0.6096260869565218,0.07686630434782611,-0.6091315217391304,0.019005434782608653,-0.49960217391304335,0.40174456521739127,0.3592978260869565,-4.316630434782608,0.1407608695652174,-0.3001086956521739,0.2228260869565217,0.5177173913043477,-0.13999999999999999,-0.07000000000000002,-0.0958695652173913,0.03239130434782607,0.24217391304347827,-0.13499999999999998,0.39934782608695646,0.09532608695652174,-0.7819565217391304,0.2222826086956522,0.38043478260869557,-0.17054347826086955,0.29130434782608694,-0.28880434782608705,0.3043478260869565,-0.3678260869565217,-0.6242391304347826,0.135,0.2121739130434782,10000
MNIRPLHDRVIIKREEVETRSAGGIVLTGSAATKSTRAKVLAVGKGRILENGTVQPLDVKVGDIVIFNDGYGVKSEKIDGEEVLIISENDILAIVE,-0.022414715729166673,-0.09792166583333332,0.13809975208333328,0.5454161395833333,0.05675500260416666,0.16385416666666666,-0.3910416666666667,-0.17916666666666667,0.006250000000000002,-0.1434375,0.26177083333333334,0.027499999999999997,0.04062500000000001,0.10927083333333333,0.052083333333333315,-0.155,-0.37177083333333333,0.03166666666666665,-0.3467604166666667,0.07302083333333337,-0.18006249999999993,0.5810520833333332,-0.06156250000000002,0.022843749999999996,-0.18114583333333334,-0.3411458333333333,0.23625,0.20000000000000004,-0.20604166666666668,-0.338125,-0.07989583333333333,0.19583333333333333,-0.1108333333333333,-0.004687500000000007,-0.4445833333333334,0.3051041666666667,-0.3480208333333333,0.01596875,0.03854166666666667,-0.09734375,-0.08483333333333333,-0.018072916666666668,-0.5719791666666666,-0.07541666666666667,-0.8785864583333334,-1.5814677083333333,0.68185625,-0.6651041666666669,-0.9892708333333333,-0.7854166666666665,0.28572916666666665,-0.2635416666666666,0.3645833333333333,0.43083333333333335,-0.1015625,0.23133333333333336,0.05300000000000001,-0.06582291666666666,-0.08348958333333334,-0.9426666666666667,-0.35109375,-0.29878125,0.0050104166666666596,-0.11060416666666667,-0.2594270833333334,0.11366666666666665,0.2710729166666667,-1.4223937500000001,-1.0785041666666666,0.11173020833333336,0.00533541666666663,0.33020833333333327,0.23756354166666668,-2.0379125000000005,-0.23869791666666673,-0.44364479166666665,-1.5251260416666668,0.4505135416666666,-5.063020833333333,0.1586458333333333,0.049687500000000016,0.4416666666666667,0.7511458333333333,-0.08927083333333331,-0.19385416666666666,-0.2813541666666666,-0.20843750000000003,-0.1526041666666667,-0.40395833333333336,0.40177083333333335,-0.08177083333333332,-0.8919791666666667,0.19822916666666668,0.48760416666666667,-0.45458333333333334,0.1696875,-0.24677083333333336,0.23364583333333325,-0.9326041666666667,-0.6385416666666668,-0.6924999999999999,0.2669791666666667,10000
MSAKNDNLFEKKLARLQEIVGALESGDLPLEKGMALYKEGATCARYCRQQLDKARHELEIWQDGQANPMSSQGHTAGEYPDDEAEEAEEA,0.23889954355555554,-0.2626433607777778,-0.25584177777777783,0.31988200111111104,-0.18574595633333332,0.40911111111111104,-0.14144444444444443,-0.12322222222222222,-0.08455555555555556,0.030333333333333327,0.11333333333333333,-0.026444444444444444,0.09022222222222222,0.24066666666666667,0.057222222222222216,0.015888888888888897,-0.3691111111111111,-0.051111111111111114,-0.3264444444444444,0.20138888888888892,-0.24795555555555554,0.3716777777777778,0.056333333333333326,-0.2784888888888889,-0.2955555555555555,-0.2422222222222222,-0.4003333333333333,0.25399999999999995,-0.22777777777777775,-0.22211111111111112,0.1411111111111111,0.05366666666666667,-0.06477777777777775,-0.009444444444444434,-0.2341111111111111,0.2384444444444444,-0.3288888888888889,0.06887777777777779,-0.013033333333333329,-0.10928888888888887,-0.012844444444444443,0.06853333333333333,-0.5152222222222221,0.14511111111111114,-2.5236433333333332,-0.9335111111111112,0.19664444444444457,-1.575333333333333,-0.38888888888888906,-0.6641111111111111,-0.06900000000000002,-0.3933333333333334,0.4635555555555556,-0.20011111111111113,0.0021111111111110836,0.22527777777777777,-0.009233333333333331,-0.05293333333333334,-0.044588888888888886,-0.8794222222222223,-0.1875777777777778,-0.21278888888888886,-0.04598888888888889,-0.011588888888888881,-0.32881111111111117,0.15574444444444444,0.40248888888888895,-1.2123177777777778,-0.6196577777777776,-0.2670844444444445,0.3831544444444445,-0.13354666666666665,0.23105888888888895,-1.5175288888888885,-0.5646644444444444,-0.13081666666666664,-1.106251111111111,0.15668777777777781,-4.718666666666666,0.24633333333333335,0.03155555555555555,0.17955555555555552,0.7751111111111112,-0.25833333333333336,-0.08433333333333336,-0.24977777777777782,0.09855555555555551,-0.3003333333333334,-0.1367777777777778,0.36288888888888887,-0.1108888888888889,-0.8361111111111111,0.18588888888888888,0.40377777777777774,-0.4838888888888889,0.3651111111111111,-0.21700000000000003,0.7563333333333333,-0.40700000000000003,-0.14122222222222225,-0.5955555555555556,0.28244444444444444,10000
MLPKATVKRIMKQHTDFNISAEAVDELCNMLEEIIKITTEVAEQNARKEGRKTIKARDIKQCDDERLKRKIMELSERTDKMPILIKEMLNVITSEL,0.2393290211458333,-0.4137544253125,0.25847228437499997,0.2763542041666666,0.12625664208333331,0.24354166666666666,-0.36614583333333334,-0.3967708333333333,-0.11520833333333332,0.07052083333333335,0.1396875,-0.1284375,-0.021770833333333333,0.07541666666666669,-0.02677083333333334,0.03885416666666667,-0.26156250000000003,0.018020833333333337,-0.29231250000000003,0.41459375000000004,-0.04393749999999997,0.31270833333333325,0.066875,0.10134375000000001,-0.42635416666666665,-0.046354166666666675,0.021145833333333326,0.36270833333333324,-0.12104166666666666,-0.1869791666666667,0.08520833333333333,-0.07416666666666669,0.01322916666666668,-0.04489583333333335,-0.40124999999999994,0.335625,-0.21260416666666668,0.027249999999999996,-0.06505208333333334,-0.10404166666666666,-0.05683333333333334,-0.002354166666666669,-0.049166666666666616,0.09802083333333335,-1.5308062499999997,0.28510312500000007,0.3370906249999999,-0.7066666666666669,0.44697916666666665,-1.1067708333333333,0.40343750000000006,-0.2714583333333333,0.2069791666666667,0.05375,0.004687499999999993,0.23653125,-0.023947916666666662,-0.061083333333333344,-0.08234375000000001,-0.796125,-0.25667708333333333,-0.22525000000000003,-0.045333333333333316,-0.007010416666666658,0.20705208333333336,0.17946874999999998,0.04399999999999999,-0.6082552083333334,-1.1001604166666668,-0.053338541666666704,-0.422284375,-0.026089583333333333,0.3615541666666666,-0.8442,-0.577790625,-0.22001770833333337,-0.4915874999999998,-0.1967604166666667,-4.226875,0.65,-0.16479166666666664,0.4007291666666666,0.38739583333333333,-0.20916666666666664,0.023229166666666638,0.0477083333333333,-0.20864583333333334,-0.07427083333333338,-0.09875,0.2870833333333333,0.020625000000000008,-0.755,0.36114583333333333,0.3983333333333334,-0.189375,0.2020833333333333,0.057708333333333334,0.4041666666666665,-0.3313541666666667,-0.6904166666666667,-0.4652083333333333,0.21739583333333334,10000
MSRKCDLTGVGVLYGNNVSHSQRKTRRRFEPNLRSVKFKSDITSGAYRLLVNARCISSVEKAGGFDAYILKADDNVLSSAARAIKKKIIQTKTAKSL,0.08493912432989693,-0.004136970103092785,-0.2707147711340207,0.45039742474226796,0.0986261143298969,0.2095876288659794,-0.2921649484536083,-0.15000000000000002,0.01783505154639175,0.11577319587628866,0.24618556701030928,0.10134020618556701,-0.07453608247422679,0.14783505154639176,-0.09597938144329896,-0.047319587628865976,-0.2995876288659794,0.2103092783505155,-0.3188865979381444,0.030886597938144335,-0.15698969072164948,0.4538762886597938,-0.09695876288659795,0.2353711340206186,-0.061340206185567014,-0.2295876288659794,0.19989690721649486,0.27896907216494843,-0.1388659793814433,-0.41154639175257735,-0.008144329896907198,-0.00845360824742269,-0.041546391752577315,0.07402061855670099,-0.41432989690721655,0.36422680412371133,-0.30195876288659795,0.03878350515463917,0.015752577319587627,-0.06585567010309279,-0.09238144329896905,-0.05145360824742268,-0.4443298969072164,0.030515463917525767,-1.6644103092783504,-0.672798969072165,0.4350164948453608,-0.9245360824742269,-0.3643298969072167,-0.3887628865979382,0.6440206185567009,0.06319587628865982,0.23989690721649484,0.22845360824742267,0.1888659793814433,0.2287422680412371,0.02988659793814434,-0.045597938144329886,-0.03121649484536083,-0.8829175257731957,-0.21450515463917527,-0.2384742268041237,-0.00027835051546390806,-0.09774226804123712,-0.3134329896907217,0.16559793814432988,0.3079381443298969,-0.10452061855670094,-1.0938546391752577,-0.22982268041237114,-0.07237731958762883,0.48943092783505165,-0.0026639175257731898,-0.7917092783505153,-0.43194432989690723,-0.6336319587628866,0.48882989690721634,0.8144443298969072,-4.752474226804123,0.2769072164948454,-0.04927835051546387,0.3036082474226804,0.7329896907216494,-0.19206185567010303,-0.10742268041237116,-0.18216494845360826,-0.09051546391752577,0.13453608247422677,-0.07051546391752578,0.2778350515463917,-0.07463917525773198,-0.8429896907216494,0.22783505154639178,0.42515463917525775,-0.42391752577319586,0.2723711340206186,-0.2323711340206186,0.5143298969072164,-0.5031958762886598,-0.525257731958763,-0.3029896907216494,0.27804123711340206,10000
MARKALIEKWNKTPKYSTRAYTRCRICGRPHAVLKKYGICRICFRELAYKGEIPGCKKASW,0.13780925524590165,-0.04898135852459016,0.5190250655737705,0.18211824426229506,0.6789800786885246,0.07229508196721308,-0.15754098360655736,-0.06540983606557373,-0.10999999999999999,0.27934426229508197,0.011639344262295096,0.17196721311475413,-0.01000000000000001,0.14540983606557376,-0.12147540983606558,-0.09573770491803281,-0.14852459016393443,0.2622950819672131,-0.13585245901639348,0.05152459016393446,-0.030573770491803237,0.1477049180327869,-0.029639344262295086,0.33814754098360655,-0.04065573770491805,-0.008196721311475417,0.15655737704918032,0.1781967213114754,-0.179344262295082,-0.18213114754098364,0.34229508196721303,-0.04737704918032782,-0.04639344262295081,0.1716393442622951,-0.32475409836065583,0.38032786885245895,-0.1352459016393443,0.018721311475409834,-0.017688524590163936,-0.014934426229508198,-0.0699672131147541,-0.034114754098360664,-0.05098360655737703,0.06999999999999999,-0.6976639344262295,0.5200524590163935,0.7010393442622951,-0.2793442622950822,0.16688524590163922,0.31196721311475406,0.6542622950819672,-0.07606557377049182,0.35983606557377046,0.12409836065573768,0.1378688524590164,0.22345901639344262,0.051016393442622945,0.014098360655737706,-0.04004918032786886,-0.7433278688524589,-0.1507868852459017,-0.04957377049180328,-0.006327868852459019,-0.23145901639344266,-0.2779672131147542,0.27432786885245897,0.2748360655737705,0.10615409836065594,-0.3196754098360656,-0.39930000000000004,-0.22561475409836068,0.5268131147540984,0.06103934426229509,-0.6992163934426228,0.02023934426229504,-0.4869983606557377,0.5198426229508196,0.5586163934426228,-3.974754098360656,0.19213114754098365,-0.33852459016393444,0.19934426229508198,0.5259016393442623,-0.11999999999999998,0.027868852459016383,0.018524590163934415,0.1262295081967213,0.3724590163934426,-0.03590163934426229,0.28262295081967204,0.04213114754098362,-0.7309836065573772,0.2668852459016394,0.370327868852459,-0.16147540983606554,0.2824590163934426,-0.2327868852459016,0.24852459016393438,-0.2024590163934426,-0.456065573770492,0.24590163934426224,-0.08426229508196724,10000
MSKEDSFEMEGTVADTLPNTMFRVELENGHVVTAHISGKMRKNYIRILTGDKVRVELTPYDLSKGRITYRAR,0.13008021069444445,-0.08653336777777779,0.3515092638888889,0.35729244444444447,0.2807799990277778,0.2026388888888889,-0.21097222222222223,-0.2504166666666667,-0.0037499999999999816,-0.020000000000000004,0.19541666666666668,0.042222222222222223,-0.09916666666666668,0.0748611111111111,-0.022916666666666672,-0.010138888888888907,-0.27708333333333335,0.08416666666666665,-0.3428333333333334,0.0745416666666667,-0.08130555555555556,0.3358055555555555,0.0002777777777777657,0.13287500000000002,-0.09138888888888891,-0.11652777777777779,0.1734722222222222,0.26916666666666667,-0.10444444444444445,-0.21333333333333332,-0.0054166666666666495,0.05972222222222223,-0.11055555555555555,0.18875000000000006,-0.3288888888888889,0.365,-0.31083333333333335,0.02868055555555556,-0.0027222222222222214,-0.05388888888888889,-0.06475000000000002,-0.028472222222222225,-0.19013888888888886,0.03736111111111113,-1.3721333333333334,-0.3139194444444444,0.40694583333333334,-0.7749999999999999,-0.11722222222222224,-0.44833333333333336,0.29000000000000004,-0.10124999999999999,0.14486111111111116,0.15472222222222226,0.0484722222222222,0.22758333333333333,0.014680555555555554,-0.03358333333333333,-0.02248611111111112,-0.808,-0.19758333333333333,-0.19234722222222222,-0.041152777777777774,-0.04923611111111111,-0.16881944444444452,0.138875,0.1818611111111111,-0.3997513888888888,-0.7681055555555554,-0.14114166666666667,-0.03269027777777775,0.17805833333333332,0.17347083333333335,-0.7305041666666665,-0.4270791666666667,-0.2708111111111111,-0.13734166666666667,0.3805111111111111,-4.296805555555555,0.3127777777777778,-0.07652777777777774,0.2230555555555556,0.557638888888889,-0.1593055555555555,-0.02680555555555559,-0.08930555555555555,-0.050694444444444445,-0.04083333333333333,-0.10152777777777779,0.2622222222222222,0.01930555555555555,-0.7729166666666667,0.23111111111111113,0.3523611111111112,-0.34875,0.21027777777777773,-0.1527777777777778,0.37861111111111106,-0.40569444444444447,-0.5618055555555556,-0.33819444444444435,0.11527777777777776,10000
MAVPKKRTSTSKKRIHKNIWKRKGYSIALKAFSLAKSLSTGNSKSFFVRQTKINK,0.22965396072727268,-0.010065089272727267,-0.08930634181818192,0.2987679945454545,0.3679848405454545,0.2467272727272727,-0.1972727272727272,-0.23763636363636367,-0.09727272727272723,0.21,0.25527272727272726,0.17472727272727276,-0.20381818181818184,0.14290909090909087,-0.2109090909090909,0.024000000000000004,-0.20072727272727278,0.3634545454545454,-0.30876363636363635,0.04623636363636363,-0.02439999999999998,0.3890727272727273,-0.04565454545454545,0.40870909090909097,-0.04127272727272729,-0.041090909090909095,0.21600000000000003,0.38345454545454544,0.16181818181818186,-0.5445454545454544,0.056,-0.12454545454545454,-0.1381818181818182,-0.02690909090909091,-0.408,0.4692727272727272,-0.22927272727272732,0.047599999999999996,-0.021163636363636364,-0.038272727272727264,-0.13385454545454545,-0.053145454545454565,-0.14236363636363633,0.1058181818181818,-1.9044418181818181,0.4345836363636361,1.050198181818182,-1.0927272727272732,0.3839999999999999,-0.0661818181818182,1.1867272727272729,-0.07981818181818183,0.21290909090909094,0.1807272727272727,0.3178181818181818,0.23047272727272725,0.028345454545454542,-0.004927272727272726,-0.03270909090909091,-0.7861999999999999,-0.16927272727272735,-0.1664,-0.06096363636363636,-0.12943636363636363,-0.14410909090909096,0.22389090909090908,0.26754545454545453,1.1673654545454546,-1.0972654545454548,-0.3727563636363636,-0.31572000000000006,0.8908181818181817,0.055759999999999976,0.4195581818181818,-0.22471090909090904,-0.8261563636363636,2.0727672727272726,0.559069090909091,-4.197818181818183,0.3405454545454546,-0.2774545454545454,0.21872727272727271,0.5276363636363636,-0.2221818181818182,0.004545454545454507,-0.01654545454545455,-0.03472727272727272,0.4654545454545454,0.012000000000000002,0.3085454545454545,-0.017636363636363655,-0.7621818181818181,0.2667272727272727,0.3536363636363637,-0.2018181818181818,0.3412727272727272,-0.25163636363636366,0.44472727272727275,-0.19163636363636363,-0.7632727272727273,0.11472727272727277,0.29890909090909085,10000
MANSPSAKKRAIQAEKRRSHNASLRSMVRTYIKNVVKAIDAKDLDKARAAYTAAVPVIDRMADKGIIHKNKAARHKSRLNGHIKALGEAAAA,0.17222429554347818,-0.2856521567391304,-0.1916868793478262,0.4661121608695653,0.2187197691304348,0.32239130434782604,-0.32456521739130445,-0.19597826086956516,-0.008804347826086962,0.14847826086956523,0.16739130434782606,0.2023913043478261,-0.021739130434782608,0.24663043478260868,-0.007282608695652176,-0.09108695652173912,-0.31413043478260877,0.2528260869565217,-0.3488804347826086,0.2322608695652175,-0.2051195652173913,0.4571630434782609,-0.01785869565217392,0.16919565217391302,-0.328695652173913,-0.28771739130434787,-0.001086956521739134,0.3390217391304348,-0.12043478260869567,-0.38152173913043486,-0.10771739130434779,0.009347826086956518,0.03663043478260869,0.010543478260869567,-0.4298913043478259,0.3177173913043478,-0.2782608695652175,0.04902173913043479,-0.016217391304347826,-0.11576086956521738,-0.08191304347826087,-0.011673913043478257,-0.5409782608695651,0.000869565217391281,-2.12635652173913,-0.7332815217391304,0.6858804347826085,-1.0669565217391301,-0.3109782608695654,-0.6617391304347827,0.9291304347826087,-0.061304347826086965,0.3241304347826086,-0.08967391304347823,0.13663043478260872,0.22988043478260875,0.04731521739130436,-0.04186956521739129,-0.07592391304347826,-0.9038152173913047,-0.2279673913043479,-0.26784782608695645,-0.0216195652173913,-0.1145217391304348,-0.38002173913043474,0.26621739130434785,0.3833695652173914,-0.879425,-0.9593847826086955,-0.05518260869565224,-0.07171195652173912,0.5271739130434784,-0.07488152173913043,-1.65958152173913,-0.24498152173913043,-0.5277673913043478,-0.5368141304347828,0.7908021739130436,-4.934673913043478,0.19858695652173922,-0.08304347826086954,0.37097826086956515,0.7704347826086958,-0.24445652173913046,-0.1334782608695652,-0.21271739130434783,-0.15065217391304347,0.1942391304347825,-0.09239130434782612,0.44923913043478253,-0.017608695652173937,-0.872934782608696,0.21652173913043476,0.4981521739130433,-0.4169565217391305,0.25445652173913047,-0.23423913043478264,0.7032608695652173,-0.4386956521739131,-0.5335869565217392,0.040108695652173856,0.49771739130434767,10000
MAPPQHLCGSHLVDALYLVCGDRGFFYNPKGIVDQCCHRPCDIFDLQNYCN,-0.15566739960784315,0.20371026176470589,-0.49368929607843137,0.050167419607843114,-0.2602089192156863,-0.005686274509803922,-0.13686274509803925,0.03431372549019608,0.22803921568627453,0.023921568627450995,-0.11235294117647059,0.0033333333333333192,0.12196078431372548,-0.04098039215686272,-0.02254901960784316,-0.183921568627451,-0.3,-0.04666666666666666,-0.052803921568627454,-0.1821960784313725,-0.17290196078431372,-0.020725490196078444,0.041803921568627424,-0.11258823529411763,0.18627450980392157,-0.18588235294117647,-0.030980392156862747,-0.17529411764705885,0.002549019607843158,0.01215686274509804,0.13078431372549018,0.06176470588235295,0.3692156862745098,0.16431372549019607,-0.19156862745098038,0.367843137254902,-0.4223529411764706,-0.0028235294117647082,0.05658823529411764,0.014607843137254899,0.03368627450980391,-0.006078431372549018,-0.40176470588235297,-0.07901960784313719,0.4940019607843137,-0.9947588235294117,-0.3776745098039216,0.14039215686274514,-0.8354901960784312,0.24784313725490198,-0.28411764705882353,0.18764705882352942,-0.15901960784313723,0.034901960784313756,-0.14647058823529413,0.21592156862745102,0.015352941176470588,-0.025960784313725487,-0.0036666666666666683,-0.8447450980392157,-0.14280392156862745,-0.05068627450980392,0.017,-0.12515686274509802,-0.27050980392156865,0.10280392156862746,0.0811176470588235,-1.3816000000000002,0.29847058823529415,0.06634313725490193,0.020527450980392138,-0.1082,-0.124678431372549,-1.4795137254901962,0.19194313725490195,0.15847450980392153,-1.6009294117647057,0.17322156862745106,-4.476274509803921,-0.3180392156862744,-0.02509803921568629,0.09431372549019607,0.5852941176470587,0.05509803921568632,-0.19470588235294117,-0.17,0.011764705882352934,-0.11803921568627451,0.01568627450980393,-0.037450980392156906,0.0688235294117647,-0.8056862745098039,0.005294117647058833,0.3843137254901961,-0.2690196078431373,0.233921568627451,-0.21823529411764703,0.008431372549019567,-0.25686274509803925,0.44784313725490194,-0.1533333333333333,0.040392156862745124,10000
FLSLIPHAINAVSAIAKHN,-0.33353563105263156,-0.23947410947368422,-0.5033209421052632,0.47561126315789465,-0.21762211421052632,-0.0773684210526316,-0.3731578947368421,-0.21789473684210525,0.2905263157894737,-0.05315789473684209,0.10368421052631578,0.2526315789473685,-0.12105263157894736,0.14736842105263157,0.08,-0.3536842105263158,-0.3357894736842106,0.1236842105263158,0.12489473684210525,0.20368421052631583,-0.11468421052631578,0.5431052631578946,0.16794736842105262,-0.0703684210526316,-0.3505263157894737,-0.4031578947368421,0.04368421052631581,-0.18157894736842103,-0.007368421052631606,-0.46947368421052643,-0.41999999999999993,-0.02263157894736842,0.40789473684210525,-0.29105263157894745,-0.41842105263157897,0.5336842105263158,-0.4921052631578948,-0.041789473684210536,0.05489473684210526,-0.11368421052631579,-0.07194736842105263,0.028263157894736834,-0.6426315789473684,-0.4415789473684209,1.3879578947368423,-2.2056368421052635,0.7203631578947369,0.8047368421052633,-1.3757894736842107,-0.8063157894736842,0.9973684210526317,-0.2157894736842105,-0.09894736842105267,-0.023157894736842103,-0.3589473684210526,0.24205263157894732,0.104,-0.003947368421052635,-0.04547368421052631,-0.9385263157894739,-0.4208947368421053,-0.28800000000000003,-0.111,-0.1542105263157894,-0.27731578947368424,0.15231578947368418,0.11505263157894739,-1.1992526315789473,-0.701478947368421,1.038163157894737,-0.27240000000000003,0.6009052631578947,-0.2806631578947368,-1.446331578947368,0.6682842105263158,-0.3742684210526316,-1.6405473684210528,0.42994736842105263,-5.11421052631579,-0.6568421052631578,0.1168421052631579,0.35473684210526313,0.6626315789473682,0.22526315789473686,-0.3536842105263158,-0.25947368421052636,-0.5768421052631579,0.14736842105263157,-0.4315789473684211,0.1594736842105263,-0.008947368421052627,-0.9121052631578946,-0.1405263157894737,0.5578947368421053,-0.30315789473684207,0.09999999999999999,-0.2905263157894737,-0.506842105263158,-0.6110526315789473,-0.10210526315789475,0.004210526315789524,0.7405263157894737,10000
MEIKYLLTVFLVLLIVSDHCQAFLFSLIPSAISGLISAFKGRRKRDLNGYIDHFKNFRKRDAELEELLSKLPIY,-0.08018151905405407,-0.19692542675675678,-0.19702919459459461,0.3698485527027027,-0.07828742040540537,-0.10405405405405407,-0.21148648648648644,-0.32378378378378375,0.05527027027027028,-0.019864864864864874,0.15824324324324324,0.041351351351351345,0.039729729729729726,0.08216216216216217,-0.13135135135135134,-0.17486486486486483,-0.18351351351351353,0.013243243243243247,0.007135135135135109,0.2181621621621622,0.1265945945945946,0.5086621621621622,0.06597297297297298,0.07100000000000001,-0.20675675675675675,-0.02364864864864865,0.04162162162162161,-0.02824324324324326,-0.18027027027027026,-0.5463513513513514,0.0477027027027027,0.010135135135135124,0.1940540540540541,0.1033783783783784,-0.3171621621621622,0.4164864864864865,-0.27135135135135136,-0.02870270270270269,-0.005635135135135135,-0.06786486486486487,-0.09300000000000001,0.02243243243243243,0.0351351351351352,-0.2128378378378378,0.8246621621621623,-0.165404054054054,0.6231513513513515,0.5014864864864863,-0.11716216216216231,-0.5618918918918918,0.3162162162162163,-0.3505405405405405,0.1645945945945946,0.13405405405405404,-0.023243243243243224,0.23543243243243245,0.020729729729729734,0.007702702702702706,-0.06878378378378378,-0.7580945945945945,-0.2076891891891892,-0.0840945945945946,-0.07686486486486487,-0.19059459459459463,0.05260810810810808,0.07320270270270268,0.17589189189189194,0.2675121621621622,-0.8763945945945946,0.3228608108108107,-0.2303216216216216,0.30955405405405406,0.22206891891891897,0.018427027027027122,0.06324729729729728,-0.5494175675675675,0.46554594594594595,0.23039324324324317,-3.9867567567567574,0.19418918918918923,-0.16554054054054054,0.2551351351351351,0.4256756756756756,0.1294594594594595,0.05054054054054054,0.0485135135135135,-0.18243243243243243,0.04959459459459457,-0.2322972972972973,0.15527027027027024,-0.05297297297297297,-0.7295945945945946,0.2133783783783784,0.3314864864864865,-0.19972972972972974,0.16878378378378375,-0.18391891891891893,-0.46243243243243254,-0.25864864864864867,-0.4750000000000001,-0.3064864864864864,0.26581081081081087,10000
MAHHKSAKKRIRQTERRTEVNRARVSRIRTYVKKVELAIAGGDSAAAQAALQEAQPELMKGAQAGILHKNTASRKVSRLVARVKEMKSLA,0.1945801977777777,-0.3484905661111111,-0.14091049000000008,0.5178633944444445,0.2273505881111111,0.3188888888888889,-0.32211111111111107,-0.28011111111111103,-0.1373333333333333,0.21400000000000002,0.1896666666666667,0.19044444444444444,-0.02777777777777777,0.286,0.05066666666666665,-0.05499999999999998,-0.2858888888888889,0.2374444444444444,-0.42292222222222214,0.3379888888888889,-0.19307777777777776,0.48549999999999993,-0.0018222222222222158,0.30611111111111117,-0.43022222222222223,-0.24499999999999997,0.095,0.41622222222222216,-0.14011111111111113,-0.3438888888888889,0.0692222222222222,-0.09333333333333334,-0.11677777777777776,0.03999999999999998,-0.42611111111111105,0.38377777777777783,-0.21755555555555559,0.0457,-0.0323888888888889,-0.1298888888888889,-0.09224444444444446,-0.030511111111111117,-0.4214444444444443,0.0601111111111111,-2.2851000000000004,-0.4764966666666666,0.64287,-1.0645555555555555,-0.11633333333333352,-0.6903333333333332,0.9955555555555555,-0.0797777777777778,0.5134444444444445,-0.10066666666666665,0.15477777777777782,0.23102222222222224,0.035011111111111125,-0.05065555555555556,-0.07703333333333334,-0.8832,-0.21121111111111115,-0.25126666666666664,-0.005066666666666665,-0.1319111111111111,-0.3320111111111111,0.3030111111111111,0.42354444444444445,-0.4981155555555556,-1.1300733333333335,-0.4553655555555556,0.06772222222222223,0.44763000000000003,-0.023731111111111085,-1.3787766666666665,-0.4625733333333334,-0.6158122222222222,-0.047793333333333306,0.6937833333333333,-4.77588888888889,0.43844444444444447,-0.13777777777777775,0.3651111111111111,0.7313333333333333,-0.2836666666666667,-0.1327777777777778,-0.1612222222222222,-0.11133333333333335,0.22222222222222215,-0.13500000000000004,0.4507777777777777,-0.05400000000000001,-0.846,0.30799999999999994,0.4702222222222222,-0.4255555555555555,0.2516666666666667,-0.18044444444444446,0.7086666666666668,-0.5463333333333332,-0.8432222222222222,-0.08866666666666663,0.3611111111111111,10000
MAKEDVIEVEGTVIEPLPNAMFRVELENGHKILAHVSGKIRMHFIRILPGDKVTVELSPYDLTRGRITYRYK,0.04227999458333334,-0.14125421944444444,0.38493145833333325,0.3586252416666667,0.22703506236111112,0.08708333333333335,-0.2359722222222222,-0.3104166666666667,-0.010555555555555528,-0.10180555555555555,0.09541666666666668,0.08236111111111111,0.004722222222222229,0.06555555555555555,0.01277777777777777,-0.12888888888888891,-0.24430555555555555,0.030555555555555558,-0.2630694444444444,0.1267222222222222,-1.3888888888881192e-05,0.38175000000000003,0.11499999999999999,0.09311111111111112,-0.15597222222222223,-0.08930555555555555,0.17041666666666666,0.13930555555555557,-0.08291666666666665,-0.27625,-0.009861111111111117,0.07930555555555555,-0.012916666666666656,0.14583333333333334,-0.33222222222222225,0.3858333333333333,-0.2816666666666667,-0.0005138888888888878,-0.0015277777777777761,-0.05605555555555556,-0.07755555555555554,-0.0001944444444444477,-0.10055555555555555,-0.08749999999999997,-0.2296097222222223,-0.3635569444444444,0.8386416666666667,-0.18777777777777768,-0.22597222222222227,-0.4595833333333334,0.3309722222222222,-0.36166666666666664,0.15847222222222224,0.21055555555555555,-0.1518055555555556,0.22973611111111117,0.03758333333333334,-0.014499999999999997,-0.07005555555555557,-0.7920277777777778,-0.23726388888888886,-0.14255555555555555,-0.05773611111111111,-0.14756944444444445,-0.07309722222222223,0.1353888888888889,0.14855555555555555,-0.6224805555555555,-0.6953402777777777,0.1275986111111111,-0.08127222222222226,0.2212472222222222,0.2361902777777778,-0.9042083333333333,-0.009084722222222211,-0.25950694444444444,-0.6794347222222222,0.16896666666666663,-4.176666666666667,0.15736111111111115,-0.14513888888888887,0.25666666666666665,0.4516666666666666,-0.02430555555555556,-0.024027777777777783,-0.04124999999999998,-0.12583333333333335,-0.013888888888888895,-0.28777777777777774,0.30763888888888885,0.095,-0.7584722222222222,0.1993055555555555,0.3565277777777778,-0.24208333333333332,0.13777777777777778,-0.1825,-0.052083333333333384,-0.44083333333333335,-0.606388888888889,-0.2686111111111111,0.17208333333333334,10000
MRLFILILSAILLLFQYDLWFGKNGYLDYKETAEEIAMHKAENTKLSQRNQVVAAEIRDLKDGVEAIQERARLQYELVKPNETFYRIAKENKDNR,0.18070497821052628,-0.3491603239999999,0.19052894421052619,0.32052287263157897,0.08888734568421054,0.1371578947368421,-0.1381052631578947,-0.3637894736842104,-0.03978947368421053,0.02768421052631577,0.18042105263157895,-0.030842105263157872,0.029789473684210536,0.13557894736842105,-0.03736842105263158,-0.006210526315789465,-0.21157894736842103,-0.03778947368421055,-0.22798947368421052,0.31822105263157896,0.09364210526315789,0.42308421052631584,-0.015715789473684214,0.027884210526315827,-0.3251578947368422,0.019684210526315773,-0.04957894736842105,0.21484210526315786,-0.22800000000000004,-0.39473684210526316,0.12894736842105262,0.09947368421052631,0.1011578947368421,-0.08178947368421054,-0.23705263157894743,0.3500000000000001,-0.23157894736842105,0.011568421052631579,-0.049326315789473676,-0.08733684210526314,-0.07149473684210526,0.027442105263157893,0.08400000000000005,0.0010526315789473975,-0.8764189473684206,0.3453105263157895,0.41761263157894746,-0.35463157894736846,0.396736842105263,-0.8034736842105265,0.21852631578947365,-0.3392631578947369,0.36610526315789477,0.13757894736842105,-0.030210526315789504,0.23357894736842105,-0.0232,-0.017599999999999994,-0.08305263157894736,-0.7322000000000001,-0.1908842105263157,-0.13612631578947368,-0.09540000000000001,-0.068621052631579,0.05094736842105263,0.08930526315789473,0.24453684210526316,-0.34521368421052634,-0.8941757894736841,0.260998947368421,0.0441284210526316,0.013748421052631587,0.3152105263157895,-0.41762736842105264,-0.3144726315789474,-0.3150242105263159,-0.26047052631578943,-0.005511578947368403,-3.831263157894736,0.47336842105263155,-0.04715789473684208,0.20000000000000004,0.4772631578947367,-0.09326315789473678,0.13757894736842102,0.06347368421052627,-0.07894736842105267,-0.05400000000000005,-0.15210526315789472,0.28589473684210526,-0.1454736842105263,-0.702,0.2658947368421053,0.2914736842105263,-0.3570526315789473,0.2042105263157895,-0.0853684210526316,0.09021052631578942,-0.10778947368421048,-0.6042105263157896,-0.4733684210526315,0.28136842105263155,10000
MSRSIWKGPFVDGYLLKKADAARASGRNETIKIWSRRSTILPQFVGLTFGVYNGAKHVPVYVSEDMVGHKFGEFSPTRTYYGHAADKKSKRR,0.08071914445652173,0.09316527326086957,0.04277675543478256,0.32546607826086954,0.24067662282608696,0.17804347826086955,-0.07652173913043478,-0.08847826086956523,-0.02206521739130434,-0.011195652173913058,0.16913043478260867,0.18217391304347824,-0.05521739130434783,0.16967391304347826,-0.07706521739130434,-0.08836956521739127,-0.25239130434782614,0.17141304347826086,-0.30971739130434783,-0.11704347826086955,-0.07842391304347825,0.3491739130434782,-0.023054347826086948,0.13985869565217393,0.07478260869565216,-0.13749999999999998,0.1195652173913044,0.17304347826086958,-0.037065217391304354,-0.3521739130434782,-0.010760869565217377,0.09086956521739126,-0.14804347826086955,0.15315217391304345,-0.2756521739130435,0.3835869565217392,-0.328695652173913,0.032413043478260864,0.025945652173913047,-0.022717391304347825,-0.08273913043478262,-0.01578260869565218,-0.2806521739130434,-0.00032608695652172734,-1.175745652173913,-0.4878880434782607,0.8383467391304349,-0.8368478260869565,-0.36065217391304355,0.12086956521739127,0.419891304347826,-0.14065217391304347,0.22326086956521743,0.15032608695652175,0.18706521739130433,0.21997826086956526,0.04797826086956523,0.003315217391304353,-0.02209782608695652,-0.8038152173913042,-0.15607608695652178,-0.12978260869565214,-0.04975000000000001,-0.15975000000000003,-0.4352826086956522,0.16967391304347829,0.3727391304347826,0.14062499999999992,-0.4801869565217392,-0.27310108695652174,0.20054130434782616,0.5766347826086957,0.07194891304347825,-0.44309239130434774,-0.03994782608695653,-0.48990760869565203,0.6197260869565216,0.699425,-4.271304347826086,-0.021956521739130416,-0.11728260869565219,0.08163043478260872,0.673586956521739,-0.10956521739130434,-0.03380434782608695,-0.15717391304347827,0.07380434782608693,0.13510869565217393,-0.1183695652173913,0.27782608695652167,0.019891304347826065,-0.7794565217391304,0.12380434782608699,0.3333695652173913,-0.3693478260869565,0.2967391304347826,-0.3828260869565218,0.28923913043478267,-0.32956521739130434,-0.40445652173913055,-0.044347826086956484,0.14717391304347824,10000
MAKNKDVRVTVILECTSCAQNDVHGNKVATGISRYITQKNRHNTPNRLEFQKFCPRCYKHTLHGEIKN,0.17669582661764704,-0.0017538895588235302,0.2071004058823529,0.16174421029411765,0.31621576808823526,0.26676470588235296,-0.17132352941176465,-0.1957352941176471,0.11588235294117648,0.16294117647058823,0.08941176470588234,0.03735294117647058,-0.1261764705882353,-0.0022058823529411786,-0.019117647058823527,0.06323529411764707,-0.275735294117647,0.1479411764705882,-0.35600000000000004,0.021661764705882356,-0.14076470588235296,0.08154411764705882,-0.06505882352941178,0.2441176470588235,-0.01264705882352942,-0.0886764705882353,0.23647058823529404,0.30897058823529416,0.05955882352941179,-0.06191176470588238,0.10455882352941173,0.038823529411764715,0.1541176470588235,0.016764705882352935,-0.2689705882352942,0.4095588235294117,-0.3075,0.03954411764705882,-0.010220588235294118,-0.023808823529411768,-0.032514705882352946,-0.06602941176470589,-0.21705882352941175,0.19132352941176467,-1.6679352941176468,0.08608676470588243,-0.04277941176470576,-0.8341176470588236,0.1116176470588235,-0.14676470588235294,0.49558823529411766,0.23500000000000001,0.06382352941176471,0.21323529411764705,-0.1298529411764706,0.22604411764705884,-0.00389705882352941,-0.03694117647058824,-0.0149264705882353,-0.8009705882352939,-0.1937058823529412,-0.18717647058823528,-0.04695588235294118,-0.0031764705882352936,-0.10251470588235298,0.20214705882352943,0.09595588235294117,-0.7595838235294119,-0.4732191176470588,-0.025147058823529383,-0.042605882352941174,0.17035735294117654,-0.0686235294117647,-0.9185117647058824,-0.30745588235294113,-0.07285588235294116,-0.6560647058823531,0.12052941176470593,-4.244999999999999,0.24191176470588235,-0.018823529411764666,0.1325,0.5332352941176469,-0.25073529411764706,-0.0989705882352941,-0.06014705882352942,-0.04073529411764707,0.11838235294117645,0.09441176470588233,0.23764705882352935,0.012058823529411773,-0.7652941176470587,0.1485294117647059,0.34529411764705886,-0.34529411764705875,0.27705882352941175,-0.08191176470588235,0.6745588235294118,-0.2054411764705882,-0.37970588235294117,-0.13382352941176473,0.1335294117647059,10000
MPNTSSASKRLRQNEKRRLLNRATRSNMRSTIRRVREAVENNDLETAKNEFKVAQKKLDRAAANNLIHKNAAARTKSRLNNLIKNAAQTA,0.36570962733333334,-0.24905470544444444,0.027616995555555426,0.47334685888888883,0.3454790706666666,0.4788888888888888,-0.2908888888888889,-0.3023333333333333,-0.037444444444444426,0.2673333333333333,0.2678888888888889,0.11222222222222224,-0.175,0.07533333333333334,-0.07400000000000001,0.12522222222222226,-0.2696666666666667,0.22999999999999995,-0.4589333333333333,0.24930000000000002,-0.15795555555555546,0.3889222222222222,0.010655555555555545,0.2847222222222222,-0.2487777777777778,-0.12144444444444442,0.05288888888888889,0.5306666666666666,-0.26311111111111113,-0.31011111111111117,0.10822222222222222,-0.09877777777777778,0.12944444444444447,-0.14055555555555554,-0.37433333333333324,0.35900000000000004,-0.21500000000000002,0.07743333333333334,-0.050677777777777766,-0.09713333333333335,-0.08678888888888887,-0.037,-0.2634444444444444,0.19188888888888891,-3.318567777777778,0.26998111111111106,0.2975033333333334,-1.574888888888889,0.49255555555555547,-0.7247777777777779,0.9234444444444443,0.10777777777777776,0.2381111111111111,0.0024444444444444713,0.026444444444444423,0.23574444444444448,-0.015022222222222216,-0.06127777777777779,-0.039711111111111114,-0.8331666666666666,-0.18535555555555558,-0.32284444444444443,-0.05414444444444444,0.026144444444444446,-0.14111111111111113,0.2585444444444445,0.2763555555555556,-0.4518288888888889,-1.4811766666666664,0.013966666666666638,-0.07943555555555556,0.2231544444444445,-0.17806666666666662,-0.7177666666666666,-0.8066466666666668,-0.42624777777777784,0.1266533333333333,0.7023077777777778,-4.4557777777777785,0.6697777777777778,0.01288888888888887,0.28033333333333327,0.6658888888888889,-0.4138888888888888,0.017777777777777726,-0.06477777777777778,-0.04677777777777778,0.15999999999999998,0.09411111111111106,0.4295555555555556,-0.05511111111111112,-0.7902222222222223,0.30077777777777776,0.37099999999999994,-0.5266666666666666,0.2683333333333333,-0.04299999999999997,1.0465555555555555,-0.061555555555555544,-0.7154444444444447,-0.22977777777777778,0.5612222222222223,10000
GPIQISYNYNYGPCGRYCGILGVSPGDNLDCGNQR,-0.052563759142857144,0.7108204508571427,0.06942847142857136,0.20400758285714285,0.25597568685714295,0.21371428571428575,-0.07371428571428573,0.25028571428571433,0.20885714285714288,-0.0697142857142857,0.10114285714285713,0.19142857142857142,0.11542857142857145,-0.10114285714285716,-0.011428571428571432,-0.15314285714285714,-0.38542857142857145,0.06485714285714288,-0.12997142857142854,-0.7264857142857143,-0.3074571428571429,0.13597142857142855,-0.12954285714285715,-0.18460000000000007,0.6888571428571428,-0.35742857142857143,0.17085714285714287,-0.057999999999999996,-0.10714285714285714,0.016857142857142873,0.23314285714285715,0.37428571428571433,0.016857142857142866,-0.10885714285714286,-0.2122857142857143,0.3122857142857143,-0.4374285714285715,0.05377142857142858,0.13985714285714287,0.07274285714285715,-0.005628571428571439,-0.03005714285714286,-0.8148571428571428,0.02942857142857143,-1.0781828571428569,-1.9367285714285718,0.20368,-1.2571428571428573,-1.6,0.9894285714285715,-0.3348571428571429,0.18228571428571425,0.10257142857142856,0.5614285714285715,-0.22799999999999995,0.20825714285714286,0.04342857142857143,-0.043114285714285716,0.02485714285714286,-0.951,-0.11414285714285717,-0.12557142857142853,0.07359999999999998,-0.12514285714285714,-0.7136285714285714,-0.0003142857142857304,0.35594285714285706,-1.6600742857142856,-0.15298285714285717,-0.16023142857142858,0.4090657142857142,0.07783142857142857,-0.16771428571428568,-2.1543914285714285,-0.14583428571428572,-0.13341142857142857,-1.5749057142857144,0.9220542857142856,-5.111714285714285,-0.3059999999999999,0.07799999999999999,0.12885714285714286,0.938,-0.0837142857142857,-0.23628571428571432,-0.478857142857143,0.40771428571428564,-0.14228571428571432,-0.18028571428571433,0.23342857142857137,-0.11514285714285713,-0.9,0.02857142857142857,0.4142857142857143,-0.5091428571428571,0.39999999999999997,-0.4448571428571429,0.41114285714285714,-0.6025714285714283,0.3371428571428572,-0.5357142857142857,0.06314285714285718,10000
MPRSLKKGPFIEFKLEKRILDMNSKGERKVVKTWSRSSMISPDFVGHTVAVHNGKTHVPVYVTENMVGHKLGEFAPTRLYRGHAGGKAEKGGSAPRKK,0.14220378928571425,0.0439911407142857,0.10974020816326527,0.32798772653061214,0.3074400010204082,0.28653061224489795,-0.14602040816326528,-0.1388775510204082,-0.06816326530612242,-0.011530612244897985,0.1457142857142857,0.22336734693877552,-0.022959183673469382,0.10193877551020408,-0.048367346938775514,-0.10142857142857144,-0.2826530612244898,0.20153061224489796,-0.41193877551020414,-0.06921428571428569,-0.16774489795918363,0.3579795918367346,0.07593877551020406,0.11200000000000003,0.011326530612244892,-0.17836734693877554,0.05306122448979593,0.2387755102040816,0.14918367346938777,-0.348469387755102,0.07816326530612246,0.08387755102040816,-0.19561224489795917,0.23683673469387756,-0.3293877551020408,0.37,-0.30448979591836733,0.04762244897959184,0.020826530612244907,-0.040071428571428584,-0.08020408163265307,-0.0013571428571428543,-0.39010204081632643,0.04193877551020408,-1.5704285714285715,-0.6187857142857142,1.0566979591836738,-1.1747959183673469,-0.44591836734693896,0.15030612244897956,0.5758163265306123,-0.31387755102040826,0.29285714285714287,0.034285714285714274,0.01122448979591837,0.22258163265306125,0.05928571428571429,-0.0075408163265306095,-0.04353061224489796,-0.8515,-0.1593979591836735,-0.1279081632653061,-0.026571428571428572,-0.18366326530612248,-0.35452040816326524,0.22678571428571423,0.35058163265306114,-0.3145010204081633,-0.4814030612244899,-0.4228295918367347,0.09049285714285715,0.5984897959183674,0.0779418367346939,-1.026763265306122,0.00915204081632648,-0.43680408163265294,0.0034785714285713695,0.45839183673469386,-4.5433673469387745,0.03877551020408165,-0.24438775510204083,0.181530612244898,0.6328571428571428,-0.16561224489795914,-0.13265306122448983,-0.20163265306122446,0.12285714285714285,0.14418367346938774,-0.1690816326530612,0.43938775510204087,0.0751020408163265,-0.8177551020408164,0.18704081632653066,0.38500000000000006,-0.2704081632653061,0.3031632653061225,-0.37683673469387746,0.43571428571428567,-0.4661224489795918,-0.4864285714285716,0.03377551020408167,0.19387755102040816,10000
MKKKIHPRYSKITATCSCGNIIEIFSTINHNINLDICAKCHPFYTGKQRVIDTGGRVERFKKRFKFTKQELN,0.14091165249999996,-0.016558613333333336,0.47962154999999995,0.11680960416666666,0.5012129975,0.15249999999999997,-0.1595833333333333,-0.19833333333333336,0.09222222222222223,0.12472222222222225,0.11916666666666664,0.03777777777777777,-0.08277777777777778,0.024305555555555556,-0.14,0.0020833333333333368,-0.21541666666666667,0.1638888888888889,-0.1659861111111111,0.01575,-0.031333333333333296,0.11436111111111111,-0.07986111111111113,0.2668055555555556,-0.006527777777777781,-0.017916666666666678,0.2601388888888889,0.24722222222222223,0.0476388888888889,-0.1245833333333334,0.1595833333333333,0.10972222222222221,0.1702777777777778,-0.07347222222222223,-0.2798611111111111,0.41333333333333333,-0.2529166666666667,0.020583333333333335,-0.012513888888888887,-0.01330555555555556,-0.05370833333333333,-0.053041666666666674,-0.06513888888888889,0.11805555555555552,-0.9330347222222222,0.3578013888888889,0.2848208333333334,-0.5002777777777778,0.18944444444444436,-0.05680555555555558,0.5156944444444443,0.09986111111111108,0.09069444444444444,0.2597222222222222,-0.005833333333333333,0.22698611111111117,0.00518055555555556,-0.006819444444444443,-0.031111111111111114,-0.7598194444444445,-0.19958333333333333,-0.11754166666666668,-0.04897222222222222,-0.08927777777777779,-0.01345833333333335,0.17768055555555554,0.10786111111111113,-0.16740694444444446,-0.4206736111111111,-0.10116805555555554,-0.2189722222222222,0.43712638888888894,0.14724444444444446,-0.5107694444444443,-0.1255347222222222,-0.28304166666666664,0.1466083333333332,0.08037500000000002,-4.026527777777777,0.27541666666666675,-0.16694444444444445,0.15083333333333332,0.4498611111111111,-0.1519444444444444,-0.027222222222222234,0.005277777777777764,-0.031388888888888904,0.19402777777777777,0.04708333333333331,0.2183333333333333,0.017777777777777774,-0.7345833333333334,0.19944444444444445,0.32277777777777783,-0.20777777777777776,0.31583333333333335,-0.14527777777777778,0.3688888888888888,-0.18625,-0.45194444444444454,-0.08708333333333326,0.05125000000000003,10000
GSSGLISMTRV,-0.38215737636363634,0.4032336027272727,-0.5091688545454548,0.6677234272727273,0.02274139909090915,0.041818181818181796,-0.48727272727272725,0.0727272727272727,0.023636363636363643,-0.011818181818181818,0.520909090909091,0.26,-0.1690909090909091,0.07636363636363636,0.07181818181818181,-0.27181818181818185,-0.4445454545454544,0.31,-0.0798181818181818,-0.3178181818181818,-0.43863636363636366,0.6334545454545455,-0.17654545454545456,0.16981818181818184,0.1745454545454546,-0.6618181818181819,0.5245454545454545,0.03999999999999999,-0.07454545454545453,-0.19545454545454544,-0.2318181818181818,-0.0318181818181818,-0.6527272727272726,0.12909090909090912,-0.6518181818181819,0.5209090909090909,-0.5181818181818182,0.012636363636363647,0.15527272727272728,-0.06327272727272727,-0.08200000000000002,-0.10336363636363637,-1.1490909090909092,-0.24181818181818174,-0.5003363636363631,-3.444036363636364,0.25936363636363635,-0.6736363636363636,-2.3663636363636367,-0.05909090909090919,0.6336363636363637,0.29363636363636364,0.23,0.22454545454545452,0.21727272727272726,0.22854545454545452,0.10881818181818183,-0.08518181818181819,0.07718181818181816,-1.1158181818181818,-0.2681818181818182,-0.36554545454545456,0.13127272727272724,-0.12209090909090908,-0.7911818181818181,0.16354545454545455,0.36718181818181805,0.26761818181818153,-1.442718181818182,-0.9924727272727272,-0.2370636363636364,0.6421454545454545,-0.3007909090909091,-1.2679363636363634,-0.7360454545454546,-1.0532545454545454,1.1058000000000001,1.6261545454545454,-6.169090909090909,-0.09636363636363633,-0.08636363636363632,0.5909090909090909,1.0572727272727271,0.016363636363636316,-0.5654545454545454,-0.6236363636363637,-0.08818181818181822,0.039999999999999994,-0.3972727272727272,0.12999999999999992,-0.23545454545454544,-1.0572727272727271,0.20272727272727273,0.7027272727272726,-0.36454545454545445,0.37545454545454543,-0.37727272727272737,0.17545454545454542,-1.5363636363636366,-0.42909090909090913,-0.5227272727272726,0.07090909090909091,10000
IIDYYDEGEEDRDVGVVDAR,0.2535027675,-0.06112524949999999,-0.004634280000000024,0.32104841500000003,-0.403717656,0.37,-0.0965,-0.1355,0.1385,-0.36649999999999994,0.14300000000000002,-0.32400000000000007,0.28700000000000003,0.21150000000000002,0.05099999999999999,0.12200000000000003,-0.40599999999999997,-0.29399999999999993,-0.6744,0.0036999999999999976,-0.10405,0.32704999999999995,-0.25215,-0.2804499999999999,-0.028499999999999998,-0.1535,-0.006000000000000017,0.3425,-0.612,-0.09300000000000001,-0.4345,0.5305000000000001,-0.00299999999999999,0.24450000000000002,-0.17,-0.031999999999999994,-0.38,0.057699999999999994,-0.007649999999999999,-0.06055000000000001,-0.004650000000000001,0.003050000000000003,-0.28550000000000003,0.23949999999999996,-2.5024,-0.53804,-0.3048100000000001,-1.5435,-0.14300000000000007,-1.2134999999999998,-1.1380000000000001,-0.11550000000000007,0.25,0.5845,-0.011000000000000013,0.21565000000000004,-0.057099999999999984,-0.07125000000000001,-0.0857,-0.8066500000000001,-0.21830000000000002,-0.2769499999999999,-0.06800000000000002,0.11535000000000002,-0.26335000000000003,-0.00545000000000001,0.32809999999999995,-1.408955,-0.7965,0.17989000000000002,0.684315,-0.5193899999999999,0.5706899999999999,-1.1869749999999997,-0.9574,0.089755,-1.29113,0.3791699999999999,-4.208,0.43100000000000005,0.36150000000000004,0.03899999999999999,0.7750000000000001,-0.32199999999999995,0.172,-0.17249999999999996,-0.03300000000000001,-0.775,-0.060499999999999984,0.34500000000000003,-0.0014999999999999957,-0.7575000000000001,0.1285,0.26200000000000007,-0.725,0.30999999999999994,-0.1385,0.9989999999999999,-0.32550000000000007,-0.17700000000000002,-1.1685000000000003,0.036000000000000004,10000
MTRSLKKNPFVANNFLGKIEKLNMREEKEIIITWSRASTIIPTMIGHTIAIHNGKDHLPIYITDRMVGHKLGEFAPTLTFKGHARNDNRSRR,0.10960018195652173,-0.08422839652173915,0.47214682065217384,0.2622120434782608,0.4718160594565217,0.19021739130434784,-0.18065217391304345,-0.23673913043478254,0.04184782608695653,0.0006521739130434885,0.18413043478260868,0.11793478260869569,-0.10978260869565216,-0.023152173913043476,-0.04934782608695653,-0.04934782608695652,-0.23521739130434788,0.13478260869565217,-0.14167391304347826,0.043130434782608716,-0.03531521739130432,0.27797826086956523,0.053576086956521725,0.11566304347826088,-0.07097826086956521,-0.07815217391304348,0.1398913043478261,0.20304347826086958,-0.04315217391304348,-0.17880434782608692,0.024130434782608703,0.08597826086956521,0.0654347826086957,-0.04163043478260871,-0.30913043478260865,0.41467391304347834,-0.30500000000000005,0.020260869565217395,-0.00232608695652174,-0.0392391304347826,-0.06707608695652174,-0.007902173913043481,-0.126195652173913,0.004565217391304352,-0.8709108695652172,-0.1619130434782608,0.684320652173913,-0.5453260869565217,-0.08717391304347837,-0.24336956521739123,0.5006521739130435,-0.13021739130434784,0.07978260869565217,0.10043478260869562,-0.10652173913043479,0.22911956521739127,0.026695652173913037,-0.007945652173913045,-0.03966304347826087,-0.7840760869565218,-0.21446739130434778,-0.1907065217391305,-0.09108695652173912,-0.07283695652173913,-0.07917391304347829,0.19525,0.14457608695652172,-0.47063695652173904,-0.6944282608695653,0.22836847826086948,-0.19753804347826084,0.37732608695652187,0.049876086956521744,-0.7059271739130432,-0.09138478260869565,-0.2651130434782609,-0.4011467391304347,0.2306652173913043,-4.172391304347825,0.17250000000000001,-0.12945652173913044,0.21391304347826082,0.49043478260869555,-0.09391304347826086,-0.021195652173913056,-0.06,-0.04684782608695655,0.09521739130434781,-0.11445652173913047,0.32141304347826083,0.047499999999999994,-0.7579347826086955,0.16847826086956522,0.36195652173913045,-0.2426086956521739,0.27032608695652177,-0.17391304347826084,0.23108695652173913,-0.2516304347826087,-0.5394565217391305,-0.056630434782608645,0.2602173913043478,10000
MAGTVAHPEGITNPPIDELLEATDSKYSLVIYAAKRARQINAYYSQLGEGLLEYVGPLVETTNAQEKPLSIALREINAGLLTHETVSDSLPPVA,-0.03623899553191489,-0.05758112712765958,-0.15006658404255327,0.5560609468085106,-0.17132647382978725,0.15489361702127663,-0.32563829787234044,-0.1551063829787234,-0.01117021276595743,-0.12457446808510639,0.07861702127659574,0.09393617021276594,-0.10957446808510637,0.18148936170212768,0.08063829787234042,-0.16319148936170214,-0.3796808510638297,-0.0028723404255319167,-0.1916170212765958,0.027829787234042558,-0.18841489361702127,0.5675957446808512,0.23167021276595742,-0.1654042553191489,-0.13234042553191486,-0.34744680851063825,-0.03861702127659576,0.050744680851063824,-0.19212765957446815,-0.41297872340425534,-0.02702127659574468,-0.11765957446808509,-0.02319148936170212,-0.02414893617021277,-0.3671276595744681,0.3997872340425531,-0.4181914893617021,0.02148936170212766,0.05097872340425532,-0.08301063829787234,-0.07952127659574466,0.03513829787234042,-0.6236170212765956,-0.15542553191489358,-0.811509574468085,-1.8730925531914893,0.937212765957447,-0.6798936170212766,-1.0908510638297872,-0.5991489361702128,0.33117021276595743,-0.46957446808510633,0.089468085106383,0.1688297872340426,-0.05723404255319149,0.22921276595744677,0.06581914893617022,-0.05325531914893617,-0.029244680851063846,-0.9318723404255321,-0.3426489361702128,-0.27356382978723404,-0.04524468085106382,-0.09665957446808511,-0.39040425531914896,0.04073404255319148,0.2006063829787234,-1.5070648936170212,-0.8338925531914892,0.3595893617021276,0.15337553191489361,0.17452446808510638,0.1421255319148936,-1.738223404255319,-0.007017021276595704,-0.19015106382978725,-1.7467553191489367,0.4394978723404255,-5.008829787234043,-0.22382978723404254,0.13797872340425532,0.30031914893617023,0.7263829787234041,-0.01638297872340422,-0.18553191489361703,-0.295,-0.22489361702127664,-0.16542553191489362,-0.44712765957446804,0.20712765957446805,0.05234042553191489,-0.8868085106382979,0.040319148936170224,0.4425531914893618,-0.49138297872340425,0.0685106382978723,-0.30500000000000005,-0.03329787234042559,-0.769468085106383,-0.28585106382978726,-0.6582978723404256,0.4196808510638298,10000
MTKPTTEQPTIVKCPTCQSAVVWNAESPFRPFCSKKCQMIDFGEWADEEKSIPGAPDMSDSDGWSEDQY,0.09019860608695654,0.14469328666666664,-0.4849197072463769,0.10133000144927537,-0.4701674375362319,0.3030434782608696,-0.1965217391304348,0.06492753623188403,-0.12797101449275364,-0.07188405797101446,-0.05797101449275365,-0.1398550724637681,-0.10695652173913046,0.1626086956521739,-0.03275362318840581,-0.006376811594202876,-0.3676811594202899,-0.04608695652173912,-0.30452173913043473,-0.1328985507246377,-0.26450724637681156,0.04420289855072465,0.23740579710144924,-0.22224637681159418,0.08130434782608696,-0.2139130434782609,-0.21188405797101442,0.10550724637681158,-0.026231884057971003,0.0042028985507246526,-0.06217391304347826,-0.2613043478260869,-0.11289855072463767,-0.10971014492753625,-0.2740579710144928,0.3647826086956522,-0.4544927536231884,0.05607246376811594,0.02984057971014493,-0.008623188405797108,0.0017536231884057918,0.024362318840579704,-0.5028985507246377,0.09565217391304347,-1.7265101449275362,-1.0376246376811593,0.33857971014492744,-1.316376811594203,-0.4872463768115943,-0.23536231884057968,-0.12246376811594205,-0.21086956521739134,-0.24681159420289853,-0.03594202898550725,0.2785507246376812,0.21607246376811592,0.009884057971014496,-0.057057971014492746,0.02960869565217391,-0.8586521739130435,-0.2579420289855073,-0.22915942028985511,-0.03449275362318842,0.013101449275362326,-0.35924637681159427,0.1434202898550725,0.057942028985507245,-0.48991594202898564,-0.21241449275362323,-0.40003333333333335,0.024727536231884083,0.011895652173913052,0.18564057971014492,-0.5356333333333332,-0.24252463768115948,0.11759710144927539,-0.22069565217391296,0.12998695652173908,-4.531159420289855,-0.282463768115942,0.04130434782608697,0.03637681159420291,0.603768115942029,-0.16623188405797099,-0.12724637681159423,-0.21072463768115945,-0.07869565217391304,-0.2582608695652174,-0.0544927536231884,-0.07927536231884061,0.2502898550724637,-0.816086956521739,-0.023333333333333317,0.36652173913043484,-0.31231884057971016,0.2744927536231885,-0.25797101449275356,0.443768115942029,-0.29884057971014494,0.3057971014492753,-0.46043478260869564,0.12260869565217393,10000
MSDAHGVARDQLRAFIERIERLEEEKKTIADDIKDVYGEAKGMGFDTKILKKVVALRKKDEQERMEEEAILDTYLHALGMIEAPPEG,0.24616780057471252,-0.41114174896551714,0.17790577816091954,0.348534067816092,0.04705555068965521,0.30574712643678165,-0.22321839080459768,-0.28321839080459776,-0.10333333333333332,-0.056666666666666705,0.13758620689655168,-0.059885057471264366,0.13643678160919537,0.2119540229885057,0.0022988505747126324,-0.021264367816091943,-0.3057471264367816,-0.04666666666666666,-0.3495862068965517,0.3388045977011494,-0.1023908045977011,0.43434482758620696,0.03829885057471264,-0.11831034482758616,-0.4125287356321839,-0.1347126436781609,-0.20977011494252878,0.3080459770114943,-0.21862068965517245,-0.2859770114942529,0.07068965517241378,0.1447126436781609,-0.049195402298850555,0.11206896551724142,-0.3028735632183909,0.2112643678160919,-0.2457471264367816,0.041965517241379306,-0.0432528735632184,-0.12010344827586203,-0.04733333333333334,0.052275862068965506,-0.23793103448275862,0.08643678160919539,-1.8459689655172413,-0.3136080459770117,0.5311264367816092,-1.0910344827586205,-0.020919540229885153,-0.9495402298850573,0.03000000000000001,-0.4962068965517242,0.4644827586206896,-0.05908045977011496,0.025057471264367793,0.22908045977011499,-0.004080459770114936,-0.04045977011494253,-0.10040229885057471,-0.8247816091954024,-0.21822988505747132,-0.18203448275862072,-0.050643678160919525,-0.0725632183908046,-0.07951724137931035,0.16172413793103452,0.3197816091954024,-1.035151724137931,-0.7574954022988506,-0.14942988505747126,0.0995712643678161,0.03108850574712646,0.4652379310344828,-1.4261321839080459,-0.43976436781609196,-0.2378252873563219,-0.9634068965517243,0.00077241379310345,-4.400344827586207,0.467816091954023,-0.11241379310344826,0.2889655172413793,0.592183908045977,-0.2071264367816092,0.017586206896551694,-0.10195402298850575,-0.030689655172413798,-0.23885057471264376,-0.18609195402298853,0.44103448275862067,-0.024367816091954014,-0.7872413793103449,0.3011494252873564,0.3832183908045977,-0.3460919540229885,0.2751724137931035,-0.15781609195402307,0.5258620689655172,-0.43068965517241375,-0.5336781609195401,-0.5135632183908045,0.21183908045977015,10000
MSLPAFTEISSFSNTEISVAIIETENQLFNLRFKKATRQSFKSHEIKNAKRRLAQLKTLLSLRLENLDQKDDNLINTLITN,0.13180318246913578,-0.22098666419753085,-0.1734085950617284,0.38905242592592587,-0.07499013271604935,0.19407407407407407,-0.2765432098765432,-0.3582716049382716,0.02382716049382716,0.0685185185185185,0.255679012345679,-0.06148148148148146,-0.18604938271604943,0.042839506172839506,-0.10567901234567904,0.05197530864197531,-0.26123456790123456,0.04185185185185187,-0.15312345679012346,0.2487407407407407,-0.004851851851851836,0.4550617283950618,0.07422222222222222,0.08600000000000001,-0.24234567901234563,-0.06765432098765435,0.038271604938271586,0.25506172839506175,-0.1706172839506173,-0.418641975308642,0.03987654320987656,-0.13802469135802464,0.18185185185185185,-0.21074074074074076,-0.338641975308642,0.44308641975308644,-0.3133333333333333,0.023432098765432105,-0.026617283950617292,-0.08418518518518518,-0.08641975308641976,-0.0035555555555555635,-0.10197530864197524,0.01839506172839512,-1.2839654320987652,-0.08633456790123459,0.3127308641975309,-0.6139506172839507,0.22197530864197526,-0.9256790123456791,0.522962962962963,-0.14728395061728397,0.04012345679012344,0.14012345679012347,0.012469135802469106,0.23912345679012345,-0.022012345679012342,-0.04459259259259259,-0.029839506172839515,-0.7975679012345678,-0.26609876543209876,-0.267641975308642,-0.10475308641975307,0.024950617283950628,0.11601234567901235,0.09262962962962962,0.07725925925925926,-0.01644567901234578,-1.3447148148148147,0.35486172839506164,-0.22967037037037033,0.15399629629629635,0.13374444444444447,0.05124691358024701,-0.500616049382716,-0.3737345679012346,0.28527160493827153,0.11029382716049385,-4.208148148148148,0.4365432098765432,0.045679012345679025,0.2512345679012346,0.4823456790123457,-0.12901234567901232,0.02567901234567899,0.005185185185185158,-0.24358024691358024,-0.02160493827160493,-0.08271604938271607,0.15407407407407406,-0.07185185185185186,-0.7559259259259259,0.20469135802469138,0.3297530864197531,-0.36851851851851847,0.21296296296296297,-0.0411111111111111,0.208395061728395,-0.1979012345679012,-0.5728395061728395,-0.5922222222222221,0.4511111111111111,10000
MSRVCQVTGKRPVSGNNRSHAMNATKRRFLPNLHSHRFWVEGEKRFVTLRVSAKGMRVIDKKGIETVLAEIRARGEKY,0.15343698782051282,-0.08461507769230768,0.2375806371794871,0.3531372538461538,0.42513973756410267,0.24294871794871797,-0.17705128205128207,-0.2241025641025641,-0.05743589743589743,0.13307692307692312,0.20282051282051283,0.176923076923077,-0.033974358974358965,0.08589743589743593,-0.03205128205128205,-0.03705128205128203,-0.2194871794871795,0.2096153846153846,-0.4272307692307692,0.1003974358974359,-0.0997051282051282,0.29443589743589743,-0.03574358974358977,0.34346153846153854,-0.11410256410256409,-0.08974358974358977,0.23858974358974364,0.3275641025641025,-0.09628205128205126,-0.2046153846153846,0.09128205128205129,0.05756410256410257,-0.10743589743589742,0.17538461538461542,-0.3357692307692308,0.39435897435897427,-0.2244871794871795,0.0332948717948718,-0.014871794871794863,-0.053641025641025644,-0.0753974358974359,-0.04982051282051282,-0.15217948717948712,0.08205128205128208,-1.5466487179487178,0.0779089743589744,0.4910538461538461,-0.7702564102564105,0.06038461538461528,-0.13551282051282051,0.6537179487179487,0.019102564102564088,0.34307692307692317,0.07320512820512821,-0.007435897435897428,0.22747435897435905,0.02725641025641026,-0.015935897435897434,-0.042410256410256406,-0.7945256410256409,-0.14392307692307696,-0.16274358974358977,-0.02342307692307693,-0.13701282051282052,-0.2435384615384615,0.29207692307692307,0.32629487179487177,0.09150769230769222,-0.813946153846154,-0.45067564102564106,0.024278205128205114,0.41564999999999996,-0.062255128205128206,-0.5369243589743589,-0.35980769230769233,-0.503905128205128,0.5998782051282051,0.627605128205128,-4.204615384615385,0.38602564102564113,-0.20384615384615382,0.19269230769230772,0.5910256410256409,-0.21961538461538466,-0.048589743589743606,-0.063974358974359,0.0596153846153846,0.20243589743589743,-0.03935897435897435,0.3934615384615384,0.006666666666666656,-0.7614102564102563,0.27115384615384625,0.3607692307692308,-0.32551282051282054,0.2974358974358975,-0.1921794871794872,0.5639743589743589,-0.28641025641025636,-0.7050000000000001,0.029615384615384644,0.13602564102564102,10000
YNRLCIKPRDWIDECDSNEGGERAYFRNGKGGCDSFWICPEDHTGADYYSSYRDCFNACI,0.11105758083333332,0.26518694533333337,0.04112531333333327,0.010514673333333327,0.07554102200000003,0.2343333333333333,0.04849999999999996,0.18666666666666662,0.19166666666666674,0.053000000000000005,0.06333333333333334,-0.0871666666666667,0.07733333333333331,0.07216666666666667,-0.11933333333333333,0.05549999999999998,-0.29800000000000004,-0.011333333333333351,-0.17983333333333332,-0.27908333333333324,-0.17998333333333336,-0.05378333333333334,-0.2036833333333333,-0.1535166666666666,0.3026666666666667,-0.10733333333333336,-0.09183333333333334,0.08249999999999999,-0.41283333333333333,0.1105,0.01783333333333336,0.27416666666666667,0.125,0.0925,-0.11483333333333334,0.19166666666666662,-0.36816666666666664,0.05293333333333334,0.03396666666666667,0.028166666666666663,0.036466666666666654,-0.010416666666666663,-0.3279999999999999,0.21816666666666673,-1.5452416666666668,-0.33690000000000003,-0.610965,-1.0321666666666665,-0.3295000000000001,0.2261666666666667,-0.6206666666666666,0.24916666666666665,0.07799999999999999,0.20883333333333332,0.004833333333333306,0.21398333333333336,-0.017583333333333326,-0.008616666666666663,0.04266666666666666,-0.77715,-0.11595,-0.13291666666666666,-0.0424,0.0219,-0.45761666666666656,0.13116666666666668,0.2795166666666667,-0.33444,-0.011463333333333374,-0.2066849999999999,0.3036433333333333,-0.11629500000000001,0.01771000000000001,-0.4026099999999995,-0.5195283333333335,-0.012913333333333322,0.13964500000000016,0.6151066666666668,-4.121333333333333,-0.016166666666666638,0.10716666666666665,-0.11066666666666665,0.7623333333333332,-0.20083333333333334,0.02216666666666669,-0.17550000000000002,0.2666666666666666,-0.27033333333333337,0.1943333333333333,0.09733333333333327,-0.047499999999999994,-0.751,0.02350000000000001,0.29433333333333334,-0.46149999999999997,0.5021666666666667,-0.24700000000000003,0.8046666666666665,0.011333333333333306,0.4468333333333333,-0.37349999999999994,-0.13266666666666665,10000
MEIKKTAIAGTLESSDVQIMLSKGTVGVEFDLVSDVAKQFADDIKSTIKETLGLYGIENAVVKVVDKGALDMVIKARTLTAIQRALDAVDQPNWEVL,-0.06274767927835054,-0.24204546381443298,-0.24486788350515473,0.5067472762886597,-0.2542663359793815,0.08278350515463918,-0.4160824742268041,-0.19298969072164948,-0.054226804123711336,-0.11876288659793816,0.2402061855670103,-0.06886597938144329,-0.01917525773195875,0.18329896907216492,0.049175257731958764,-0.16340206185567013,-0.37969072164948453,-0.01422680412371134,-0.30090721649484536,0.20645360824742268,-0.1509278350515464,0.5828144329896907,-0.05114432989690722,-0.04118556701030925,-0.32608247422680414,-0.33927835051546396,0.08876288659793811,0.1384536082474227,-0.08742268041237114,-0.42783505154639173,-0.09412371134020621,0.031030927835051524,-0.12226804123711339,-0.0029896907216494725,-0.44659793814432996,0.3434020618556701,-0.4041237113402062,0.004051546391752575,0.023103092783505155,-0.11949484536082475,-0.07516494845360824,-0.0011546391752577326,-0.5522680412371134,-0.15051546391752577,-0.5779371134020617,-1.6122886597938146,0.5144298969072165,-0.3889690721649487,-0.8897938144329899,-1.062783505154639,0.2704123711340206,-0.26628865979381444,0.27113402061855674,0.24164948453608248,0.198659793814433,0.2307319587628866,0.03923711340206186,-0.07934020618556702,-0.07889690721649485,-0.938721649484536,-0.3597319587628866,-0.28860824742268043,0.00655670103092783,-0.08244329896907214,-0.2126494845360825,0.06872164948453607,0.2053092783505154,-1.46479793814433,-0.8792474226804121,0.161359793814433,-0.1186876288659794,0.27133711340206185,0.3173092783505155,-2.0371247422680416,-0.1485072164948454,-0.3592113402061856,-1.6770463917525775,0.21952268041237114,-5.054536082474226,0.07154639175257735,0.07391752577319588,0.47309278350515455,0.7183505154639175,-0.02298969072164947,-0.19020618556701033,-0.24268041237113405,-0.35536082474226804,-0.15958762886597935,-0.35206185567010306,0.20360824742268033,-0.12412371134020615,-0.8921649484536082,0.18701030927835052,0.504020618556701,-0.4291752577319588,0.07556701030927833,-0.20896907216494845,0.008865979381443248,-0.9004123711340205,-0.5102061855670104,-0.6851546391752577,0.2988659793814433,10000
MTEEVQQLSTGDKYFIEQRSLILQEINESMDAILNQLNGLNITLENSIAVGKEFENVSQIWKLFYNGLESEEQNMETVGVADSEHITEDVNPEGK,0.11527211021052629,-0.18093621873684207,0.015712509473684137,0.29571760631578947,-0.24878121031578948,0.2758947368421053,-0.1811578947368421,-0.2693684210526316,0.021473684210526315,-0.10705263157894737,0.25736842105263164,-0.1483157894736842,-0.03336842105263157,0.08831578947368422,0.08178947368421052,0.05010526315789472,-0.3676842105263157,-0.1433684210526316,-0.31005263157894736,0.17005263157894737,-0.11602105263157891,0.38472631578947375,-0.030515789473684215,-0.224421052631579,-0.2348421052631579,-0.17968421052631575,-0.06547368421052636,0.21757894736842098,-0.12621052631578947,-0.1904210526315789,-0.04084210526315791,0.14894736842105266,-0.06073684210526314,-0.2901052631578948,-0.2507368421052632,0.35884210526315785,-0.399578947368421,0.032799999999999996,-0.0005578947368421081,-0.08977894736842101,-0.025578947368421062,0.025178947368421047,-0.3216842105263157,0.06989473684210527,-1.4737684210526314,-0.9287810526315788,-0.03370842105263156,-0.9837894736842103,-0.3312631578947368,-0.9807368421052631,-0.09873684210526315,-0.30378947368421055,0.2687368421052632,0.22989473684210526,-0.22631578947368416,0.2346736842105263,-0.03333684210526315,-0.06251578947368422,-0.02685263157894737,-0.8488736842105263,-0.2812842105263158,-0.2687578947368421,-0.08399999999999999,0.08506315789473684,-0.03857894736842105,0.03829473684210525,0.1661894736842105,-0.8315136842105265,-0.9709694736842105,0.11725684210526316,0.18327894736842104,-0.24951473684210523,0.3034873684210528,-0.7331557894736841,-0.6373873684210526,-0.10417368421052625,-0.8842389473684212,-0.21391263157894735,-4.477052631578947,0.2950526315789474,0.16715789473684212,0.19694736842105268,0.6154736842105263,-0.14905263157894735,-0.08673684210526314,-0.16263157894736846,-0.11768421052631582,-0.37410526315789483,-0.23894736842105263,0.21799999999999997,-0.21115789473684213,-0.7973684210526317,0.1436842105263158,0.3636842105263158,-0.44484210526315787,0.2970526315789474,-0.07652631578947369,0.3518947368421053,-0.4540000000000001,-0.3146315789473685,-0.9718947368421053,0.2738947368421053,10000
MSQAGAQEAPIKKKRPPVKDEDLKGARGNLTKNQEIKSKTYQVMRECEQAGSAAPSVFSRTRTGTETVFEKPKAGPTKSVFG,0.26189023487804874,0.013076146951219498,-0.05526742317073175,0.4124929817073171,0.1161420236585366,0.45573170731707324,-0.26378048780487806,-0.09158536585365853,-0.1851219512195122,0.031585365853658544,0.10451219512195123,0.11487804878048782,-0.09158536585365855,0.23609756097560974,-0.06402439024390243,-0.022317073170731692,-0.36060975609756096,0.16109756097560973,-0.4835,-0.043914634146341454,-0.30223170731707316,0.37619512195121957,0.16846341463414635,0.05702439024390246,-0.04987804878048782,-0.28170731707317076,-0.05134146341463414,0.3784146341463414,0.050487804878048756,-0.30853658536585366,0.2065853658536585,-0.11621951219512197,-0.17878048780487804,-0.03963414634146341,-0.3608536585365853,0.3542682926829268,-0.3081707317073171,0.08397560975609758,0.01647560975609756,-0.06169512195121951,-0.07958536585365854,0.000756097560975611,-0.6269512195121951,0.14256097560975609,-3.0196219512195124,-0.9536463414634146,1.0345390243902441,-2.0020731707317077,-0.46780487804878057,-0.15365853658536588,0.6023170731707317,-0.30817073170731707,0.2324390243902439,0.016829268292682945,0.28414634146341466,0.22062195121951225,0.04021951219512195,-0.05887804878048781,-0.03221951219512195,-0.9212560975609755,-0.2283780487804878,-0.2235243902439025,0.017341463414634137,-0.12179268292682925,-0.43626829268292683,0.18314634146341463,0.34684146341463407,-0.8359719512195122,-0.6741036585365854,-0.6686121951219512,0.21374146341463415,0.5070634146341464,0.21850609756097567,-1.530459756097561,-0.30222073170731717,-0.33975853658536587,-0.33948780487804886,0.4832926829268293,-4.93780487804878,0.13987804878048785,-0.0995121951219512,0.2154878048780488,0.7436585365853658,-0.3220731707317073,-0.16695121951219513,-0.28804878048780486,0.050487804878048756,0.0315853658536585,-0.15304878048780488,0.34292682926829254,0.12682926829268296,-0.8735365853658537,0.1984146341463415,0.39487804878048777,-0.44524390243902434,0.26134146341463416,-0.36890243902439024,0.7795121951219512,-0.5907317073170733,-0.4304878048780487,-0.3869512195121951,0.29207317073170735,10000
MAKEESIKMNGTVIETLPNTMFRVELENGHVVTAHISGKMRKHYIRILTGDKVTVELTPYDLSKGRITYRAR,0.09193050472222222,-0.12963631444444446,0.5461561430555555,0.35378404166666666,0.4243563915277778,0.14430555555555558,-0.2422222222222222,-0.2897222222222222,-0.0018055555555555418,-0.005555555555555551,0.18430555555555556,0.08249999999999999,-0.1276388888888889,0.06333333333333334,0.020416666666666663,-0.04583333333333333,-0.2668055555555555,0.1175,-0.2812777777777778,0.11230555555555559,-0.05819444444444444,0.34770833333333334,0.00138888888888889,0.18337500000000004,-0.14597222222222225,-0.12222222222222223,0.2605555555555556,0.24958333333333332,-0.028055555555555563,-0.21138888888888893,0.01152777777777778,0.056388888888888884,-0.12555555555555553,0.1498611111111111,-0.3570833333333333,0.4140277777777777,-0.30125,0.014527777777777775,-0.002263888888888894,-0.05847222222222223,-0.07431944444444444,-0.035361111111111114,-0.17416666666666666,0.0004166666666666948,-0.917026388888889,-0.36268888888888884,0.5692527777777778,-0.4949999999999999,-0.1852777777777778,-0.43625,0.48458333333333337,-0.1404166666666667,0.18236111111111114,0.20444444444444443,-0.03500000000000002,0.22993055555555555,0.03118055555555556,-0.028458333333333325,-0.03365277777777778,-0.809736111111111,-0.23477777777777778,-0.1898611111111111,-0.04806944444444444,-0.072625,-0.1250416666666667,0.14905555555555558,0.14081944444444444,-0.5727666666666668,-0.7372791666666667,-0.0203513888888889,-0.1332611111111111,0.2644277777777778,0.17445555555555559,-0.9738513888888889,-0.25646527777777783,-0.2820152777777778,-0.5186444444444444,0.2449291666666667,-4.325277777777778,0.2579166666666667,-0.11180555555555552,0.2833333333333333,0.515,-0.11041666666666666,-0.06680555555555558,-0.07805555555555556,-0.1111111111111111,0.05041666666666664,-0.18375,0.2908333333333333,0.0061111111111111106,-0.7786111111111111,0.22930555555555554,0.38486111111111115,-0.28444444444444444,0.1761111111111111,-0.13847222222222225,0.21305555555555555,-0.5172222222222222,-0.6915277777777779,-0.2544444444444444,0.10333333333333333,10000
MFPGMFMRKPDKAEALKQLRTHVALFGSWVVIIRAAPYVLSYFSDSKDELKIDF,-0.06305718000000002,-0.1823562212962963,-0.22622677222222226,0.2892059888888889,-0.15403582722222217,-0.051851851851851864,-0.17925925925925926,-0.237962962962963,-0.060000000000000005,-0.08759259259259258,0.09148148148148147,0.055185185185185184,0.020185185185185178,0.17111111111111107,-0.11666666666666667,-0.21425925925925926,-0.20314814814814813,0.011851851851851856,-0.12279629629629632,0.1609444444444444,0.0743703703703704,0.38633333333333336,0.13762962962962963,0.011740740740740765,-0.18962962962962962,-0.05425925925925928,-0.06574074074074075,-0.03666666666666667,-0.003148148148148148,-0.4514814814814815,-0.04111111111111114,-0.03777777777777777,0.03648148148148151,0.10333333333333333,-0.3014814814814815,0.4225925925925925,-0.3261111111111111,-0.01883333333333333,-0.003092592592592593,-0.05655555555555556,-0.07357407407407408,0.03666666666666666,-0.0394444444444444,-0.2525925925925926,0.5567555555555557,-0.3333000000000001,0.8094277777777779,0.26037037037037014,-0.18148148148148152,-0.4311111111111111,0.29074074074074074,-0.39240740740740737,0.037407407407407396,-0.07148148148148148,0.24796296296296294,0.22737037037037033,0.03325925925925926,0.0070925925925925904,-0.057,-0.7633333333333332,-0.1866481481481482,-0.058481481481481475,-0.051833333333333335,-0.21305555555555558,-0.11837037037037039,0.10368518518518517,0.19318518518518524,0.20659444444444455,-0.3960407407407407,-0.013390740740740752,-0.18174074074074073,0.38806111111111113,0.2686944444444444,-0.16454814814814808,0.24333888888888885,-0.404338888888889,0.46619444444444447,0.24015740740740746,-4.0146296296296295,-0.047407407407407405,-0.21833333333333332,0.19055555555555556,0.43944444444444436,0.11814814814814817,0.020370370370370355,0.004259259259259253,-0.17370370370370372,0.050185185185185194,-0.1983333333333333,0.06333333333333335,0.06574074074074072,-0.7398148148148147,0.16203703703703703,0.3362962962962964,-0.16833333333333333,0.12944444444444445,-0.27740740740740744,-0.43555555555555564,-0.20592592592592596,-0.2683333333333334,-0.08666666666666664,0.23407407407407407,10000
MASTGRIPLWLIATVGGTAALTVVGLFFYGSYSGVGSSL,-0.5195928225641028,0.2179677097435897,-0.03231600000000008,0.7159440666666668,0.10990784974358973,-0.24179487179487183,-0.31897435897435894,0.16794871794871793,0.03743589743589743,-0.15897435897435896,0.3748717948717948,0.3015384615384615,-0.13794871794871794,0.21282051282051284,0.05923076923076923,-0.47641025641025625,-0.39256410256410257,0.1458974358974359,0.09630769230769229,-0.27976923076923066,-0.2496923076923077,0.7635384615384615,-0.1074871794871795,-0.06743589743589744,0.07615384615384614,-0.6056410256410256,0.2730769230769231,-0.2917948717948718,-0.14974358974358976,-0.5002564102564102,0.013589743589743653,0.1176923076923077,-0.3953846153846155,0.13076923076923075,-0.45692307692307693,0.5053846153846152,-0.5461538461538461,-0.037,0.16569230769230772,-0.0694871794871795,-0.09505128205128208,-0.00928205128205129,-1.0030769230769228,-0.5123076923076924,1.454682051282051,-3.658105128205129,0.8620974358974357,0.4256410256410257,-2.6761538461538463,0.1279487179487179,0.35538461538461535,-0.18153846153846154,0.3666666666666667,0.2615384615384615,0.2784615384615385,0.22423076923076926,0.16102564102564104,-0.027,0.028230769230769226,-1.0430000000000004,-0.35889743589743595,-0.2214102564102564,0.0756153846153846,-0.29525641025641025,-0.9125384615384616,0.016820512820512813,0.4592307692307692,-1.1915794871794871,-0.35019743589743585,-0.06848461538461541,0.14362307692307694,0.848023076923077,-0.017858974358974353,-2.477089743589743,0.4257333333333335,-0.7630538461538462,-1.3117205128205132,1.2483179487179485,-5.737435897435897,-0.7128205128205127,0.06846153846153848,0.4435897435897436,1.0725641025641026,0.3176923076923077,-0.45820512820512815,-0.574871794871795,-0.15487179487179498,0.0305128205128205,-0.6435897435897436,0.07512820512820508,-0.28846153846153844,-1.0107692307692309,0.008717948717948723,0.6035897435897437,-0.5194871794871795,0.0823076923076923,-0.6289743589743589,-0.7217948717948719,-1.4625641025641025,-0.2169230769230769,-0.47538461538461535,0.10282051282051284,10000
MAKGKDIRIRVILECTTCTRNSVNKKSTGISRYITQKNRHNTPSRLELRKFCRYCYKHTIHGEIKK,0.24654446045454548,0.012797220909090903,0.4866458348484848,0.16225388181818182,0.6477590327272726,0.22409090909090906,-0.1827272727272727,-0.24545454545454545,0.050151515151515155,0.2643939393939394,0.1215151515151515,0.06454545454545456,-0.14909090909090905,0.010454545454545444,-0.1046969696969697,0.11363636363636365,-0.1913636363636364,0.26636363636363636,-0.2680757575757576,0.043378787878787885,-0.043984848484848474,0.09757575757575758,-0.1135909090909091,0.4684242424242424,0.015606060606060602,0.027424242424242413,0.40666666666666673,0.40636363636363637,-0.06484848484848484,-0.0834848484848485,0.15803030303030302,-0.0243939393939394,0.04575757575757577,0.1106060606060606,-0.3295454545454546,0.4154545454545454,-0.18590909090909097,0.03828787878787879,-0.03224242424242425,-0.008424242424242428,-0.07015151515151516,-0.09874242424242424,0.013181818181818227,0.2628787878787879,-1.7583333333333335,0.8804499999999998,0.19403636363636367,-0.791060606060606,0.5706060606060606,-0.032424242424242446,0.7118181818181818,0.26772727272727276,0.1415151515151515,0.32166666666666666,-0.012121212121212133,0.22754545454545455,-0.0036666666666666614,-0.017863636363636366,-0.0160909090909091,-0.7386969696969696,-0.15830303030303036,-0.16072727272727275,-0.05283333333333332,-0.036106060606060614,-0.022454545454545474,0.24509090909090905,0.10259090909090907,0.31380454545454545,-0.8335378787878789,-0.25658181818181813,-0.25615151515151513,0.347110606060606,0.0003803030303030389,-0.07517727272727255,-0.516771212121212,-0.37712121212121213,0.8524166666666665,0.349760606060606,-3.9196969696969686,0.5343939393939393,-0.1883333333333333,0.16757575757575757,0.4434848484848484,-0.28651515151515144,0.028030303030303023,0.05984848484848484,0.01818181818181815,0.294090909090909,0.1396969696969697,0.2815151515151515,0.044999999999999984,-0.7128787878787879,0.27666666666666667,0.32136363636363635,-0.22590909090909086,0.3465151515151515,-0.0362121212121212,0.703030303030303,-0.1537878787878788,-0.7080303030303031,-0.008939393939393914,-0.022272727272727257,10000
MIREERLLKVLRAPHVSEKASIAMEKSNTIVLKVAKDATKAEIKAAVQKLFEVEVESVNTLLMKGKVKRHGQRIGRRSDWKKAYVTLKEGQNLDFVGGAE,0.15724247939999997,-0.33067663199999997,0.027331975999999904,0.44217267799999993,0.11667709169999997,0.222,-0.28919999999999996,-0.30029999999999996,-0.1328,0.0646,0.21610000000000004,0.06360000000000002,0.02279999999999999,0.19560000000000002,0.0054999999999999945,-0.0709,-0.27990000000000004,0.11320000000000002,-0.43688999999999995,0.31791,-0.09633000000000001,0.5145299999999999,-0.028470000000000006,0.16068000000000002,-0.3857000000000001,-0.16359999999999997,0.05559999999999997,0.32189999999999996,-0.052800000000000014,-0.4471,0.0871,0.04100000000000001,-0.15519999999999998,0.10660000000000001,-0.39679999999999993,0.3421,-0.2352,0.028099999999999997,-0.029589999999999988,-0.11726999999999997,-0.09108,-0.0033400000000000023,-0.2744999999999999,0.02229999999999999,-1.456021,-0.36360599999999993,0.7137980000000002,-0.7674000000000001,-0.09540000000000017,-0.7442999999999997,0.6307,-0.3464,0.5280999999999999,0.0947,0.04369999999999999,0.23349000000000003,0.02681000000000001,-0.04088,-0.09412,-0.8494999999999999,-0.24105999999999997,-0.19604,-0.021509999999999994,-0.13588999999999998,-0.13159,0.20723000000000003,0.33046,-0.5395530000000001,-0.976379,-0.23501300000000003,-0.03935000000000002,0.369333,0.23983500000000008,-1.232667,-0.278374,-0.5330359999999998,-0.36435600000000007,0.228214,-4.5342,0.40830000000000005,-0.1564,0.36390000000000006,0.6122999999999998,-0.17689999999999997,-0.0787,-0.09870000000000001,-0.11220000000000002,0.07349999999999995,-0.2274,0.4373999999999999,-0.10360000000000003,-0.8105000000000002,0.3124,0.4264999999999998,-0.3317,0.20879999999999999,-0.18170000000000003,0.36719999999999997,-0.5554000000000001,-0.7843000000000001,-0.3072,0.25760000000000005,10000
MAVQKSKKSRSRRGMRRSHDAVTPENLSVDPVSGETHRRHHITADGFYKGVKVIAV,0.1623693675,0.03373451482142856,-0.3150227053571429,0.35943175714285713,0.09048716874999999,0.35767857142857146,-0.19767857142857143,-0.2017857142857143,0.009821428571428589,0.06303571428571426,0.13910714285714285,0.17071428571428568,-0.06446428571428572,0.1530357142857143,0.023035714285714277,0.008571428571428579,-0.30267857142857146,0.23464285714285713,-0.5481964285714286,0.004964285714285725,-0.21303571428571424,0.281,0.0011785714285714177,0.309125,-0.040000000000000015,-0.20125,0.25035714285714283,0.3873214285714286,0.019821428571428584,-0.19910714285714287,-0.21053571428571433,-0.024285714285714292,-0.13875,0.2666071428571429,-0.3619642857142858,0.37785714285714284,-0.32589285714285715,0.054785714285714285,0.0030000000000000005,-0.0495,-0.07105357142857144,-0.06735714285714287,-0.3957142857142858,0.1498214285714286,-2.2984982142857144,-0.4223982142857142,0.4981839285714287,-1.2964285714285715,-0.16857142857142862,-0.22607142857142856,0.6776785714285715,0.12678571428571425,0.1405357142857143,0.06089285714285713,0.059999999999999984,0.22200000000000003,0.030482142857142864,-0.034874999999999996,-0.027625000000000007,-0.8519464285714287,-0.15617857142857142,-0.23730357142857145,-0.03958928571428571,-0.06860714285714287,-0.3740178571428571,0.2978928571428571,0.30808928571428573,0.09941607142857133,-0.8853714285714286,-0.5056553571428571,0.16102321428571428,0.4334178571428571,-0.14357321428571426,-0.47153392857142834,-0.4535607142857144,-0.43499107142857135,0.7098660714285714,0.7665035714285714,-4.539642857142858,0.20446428571428574,-0.09964285714285714,0.13839285714285715,0.6667857142857143,-0.30446428571428574,-0.1341071428571429,-0.1748214285714286,-0.037678571428571415,0.1376785714285714,0.00910714285714287,0.36374999999999996,0.14410714285714282,-0.8130357142857143,0.15767857142857142,0.3891071428571428,-0.38249999999999995,0.3391071428571429,-0.22875,0.8698214285714287,-0.39392857142857135,-0.5882142857142858,0.0353571428571429,0.22160714285714286,10000
MGGISIWQLLIIAVIVILLFGTKKLRGMGGDLGSAVKGFKKAMSDEDKPADKKDADFEPKNIEQQKTEASAETTAETKKDKEQA,0.1592493289285714,-0.23004101428571427,-0.08883610952380964,0.38015036309523803,-0.013997113928571432,0.2989285714285714,-0.28785714285714287,-0.12440476190476188,-0.14202380952380952,-0.06285714285714288,0.23178571428571434,-0.018928571428571416,0.04797619047619048,0.2061904761904762,-0.046785714285714285,-0.08892857142857141,-0.3678571428571428,0.04392857142857143,-0.2849285714285714,0.14198809523809525,-0.20172619047619045,0.5191071428571429,-0.015750000000000024,-0.15244047619047618,-0.27178571428571424,-0.28869047619047616,-0.18833333333333335,0.255,0.0007142857142857057,-0.4203571428571428,0.12892857142857142,0.10166666666666668,-0.16416666666666666,-0.06511904761904763,-0.37738095238095243,0.2680952380952381,-0.33559523809523806,0.05061904761904762,0.005607142857142859,-0.10935714285714283,-0.06758333333333334,0.04557142857142856,-0.5721428571428572,0.025833333333333344,-1.8884380952380955,-1.1795880952380953,0.8320595238095239,-1.3577380952380953,-0.6310714285714285,-0.6722619047619048,0.25476190476190474,-0.46238095238095234,0.4477380952380952,0.021666666666666674,0.2661904761904762,0.2257738095238096,0.02708333333333333,-0.0589047619047619,-0.08707142857142859,-0.9229404761904766,-0.27042857142857146,-0.22488095238095235,-0.004464285714285716,-0.10373809523809524,-0.2454047619047619,0.12215476190476192,0.3583928571428571,-1.2767809523809526,-0.6913214285714285,-0.2082440476190476,-0.0058750000000000035,0.4198880952380953,0.4350940476190476,-2.016760714285714,-0.20554285714285714,-0.4037880952380952,-1.213746428571429,0.10626190476190474,-4.9904761904761905,0.20309523809523813,-0.09238095238095237,0.38999999999999996,0.7441666666666665,-0.16178571428571425,-0.13166666666666668,-0.27369047619047626,-0.051071428571428594,-0.12607142857142864,-0.25321428571428567,0.38678571428571423,-0.1142857142857143,-0.881547619047619,0.25333333333333335,0.4692857142857142,-0.36630952380952375,0.27809523809523806,-0.31190476190476196,0.4198809523809524,-0.7227380952380952,-0.44333333333333336,-0.5333333333333333,0.30190476190476184,10000
MSSKKSLYPDGRIPDRLPDGRPAVAWRSRWTEGVLPLWLVATAGGMAVFFVVGLFFFGAYTGVGSA,-0.24788734030303028,0.14328358878787875,-0.12082039696969706,0.5180272803030302,0.030080252575757613,-0.06106060606060605,-0.18681818181818183,0.10030303030303031,-0.10787878787878788,-0.15742424242424247,0.18666666666666665,0.24606060606060604,-0.008787878787878782,0.1656060606060606,-0.041060606060606075,-0.3746969696969697,-0.2845454545454546,0.08606060606060607,-0.12980303030303034,-0.20566666666666664,-0.13330303030303028,0.5321666666666667,0.10010606060606059,-0.05481818181818178,0.08666666666666663,-0.32681818181818184,0.019545454545454543,-0.17196969696969697,-0.16318181818181818,-0.43803030303030305,0.07393939393939396,0.03954545454545456,-0.22772727272727272,0.19060606060606058,-0.3386363636363637,0.4157575757575757,-0.4215151515151515,-0.009287878787878791,0.09371212121212122,-0.0372121212121212,-0.08412121212121211,0.032954545454545445,-0.5549999999999999,-0.3530303030303031,0.6108196969696971,-1.9877287878787875,1.1683454545454546,-0.0015151515151515152,-1.5007575757575757,0.24378787878787878,0.19954545454545453,-0.3631818181818182,0.226969696969697,0.045000000000000026,0.29287878787878785,0.21812121212121216,0.11668181818181819,-0.0016363636363636342,-0.022348484848484854,-0.8974848484848486,-0.23703030303030306,-0.13018181818181818,0.021196969696969683,-0.311560606060606,-0.6951060606060606,0.13074242424242424,0.43287878787878786,-0.6909924242424244,-0.18737878787878795,-0.13015151515151516,0.17379090909090905,0.6999954545454546,0.028818181818181833,-1.548542424242424,0.48793181818181813,-0.5281287878787878,-0.6258757575757575,0.9882500000000001,-4.801666666666666,-0.5118181818181818,-0.09272727272727274,0.22590909090909086,0.8242424242424242,0.17803030303030307,-0.1810606060606061,-0.32590909090909087,0.004848484848484814,0.03863636363636365,-0.4218181818181818,0.15409090909090903,0.0030303030303030446,-0.8690909090909091,0.04651515151515152,0.4372727272727273,-0.41181818181818175,0.11075757575757576,-0.5774242424242424,-0.4454545454545455,-0.727878787878788,-0.15651515151515155,-0.11833333333333329,0.18166666666666667,10000
MEYQYPLDYDWSNEEMVTMVKFYEAIEKAYEKGIIREELMGLYRRFKEIVPSKAEEKKIDKEFQEVSGYSIYRAIQRAKEVEEQKLVKI,0.2977263993258427,-0.3522658364044944,0.48683434269662923,0.16900344044943819,0.10918823640449436,0.18595505617977529,-0.059887640449438194,-0.4223595505617977,-0.1338202247191011,-0.020561797752809006,0.08640449438202248,-0.08775280898876404,0.08393258426966292,0.27022471910112367,-0.03157303370786518,0.05786516853932583,-0.19426966292134834,-0.07000000000000002,-0.3826292134831461,0.34349438202247196,0.1368876404494382,0.2971460674157304,-0.0012808988764045261,0.03152808988764046,-0.3367415730337079,0.12123595505617976,-0.03921348314606739,0.3052808988764044,-0.1151685393258427,-0.2991011235955056,0.041685393258426975,0.13887640449438202,-0.13134831460674154,-0.057865168539325856,-0.20696629213483145,0.327752808988764,-0.17292134831460676,0.02050561797752809,-0.075,-0.07014606741573035,-0.06330337078651686,0.025887640449438195,0.2456179775280899,0.10460674157303369,-1.2171191011235956,0.8971404494382021,0.5536011235955056,-0.6447191011235954,0.7978651685393255,-0.7878651685393258,0.1291011235955056,-0.5519101123595506,0.4174157303370786,0.20674157303370785,-0.019325842696629215,0.23229213483146066,-0.03780898876404495,3.3707865168541844e-05,-0.07626966292134832,-0.6727752808988763,-0.16282022471910115,-0.05283146067415731,-0.09906741573033707,-0.07419101123595506,0.09140449438202251,0.08012359550561798,0.23001123595505618,0.5374101123595506,-0.7420505617977526,-0.3137797752808989,0.11641573033707867,-0.07577865168539322,0.6151359550561797,0.4079752808988764,-0.45982921348314604,-0.3083865168539326,0.9616955056179776,-0.25213370786516853,-3.4712359550561795,0.5610112359550563,-0.18494382022471906,0.08640449438202244,0.3468539325842696,-0.16483146067415724,0.1979775280898876,0.14292134831460676,-0.012359550561797801,-0.0965168539325843,-0.16730337078651686,0.27629213483146065,-0.06022471910112362,-0.6467415730337079,0.30629213483146067,0.23134831460674157,-0.2110112359550562,0.27730337078651685,-0.0748314606741573,0.1838202247191011,-0.03730337078651689,-0.6082022471910112,-0.5228089887640449,0.032471910112359566,10000
MRKYEIMYIIAPNLEESANKEIIERYNKVLTDNGAEILKVDEIGKKRLAYEINDFKDGFYVLLSVQANTEAINEFNRLIKINDNVIRVLVTKDEQ,0.17083536189473683,-0.26986079105263155,0.4633096136842105,0.3146703505263158,0.14461785431578947,0.15936842105263158,-0.22421052631578944,-0.3726315789473684,0.053894736842105266,-0.07326315789473684,0.21621052631578955,-0.09063157894736844,0.0168421052631579,0.059157894736842104,-0.04357894736842106,0.0020000000000000065,-0.2612631578947368,-0.06263157894736843,-0.29735789473684215,0.23950526315789475,0.06936842105263161,0.4080105263157895,-0.06981052631578948,-0.005378947368421023,-0.24505263157894736,-0.025263157894736855,0.092,0.24389473684210522,-0.19378947368421057,-0.3398947368421052,-0.018315789473684233,0.2409473684210526,0.1317894736842105,-0.19157894736842107,-0.2903157894736842,0.31305263157894736,-0.263578947368421,0.012168421052631578,-0.034326315789473684,-0.07730526315789474,-0.06908421052631579,0.006315789473684206,-0.006210526315789463,-0.0011578947368420993,-0.865217894736842,0.08696421052631581,0.35247368421052633,-0.4364210526315791,0.2363157894736842,-0.9745263157894737,0.1626315789473684,-0.3092631578947369,0.24389473684210528,0.41378947368421054,-0.19105263157894736,0.23714736842105272,-0.022978947368421047,-0.03461052631578948,-0.0835157894736842,-0.7686315789473683,-0.26285263157894734,-0.19163157894736843,-0.08128421052631579,-0.0192842105263158,0.12606315789473682,0.029494736842105258,0.1274526315789474,-0.736338947368421,-1.0177842105263157,0.4513452631578947,-0.11069473684210526,-0.028989473684210516,0.3857757894736841,-0.7102399999999998,-0.3632652631578947,-0.23568631578947372,-0.7536536842105263,-0.08462105263157894,-4.0357894736842095,0.4636842105263158,0.02842105263157894,0.2728421052631579,0.4650526315789473,-0.10894736842105261,0.09210526315789473,0.025263157894736838,-0.17010526315789473,-0.14936842105263162,-0.1990526315789474,0.30673684210526314,-0.1385263157894737,-0.7307368421052631,0.2485263157894737,0.31736842105263163,-0.35589473684210526,0.17505263157894735,-0.04526315789473686,0.1384210526315788,-0.2149473684210526,-0.5632631578947368,-0.6828421052631578,0.2993684210526316,10000
METIVNGFNQPNAQASPLAYGLTMVAAGLAIMGAGVVSVGQGMAVAKAVEAIGRNPEATSKIRSTLIMGLAIVETASIYCFIIALLIIFV,-0.380786062,-0.1861814518888889,0.21820661222222215,0.6240249566666667,0.11957043322222224,-0.14388888888888884,-0.492,-0.07466666666666667,0.025777777777777785,-0.10622222222222223,0.2563333333333333,0.19511111111111112,-0.030333333333333334,0.21066666666666667,0.11955555555555554,-0.45266666666666666,-0.38922222222222225,0.05822222222222222,0.03446666666666666,0.10216666666666667,-0.22556666666666664,0.6329,-0.007488888888888877,-0.06642222222222222,-0.31488888888888894,-0.5493333333333333,0.19544444444444445,-0.15566666666666668,-0.09822222222222222,-0.30777777777777776,0.0017777777777777818,0.12288888888888888,-0.09699999999999996,-0.2273333333333334,-0.5011111111111112,0.48133333333333334,-0.44555555555555565,-0.041100000000000005,0.09275555555555555,-0.12412222222222223,-0.06537777777777777,0.004133333333333334,-0.8603333333333334,-0.498,1.208076666666667,-3.025656666666666,0.6387122222222222,0.5594444444444444,-2.0493333333333337,-0.658888888888889,0.5723333333333334,-0.23200000000000004,0.3077777777777777,0.12444444444444451,0.048555555555555574,0.23420000000000002,0.1172777777777778,-0.05785555555555556,-0.04325555555555557,-1.0335444444444446,-0.4121777777777778,-0.24634444444444448,0.08666666666666667,-0.25094444444444447,-0.5282111111111111,0.06014444444444443,0.2810333333333333,-2.068223333333333,-0.4959055555555556,0.09312777777777778,-0.17271666666666674,0.5047177777777777,0.09980888888888892,-3.1224844444444444,0.3276866666666667,-0.4881822222222222,-2.454137777777778,0.644241111111111,-5.679999999999999,-0.3785555555555554,0.01344444444444445,0.6104444444444445,0.8664444444444445,0.22844444444444448,-0.44600000000000006,-0.43311111111111117,-0.37200000000000005,-0.009000000000000013,-0.6176666666666666,0.13788888888888884,-0.21977777777777774,-0.9931111111111111,0.12244444444444444,0.6426666666666666,-0.3969999999999999,0.002222222222222234,-0.3657777777777777,-0.5881111111111111,-1.2771111111111113,-0.307,-0.5088888888888888,0.30377777777777776,10000
MLEGAKSIGAGAATIASAGAAIGIGNVLSSSIHSVARNPSLAKQSFGYAILGFALTEAIASFAPMMAFLISSVIPIKESKKEG,-0.29084270710843374,-0.09906318915662654,-0.25738174216867465,0.6344265674698795,-0.04395902265060238,0.030602409638554217,-0.42204819277108435,0.02144578313253011,0.03819277108433736,-0.07542168674698796,0.2796385542168675,0.2539759036144579,-0.030722891566265065,0.31975903614457835,0.028795180722891563,-0.39385542168674686,-0.424578313253012,0.1491566265060241,0.047385542168674674,0.022361445783132546,-0.32544578313253003,0.7058795180722892,0.03196385542168674,-0.17184337349397594,-0.24939759036144574,-0.6114457831325302,-0.032409638554216844,-0.09192771084337352,-0.12710843373493977,-0.44638554216867465,-0.11542168674698793,0.07698795180722891,-0.138433734939759,-0.21879518072289156,-0.5004819277108433,0.4231325301204819,-0.4637349397590362,-0.000518072289156624,0.1012409638554217,-0.12910843373493974,-0.07486746987951808,0.033891566265060236,-1.073132530120482,-0.39180722891566266,0.061572289156626644,-3.2467084337349394,0.8479156626506027,-0.2878313253012048,-2.1427710843373493,-0.5256626506024097,0.6736144578313253,-0.3404819277108434,0.3407228915662652,-0.047590361445783116,0.12927710843373494,0.2333373493975904,0.12381927710843375,-0.0403855421686747,-0.01684337349397591,-1.0677469879518073,-0.3813253012048193,-0.2773734939759036,0.0505301204819277,-0.23577108433734942,-0.698722891566265,0.10671084337349399,0.43654216867469875,-1.2156686746987955,-0.7041795180722893,-0.16911686746987953,-0.030051807228915657,0.7394710843373493,0.04696144578313253,-2.399103614457831,0.16627951807228916,-0.7284325301204818,-1.0560518072289158,0.9646626506024095,-5.909397590361444,-0.4489156626506023,-0.002891566265060218,0.503132530120482,0.9996385542168674,0.12036144578313256,-0.4608433734939759,-0.5398795180722892,-0.2540963855421687,-0.007590361445783161,-0.5456626506024097,0.2240963855421686,-0.18349397590361446,-1.0291566265060241,0.06518072289156626,0.646024096385542,-0.42180722891566264,0.21445783132530122,-0.5045783132530121,-0.1819277108433735,-1.203012048192771,-0.12228915662650605,-0.44373493975903605,0.4296385542168674,10000
MLSHELVERINFLAKKAKAEGLTEEEQRERQSLREQYLKGFRQNMLNELKGIKVVNEQGTDVTPAKLKALKKQDNAKLN,0.3486102343037975,-0.3632987775949367,0.027746992405063193,0.3593313303797468,0.10264426227848104,0.37430379746835446,-0.19202531645569618,-0.3858227848101266,-0.14645569620253163,0.11594936708860758,0.21405063291139237,0.0024050632911392354,0.032151898734177224,0.11151898734177218,-0.028481012658227847,0.06822784810126584,-0.26367088607594935,0.04025316455696204,-0.4385822784810127,0.3460126582278481,-0.05953164556962022,0.46506329113924055,0.02667088607594936,0.05403797468354433,-0.3687341772151898,-0.04354430379746836,-0.14075949367088608,0.41405063291139244,-0.03696202531645568,-0.4460759493670886,0.31329113924050633,0.03493670886075948,-0.01974683544303794,-0.038354430379746826,-0.28949367088607597,0.32759493670886064,-0.1937974683544304,0.05658227848101265,-0.060088607594936706,-0.11086075949367087,-0.07850632911392405,0.028063291139240495,-0.11506329113924041,0.1710126582278481,-2.3951000000000007,0.3033632911392405,0.5678227848101266,-1.3249367088607593,0.44253164556962016,-0.7339240506329113,0.4693670886075951,-0.4207594936708863,0.5520253164556962,0.018987341772151892,-0.06177215189873417,0.23417721518987342,-0.028886075949367096,-0.0469240506329114,-0.09767088607594937,-0.8022531645569619,-0.16518987341772154,-0.1681139240506329,-0.05774683544303799,-0.05741772151898736,0.06091139240506326,0.1619620253164557,0.3192911392405063,-0.6289556962025317,-1.0928772151898731,-0.14122658227848106,0.08070632911392407,0.07787848101265823,0.2898784810126583,-0.9379569620253163,-0.5304164556962025,-0.36799113924050636,-0.4562493670886075,-0.125626582278481,-4.226962025316456,0.6950632911392405,-0.13721518987341771,0.2807594936708861,0.5358227848101265,-0.2820253164556962,0.03962025316455695,-0.022405063291139234,0.051139240506329106,-0.010886075949367118,-0.11835443037974683,0.48506329113924035,-0.15797468354430377,-0.7565822784810126,0.3710126582278481,0.3344303797468355,-0.3641772151898734,0.2762025316455696,-0.09151898734177216,0.5851898734177213,-0.2479746835443038,-0.7712658227848102,-0.48860759493670886,0.3632911392405064,10000
MAALFVRSVVASVVDLSRLAVKPRAFSILLGTLPSAKPCAEVRSLLCGGPVLSLQPSLGFKTKGVIKKRCRDCYMVKRRGRWFVLCKTNPKHKQRQM,-0.08742927484536082,-0.01494388123711341,-0.40539701649484544,0.4424745845360824,0.01383716402061854,0.0006185567010309054,-0.3736082474226805,-0.15041237113402064,-0.12649484536082473,0.1395876288659794,0.07969072164948456,0.1772164948453608,-0.0035051546391752586,0.09402061855670105,-0.07680412371134021,-0.24257731958762885,-0.22876288659793811,0.20061855670103093,-0.24436082474226808,0.07968041237113406,-0.12034020618556697,0.40472164948453604,0.12837113402061856,0.3134948453608247,-0.09845360824742266,-0.19474226804123712,0.19639175257731958,0.06546391752577319,-0.02350515463917525,-0.4079381443298969,0.21195876288659796,-0.22876288659793811,-0.048350515463917505,0.2594845360824742,-0.46123711340206186,0.46226804123711335,-0.252680412371134,-0.0016907216494845433,0.023216494845360827,-0.05425773195876289,-0.094659793814433,-0.036309278350515464,-0.3330927835051546,-0.16412371134020615,-0.03332577319587615,-0.6907556701030925,0.8031010309278349,0.006185567010309229,-0.531855670103093,-0.059587628865979354,0.7635051546391752,-0.11628865979381446,0.182680412371134,0.044123711340206206,0.1797938144329897,0.22732989690721653,0.06940206185567012,-0.03380412371134021,-0.054247422680412376,-0.8725773195876287,-0.19904123711340202,-0.12072164948453609,0.05847422680412371,-0.2797216494845361,-0.2667628865979381,0.2293298969072165,0.2278453608247423,-0.18403402061855673,-0.7365721649484537,-0.41136288659793824,-0.2988134020618557,0.5427288659793814,-0.0653824742268041,-1.0646391752577318,0.09136185567010303,-0.6029721649484535,0.14813711340206187,0.6908154639175257,-4.648762886597938,0.07587628865979384,-0.2908247422680412,0.3847422680412371,0.5730927835051546,-0.0005154639175257233,-0.16938144329896906,-0.10701030927835053,-0.11278350515463917,0.2824742268041237,-0.20247422680412372,0.17896907216494842,0.08432989690721653,-0.8313402061855671,0.26185567010309274,0.4543298969072165,-0.20999999999999996,0.10639175257731957,-0.26350515463917534,-0.1075257731958763,-0.5769072164948453,-0.5025773195876289,0.010927835051546401,0.1851546391752578,10000
MDLSNRTVVQVVVLALVAQVTLSQHWSYGWLPGGKRSVGELEATIKMMDTGGVVALPEETSAHFSERLRPYDVILKKWMPHK,-0.08925537060975612,-0.08087064487804879,-0.28801816585365864,0.38776690609756087,-0.18169005975609756,0.03926829268292685,-0.24024390243902438,-0.18451219512195122,-0.11621951219512192,-0.06390243902439027,0.13670731707317071,0.08353658536585368,-0.06426829268292683,0.11402439024390243,0.10585365853658536,-0.1719512195121951,-0.2901219512195122,0.04524390243902438,-0.30152439024390243,0.09547560975609758,-0.08585365853658533,0.4277804878048781,0.08896341463414632,0.043268292682926854,-0.16560975609756096,-0.20609756097560974,0.10036585365853656,0.04329268292682925,0.022195121951219518,-0.34402439024390247,-0.06353658536585365,-0.10963414634146344,-0.2582926829268292,0.18365853658536582,-0.36402439024390243,0.4613414634146341,-0.39146341463414636,-0.0039024390243902448,0.026036585365853657,-0.0666341463414634,-0.07100000000000001,0.0005487804878048818,-0.3157317073170732,-0.1492682926829268,-0.03260487804878033,-1.0997097560975608,0.7419243902439026,-0.11158536585365869,-0.6607317073170732,-0.3940243902439024,0.37426829268292683,-0.31,0.2042682926829268,0.08902439024390243,0.04219512195121952,0.22657317073170732,0.05453658536585365,-0.03430487804878049,-0.042109756097560985,-0.8492317073170732,-0.2491829268292683,-0.19031707317073168,-0.041146341463414636,-0.1310609756097561,-0.28235365853658534,0.16406097560975608,0.20203658536585367,-0.4925073170731708,-0.6355487804878049,-0.01311951219512199,-0.021902439024390256,0.25036707317073176,0.050998780487804894,-0.9426695121951219,0.05484268292682924,-0.323040243902439,-0.6487841463414634,0.2783353658536584,-4.498658536585365,-0.12707317073170732,-0.07426829268292678,0.2729268292682927,0.5889024390243901,0.03524390243902442,-0.14756097560975612,-0.15036585365853658,-0.1725609756097561,0.011585365853658523,-0.3331707317073171,0.17390243902439023,-0.007317073170731716,-0.8126829268292685,0.11707317073170731,0.43414634146341463,-0.28707317073170724,0.11987804878048779,-0.24060975609756102,-0.1815853658536586,-0.6235365853658537,-0.46451219512195135,-0.21841463414634144,0.19,10000
MKLRASVRKICSKCRLIRRGKRLYVFCVNARHKQKQG,0.20284257675675674,-0.13449854324324326,0.047124113513513366,0.22575588918918918,0.6307942535135135,0.11783783783783783,-0.2335135135135135,-0.30486486486486486,-0.10081081081081082,0.46702702702702703,0.13,0.20405405405405402,0.1064864864864865,0.056756756756756746,-0.13405405405405402,-0.032432432432432434,-0.08675675675675673,0.36513513513513507,-0.3471621621621623,0.23802702702702705,0.005864864864864849,0.1617297297297297,-0.18145945945945946,0.7525405405405405,-0.16108108108108105,0.07675675675675675,0.43837837837837845,0.3959459459459459,-0.051081081081081045,-0.21189189189189192,0.3981081081081081,-0.042702702702702704,0.030540540540540555,0.26189189189189194,-0.39702702702702697,0.42648648648648657,-0.014324324324324338,0.017486486486486486,-0.062027027027027025,-0.03851351351351352,-0.09048648648648651,-0.11483783783783785,0.1489189189189189,0.16540540540540538,-1.1711594594594594,1.4498243243243245,0.23561351351351353,-0.22675675675675677,0.8210810810810811,0.13378378378378378,1.0597297297297297,0.34783783783783784,0.5243243243243243,0.11216216216216217,0.09945945945945947,0.228027027027027,0.0009189189189189182,-0.01064864864864865,-0.08902702702702704,-0.7305675675675676,-0.022729729729729746,-0.028162162162162163,0.05100000000000001,-0.2517297297297298,-0.020405405405405426,0.3856216216216216,0.3306486486486487,0.8988837837837838,-0.9543675675675679,-0.8713594594594596,-0.3392864864864865,0.5129810810810812,-0.15808108108108107,-0.16817567567567548,-0.44951621621621624,-0.8286783783783784,1.787224324324324,0.6719405405405406,-3.8564864864864865,0.8521621621621622,-0.5127027027027028,0.3164864864864864,0.441081081081081,-0.25702702702702696,0.031891891891891865,0.14837837837837836,0.13513513513513514,0.5972972972972973,0.17135135135135135,0.4005405405405405,-0.053513513513513536,-0.7013513513513514,0.5105405405405408,0.37,-0.11027027027027025,0.35189189189189185,-0.038378378378378375,0.575135135135135,-0.09783783783783781,-0.9756756756756757,0.40297297297297285,-0.031621621621621604,10000
MVKRKANHVINGMNDAKSQGKGAGYIENDQLVLTEEERQNNKKRKTNQ,0.46758989062499995,-0.12500641583333333,0.2537739937499999,0.21296888333333333,0.35818713791666673,0.590625,-0.11625,-0.2760416666666667,-0.032291666666666656,0.121875,0.29812500000000003,0.02999999999999999,0.004583333333333331,0.007708333333333347,0.009166666666666665,0.18104166666666666,-0.3308333333333333,0.11625,-0.6134583333333333,0.08022916666666667,-0.18327083333333336,0.25485416666666666,-0.18589583333333337,0.0676666666666667,-0.11166666666666669,-0.10583333333333332,-0.0002083333333333474,0.5714583333333333,0.13312500000000002,-0.1875,0.19458333333333333,0.284375,-0.07687499999999997,-0.20875000000000002,-0.253125,0.28750000000000003,-0.26,0.09704166666666665,-0.03975,-0.06777083333333335,-0.043375000000000004,-0.021333333333333333,-0.3108333333333333,0.34958333333333336,-3.7263291666666665,0.21491041666666658,0.17222291666666667,-2.192083333333333,0.3785416666666666,-0.409375,0.42250000000000004,-0.017291666666666688,0.49604166666666666,0.18125000000000002,-0.13333333333333333,0.22704166666666667,-0.05047916666666666,-0.06760416666666667,-0.07020833333333333,-0.8400000000000002,-0.11229166666666668,-0.22560416666666663,-0.03714583333333333,0.061624999999999985,-0.08343750000000001,0.17822916666666666,0.34800000000000003,-1.05175625,-0.9578124999999998,-0.2641625,0.1924541666666667,0.036129166666666664,0.10619374999999999,-1.37481875,-0.7985041666666667,-0.2202333333333333,-0.7997854166666668,0.0009916666666667424,-4.464791666666667,0.7097916666666667,-0.041249999999999974,0.2260416666666667,0.6704166666666667,-0.46562499999999996,-0.026458333333333337,-0.15,0.21083333333333332,-0.01375000000000004,0.06333333333333334,0.5747916666666666,-0.23687500000000003,-0.7904166666666667,0.3345833333333333,0.35479166666666667,-0.454375,0.42645833333333333,-0.0829166666666667,1.2139583333333333,-0.18104166666666663,-0.6297916666666666,-0.4156249999999999,0.3566666666666667,10000
SGAAAAQTAAASSLHQASNHTFYPWMAIAGESTADPIKSKIRSDLTQYGGISTDMGKRYSESLAGSLLPDWLGTNGLRRRGRQTYTR,0.02456130264367816,0.11985061011494251,-0.35202786091954036,0.4679528321839079,0.04962994931034482,0.2702298850574713,-0.1733333333333333,0.046436781609195406,-0.023333333333333338,0.044942528735632176,0.23379310344827586,0.17873563218390806,-0.15793103448275864,0.22229885057471263,0.023793103448275864,-0.06862068965517239,-0.3645977011494253,0.17793103448275863,-0.143632183908046,-0.1583563218390804,-0.275022988505747,0.45089655172413784,-0.007793103448275857,-0.03145977011494249,0.046206896551724136,-0.37494252873563216,-0.009655172413793092,0.16126436781609196,-0.23494252873563215,-0.26954022988505744,-0.03137931034482755,-0.07908045977011492,-0.21080459770114937,-0.01965517241379308,-0.3316091954022988,0.39632183908045976,-0.4366666666666666,0.05514942528735632,0.06295402298850575,-0.055402298850574704,-0.06508045977011494,-0.005321839080459773,-0.7250574712643679,0.003908045977011503,-1.9938402298850582,-1.7251724137931028,0.5632643678160919,-1.3304597701149428,-1.0532183908045978,-0.08862068965517243,0.3855172413793103,0.004252873563218362,0.20965517241379325,-0.005517241379310334,0.30310344827586205,0.21909195402298853,0.054632183908045986,-0.04308045977011494,0.02451724137931034,-0.9276091954022988,-0.21451724137931036,-0.2939080459770116,-0.03496551724137932,-0.050091954022988494,-0.696344827586207,0.15825287356321838,0.4273793103448276,-0.5183816091954023,-0.7945632183908047,-0.20947011494252882,0.30369655172413795,0.429780459770115,-0.1181781609195402,-1.1572068965517242,-0.38941379310344826,-0.46864367816091945,-0.09614597701149433,1.050158620689655,-5.050229885057472,-0.138735632183908,0.10229885057471265,0.18436781609195396,0.943103448275862,-0.15275862068965518,-0.1773563218390805,-0.38712643678160913,0.028390804597701106,-0.005517241379310368,-0.16482758620689655,0.20620689655172414,-0.07436781609195404,-0.8947126436781612,0.0549425287356322,0.45655172413793094,-0.5637931034482757,0.34287356321839085,-0.38689655172413806,0.5288505747126436,-0.6449425287356322,-0.2339080459770115,-0.32471264367816094,0.29781609195402303,10000
MPSVKLKENEPFDFALRRFKRSCEKAGVLAEVRRREFYEKPTSVRKRKAAAAVKRHAKKVQRENRKFQRLY,0.4135105243661972,-0.30681603985915484,0.16515796760563375,0.34606313098591546,0.37730111957746476,0.34492957746478875,-0.13028169014084506,-0.380281690140845,-0.1912676056338028,0.237887323943662,0.06253521126760563,0.14408450704225353,0.03084507042253521,0.23971830985915493,-0.18563380281690137,0.051971830985915526,-0.1253521126760563,0.2035211267605634,-0.5703802816901409,0.33221126760563374,0.028323943661971877,0.30494366197183104,0.12097183098591552,0.4486760563380283,-0.2825352112676057,0.12492957746478875,0.028732394366197195,0.48887323943661964,-0.16366197183098588,-0.41887323943661975,0.2707042253521127,-0.09014084507042253,0.07295774647887325,0.2008450704225352,-0.27802816901408445,0.33943661971830985,-0.048873239436619725,0.0543943661971831,-0.09157746478873241,-0.06935211267605633,-0.10738028169014086,-0.018422535211267608,0.19690140845070422,0.18901408450704227,-2.4590154929577475,1.5180788732394364,0.8568690140845071,-1.1091549295774648,1.14056338028169,-0.3112676056338028,0.8459154929577465,-0.24281690140845077,0.39507042253521135,-0.07028169014084507,0.16816901408450707,0.22928169014084507,-0.0068873239436619705,0.005436619718309862,-0.08792957746478874,-0.6892112676056336,-0.07832394366197185,-0.06208450704225351,-0.048183098591549296,-0.20318309859154932,-0.05194366197183106,0.30719718309859156,0.3765633802816901,0.8056267605633802,-0.9180676056338029,-0.6500253521126761,0.09715633802816902,0.44594084507042253,0.17356901408450706,0.3121521126760565,-0.39610140845070424,-0.5716971830985914,1.757545070422535,0.4909971830985914,-3.5564788732394366,0.7307042253521128,-0.33999999999999997,0.0743661971830986,0.41887323943661964,-0.3511267605633803,0.18816901408450698,0.16478873239436617,0.09873239436619718,0.30633802816901406,0.0928169014084507,0.4418309859154929,0.15450704225352116,-0.6604225352112674,0.38718309859154926,0.21464788732394366,-0.3042253521126761,0.26140845070422536,-0.16676056338028172,0.7226760563380282,0.18563380281690137,-0.8532394366197183,0.09718309859154935,0.228169014084507,10000
MAKMMQREITKTTVNVAKMVMVDGEVQVEQLPSETFVGNLSMEQAQWRMKRKYKGEPVQVVSVEPNTEVYELPVEKFLEVATVRVEKEDSEEQVAE,0.15360073791666665,-0.32504931291666667,0.1099562343749999,0.339033128125,-0.210773906875,0.23895833333333336,-0.29083333333333333,-0.37947916666666665,-0.2070833333333333,-0.05864583333333334,0.10375,-0.09249999999999999,-0.03979166666666668,0.21302083333333333,0.11541666666666665,-0.020625000000000004,-0.319375,-0.07656249999999998,-0.61334375,0.3437083333333333,-0.10559375,0.3286354166666667,0.12142708333333331,0.05164583333333334,-0.40375000000000005,-0.1282291666666667,0.055625,0.3078125,0.08052083333333336,-0.20187500000000003,0.010520833333333313,-0.07666666666666666,-0.2640625,-0.010000000000000028,-0.34031249999999996,0.41500000000000004,-0.30614583333333334,0.02270833333333333,-0.036125000000000004,-0.10259375,-0.048177083333333336,-0.004437500000000004,-0.18541666666666665,0.016770833333333308,-1.4095416666666665,-0.4203229166666666,0.39042916666666666,-0.7619791666666668,0.03770833333333326,-0.9959375,0.31375000000000003,-0.4091666666666667,0.26010416666666664,0.08843749999999999,0.010520833333333332,0.23253125,-0.00678125,-0.06853125,-0.055343750000000004,-0.8275,-0.2654583333333333,-0.18965625,-0.011260416666666667,-0.04589583333333334,-0.04187500000000003,0.1305833333333333,0.12390625,-0.6408489583333333,-0.7355520833333333,-0.4863,0.058693750000000044,-0.12332187500000001,0.39483854166666665,-0.8983906249999999,-0.4381,-0.10474583333333333,-0.5895427083333333,-0.23667604166666667,-4.323854166666666,0.34260416666666677,-0.06927083333333332,0.2602083333333333,0.46302083333333327,-0.18062499999999995,-0.10489583333333334,-0.05020833333333333,-0.2159375,-0.16614583333333335,-0.2610416666666666,0.18635416666666668,0.010000000000000009,-0.7761458333333332,0.25697916666666665,0.3656249999999999,-0.31406249999999997,0.08822916666666669,-0.065,0.24395833333333336,-0.5126041666666667,-0.5880208333333334,-0.6372916666666666,0.13583333333333333,10000
MKEKDNFEMVINFKRAFMGRRNQRTKRAIKMIRNIVQRHFGAEKVIIDPLLAKSITYNGRDKIVRKVRVAVKKIGEKTYLVRLALKSE,0.21633594068181816,-0.2853715085227273,0.5118433227272726,0.3217583465909091,0.5353020147727273,0.15465909090909094,-0.24727272727272726,-0.4061363636363636,-0.09,0.10511363636363637,0.2228409090909091,0.09749999999999998,0.03784090909090909,0.0690909090909091,-0.10761363636363637,-0.05068181818181818,-0.15999999999999998,0.16670454545454544,-0.36460227272727275,0.27684090909090914,0.0832727272727273,0.36222727272727273,-0.07413636363636365,0.39096590909090917,-0.26806818181818187,0.040909090909090895,0.27636363636363637,0.36147727272727276,-0.034431818181818175,-0.34420454545454543,0.1509090909090909,0.13931818181818179,0.014772727272727292,0.009659090909090924,-0.3690909090909091,0.3797727272727273,-0.13181818181818183,0.012352272727272734,-0.0568409090909091,-0.06994318181818182,-0.10432954545454547,-0.040670454545454544,0.13193181818181826,0.018522727272727267,-1.0180329545454543,0.8246465909090909,0.7431068181818183,-0.37818181818181834,0.5928409090909089,-0.5155681818181819,0.755,-0.13693181818181818,0.38056818181818175,0.21738636363636366,0.047159090909090914,0.23304545454545458,0.002102272727272728,-0.015397727272727273,-0.1107840909090909,-0.7403750000000001,-0.15781818181818183,-0.10929545454545453,-0.024488636363636355,-0.17340909090909093,0.08870454545454541,0.2126931818181818,0.2434318181818182,0.05072840909090915,-0.9954465909090909,-0.1865806818181819,-0.28466704545454546,0.4358659090909091,0.23322272727272725,-0.554256818181818,-0.256925,-0.5810329545454546,0.4673090909090911,0.24497159090909087,-3.8938636363636365,0.6732954545454546,-0.31227272727272726,0.3353409090909091,0.4059090909090909,-0.16386363636363635,0.09204545454545454,0.1025,-0.05579545454545458,0.26340909090909087,-0.08181818181818183,0.4207954545454546,-0.04465909090909092,-0.7104545454545454,0.4132954545454545,0.3361363636363636,-0.19795454545454547,0.20931818181818185,-0.08965909090909091,0.24681818181818177,-0.17943181818181816,-0.9705681818181818,-0.049886363636363604,0.20545454545454545,10000
MGCDDKCGCAVPCPGGTGCRCTSARSGAAAGEHTTCGCGEHCGCNPCACGREGTPSGRANRRANCSCGAACNCASCGSATA,-0.21473120197530865,0.37618101296296297,-0.19548158888888895,0.35431431604938274,0.3052050109876544,0.31185185185185177,-0.4211111111111111,0.6635802469135803,0.19209876543209875,0.35604938271604936,0.04024691358024688,0.18493827160493828,0.025185185185185185,0.17419753086419754,0.04111111111111111,-0.2517283950617284,-0.5635802469135801,0.2782716049382716,-0.10680246913580249,-0.407604938271605,-0.9233827160493827,0.006135802469135795,-0.1887901234567901,-0.11174074074074072,0.21864197530864202,-0.8572839506172839,-0.05197530864197528,0.003209876543209882,-0.35790123456790124,0.40629629629629627,0.41012345679012346,0.065679012345679,-0.03555555555555559,0.27753086419753087,-0.4408641975308642,0.2093827160493827,-0.471358024691358,0.0804320987654321,0.15948148148148147,-0.050172839506172844,0.09275308641975309,-0.06386419753086421,-1.771604938271605,0.10950617283950619,-2.2134135802469133,-3.833602469135802,-1.0996851851851854,-1.5091358024691357,-2.8700000000000006,0.7018518518518517,-0.011358024691358038,0.6919753086419753,0.34555555555555556,-0.23876543209876538,0.0885185185185185,0.21149382716049384,0.1229135802469136,-0.10161728395061725,0.11355555555555553,-1.2164814814814815,-0.28370370370370374,-0.30203703703703705,0.2584938271604938,-0.1323827160493827,-1.2559753086419752,0.33839506172839506,0.46677777777777774,-3.116601234567901,0.5029592592592592,-1.2404530864197532,0.2089728395061728,0.31280740740740737,-0.5138666666666666,-4.691008641975308,-0.42704074074074083,-0.10034074074074076,-2.9070432098765435,1.5063345679012348,-6.833086419753086,-0.5313580246913581,0.09456790123456789,0.3893827160493827,1.4150617283950617,-0.27222222222222225,-0.7985185185185186,-0.8567901234567901,0.25629629629629624,-0.14370370370370375,0.041111111111111126,0.17308641975308636,-0.10679012345679015,-1.1625925925925926,0.024814814814814828,0.7670370370370369,-0.638641975308642,0.4609876543209876,-0.4872839506172839,1.3919753086419753,-1.3804938271604936,0.8412345679012344,-0.2676543209876543,-0.22925925925925922,10000
MYKDVDSHQRDSRSDGHQDGFKKNPNFRFFKKKTCKFCDMDRVPDYKEFDFLKKFITEQGKILPRRITGTSAKHQRRLALEIKKARYMALLPFVKQ,0.31426049687499996,-0.10230840802083334,-0.10000887187500009,0.11201890833333333,0.1418440263541667,0.2691666666666666,-0.0521875,-0.2842708333333333,-0.05395833333333331,0.07906249999999998,0.07270833333333333,0.0034374999999999822,0.03312500000000001,0.09166666666666667,-0.22020833333333334,0.06010416666666665,-0.17177083333333334,0.10010416666666666,-0.33738541666666677,0.09706250000000001,0.047677083333333335,0.17009375000000002,0.04397916666666666,0.19790625000000003,-0.04708333333333332,0.11697916666666668,-0.043541666666666666,0.32135416666666666,0.08166666666666665,-0.3301041666666667,0.18406249999999993,0.013541666666666702,0.1540625,0.133125,-0.2059375,0.33822916666666675,-0.209375,0.04542708333333333,-0.054656249999999997,-0.02035416666666667,-0.06686458333333334,-0.0031666666666666705,0.1466666666666667,0.17093750000000005,-1.7897916666666667,1.1335229166666667,0.573475,-1.0175000000000003,0.8262499999999999,-0.12791666666666668,0.31583333333333335,-0.12083333333333335,0.0977083333333333,-0.026354166666666665,0.27458333333333335,0.22046875,-0.03311458333333333,-0.00017708333333333,-0.06876041666666667,-0.6944895833333332,-0.057197916666666675,-0.03714583333333333,-0.07105208333333332,-0.11583333333333334,0.048604166666666636,0.17896874999999998,0.2285104166666667,0.4514552083333334,-0.47905625000000013,-0.33325208333333334,-0.025847916666666637,0.35030625000000004,0.2781614583333334,0.22467604166666677,-0.23173854166666671,-0.3133177083333334,1.0981020833333333,0.06331354166666661,-3.5951041666666668,0.4875,-0.27875,0.035833333333333335,0.3773958333333333,-0.2258333333333333,0.17052083333333332,0.10947916666666667,0.09927083333333332,0.13479166666666662,0.17322916666666663,0.24864583333333332,0.12156250000000002,-0.6675,0.2826041666666666,0.21270833333333336,-0.20885416666666665,0.330625,-0.180625,0.48999999999999994,0.18010416666666665,-0.4738541666666667,0.0019791666666667124,0.17145833333333335,10000
MAKKDGAIEVEGRVIEPLPNAMFRIELENGHKVLAHISGKMRQHYIRILPEDRVVVELSPYDLSRGRIVYRYK,0.10443626904109587,-0.14034077589041094,0.1996472958904109,0.3337895602739726,0.18276003945205477,0.1372602739726028,-0.1921917808219178,-0.3421917808219178,-0.03027397260273971,-0.04767123287671234,0.07712328767123286,0.12246575342465753,0.10328767123287672,0.08657534246575344,0.021232876712328753,-0.1080821917808219,-0.21520547945205482,0.04904109589041096,-0.31995890410958905,0.1490958904109589,0.024054794520547932,0.3633835616438356,0.09478082191780823,0.13552054794520552,-0.15698630136986297,-0.042465753424657526,0.14506849315068496,0.18315068493150685,-0.12643835616438356,-0.27808219178082194,-0.02821917808219179,0.10301369863013696,-0.010684931506849297,0.13054794520547944,-0.3158904109589042,0.3635616438356164,-0.22547945205479453,0.0079041095890411,-0.017342465753424657,-0.05382191780821918,-0.07860273972602741,-0.0009863013698630126,-0.027808219178082183,-0.04205479452054791,-0.5309191780821919,0.00939315068493137,0.8286589041095891,-0.31972602739726025,0.028904109589040966,-0.41013698630136985,0.37082191780821916,-0.3426027397260274,0.2545205479452055,0.1876712328767123,-0.2106849315068494,0.22920547945205483,0.02227397260273973,-0.008493150684931504,-0.08767123287671233,-0.7689041095890411,-0.16764383561643836,-0.11456164383561643,-0.05832876712328767,-0.16416438356164384,-0.07910958904109593,0.17434246575342463,0.2337671232876712,-0.1936616438356165,-0.8735767123287671,-0.025350684931506856,-0.0017821917808219557,0.14763287671232872,0.15899452054794525,-0.5183972602739725,-0.14880821917808223,-0.36942191780821926,-0.02981232876712311,0.3047520547945205,-4.032054794520548,0.29452054794520555,-0.20438356164383562,0.22657534246575342,0.45013698630136983,-0.0783561643835616,0.0321917808219178,-0.004383561643835629,-0.035068493150684936,0.033013698630136964,-0.24643835616438353,0.3808219178082191,0.07999999999999999,-0.7342465753424657,0.24452054794520556,0.34095890410958907,-0.22657534246575342,0.2143835616438356,-0.1593150684931507,0.08698630136986292,-0.2795890410958904,-0.6369863013698631,-0.1765753424657534,0.21136986301369862,10000
MLILTRRVGETLMIGDEVTVTVLGVKGNQVRIGVNAPKEVSVHREEIYMRIQAEKGNGNVASGNY,-0.016116984769230756,-0.05983929784615386,0.4819442538461537,0.48751154615384606,0.3255360386153845,0.1586153846153846,-0.3093846153846154,-0.20784615384615385,0.0010769230769230676,-0.07230769230769231,0.29553846153846147,0.11938461538461538,0.006153846153846166,0.05292307692307693,0.12676923076923075,-0.14892307692307688,-0.348,0.0649230769230769,-0.4138615384615384,0.03324615384615387,-0.1772307692307692,0.46772307692307696,-0.12887692307692306,0.11253846153846157,-0.13261538461538463,-0.30769230769230776,0.34107692307692306,0.21184615384615382,-0.05815384615384617,-0.194,0.04215384615384617,0.27230769230769236,-0.22399999999999998,0.003076923076923083,-0.39430769230769225,0.3827692307692308,-0.3395384615384616,0.013046153846153844,0.039753846153846153,-0.08030769230769233,-0.0656923076923077,-0.04326153846153846,-0.4978461538461538,-0.07476923076923077,-0.8351799999999999,-1.4068523076923074,0.4236338461538462,-0.5718461538461539,-0.9261538461538462,-0.46430769230769237,0.36215384615384616,-0.10569230769230772,0.4481538461538462,0.38384615384615384,-0.19430769230769232,0.23021538461538463,0.04624615384615385,-0.061584615384615383,-0.05746153846153845,-0.9213230769230769,-0.2706769230769231,-0.23636923076923075,0.03376923076923077,-0.11350769230769232,-0.31124615384615384,0.12598461538461536,0.2957230769230768,-1.4495446153846154,-0.8340415384615384,-0.14067230769230774,0.0933430769230769,0.20450615384615387,0.10392769230769233,-2.1405415384615383,-0.29725538461538464,-0.37017384615384613,-1.5903523076923078,0.4280692307692307,-4.9413846153846155,0.21538461538461542,-0.009846153846153834,0.4115384615384615,0.7386153846153846,-0.09815384615384612,-0.23230769230769235,-0.27215384615384614,-0.0693846153846154,-0.057999999999999996,-0.3649230769230769,0.40323076923076917,-0.18892307692307694,-0.8718461538461537,0.2449230769230769,0.47692307692307695,-0.44092307692307686,0.16646153846153847,-0.20784615384615387,0.23799999999999993,-0.8823076923076922,-0.6833846153846153,-0.5444615384615383,0.1533846153846154,10000
MPKLKTRRSAAKRFKRSGSGKFMRRKAYKNHLLEHKGPDRKSRLSKKCVVSEQDAENVRAMMPYS,0.3831826858461538,-0.07541752169230771,-0.19342686769230774,0.2473325476923077,0.3098296515384615,0.414,-0.14292307692307693,-0.27523076923076917,-0.1495384615384615,0.2489230769230769,0.11061538461538462,0.1916923076923077,-0.008923076923076935,0.132,-0.1644615384615385,0.06569230769230769,-0.19061538461538463,0.299076923076923,-0.4953846153846154,0.11956923076923077,-0.10033846153846153,0.23910769230769233,0.08036923076923078,0.34243076923076926,-0.07369230769230771,0.013230769230769221,-0.011846153846153841,0.45969230769230773,0.06615384615384617,-0.3435384615384615,0.14999999999999997,-0.12138461538461537,-0.11661538461538459,0.2804615384615385,-0.34461538461538466,0.35200000000000004,-0.14753846153846153,0.07603076923076924,-0.05287692307692307,-0.04201538461538463,-0.08569230769230769,-0.02756923076923078,-0.0786153846153846,0.21923076923076926,-2.8378523076923075,0.9110876923076924,0.7441553846153847,-1.5679999999999998,0.7136923076923076,0.012769230769230769,0.8432307692307692,-0.10400000000000004,0.26461538461538464,-0.17261538461538461,0.19523076923076924,0.22513846153846154,-0.0019230769230769234,-0.010799999999999999,-0.04313846153846154,-0.7652,-0.014169230769230773,-0.0892923076923077,-0.022892307692307684,-0.13866153846153847,-0.16640000000000002,0.31009230769230767,0.34596923076923075,0.9736046153846153,-0.9515246153846155,-0.8532230769230769,-0.11382461538461536,0.4339369230769231,-0.012579999999999984,0.28034000000000026,-0.5629799999999999,-0.6049215384615383,2.0390569230769233,0.6372661538461538,-4.053692307692307,0.6015384615384616,-0.4147692307692308,0.15507692307692308,0.4963076923076924,-0.36553846153846153,0.0596923076923077,0.012153846153846171,0.2103076923076923,0.3132307692307692,0.156,0.423076923076923,0.12107692307692307,-0.7324615384615386,0.3773846153846154,0.3192307692307692,-0.1826153846153846,0.39984615384615385,-0.1813846153846154,0.8896923076923078,0.046461538461538346,-0.6098461538461539,0.24369230769230768,0.22907692307692307,10000
KELNSNHDGADETSEKEQQEAIEHIDEVQNEIDRLNETA,0.48954508461538454,-0.35376044897435893,-0.23206124102564113,0.2205415923076923,-0.460707901025641,0.7276923076923079,-0.10743589743589742,-0.30179487179487186,0.0758974358974359,-0.06692307692307693,0.16666666666666666,-0.3117948717948718,0.0020512820512820487,0.1735897435897436,0.13025641025641024,0.35025641025641024,-0.4541025641025641,-0.20769230769230773,-0.6038461538461538,0.3232307692307692,-0.27153846153846156,0.2579487179487179,-0.006435897435897439,-0.37156410256410255,-0.3833333333333333,-0.16666666666666666,-0.36410256410256414,0.5733333333333334,-0.31743589743589745,-0.02615384615384616,-0.2117948717948718,0.15564102564102564,0.10410256410256413,-0.27410256410256423,-0.15307692307692308,0.15435897435897436,-0.38820512820512826,0.10974358974358973,-0.062102564102564116,-0.1256923076923077,0.01830769230769231,0.047076923076923065,-0.4074358974358974,0.49102564102564106,-4.388410256410258,-0.350374358974359,-0.49977435897435907,-2.5379487179487175,0.34333333333333316,-1.5261538461538462,-0.36538461538461536,-0.25461538461538463,0.28435897435897434,0.05948717948717947,-0.36282051282051286,0.23253846153846155,-0.09705128205128205,-0.08976923076923078,-0.03743589743589744,-0.8408205128205131,-0.278897435897436,-0.41038461538461535,-0.17443589743589744,0.31466666666666665,0.012923076923076945,0.13925641025641025,0.2043846153846154,-1.3052641025641027,-1.199597435897436,0.18086410256410254,0.5701871794871796,-0.6276820512820515,0.3194051282051282,-0.6823897435897434,-1.2738358974358974,0.2552589743589744,-1.2675743589743589,-0.4212153846153846,-4.422051282051283,0.5966666666666668,0.39256410256410257,0.007435897435897414,0.6887179487179487,-0.5438461538461536,0.00487179487179487,-0.17358974358974358,-0.0676923076923077,-0.6643589743589744,0.03538461538461537,0.42871794871794877,-0.07846153846153846,-0.7823076923076924,0.08923076923076924,0.30205128205128207,-0.6558974358974359,0.49153846153846165,0.04948717948717948,1.5546153846153843,-0.14692307692307688,-0.2261538461538462,-1.1487179487179486,0.41794871794871796,10000
MSKFEVYLDEGGKYRFRLRARNGQIIAVSQGYKSEEGCIKGIQSVKENAPNARIIVLE,0.12409413017241379,-0.07361551379310342,0.26163986206896545,0.3563040637931034,0.25775156982758624,0.2143103448275862,-0.17551724137931035,-0.20155172413793104,-0.02362068965517241,0.027758620689655168,0.22620689655172413,0.09724137931034484,0.10982758620689657,0.17310344827586208,-0.02120689655172414,-0.0746551724137931,-0.2751724137931035,0.07431034482758618,-0.31289655172413794,0.06315517241379313,-0.08870689655172413,0.40399999999999997,-0.11663793103448278,0.10265517241379313,-0.11913793103448278,-0.16068965517241376,0.1453448275862069,0.2493103448275862,-0.1720689655172414,-0.26310344827586213,0.12051724137931033,0.2522413793103448,-0.08689655172413788,-0.13999999999999999,-0.30689655172413793,0.3368965517241379,-0.2363793103448276,0.03022413793103449,0.0053620689655172445,-0.06486206896551724,-0.06906896551724138,-0.015448275862068967,-0.2941379310344827,0.03655172413793102,-1.327262068965517,-0.49864137931034486,0.4828931034482759,-0.8570689655172415,-0.3132758620689656,-0.3343103448275862,0.3324137931034483,-0.19155172413793106,0.5100000000000001,0.2974137931034483,-0.08017241379310343,0.22896551724137934,0.012568965517241378,-0.026603448275862068,-0.06393103448275864,-0.8386551724137931,-0.1869137931034483,-0.1473793103448276,-0.0025000000000000005,-0.14410344827586205,-0.2559137931034483,0.13610344827586204,0.40210344827586203,-0.276051724137931,-0.8918224137931035,-0.39914827586206897,0.1928413793103448,0.26071551724137926,0.21966896551724138,-0.9260310344827585,-0.41726206896551726,-0.5574793103448277,0.176351724137931,0.46481206896551724,-4.461896551724137,0.3839655172413793,-0.11137931034482759,0.2422413793103448,0.6829310344827587,-0.16448275862068965,-0.06103448275862072,-0.15586206896551727,0.07379310344827585,0.0034482758620689533,-0.22310344827586207,0.39293103448275857,-0.16724137931034477,-0.7982758620689655,0.27431034482758626,0.3781034482758621,-0.3825862068965517,0.3446551724137931,-0.23724137931034486,0.3903448275862068,-0.4720689655172414,-0.5541379310344827,-0.4894827586206895,0.15655172413793106,10000
MKPAVDEMFPEGAGPYVDLDEAGGSSGLLMDLAADEKAVHADFFNDFEDLFDDEDIQ,0.0441634396491228,-0.19480715175438595,-0.6029127684210527,0.3256488368421053,-0.682051123508772,0.29192982456140354,-0.16052631578947366,-0.02754385964912281,0.06701754385964913,-0.32894736842105265,0.11631578947368419,-0.1624561403508772,0.19368421052631576,0.19964912280701758,-0.04894736842105264,-0.13087719298245615,-0.4429824561403509,-0.2547368421052632,-0.2867017543859649,0.06650877192982457,-0.24621052631578946,0.42768421052631583,0.11050877192982456,-0.6324912280701753,-0.1856140350877193,-0.3326315789473685,-0.6043859649122806,0.0008771929824561528,-0.18403508771929825,-0.3203508771929825,-0.14701754385964913,0.2468421052631579,0.12578947368421053,0.12894736842105262,-0.2031578947368421,0.11947368421052633,-0.5059649122807017,0.046,0.030666666666666665,-0.10371929824561403,0.01649122807017544,0.1237719298245614,-0.6668421052631579,-0.09719298245614039,-1.3970280701754383,-1.8826964912280704,0.10970175438596487,-1.2101754385964913,-1.0414035087719298,-0.9147368421052632,-0.7810526315789472,-0.5170175438596492,0.086140350877193,-0.2673684210526316,0.16157894736842104,0.2200526315789474,-0.0017719298245614042,-0.05343859649122807,-0.0500701754385965,-0.9233508771929824,-0.22426315789473683,-0.19378947368421054,-0.03259649122807018,-0.02949122807017543,-0.3406491228070176,0.006438596491228066,0.32692982456140346,-1.904314035087719,-0.1239719298245614,0.10481754385964906,0.35544210526315784,-0.15111228070175442,0.4459017543859649,-1.9611192982456143,-0.18817894736842106,0.10544035087719296,-2.0119,0.09289122807017544,-4.941052631578947,-0.1471929824561403,0.14280701754385963,0.1575438596491228,0.7987719298245612,-0.061228070175438555,-0.10701754385964916,-0.3459649122807018,-0.045964912280701764,-0.6624561403508772,-0.16105263157894736,0.18526315789473682,-0.0010526315789473586,-0.8756140350877193,0.05263157894736844,0.3912280701754386,-0.5142105263157895,0.2521052631578948,-0.3619298245614035,0.36438596491228065,-0.43684210526315786,0.39701754385964905,-0.7912280701754386,0.3712280701754386,10000
MTRSVWKGPFVDGYLLKKADAALSSGRKDVIKTWSRRSTIMPQFVGLTFGVHNGHKHVPVLVSEDMVGMKFGEFAPTRNFPGHAADKKAKRK,0.04458241695652171,0.00839391793478259,-0.10687319130434783,0.322304502173913,0.13895707336956525,0.18369565217391307,-0.153695652173913,-0.09608695652173911,-0.06380434782608695,-0.03815217391304348,0.15880434782608693,0.1768478260869565,-0.027499999999999997,0.11532608695652173,-0.06706521739130435,-0.15413043478260868,-0.27576086956521734,0.16130434782608696,-0.3397282608695652,-0.04926086956521739,-0.13379347826086957,0.35772826086956516,0.049739130434782626,0.08525000000000003,-0.019239130434782606,-0.18793478260869567,0.02108695652173915,0.14021739130434782,0.13173913043478258,-0.3714130434782608,0.03315217391304345,0.05521739130434778,-0.13630434782608694,0.2155434782608696,-0.3206521739130435,0.38402173913043475,-0.3532608695652173,0.028847826086956515,0.025630434782608708,-0.04363043478260869,-0.07314130434782609,0.00410869565217391,-0.3730434782608695,-0.05847826086956521,-0.9590195652173913,-0.7646184782608694,0.9202271739130434,-0.7642391304347826,-0.5378260869565217,0.04760869565217392,0.46880434782608693,-0.22880434782608697,0.20369565217391306,-0.03054347826086957,0.19119565217391304,0.22058695652173918,0.05896739130434783,-0.00925,-0.044967391304347834,-0.8463695652173915,-0.17195652173913042,-0.12818478260869567,-0.02294565217391304,-0.19118478260869565,-0.36935869565217394,0.20835869565217388,0.3330869565217391,-0.3976739130434784,-0.3159445652173913,-0.2806097826086957,0.03859782608695651,0.627820652173913,0.0685641304347826,-1.0804554347826083,0.15827173913043477,-0.41044673913043467,-0.16484565217391317,0.47426304347826076,-4.511630434782608,-0.08565217391304347,-0.19641304347826088,0.18478260869565213,0.6457608695652174,-0.07478260869565215,-0.12369565217391307,-0.19,0.026521739130434777,0.1291304347826087,-0.14217391304347823,0.30510869565217386,0.05499999999999999,-0.8165217391304348,0.14641304347826087,0.3909782608695652,-0.2904347826086956,0.2436956521739131,-0.39065217391304347,0.21315217391304347,-0.43358695652173906,-0.3719565217391305,0.06956521739130438,0.21554347826086956,10000
IYVRPTKDELLYCGEFRELGQPDKKCRCDGKPCTVGRCKFARGDADDKCTSA,0.1925207523076923,0.11184548826923078,-0.13498878846153853,0.2211145692307692,0.10442680576923083,0.29442307692307684,-0.23384615384615384,0.10000000000000002,-0.0248076923076923,0.14384615384615385,-0.030384615384615413,-0.05230769230769234,0.10153846153846155,0.11980769230769234,-0.16884615384615384,-0.017692307692307705,-0.31865384615384623,0.09326923076923076,-0.3423846153846154,-0.11026923076923077,-0.30017307692307693,0.11590384615384614,-0.010403846153846152,0.056826923076923115,0.1123076923076923,-0.19653846153846155,-0.07230769230769225,0.23692307692307693,-0.24576923076923077,-0.09673076923076922,0.36192307692307685,-0.012499999999999995,0.09307692307692307,0.369423076923077,-0.3015384615384616,0.17999999999999997,-0.25326923076923075,0.0681730769230769,0.015865384615384618,-0.01951923076923077,-0.014134615384615384,-0.021903846153846156,-0.5061538461538461,0.23153846153846155,-2.2329365384615385,-0.4096307692307693,0.04599423076923075,-1.3878846153846152,-0.36365384615384627,0.11500000000000002,-0.12442307692307698,0.06384615384615386,0.18807692307692309,0.07326923076923081,0.27576923076923077,0.2135192307692308,0.01586538461538462,-0.05359615384615384,-0.025307692307692312,-0.8743461538461539,-0.15525,-0.12836538461538458,0.07109615384615384,-0.12653846153846152,-0.37853846153846155,0.19576923076923075,0.27561538461538454,-1.1785192307692307,-0.16198846153846153,-0.6274596153846154,0.06731730769230769,0.1907288461538461,0.17921730769230762,-1.8095999999999999,-0.3822192307692308,-0.1367269230769231,-0.7599153846153845,0.555175,-4.6832692307692305,0.22692307692307695,-0.11999999999999997,0.18076923076923082,0.7319230769230768,-0.2911538461538461,-0.08576923076923076,-0.20115384615384618,0.18057692307692308,-0.09692307692307696,0.12442307692307694,0.22884615384615375,0.13711538461538458,-0.8317307692307693,0.23384615384615381,0.3780769230769231,-0.40423076923076917,0.31211538461538463,-0.27499999999999997,0.895,-0.4140384615384616,0.009615384615384597,-0.32653846153846156,-0.08557692307692308,10000
ASDVTLNSFAEDVTVGECCDCVDLTTVY,-0.2780107392857143,0.019637404285714307,-0.5178480392857141,0.4509084714285714,-0.6769130367857142,-0.012499999999999964,-0.47214285714285725,0.1114285714285714,0.2392857142857143,-0.07535714285714286,0.10785714285714286,-0.3182142857142858,-0.1789285714285714,0.19500000000000003,0.04964285714285715,-0.09535714285714289,-0.5189285714285715,-0.1292857142857143,-0.3393214285714286,0.016749999999999998,-0.40624999999999994,0.2876071428571429,-0.15967857142857142,-0.13374999999999995,-0.09607142857142859,-0.5210714285714284,0.17285714285714285,-0.010357142857142855,-0.3289285714285714,-0.0832142857142857,-0.23214285714285712,-0.07107142857142855,0.05964285714285715,0.3260714285714286,-0.4057142857142857,0.27999999999999997,-0.595,0.0015357142857142822,0.08221428571428571,-0.08539285714285715,0.02417857142857141,-0.06903571428571428,-0.9382142857142857,-0.08035714285714284,-0.43439285714285714,-2.660892857142857,-1.148782142857143,-0.14571428571428566,-1.6114285714285717,-1.0875,-0.45142857142857146,0.36285714285714293,-0.18,0.35000000000000003,0.2382142857142857,0.22639285714285712,0.03389285714285715,-0.12017857142857144,0.06560714285714285,-1.018142857142857,-0.457857142857143,-0.37207142857142855,0.07317857142857141,0.09082142857142861,-0.46835714285714286,-0.013964285714285716,-0.03642857142857143,-2.214225,-0.21189642857142862,0.09107857142857137,0.00711071428571424,-0.1977678571428572,0.14348928571428574,-2.399607142857143,-0.46182857142857137,0.1768428571428571,-2.484875,0.4532392857142857,-5.516428571428571,-0.3242857142857143,0.4839285714285714,0.30750000000000005,0.9039285714285714,-0.04857142857142855,-0.4032142857142857,-0.3878571428571429,-0.5164285714285715,-0.5228571428571429,-0.08428571428571428,-0.2571428571428572,-0.06142857142857141,-0.9617857142857141,-0.05392857142857143,0.5185714285714286,-0.682142857142857,-0.004642857142857109,-0.14392857142857143,0.3482142857142857,-1.0760714285714286,0.35642857142857143,-1.1200000000000003,-0.08535714285714284,10000
GCFEDWSRCSPSTASATGVLWRSCDSYCKVCFKADRGECYDSPSLNCPHRLPNNKQCRCINARTAKDNRNPTCWA,0.048146558933333326,0.28653455840000003,-0.49911205200000003,0.12254616799999998,-0.11475674080000008,0.25479999999999997,-0.20013333333333336,0.21453333333333338,0.07186666666666666,0.2557333333333333,-0.030533333333333353,-0.03013333333333333,-0.11786666666666669,0.04800000000000001,-0.10439999999999998,0.021866666666666656,-0.3193333333333333,0.14439999999999997,-0.23899999999999996,-0.21245333333333333,-0.33692,-0.0754666666666667,0.015253333333333315,0.06594666666666668,0.24120000000000008,-0.21946666666666667,-0.015333333333333336,0.11319999999999998,-0.3128000000000001,0.09786666666666667,0.08613333333333331,-0.22653333333333325,0.12373333333333335,0.11733333333333337,-0.29359999999999997,0.32960000000000006,-0.37399999999999994,0.05878666666666666,0.039599999999999996,0.01497333333333333,0.017639999999999992,-0.05033333333333332,-0.5517333333333333,0.1892,-1.7851586666666663,-0.6700933333333332,-0.48624533333333325,-1.0030666666666666,-0.45306666666666673,0.22320000000000004,0.06266666666666666,0.4021333333333332,-0.1618666666666666,0.03786666666666669,0.11680000000000001,0.21810666666666673,0.017533333333333335,-0.04830666666666666,0.07109333333333331,-0.8622133333333333,-0.1917466666666667,-0.23495999999999995,0.01202666666666667,0.007026666666666692,-0.4971866666666666,0.25653333333333334,0.11834666666666668,-0.3769253333333333,-0.28463733333333335,-0.3670626666666667,-0.07194000000000002,0.04669466666666665,-0.3266946666666666,-0.6062999999999996,-0.4582600000000001,-0.043160000000000004,0.13764666666666675,0.8225226666666665,-4.607066666666667,-0.14919999999999997,0.07066666666666667,0.03986666666666668,0.7501333333333333,-0.24400000000000002,-0.15893333333333332,-0.2029333333333333,0.060933333333333325,-0.028266666666666673,0.22066666666666668,-0.03266666666666671,0.13346666666666665,-0.824,0.006666666666666697,0.4017333333333334,-0.4142666666666666,0.3592,-0.18933333333333333,0.8498666666666665,-0.14213333333333328,0.4216,-0.14679999999999999,0.01893333333333336,10000
MRATAIVLLLALTLATMFSIECAKQTKQMVDCSHYKKLPPGQQRFCHHMYDPICGSDGKTYKNDCFFCSKVKKTDGTLKFVHFGKC,-0.03614557244186048,-0.06351033662790698,-0.15841525697674425,0.12680832441860465,0.060322180930232554,0.014069767441860434,-0.20976744186046506,-0.09837209302325585,0.053604651162790715,0.1355813953488372,0.03220930232558139,0.014999999999999993,-0.04744186046511629,0.10616279069767441,-0.0925581395348837,-0.12616279069767444,-0.27081395348837206,0.11372093023255811,-0.09234883720930234,0.0628139534883721,-0.13375581395348835,0.13651162790697677,-0.023709302325581393,0.10640697674418602,-0.09069767441860464,-0.15406976744186052,0.034418604651162775,0.04116279069767443,0.1916279069767442,-0.19162790697674414,0.2109302325581395,-0.05883720930232557,0.08755813953488373,0.21255813953488373,-0.3043023255813953,0.4265116279069767,-0.34860465116279066,0.003651162790697666,0.01308139534883721,-0.03747674418604652,-0.020058139534883727,-0.023883720930232555,-0.3145348837209302,-0.03534883720930235,-0.1652058139534881,-0.5333720930232556,0.019332558139534918,-0.09744186046511652,-0.41744186046511633,-0.04093023255813956,0.32023255813953483,0.06244186046511627,0.061744186046511634,-0.08127906976744186,0.2366279069767442,0.22241860465116278,0.025383720930232567,-0.02348837209302325,-0.010686046511627911,-0.834313953488372,-0.1794069767441861,-0.060267441860465114,0.0181046511627907,-0.1426046511627907,-0.1714302325581396,0.14518604651162792,0.11608139534883721,-0.6411709302325581,0.08544767441860471,-0.3387790697674418,-0.24242441860465114,0.33621511627906975,0.13506860465116283,-1.2303290697674416,0.0848,-0.18508604651162797,-0.5387406976744187,0.03959302325581396,-4.487558139534884,-0.025116279069767423,-0.2055813953488372,0.2298837209302326,0.5319767441860465,-0.015348837209302309,-0.18430232558139534,-0.10418604651162794,-0.08430232558139537,0.12186046511627907,0.02430232558139534,0.02302325581395346,-0.009767441860465138,-0.8068604651162791,0.17372093023255814,0.41558139534883715,-0.16779069767441862,0.22034883720930232,-0.2090697674418605,0.0697674418604651,-0.44151162790697673,-0.0859302325581396,-0.034186046511627884,-0.027441860465116277,10000
MDHRLLEIIACPVCNGKLWYNQEKQELICKLDNLAFPLRDGIPVLLENEARSLTSDESKS,0.05815721383333331,-0.13845343066666668,-0.41958300666666676,0.2939898483333333,-0.31182138233333334,0.15,-0.2766666666666666,-0.20533333333333334,-0.014000000000000002,0.03183333333333334,0.07450000000000001,-0.08750000000000001,0.031666666666666655,0.006833333333333352,-0.02533333333333334,-0.04650000000000001,-0.2856666666666666,-0.051500000000000004,-0.16466666666666666,0.17994999999999997,-0.0848833333333333,0.34891666666666665,0.13821666666666665,-0.1182833333333333,-0.172,-0.11433333333333334,-0.14816666666666667,0.0833333333333333,-0.24283333333333335,-0.3003333333333333,0.09083333333333334,-0.12000000000000002,0.13283333333333333,0.029500000000000002,-0.3281666666666668,0.33583333333333326,-0.31016666666666665,0.0196,-0.006766666666666669,-0.06856666666666665,-0.04085000000000001,0.03381666666666665,-0.2283333333333333,0.002166666666666689,-0.6791983333333335,-0.474665,0.24544333333333337,-0.431,-0.1781666666666668,-0.6713333333333333,0.056166666666666656,-0.3218333333333334,0.11700000000000002,0.08416666666666668,-0.17800000000000002,0.2331333333333334,-0.004233333333333333,-0.04726666666666667,-0.048966666666666665,-0.8277499999999999,-0.23808333333333337,-0.20601666666666665,-0.060399999999999995,-0.03681666666666662,0.00988333333333331,0.1254,0.09288333333333333,-0.6569916666666666,-0.9645033333333334,0.27519333333333323,-0.19798500000000005,-0.13784333333333323,0.10234,-0.6540933333333334,-0.31959333333333334,-0.17864499999999997,-0.7065916666666668,0.051926666666666614,-4.365333333333334,0.21150000000000002,-0.023666666666666652,0.27549999999999997,0.5125,-0.06683333333333327,-0.02666666666666667,-0.058000000000000024,-0.11133333333333334,-0.1791666666666667,-0.1675,0.18866666666666668,-0.003500000000000031,-0.7811666666666667,0.1765,0.3895,-0.2801666666666666,0.22216666666666665,-0.075,0.12716666666666665,-0.2844999999999999,-0.18933333333333335,-0.5378333333333333,0.3048333333333334,10000
MFTIITYFGLLLAALALAVVLFVGLSKIELI,-0.6702146780645163,-0.4919449390322581,0.23392287096774184,0.7447096000000001,0.015436128387096747,-0.6970967741935484,-0.5151612903225805,-0.3083870967741935,0.05451612903225805,-0.15645161290322576,0.30774193548387097,0.13870967741935486,-0.011935483870967736,0.16516129032258067,-0.00032258064516128344,-0.6409677419354838,-0.22387096774193546,-0.04967741935483872,0.44448387096774195,0.42674193548387096,0.16974193548387104,0.9545806451612903,0.018419354838709677,-0.00254838709677418,-0.5770967741935484,-0.3303225806451613,0.22774193548387092,-0.5003225806451614,-0.19677419354838716,-0.802258064516129,0.15258064516129033,0.05903225806451613,0.10548387096774198,0.04451612903225808,-0.5090322580645161,0.5774193548387095,-0.3780645161290323,-0.1441935483870968,0.06909677419354839,-0.1580322580645161,-0.1277741935483871,0.04519354838709678,-0.28258064516129033,-0.8693548387096773,4.661954838709678,-2.4271258064516132,0.9251419354838708,2.760967741935484,-1.8041935483870966,-1.0170967741935484,0.55,-0.6006451612903225,0.38580645161290333,0.18354838709677418,0.07161290322580645,0.2477096774193548,0.13306451612903225,-0.0014193548387096788,-0.09603225806451614,-0.9059032258064517,-0.45561290322580644,-0.08925806451612901,0.02806451612903227,-0.416258064516129,-0.08545161290322587,-0.07529032258064515,0.15777419354838712,-1.3801032258064514,-0.5506451612903226,0.8718193548387095,-0.578241935483871,0.6577451612903226,0.37553870967741937,-2.29788064516129,0.960374193548387,-0.7709806451612904,-2.1777,0.23420000000000002,-4.930322580645162,-0.3445161290322581,-0.12387096774193547,0.7290322580645161,0.5658064516129031,0.6748387096774192,-0.2625806451612903,-0.1283870967741936,-0.6312903225806453,0.10290322580645161,-0.827741935483871,-0.024193548387096798,-0.3525806451612904,-0.8835483870967744,0.20419354838709677,0.575483870967742,-0.19387096774193543,-0.25290322580645164,-0.3170967741935484,-1.976451612903226,-1.2541935483870963,-0.6409677419354838,-0.5203225806451613,0.2503225806451613,10000
MSSTWIKFLFILTLVLLPYSVFSVNIFAGPENVIKEPNCTMYKSKSECSNIAENPVCADDRNTYYNECYFCIEKVVEKLKYRYHGICIYK,-0.06156714255555556,0.013697368888888886,0.28430539444444436,0.15085585555555556,0.05575741099999999,-0.08066666666666669,-0.1758888888888889,-0.18288888888888885,0.1298888888888889,0.017333333333333336,0.039333333333333324,-0.03933333333333335,-0.09888888888888889,0.08722222222222221,-0.09655555555555558,-0.09544444444444444,-0.23344444444444443,0.008999999999999998,-0.11558888888888891,0.026744444444444446,0.0412777777777778,0.17064444444444446,-0.009811111111111126,0.06093333333333333,0.004888888888888877,-0.03311111111111112,0.18044444444444444,-0.02322222222222222,-0.051111111111111114,-0.23355555555555554,-0.01744444444444443,0.03611111111111113,0.11788888888888892,-0.014222222222222235,-0.27522222222222226,0.4412222222222221,-0.33166666666666667,-0.01798888888888889,0.012644444444444439,-0.00961111111111111,-0.04050000000000001,-0.025422222222222225,-0.05555555555555554,-0.11166666666666664,0.5866833333333332,-0.20429222222222215,0.09386555555555552,0.34766666666666673,-0.14944444444444446,-0.27955555555555556,0.19855555555555557,-0.12088888888888889,-0.07211111111111114,0.3743333333333333,-0.09599999999999999,0.23261111111111119,0.016644444444444444,-0.001599999999999996,0.01083333333333333,-0.7553333333333332,-0.2520444444444444,-0.07987777777777777,-0.04692222222222223,-0.09148888888888888,-0.061400000000000024,0.01834444444444444,-0.014100000000000007,0.04709666666666676,-0.31793444444444446,0.13822777777777773,-0.25582333333333335,0.09094000000000002,0.21818444444444446,-0.017414444444444288,0.014647777777777813,-0.17664000000000002,0.20287000000000013,0.07420333333333332,-3.9764444444444442,-0.06577777777777778,-0.045888888888888875,0.1281111111111111,0.41277777777777774,0.0597777777777778,-0.033888888888888885,0.023999999999999983,-0.1854444444444444,0.009333333333333312,-0.1318888888888889,-0.048777777777777795,-0.022444444444444434,-0.7292222222222223,0.09022222222222223,0.319,-0.19777777777777775,0.14533333333333334,-0.13344444444444442,-0.27277777777777773,-0.20600000000000002,-0.038555555555555614,-0.38722222222222225,0.0016666666666666824,10000
MRKPQAGTGEAARDPSLRPARTVLVGDQDEYTAAENKSPRGTLCPTGEQRIHAREDACIFSRLFSEK,0.19560587567164178,-0.012307576268656716,-0.18405725074626872,0.447037576119403,0.031343353134328365,0.40835820895522384,-0.25492537313432834,-0.05164179104477612,-0.09880597014925373,0.049253731343283584,0.049253731343283584,0.0862686567164179,-0.04149253731343283,0.20417910447761192,-0.032238805970149255,-0.024029850746268636,-0.3428358208955224,0.0937313432835821,-0.35604477611940305,-0.009074626865671611,-0.30282089552238806,0.3276119402985074,0.20459701492537316,0.016641791044776123,-0.0591044776119403,-0.2758208955223881,-0.09865671641791043,0.2961194029850746,-0.3070149253731344,-0.15611940298507465,0.1501492537313433,-0.15313432835820892,0.0065671641791044955,0.07313432835820895,-0.32059701492537324,0.3055223880597015,-0.3101492537313433,0.073,0.016194029850746274,-0.06313432835820895,-0.05149253731343284,0.006671641791044777,-0.5725373134328358,0.12671641791044777,-2.6961000000000004,-0.9627492537313432,0.6034328358208955,-1.645970149253731,-0.49985074626865683,-0.2735820895522388,0.2802985074626866,-0.14029850746268654,0.13597014925373133,-0.09402985074626863,0.18835820895522387,0.21956716417910452,0.031776119402985074,-0.056507462686567166,-0.019089552238805974,-0.8978805970149254,-0.21389552238805973,-0.25779104477611936,-0.005223880597014926,-0.08552238805970147,-0.473910447761194,0.2221492537313433,0.33511940298507464,-0.9901865671641793,-0.7357955223880598,-0.42185820895522397,0.2945164179104478,0.23047761194029848,0.042764179104477634,-1.4209373134328356,-0.4580641791044777,-0.21102985074626862,-0.5512208955223877,0.7538313432835819,-4.804626865671641,0.14432835820895526,0.006716417910447757,0.16119402985074627,0.7744776119402984,-0.2956716417910448,-0.11,-0.26358208955223883,0.04119402985074624,-0.10552238805970152,-0.08447761194029851,0.286865671641791,0.19223880597014928,-0.8519402985074628,0.14865671641791045,0.38238805970149253,-0.5302985074626866,0.2695522388059702,-0.3001492537313433,0.8258208955223879,-0.4604477611940298,-0.2771641791044776,-0.39373134328358206,0.28029850746268653,10000
MSAYKYYDLIRKPIITEKTTTLSEQNKYAFYVDKFAEKLTLKKAIEEIFKVKVKKVNILNVKGKKKRFKGIIGTQINRKKAIVTLEKDHNIDFAGGIK,0.23453755602040816,-0.23427149683673465,0.5693688775510204,0.27725121734693875,0.4665214263265306,0.1387755102040816,-0.20306122448979594,-0.34897959183673466,-0.0443877551020408,0.016632653061224467,0.20459183673469392,0.02632653061224489,-0.037959183673469364,0.13418367346938775,-0.15653061224489795,-0.02632653061224489,-0.21346938775510202,0.1356122448979592,-0.28894897959183674,0.18536734693877552,0.09464285714285718,0.44005102040816324,-0.10255102040816327,0.21066326530612245,-0.20469387755102042,0.010510204081632666,0.17642857142857138,0.3189795918367347,0.11642857142857144,-0.5448979591836735,0.15806122448979587,0.1822448979591837,0.008673469387755112,-0.05469387755102041,-0.3344897959183673,0.3580612244897959,-0.20122448979591837,0.0190204081632653,-0.03903061224489796,-0.06243877551020408,-0.11801020408163262,-0.012520408163265304,0.01214285714285718,0.04142857142857143,-1.02715,0.4888591836734695,1.0398744897959185,-0.6124489795918369,0.3782653061224489,-0.4897959183673469,0.6686734693877551,-0.3763265306122449,0.3676530612244898,0.4062244897959183,0.1286734693877551,0.2319489795918368,0.01243877551020408,-0.008602040816326527,-0.10585714285714284,-0.7578367346938776,-0.23812244897959187,-0.10285714285714286,-0.06264285714285715,-0.14834693877551022,0.08832653061224488,0.07523469387755101,0.20672448979591837,-0.30274183673469396,-0.7374714285714286,0.12845510204081637,-0.2312469387755102,0.600304081632653,0.5114010204081632,-0.812423469387755,0.02203163265306121,-0.5080040816326531,-0.13465918367346943,-0.11174081632653066,-4.018469387755102,0.4261224489795919,-0.20816326530612245,0.29765306122448976,0.4322448979591837,-0.12183673469387754,0.08255102040816324,0.04428571428571427,-0.10846938775510205,0.20530612244897953,-0.16683673469387753,0.3868367346938776,-0.09591836734693876,-0.7339795918367348,0.31387755102040815,0.32,-0.22173469387755101,0.19163265306122446,-0.1976530612244898,0.10163265306122443,-0.32193877551020406,-0.8390816326530611,-0.27806122448979587,0.20418367346938776,10000
MSRRCDLTGKAVQTGNLVSHSNHKTRTRFLPNLCNVTLISDVLQRKVRFRVAVAALRSVEHRGGLDAFLAKADDAELSLGARAIKREILKKQAAAS,0.025608920833333312,-0.1988725261458333,-0.40661220729166675,0.5490081875,0.010865922291666682,0.18156249999999996,-0.34312499999999996,-0.18312499999999998,-0.004791666666666657,0.14270833333333333,0.21708333333333338,0.12208333333333336,-0.03666666666666666,0.1575,-0.016770833333333342,-0.10895833333333332,-0.30072916666666666,0.1691666666666667,-0.29875,0.20841666666666667,-0.1903125,0.5129895833333332,-0.017427083333333343,0.21925000000000003,-0.26895833333333335,-0.2764583333333333,0.1051041666666667,0.23552083333333337,-0.24229166666666666,-0.3982291666666667,0.05572916666666664,-0.07895833333333334,0.05229166666666668,0.165,-0.41729166666666667,0.36604166666666665,-0.2984375000000001,0.025531250000000005,0.005145833333333333,-0.10887500000000001,-0.08191666666666667,-0.030062500000000002,-0.4746875,-0.03624999999999999,-1.3524458333333336,-0.9122802083333333,0.337675,-0.5898958333333334,-0.5023958333333335,-0.6175,0.6518749999999999,0.03635416666666663,0.3227083333333334,-0.0047916666666666516,0.125,0.23061458333333332,0.04011458333333335,-0.05297916666666667,-0.05471875000000001,-0.9020416666666667,-0.23641666666666664,-0.2624166666666667,0.00032291666666666813,-0.12397916666666668,-0.3148958333333334,0.2339375,0.33881249999999996,-0.74444375,-1.0484041666666666,-0.08398645833333342,-0.010470833333333323,0.40265625,-0.10666874999999999,-1.414883333333333,-0.33332395833333334,-0.54570625,-0.46372395833333346,0.7835427083333332,-4.859895833333334,0.26312500000000005,-0.023020833333333324,0.3589583333333333,0.7597916666666666,-0.15479166666666663,-0.15406250000000002,-0.18989583333333335,-0.16093749999999998,0.09989583333333331,-0.1141666666666667,0.315625,-0.0621875,-0.8601041666666666,0.22770833333333332,0.463125,-0.4772916666666666,0.196875,-0.20520833333333335,0.4526041666666667,-0.5754166666666668,-0.58625,-0.23239583333333327,0.35666666666666663,10000
MVPYEYYVVLSGLLMVLGLIGIIIRKNLIAMLLSTELMLNAVNIAFVAFDMKLYDVSGQVFVFFILTIAAAEAAVGLGLIMAIYRLRKDVDVNTLTELKL,-0.3704313278000001,-0.3392092876,0.196719813,0.5590591100000001,0.011865330000000012,-0.36199999999999993,-0.41910000000000003,-0.31479999999999997,0.04329999999999999,-0.13010000000000002,0.26230000000000003,0.07540000000000002,0.0212,0.09040000000000002,0.030399999999999993,-0.4146,-0.2546999999999999,-0.043100000000000006,0.08132999999999997,0.29795,0.09084000000000003,0.6860399999999999,-0.03141000000000001,0.006250000000000006,-0.38850000000000007,-0.24639999999999998,0.2085,-0.2259,-0.11090000000000004,-0.5483999999999999,0.029300000000000003,0.1258,0.02370000000000001,0.048200000000000014,-0.4472,0.4794,-0.3615999999999999,-0.08227999999999999,0.039009999999999996,-0.11664000000000002,-0.09066000000000002,0.015469999999999994,-0.23789999999999994,-0.5589,2.509449,-1.6145000000000003,0.5767800000000001,1.5074999999999996,-1.1282999999999999,-0.9052,0.35869999999999996,-0.3775,0.2763,0.22490000000000002,-0.0006000000000000127,0.24028000000000002,0.07286000000000001,-0.027550000000000005,-0.08331,-0.8748400000000001,-0.33358,-0.11986000000000001,0.023039999999999995,-0.25986,-0.07523000000000005,-0.025870000000000015,0.13944000000000004,-1.231915,-0.660182,0.546154,-0.42991899999999994,0.285881,0.2786570000000001,-1.8776469999999998,0.387799,-0.515397,-1.7249670000000001,0.227766,-4.7135,-0.060699999999999955,-0.0999,0.5899,0.5463,0.36829999999999996,-0.16830000000000006,-0.10540000000000005,-0.4208,0.0042999999999999775,-0.5559,0.07639999999999997,-0.26170000000000004,-0.8426,0.24049999999999996,0.5098999999999999,-0.2328,-0.1051,-0.19450000000000003,-1.1268,-0.8822,-0.5362000000000001,-0.4865999999999999,0.24109999999999995,10000
MSAQAGAAQANEDESHKYWGKAEQQFKHKPASQFFDPCQEFADRSIKCMRRNAGDRDMCTDYFQAYRDCKKAWMTQRKEASR,0.3144041799999999,-0.17945134292682927,-0.3414319914634147,0.0468322012195122,-0.056179654390243874,0.40451219512195125,-0.006463414634146379,-0.08256097560975609,-0.07731707317073172,0.20402439024390245,0.05646341463414635,-0.03609756097560975,0.03670731707317074,0.27451219512195124,-0.06390243902439025,0.10695121951219513,-0.2674390243902439,0.06317073170731707,-0.3493414634146342,0.14481707317073172,-0.16778048780487806,0.01343902439024391,-0.057560975609756086,0.015097560975609756,-0.17658536585365855,-0.06292682926829268,-0.26756097560975606,0.3350000000000001,-0.08707317073170733,-0.008902439024390273,0.1095121951219512,-0.01231707317073171,0.030609756097560968,-0.08597560975609757,-0.15414634146341466,0.3067073170731708,-0.2902439024390244,0.07128048780487804,-0.04747560975609756,-0.05217073170731707,0.009743902439024378,0.00720731707317073,-0.21085365853658536,0.25390243902439025,-2.788868292682927,0.33639024390243893,-0.23960121951219523,-1.483536585365854,0.43304878048780476,-0.28317073170731705,0.1071951219512195,0.12170731707317071,0.231829268292683,-0.32158536585365854,0.36146341463414633,0.21665853658536588,-0.046524390243902425,-0.028256097560975607,-0.012378048780487809,-0.7643658536585366,-0.06471951219512195,-0.1261951219512195,-0.04501219512195121,0.0004146341463414692,-0.31356097560975615,0.24979268292682927,0.36585365853658536,0.027540243902438984,-0.21441341463414632,-0.7261817073170733,0.29369512195121955,0.023953658536585386,0.09236341463414635,-0.2960743902439022,-0.6192134146341463,-0.13888048780487802,0.7418817073170731,0.273869512195122,-4.053658536585366,0.32621951219512196,-0.08451219512195121,-0.03256097560975609,0.6559756097560975,-0.3420731707317073,0.028780487804878033,-0.07463414634146343,0.1468292682926829,-0.03024390243902445,0.2592682926829268,0.14902439024390238,-0.023292682926829265,-0.7378048780487805,0.18365853658536585,0.30768292682926834,-0.3870731707317073,0.4660975609756097,-0.16573170731707318,0.9902439024390243,0.121829268292683,-0.024024390243902467,-0.08609756097560974,0.12231707317073175,10000
IDWKKLLDAAKQIL,0.08653027071428569,-0.5647620578571428,-0.6973014214285714,0.2675073642857143,-0.3550795064285714,-0.06857142857142855,-0.3,-0.32571428571428573,-0.26071428571428573,0.03357142857142858,0.17428571428571424,-0.1571428571428571,0.14285714285714282,0.08785714285714287,-0.06571428571428571,-0.13285714285714284,-0.16499999999999998,-0.022142857142857127,0.019214285714285708,0.5165714285714286,0.24435714285714286,0.6277142857142858,-0.03807142857142858,-0.056928571428571426,-0.5521428571428572,0.05000000000000001,-0.2557142857142857,0.06214285714285712,-0.1335714285714286,-0.7892857142857144,0.11357142857142853,-0.1307142857142857,0.060000000000000005,-0.10428571428571425,-0.3935714285714286,0.3171428571428571,-0.22214285714285714,-0.021642857142857148,-0.07407142857142857,-0.123,-0.12121428571428573,0.08442857142857142,0.16714285714285718,-0.13142857142857142,0.4908000000000001,0.4940214285714287,1.2396928571428572,0.38785714285714273,0.4985714285714285,-1.1721428571428572,0.38714285714285707,-0.6764285714285713,0.4921428571428571,0.13785714285714284,0.30642857142857144,0.2330714285714286,-0.0029999999999999966,-0.029857142857142853,-0.2099285714285715,-0.7347857142857144,-0.2746428571428571,-0.17442857142857146,-0.13257142857142853,-0.13885714285714285,0.3075714285714285,0.13342857142857145,0.18849999999999997,-0.5991357142857143,-1.1540642857142858,1.0270142857142854,-0.6140357142857142,0.3565642857142857,0.43569285714285716,-0.9171571428571427,0.31317857142857136,-0.5653857142857144,-1.1656142857142857,-0.4323571428571427,-3.871428571428571,0.32785714285714285,-0.185,0.5221428571428571,0.3871428571428571,0.1178571428571429,0.2378571428571428,0.1592857142857143,-0.32500000000000007,0.12142857142857137,-0.30214285714285716,0.31285714285714283,-0.20214285714285715,-0.7157142857142856,0.3078571428571429,0.43357142857142855,-0.10357142857142856,0.1242857142857143,-0.07499999999999998,-0.5657142857142858,-0.2164285714285714,-0.7964285714285715,-0.1764285714285714,0.5099999999999999,10000
MALEEKERIIIPDENGDEHLFEVLFTFDVDETEQSYIAVVPAEQAEEEEVEVYAFRFEEQENEDFTLFPIESDDEWQMVEEMLNTLAEEEEA,0.20790486239130432,-0.5405696382608695,0.23668709891304346,0.26813770217391303,-0.4972149364130435,0.2917391304347826,-0.11619565217391302,-0.353804347826087,-0.04652173913043477,-0.22282608695652178,0.06423913043478262,-0.3260869565217392,0.05510869565217392,0.2930434782608695,0.06608695652173913,0.08097826086956518,-0.3417391304347826,-0.37250000000000005,-0.40795652173913033,0.48866304347826073,-0.0481086956521739,0.32272826086956524,0.18288043478260865,-0.4159782608695651,-0.5511956521739132,-0.05304347826086955,-0.4042391304347826,0.21260869565217397,-0.3969565217391305,-0.1242391304347826,-0.09652173913043481,0.10576086956521742,0.07500000000000004,-0.1376086956521739,-0.12978260869565217,0.23836956521739125,-0.3475,0.026260869565217396,-0.06071739130434784,-0.13179347826086954,0.009510869565217392,0.0981304347826087,-0.05086956521739126,0.08043478260869565,-1.4656728260869563,-0.36421630434782615,-0.15314673913043478,-0.8229347826086955,0.1868478260869565,-1.5828260869565218,-0.5968478260869564,-0.6947826086956522,0.2253260869565217,-0.06391304347826086,-0.2023913043478261,0.23653260869565224,-0.055097826086956514,-0.03870652173913043,-0.0401195652173913,-0.7521956521739132,-0.32125000000000004,-0.21491304347826082,-0.1402391304347826,0.08953260869565217,0.07868478260869563,0.045108695652173895,0.12880434782608696,-0.8493684782608696,-0.5721826086956521,0.07113913043478258,0.42536847826086954,-0.5803032608695653,0.6832434782608697,-0.3007402173913043,-0.6258478260869567,0.24223369565217387,-0.9311391304347828,-0.5979728260869566,-3.8732608695652164,0.32250000000000006,0.20652173913043487,-0.003260869565217394,0.4673913043478261,-0.1635869565217391,0.07141304347826087,-0.004565217391304351,-0.21326086956521745,-0.6918478260869565,-0.22434782608695655,0.1426086956521739,0.0075,-0.7082608695652174,0.1031521739130435,0.2378260869565218,-0.4716304347826088,0.2104347826086957,-0.04304347826086956,0.3522826086956522,-0.16923913043478264,-0.12293478260869568,-1.145326086956522,0.16445652173913047,10000
MKKTFYHYMMKHRAPLVKNEISDLAEAIYDDLSFPKQSEDYHEISSYLECSGLIESMSIFDKAWDLYLQER,0.12308203718309856,-0.18058204535211267,-0.3284898295774648,0.08422798169014085,-0.3190717404225352,0.10859154929577461,-0.03577464788732392,-0.30253521126760563,0.048309859154929594,-0.02183098591549297,0.0564788732394366,-0.10338028169014087,-0.003802816901408455,0.17957746478873243,-0.0504225352112676,0.04295774647887324,-0.23464788732394362,-0.060845070422535216,-0.1406338028169014,0.20269014084507042,0.07521126760563382,0.2218732394366197,0.0407887323943662,-0.13204225352112678,-0.1749295774647887,0.04281690140845068,-0.18380281690140846,0.09788732394366195,-0.063943661971831,-0.2864788732394366,-0.19845070422535208,-0.01901408450704224,0.014507042253521136,0.07535211267605633,-0.19802816901408452,0.36535211267605633,-0.3423943661971831,0.012929577464788736,-0.03616901408450704,-0.0462112676056338,-0.02777464788732395,0.03518309859154929,0.07084507042253527,0.025633802816901436,-0.6133845070422538,0.26554507042253517,0.09461408450704231,-0.36169014084507034,0.3809859154929577,-0.6664788732394364,-0.05056338028169012,-0.3045070422535212,0.019014084507042242,-0.02619718309859155,0.029295774647887306,0.2293380281690141,-0.03692957746478873,0.00235211267605634,-0.011225352112676064,-0.7052535211267603,-0.1342535211267606,-0.09015492957746475,-0.13729577464788728,0.013309859154929568,0.01583098591549296,0.06230985915492957,0.11170422535211268,0.7847295774647887,-0.6099661971830986,0.009783098591549307,-0.0412098591549296,-0.1566422535211267,0.3013605633802817,0.9175098591549297,-0.3998577464788732,-0.19261971830985916,1.188657746478873,-0.08264788732394371,-3.695352112676056,0.1826760563380282,-0.08507042253521124,0.02464788732394365,0.3890140845070422,-0.050845070422535166,0.11661971830985919,0.06591549295774644,-0.08915492957746479,-0.15957746478873241,-0.019999999999999997,0.04112676056338026,-0.015492957746478906,-0.682394366197183,0.13,0.27690140845070427,-0.1715492957746479,0.3370422535211268,-0.07859154929577467,0.07225352112676055,0.05816901408450699,-0.0874647887323944,-0.3473239436619718,0.13478873239436617,10000
MAKKGTRVVVTLECTEARTSSEPRRSNGVSRYTTEKNKRNTTERLELKKFNPHLNKMTIHKEIK,0.37592397859375,-0.11566654937500001,0.5039518203125,0.32913080781250004,0.51678151125,0.41453124999999996,-0.22828125000000002,-0.31265624999999997,-0.0815625,0.18312499999999998,0.16671875,0.050156250000000006,-0.25359375,0.05500000000000001,-0.08578125,0.16796875,-0.25171875,0.223125,-0.5051093750000001,0.14592187499999998,-0.1255,0.258484375,0.06876562499999998,0.33753125,-0.11531249999999998,-0.023125000000000007,0.19921874999999997,0.5334375,-0.03906250000000002,-0.22843750000000004,0.16656249999999997,-0.13765624999999998,-0.09703125,0.161875,-0.3521875,0.391875,-0.21187500000000004,0.0704375,-0.045203125000000004,-0.051421875000000006,-0.087109375,-0.05600000000000001,-0.10281249999999997,0.28921875,-2.9365328125000003,0.5977171874999999,0.5347,-1.5409375,0.5904687499999999,-0.36593749999999997,0.7746875,-0.07015625000000002,0.16015625,0.15390625000000002,0.014218749999999974,0.23181250000000003,-0.00029687499999999853,-0.038968749999999996,-0.010203125000000007,-0.778625,-0.201859375,-0.23459375,-0.06823437499999999,0.010296875000000004,-0.04078125000000002,0.23662499999999997,0.12181250000000002,-0.012885937500000083,-1.0456421875,-0.30099062499999996,-0.12915781250000002,0.29448906249999995,0.10616250000000002,-0.26591249999999994,-0.6534078125,-0.2812375,0.4913265624999998,0.2566812499999999,-4.1190625,0.5821875,-0.12468749999999995,0.17640625,0.47546875,-0.38968749999999996,0.014062499999999999,0.004218749999999993,-4.163336342344337e-17,0.14843749999999994,0.0578125,0.37124999999999997,0.10499999999999998,-0.74171875,0.28859375,0.30578125,-0.33906249999999993,0.25765625000000003,-0.06859375,0.9046874999999999,-0.2146875,-0.8,-0.22546874999999997,0.15781250000000002,10000
MKFKLQDHMLVPKHEVLSKEEAEELLKILGIGKEQLPKIKADDPIAKEIGAKPGDIVKITRKSLTAGESVFYRLVV,0.11620638144736843,-0.28031195592105257,-0.08830818289473691,0.39489004736842104,-0.05996258250000003,0.1636842105263158,-0.3190789473684211,-0.3218421052631579,-0.1361842105263158,-0.08210526315789472,0.09578947368421054,0.03105263157894736,0.08921052631578945,0.15052631578947367,-0.031842105263157894,-0.14342105263157895,-0.28421052631578947,0.0319736842105263,-0.29581578947368425,0.2584605263157896,-0.05003947368421051,0.5485394736842106,0.1565,-0.01998684210526314,-0.3255263157894736,-0.1467105263157895,-0.07223684210526314,0.18815789473684205,0.04723684210526318,-0.5394736842105264,0.09776315789473679,-0.004078947368421045,-0.05842105263157894,0.10486842105263158,-0.39921052631578946,0.3310526315789473,-0.25394736842105253,0.017657894736842105,-0.016552631578947367,-0.10097368421052633,-0.09905263157894738,0.044144736842105264,-0.26236842105263153,-0.057368421052631596,-0.7463236842105261,-0.5489473684210525,1.2251565789473686,-0.6214473684210529,-0.26157894736842113,-0.6980263157894736,0.4696052631578948,-0.6827631578947368,0.3617105263157894,0.11407894736842107,-0.019736842105263174,0.23199999999999998,0.03823684210526316,-0.03231578947368421,-0.12210526315789473,-0.8522368421052633,-0.269,-0.14769736842105263,-0.04006578947368421,-0.189171052631579,0.00038157894736839216,0.13228947368421054,0.22534210526315787,-0.800884210526316,-0.8636973684210527,0.0221315789473684,-0.16528026315789476,0.380521052631579,0.4327986842105262,-1.336959210526316,0.06927763157894735,-0.42557894736842106,-0.8767789473684212,-0.09665,-4.529868421052631,0.22657894736842105,-0.228157894736842,0.39,0.4875,-0.05921052631578943,-0.06144736842105265,-0.08947368421052632,-0.15157894736842106,-0.010526315789473717,-0.3651315789473684,0.4135526315789474,0.044736842105263165,-0.8111842105263157,0.27223684210526305,0.4163157894736843,-0.1913157894736842,0.16184210526315787,-0.2371052631578948,-0.009605263157894778,-0.6023684210526316,-0.66,-0.3780263157894737,0.3194736842105263,10000
MSHSVKIYDTCIGCTQCVRACPTDVLEMIPWDGCKAKQIASAPRTEDCVGCKRCESACPTDFLSVRVYLRSETTRSMALSY,-0.10507362975308643,0.06186506518518516,-0.3508207765432099,0.2595393913580247,-0.16610633506172837,0.05320987654320987,-0.3818518518518519,0.030123456790123466,0.01851851851851854,0.1645679012345679,-0.022469135802469144,-0.060864197530864195,-0.10716049382716052,0.1620987654320988,-0.005555555555555552,-0.09876543209876543,-0.3382716049382716,0.09987654320987652,-0.17790123456790125,0.013567901234567904,-0.2898024691358025,0.09864197530864194,0.029222222222222205,0.14253086419753086,-0.038765432098765415,-0.2969135802469136,0.172962962962963,0.07037037037037036,-0.20864197530864195,0.03790123456790123,0.010493827160493812,-0.2755555555555555,-0.027283950617283944,0.2049382716049383,-0.4181481481481482,0.39814814814814814,-0.3745679012345679,0.013617283950617287,0.03740740740740742,-0.03746913580246913,-0.005728395061728403,-0.06656790123456792,-0.5590123456790124,0.0008641975308641922,-0.6482481481481479,-1.187627160493827,-0.3239037037037037,-0.2641975308641975,-0.76,-0.3179012345679012,0.21395061728395054,0.2637037037037037,-0.09876543209876543,0.06617283950617285,0.2266666666666667,0.22328395061728398,0.03840740740740742,-0.06766666666666667,0.03959259259259258,-0.9040493827160493,-0.27553086419753087,-0.22581481481481477,0.05898765432098766,-0.058098765432098735,-0.38908641975308644,0.19137037037037039,0.04018518518518517,-0.6101703703703704,-0.3868827160493828,-0.5056802469135802,-0.2537283950617284,0.06357777777777775,-0.047041975308641966,-1.1550234567901234,-0.3865197530864198,-0.14781604938271609,-0.2967444444444445,0.6112012345679011,-4.879876543209877,-0.08283950617283949,-0.012469135802469125,0.2732098765432099,0.6691358024691357,-0.10246913580246915,-0.25790123456790126,-0.1981481481481481,-0.21518518518518517,-0.04074074074074074,-0.01358024691358022,-0.10654320987654324,0.11876543209876542,-0.8634567901234569,0.10753086419753086,0.487283950617284,-0.30925925925925923,0.1869135802469136,-0.13024691358024693,0.35185185185185186,-0.6430864197530863,0.06283950617283947,-0.3330864197530864,-0.09296296296296294,10000
MKDPRDIIKRPVITERSTELMTEKKYTFEVDVKANKTEVKDAIEAIFGVKVAKVNIMNYKGKFKRVGRYSGLTNRRRKAIVTLTPDSKEIELFEV,0.22877168094736844,-0.19945497389473685,0.5157371157894737,0.3660069810526317,0.3392857991578946,0.21294736842105264,-0.2787368421052631,-0.32726315789473687,-0.09263157894736838,-0.018421052631578942,0.1683157894736842,-0.004736842105263166,-0.06684210526315787,0.12557894736842104,-0.11210526315789472,-0.008736842105263161,-0.24252631578947367,0.09578947368421051,-0.44588421052631566,0.1832421052631579,-0.002452631578947345,0.38843157894736846,0.01968421052631578,0.2296105263157895,-0.19115789473684208,-0.03715789473684211,0.20284210526315788,0.3630526315789474,-0.05673684210526316,-0.37105263157894747,0.06652631578947367,0.056842105263157895,-0.05505263157894735,0.07778947368421053,-0.3709473684210525,0.33757894736842103,-0.2174736842105263,0.0292421052631579,-0.034810526315789465,-0.06471578947368423,-0.1008526315789474,-0.026673684210526318,-0.054526315789473645,0.056210526315789475,-1.4933557894736846,0.2680484210526316,0.8398157894736846,-0.8131578947368419,0.3044210526315788,-0.6365263157894736,0.5215789473684213,-0.2933684210526316,0.20957894736842106,0.31357894736842107,0.12578947368421048,0.23100000000000004,0.013547368421052636,-0.03230526315789474,-0.07620000000000002,-0.7812736842105263,-0.24804210526315792,-0.17138947368421054,-0.03497894736842106,-0.10908421052631574,-0.0005578947368421099,0.1309789473684211,0.15767368421052635,-0.34167789473684196,-0.8814842105263158,-0.10943894736842104,-0.1792863157894737,0.3816273684210526,0.4048715789473683,-0.7417999999999999,-0.2645442105263158,-0.37278631578947363,-0.031142105263157884,0.1653957894736842,-4.116631578947367,0.4566315789473685,-0.15210526315789474,0.27831578947368424,0.454842105263158,-0.19421052631578947,0.05389473684210527,0.01568421052631579,-0.1355789473684211,0.058842105263157876,-0.13884210526315793,0.3302105263157895,0.06726315789473682,-0.7463157894736842,0.30410526315789477,0.3206315789473685,-0.2974736842105263,0.13884210526315788,-0.1522105263157895,0.3232631578947368,-0.3449473684210526,-0.7756842105263158,-0.3706315789473684,0.1696842105263158,10000
MSRRPKIEEAMKRVESRYELVHAAVRRTLQLLREGEDFFVQEGGEVHKKTFAAIEDIAEGKVKIIKKKEESGSKEE,0.3168730756578947,-0.40112111960526314,0.26905189078947367,0.36091506315789473,0.1686333794736843,0.363421052631579,-0.17921052631578946,-0.3473684210526316,-0.1473684210526315,0.04578947368421051,0.1631578947368421,0.003026315789473672,0.10092105263157895,0.27907894736842104,-0.019342105263157904,0.038815789473684206,-0.26394736842105254,0.0461842105263158,-0.5028815789473683,0.3851842105263157,-0.09189473684210522,0.4256578947368421,0.017302631578947368,0.10532894736842109,-0.43815789473684214,-0.07,-0.06289473684210525,0.4428947368421053,-0.18078947368421056,-0.3136842105263159,0.09934210526315788,0.1156578947368421,-0.14197368421052634,0.10394736842105262,-0.3047368421052632,0.2660526315789473,-0.1668421052631579,0.050407894736842096,-0.06173684210526317,-0.1190921052631579,-0.07078947368421053,0.017368421052631578,-0.1294736842105263,0.1893421052631579,-2.308632894736842,0.20299736842105265,0.6013526315789474,-1.2761842105263157,0.3272368421052631,-0.8235526315789474,0.3815789473684211,-0.47276315789473694,0.6093421052631578,0.00828947368421051,-0.045000000000000005,0.23305263157894746,-0.004184210526315788,-0.022763157894736843,-0.08996052631578948,-0.790578947368421,-0.20332894736842108,-0.1625921052631579,-0.05842105263157894,-0.10235526315789475,-0.07157894736842106,0.2404736842105263,0.3852105263157895,-0.03516447368421061,-0.9588236842105264,-0.5756249999999999,0.20839473684210522,0.2081644736842105,0.4259934210526316,-0.564728947368421,-0.5801763157894737,-0.46597499999999986,0.46025789473684214,0.08521447368421053,-4.173026315789473,0.6311842105263158,-0.19026315789473683,0.19499999999999998,0.5557894736842105,-0.30644736842105263,0.017368421052631554,-0.03868421052631579,0.018026315789473658,-0.07434210526315792,-0.15328947368421053,0.5125,-0.021052631578947382,-0.7527631578947368,0.33828947368421053,0.3344736842105263,-0.3310526315789473,0.3514473684210526,-0.16105263157894736,0.7310526315789473,-0.3639473684210526,-0.776842105263158,-0.43276315789473685,0.13736842105263158,10000
MAVHIRLARAGTKKTPFYRIVVADQRSPRGGRFIERLGTYDPRRTEIRLDVPRVRHWISNGAQPTHTVALLLKHPGLAQAAAPADAAK,0.04948915999999999,-0.06839019988636365,-0.06111728522727282,0.5100873284090909,0.22859840488636365,0.18875,-0.2602272727272727,-0.14670454545454545,-0.08784090909090908,0.01625,0.044431818181818156,0.2465909090909091,-0.04920454545454544,0.15715909090909094,0.019886363636363626,-0.17420454545454545,-0.2561363636363636,0.1655681818181818,-0.25653409090909096,0.029068181818181826,-0.1311022727272727,0.4241136363636364,0.2117727272727273,0.19510227272727274,-0.10522727272727271,-0.21875,0.1106818181818182,0.16727272727272727,-0.21863636363636366,-0.3054545454545454,0.07272727272727272,-0.13636363636363638,0.054545454545454536,0.11954545454545454,-0.3496590909090909,0.4084090909090909,-0.2947727272727273,0.024409090909090905,0.018022727272727277,-0.05870454545454546,-0.09695454545454546,-0.004079545454545454,-0.3654545454545454,-0.08534090909090909,-1.0923693181818181,-0.7888749999999999,1.174784090909091,-0.6114772727272727,-0.5084090909090911,-0.15113636363636362,0.6670454545454545,-0.17147727272727273,0.13670454545454544,-0.006931818181818175,0.13261363636363635,0.22047727272727274,0.07387500000000001,-0.024420454545454547,-0.06929545454545455,-0.8498409090909091,-0.22660227272727276,-0.21523863636363638,-0.03847727272727273,-0.2056931818181818,-0.43405681818181824,0.24943181818181814,0.3256931818181818,-1.0185511363636366,-0.6930340909090908,0.0906113636363636,0.1516943181818182,0.5295761363636363,-0.09018409090909091,-1.5342488636363634,0.13496022727272725,-0.3436034090909091,-0.9620534090909092,0.8155477272727272,-4.532045454545455,-0.0520454545454545,-0.07170454545454547,0.22886363636363632,0.6744318181818181,-0.09954545454545455,-0.07181818181818185,-0.1693181818181818,-0.09352272727272727,0.1680681818181818,-0.23147727272727273,0.33147727272727273,0.20897727272727273,-0.8185227272727271,0.11931818181818182,0.39522727272727265,-0.4421590909090909,0.12147727272727274,-0.3348863636363637,0.21727272727272728,-0.4572727272727273,-0.5961363636363637,0.0360227272727273,0.3809090909090909,10000
MDMVSLKFIGIGLMAIGMYGAALGVSNIFSSLLSSIARNPSAAENLQRMALIGAGLAEAMGLFSFVIAMLLIFS,-0.4533378993243243,-0.2196832981081081,-0.15139753513513515,0.5755269108108108,-0.027939996621621593,-0.23148648648648648,-0.4222972972972972,-0.09864864864864864,0.05716216216216217,-0.08067567567567568,0.36797297297297293,0.2162162162162162,0.05567567567567566,0.15135135135135133,0.025270270270270272,-0.49324324324324326,-0.33905405405405403,0.05283783783783783,0.2457972972972973,0.15137837837837836,-0.15236486486486484,0.6942567567567568,-0.03366216216216219,-0.17993243243243243,-0.32932432432432435,-0.4908108108108108,-0.012702702702702679,-0.2889189189189189,-0.10770270270270271,-0.4143243243243243,-0.008918918918918935,0.16081081081081078,-0.09716216216216213,-0.1404054054054054,-0.49094594594594604,0.4791891891891892,-0.44243243243243247,-0.05408108108108109,0.09006756756756758,-0.13213513513513517,-0.05467567567567568,0.0431081081081081,-0.7447297297297297,-0.6028378378378377,1.8811702702702704,-2.8999216216216213,0.4054837837837838,0.8947297297297299,-2.0048648648648655,-0.6205405405405405,0.4189189189189189,-0.2840540540540541,0.34878378378378383,-0.16432432432432434,0.0666216216216216,0.238472972972973,0.09801351351351353,-0.031270270270270274,-0.027391891891891895,-1.0064324324324325,-0.2955945945945946,-0.16686486486486485,0.07863513513513512,-0.27460810810810815,-0.4407297297297298,0.05420270270270271,0.34736486486486484,-1.0198864864864867,-0.637631081081081,-0.05081216216216215,-0.35985270270270264,0.45294594594594595,0.039889189189189204,-2.160218918918919,0.19160270270270266,-0.741427027027027,-1.0451135135135137,0.7489243243243243,-5.54972972972973,-0.25783783783783776,-0.1552702702702703,0.628108108108108,0.8295945945945946,0.34283783783783783,-0.3964864864864865,-0.39391891891891895,-0.24648648648648652,-0.02513513513513515,-0.5487837837837838,0.1001351351351351,-0.3527027027027027,-0.9697297297297296,0.20445945945945945,0.649054054054054,-0.24202702702702697,0.13837837837837838,-0.3571621621621622,-0.8140540540540542,-1.0827027027027025,-0.13648648648648654,-0.38702702702702696,0.33554054054054056,10000
MGKQCEFCGKKPQTGNNVSHSNIKTKRRFMPNLQSARHQLPTGQIKTVSVCTRCLRSGAVVKPVVKKTA,0.09803242536231882,0.11685390782608694,-0.1631031101449276,0.2970499057971014,0.2034551149275362,0.26855072463768115,-0.3189855072463768,-0.11985507246376814,-0.07130434782608693,0.18405797101449275,0.09275362318840577,0.14666666666666667,-0.12811594202898552,0.053768115942028995,-0.03057971014492754,-0.0627536231884058,-0.3071014492753623,0.2526086956521739,-0.4068695652173913,-0.06650724637681159,-0.26571014492753625,0.20010144927536233,0.052507246376811575,0.3333043478260869,0.028260869565217388,-0.23739130434782602,0.27913043478260874,0.2931884057971014,0.22376811594202894,-0.16971014492753628,0.2317391304347826,-0.16594202898550725,-0.07362318840579711,0.031739130434782624,-0.408840579710145,0.4808695652173913,-0.306231884057971,0.04628985507246377,0.02443478260869566,-0.029333333333333333,-0.06602898550724638,-0.07553623188405797,-0.5052173913043478,0.09971014492753624,-1.7615347826086956,-0.6570681159420287,0.5216608695652174,-1.0707246376811594,-0.4156521739130436,0.11492753623188404,0.8597101449275364,0.13898550724637682,0.10971014492753627,0.13072463768115938,0.12231884057971014,0.222768115942029,0.04049275362318841,-0.06066666666666667,-0.020173913043478264,-0.9048115942028985,-0.20402898550724646,-0.1905797101449275,0.050188405797101446,-0.1340144927536232,-0.290463768115942,0.24405797101449275,0.17772463768115943,-0.656885507246377,-0.5910637681159422,-0.6002246376811594,-0.13262173913043476,0.5048985507246377,-0.10462753623188403,-1.4033898550724635,-0.17699565217391303,-0.3470434782608696,-0.32247246376811606,0.4203855072463768,-4.838260869565217,0.1336231884057971,-0.1779710144927536,0.2889855072463768,0.6249275362318839,-0.23217391304347826,-0.2608695652173914,-0.19797101449275367,-0.03260869565217391,0.2723188405797101,-0.04347826086956521,0.22768115942028977,0.08014492753623187,-0.8569565217391304,0.21144927536231883,0.44130434782608696,-0.2930434782608695,0.2289855072463768,-0.22420289855072462,0.5573913043478261,-0.5802898550724638,-0.4805797101449275,-0.06840579710144921,0.16898550724637684,10000
MVLKTVGVAGTLESSDAMITVEPANQGGIVIDISSSVKRQFGRQIEETVLNTIKELGVENANVKVVDKGALNYALIARTKAAVYRAAESNDYKF,-0.02993245053191493,-0.14715838702127657,0.05800934787234039,0.5475312510638298,0.007079987127659592,0.14872340425531916,-0.3628723404255319,-0.16914893617021282,0.01446808510638299,-0.06563829787234042,0.2706382978723404,0.048617021276595736,-0.05861702127659575,0.20244680851063834,0.050744680851063845,-0.14702127659574465,-0.38308510638297877,0.05446808510638297,-0.3568510638297872,0.11071276595744677,-0.19339361702127658,0.5626808510638298,-0.09081914893617023,0.028265957446808543,-0.23053191489361707,-0.36606382978723406,0.180531914893617,0.18765957446808507,-0.12382978723404257,-0.37936170212765963,-0.07031914893617022,0.13244680851063828,-0.11234042553191492,-0.08404255319148937,-0.41787234042553195,0.36308510638297875,-0.3857446808510638,0.01691489361702127,0.036308510638297875,-0.1067659574468085,-0.07685106382978724,-0.022053191489361707,-0.6254255319148937,-0.12127659574468082,-1.01776914893617,-1.6801829787234048,0.44858829787234045,-0.631276595744681,-0.9737234042553191,-0.8108510638297872,0.4373404255319149,-0.16010638297872343,0.3269148936170213,0.3132978723404255,0.059361702127659566,0.2320957446808511,0.04850000000000001,-0.06777659574468084,-0.04861702127659575,-0.9479680851063831,-0.3398085106382978,-0.2851170212765958,0.01673404255319149,-0.09108510638297872,-0.36061702127659573,0.07370212765957446,0.2870744680851064,-1.3587095744680853,-0.8879670212765957,0.022988297872340444,0.06610957446808507,0.32377446808510635,0.18776276595744681,-1.9887617021276593,-0.23913297872340422,-0.41759999999999997,-1.3598734042553193,0.5061265957446808,-5.1191489361702125,0.06755319148936173,0.11063829787234045,0.40170212765957436,0.802872340425532,-0.08808510638297871,-0.22776595744680847,-0.295,-0.25106382978723407,-0.088936170212766,-0.3388297872340425,0.2697872340425531,-0.16840425531914896,-0.901595744680851,0.16744680851063828,0.4853191489361702,-0.5218085106382978,0.12053191489361706,-0.2545744680851064,0.2103191489361702,-0.8618085106382978,-0.49425531914893633,-0.6664893617021275,0.3047872340425532,10000
GRTFFVGGNW,-0.264470641,0.46050882400000004,1.2914855099999998,0.26355621999999995,1.071382468,-0.06900000000000003,0.32599999999999996,0.438,0.03499999999999999,-0.18099999999999997,0.596,0.339,0.00800000000000003,-0.04800000000000001,-0.135,-0.32600000000000007,-0.205,0.10800000000000001,-0.08789999999999999,-0.6611999999999999,-0.07199999999999998,0.29169999999999996,-0.48339999999999994,-0.010999999999999954,0.514,-0.20299999999999999,0.23700000000000002,-0.19999999999999998,-0.154,-0.11500000000000003,0.48200000000000004,0.8629999999999999,-0.3549999999999999,-0.00599999999999995,-0.006999999999999984,0.395,-0.45299999999999996,-0.007999999999999997,0.14140000000000003,0.048299999999999996,-0.0335,0.0038999999999999924,-0.35099999999999987,-0.19799999999999998,0.8200100000000002,-1.6073399999999995,0.46898999999999996,-0.08800000000000008,-1.7110000000000003,1.545,-0.4370000000000001,0.10299999999999998,0.766,0.3,0.201,0.20589999999999997,0.1049,0.073,0.028199999999999996,-0.7858,-0.11140000000000001,-0.0031999999999999863,0.004599999999999982,-0.3257,-0.9499000000000002,0.17429999999999998,0.7976999999999999,-0.6591300000000002,0.9160999999999999,-0.34935,0.8101099999999999,1.0912799999999998,-0.0397,-1.71158,0.6441600000000001,-0.5706399999999999,-0.6233800000000003,1.00084,-4.135,-0.5189999999999999,-0.029999999999999978,-0.14499999999999996,1.063,0.19000000000000003,-0.129,-0.4029999999999999,0.626,0.08199999999999999,-0.21999999999999992,0.33599999999999997,-0.488,-0.7809999999999999,-0.0009999999999999788,0.283,-0.623,0.441,-0.8270000000000002,-0.192,-0.506,-0.133,0.05900000000000003,-0.295,10000
MADQLTLEIISAINKLVKAENGERTSVALGEITTDTELTSLGIDSLGLADVLWDLEQLYGIKIEMNTADAWSNLNNIGDVVEAVRGLLTKEV,-0.07722796630434786,-0.22055409076086954,-0.07570351847826096,0.5424765097826088,-0.18366641695652172,0.09510869565217392,-0.37554347826086953,-0.15054347826086958,-0.0011956521739130259,-0.11565217391304349,0.31978260869565217,-0.08782608695652176,-0.06489130434782607,0.08358695652173914,0.08793478260869565,-0.1193478260869565,-0.3941304347826087,-0.06445652173913045,-0.17500000000000002,0.17755434782608698,-0.16084782608695652,0.6315,-0.06944565217391303,-0.19169565217391304,-0.2884782608695652,-0.3504347826086956,0.006086956521739143,0.0884782608695652,-0.3002173913043478,-0.38717391304347826,-0.04380434782608697,0.07402173913043476,-0.11793478260869567,-0.04358695652173913,-0.411195652173913,0.3251086956521739,-0.4305434782608696,0.0075,0.035826086956521744,-0.12223913043478261,-0.06182608695652174,0.022163043478260862,-0.5728260869565217,-0.1290217391304348,-0.5702934782608695,-1.8512130434782608,0.28700978260869564,-0.4115217391304348,-1.0539130434782609,-1.0854347826086956,0.034891304347826065,-0.3067391304347826,0.3363043478260869,0.2728260869565218,-0.02923913043478261,0.23503260869565223,0.03310869565217391,-0.07908695652173914,-0.05029347826086957,-0.9398913043478262,-0.37781521739130436,-0.34557608695652176,-0.03451086956521741,-0.0008152173913043413,-0.21504347826086959,0.043641304347826086,0.20114130434782612,-1.6933532608695652,-1.075745652173913,0.511666304347826,-0.07355978260869567,0.045547826086956504,0.221679347826087,-2.0120434782608694,-0.3303152173913044,-0.2885326086956522,-2.1131271739130435,0.23803478260869562,-5.071521739130435,0.08369565217391309,0.1998913043478261,0.46554347826086956,0.780217391304348,-0.002934782608695621,-0.17021739130434788,-0.27880434782608693,-0.275,-0.3019565217391305,-0.39934782608695646,0.24336956521739128,-0.2434782608695652,-0.8923913043478262,0.1527173913043478,0.5080434782608695,-0.5075,0.12402173913043478,-0.16554347826086957,0.021086956521739048,-0.8943478260869565,-0.4319565217391305,-0.887608695652174,0.32456521739130434,10000
MSILDYFRSSKKPNTASLAKERLQIIVAHQRGERGAPDYFPKMKQEIIEVIRKYVQISDDQVSVQLDQNDDNLSVLELNVTLPDSK,0.1548803503488372,-0.052936153604651155,-0.6044121104651162,0.3090066779069768,-0.42585207267441866,0.2543023255813954,-0.25616279069767445,-0.3259302325581395,-0.03418604651162791,-0.0633720930232558,0.10662790697674418,-0.08139534883720931,-0.007906976744186047,0.09395348837209302,-0.017674418604651163,0.027441860465116267,-0.2997674418604651,-0.02383720930232559,-0.3777441860465116,0.10426744186046512,-0.039848837209302324,0.3633139534883721,0.10395348837209303,0.03060465116279075,-0.10232558139534882,-0.0940697674418605,0.05546511627906976,0.2561627906976744,-0.04325581395348836,-0.3472093023255814,-0.13872093023255816,-0.10825581395348834,0.05546511627906978,-0.1226744186046512,-0.3275581395348837,0.3831395348837209,-0.3401162790697675,0.034593023255813954,-0.014546511627906978,-0.053104651162790686,-0.07383720930232558,-0.009441860465116279,-0.18220930232558138,0.05383720930232558,-1.5387488372093021,-0.22047790697674416,0.5152302325581396,-0.9455813953488373,0.13418604651162783,-0.7969767441860465,0.2651162790697674,-0.18860465116279068,-0.024883720930232608,0.2534883720930233,0.050813953488372095,0.2276279069767442,-0.027418604651162786,-0.06183720930232558,-0.06423255813953489,-0.8154302325581395,-0.2099651162790698,-0.23197674418604655,-0.0699186046511628,-0.003139534883720924,0.0011162790697674312,0.07958139534883721,0.1122558139534884,-0.13909418604651158,-1.2102860465116279,0.08044767441860468,-0.019715116279069737,-0.008120930232558108,0.18742674418604652,-0.11538023255813946,-0.46929767441860465,-0.26284651162790695,0.16544883720930242,0.13682441860465117,-4.258139534883721,0.3154651162790698,0.020116279069767436,0.20593023255813947,0.4890697674418605,-0.1712790697674418,0.024651162790697675,-0.0438372093023256,-0.1986046511627907,-0.1141860465116279,-0.12151162790697674,0.15965116279069763,0.07116279069767444,-0.7645348837209303,0.17441860465116277,0.3277906976744186,-0.3463953488372093,0.21744186046511632,-0.08767441860465118,0.297906976744186,-0.23337209302325587,-0.44860465116279075,-0.5875581395348837,0.40709302325581403,10000
MGSFSIWHWLIVLVIVMLVFGTKKLRNIGQDLGGAVKGFKDGMKDGEGKAAADPAQSKELRDSTTIDVEAKEKTRQQ,0.044771907532467514,-0.13157235350649352,-0.146976177922078,0.3660434181818182,0.008830693376623367,0.19207792207792201,-0.22857142857142854,-0.10000000000000002,-0.11467532467532468,-0.0564935064935065,0.27701298701298704,0.03415584415584415,0.06194805194805195,0.14090909090909093,0.0025974025974025883,-0.13077922077922077,-0.3312987012987013,0.061558441558441576,-0.29033766233766234,0.07051948051948054,-0.1600909090909091,0.47858441558441567,-0.10566233766233765,-0.03989610389610386,-0.18584415584415584,-0.2655844155844156,-0.020649350649350643,0.18,0.006363636363636355,-0.35974025974025975,0.09051948051948053,0.15259740259740256,-0.22675324675324676,0.02831168831168832,-0.3555844155844155,0.32220779220779217,-0.35584415584415585,0.02883116883116883,0.021194805194805193,-0.0880909090909091,-0.06418181818181819,0.015441558441558437,-0.4836363636363636,-0.025194805194805187,-1.1563675324675324,-1.1597246753246753,0.6532142857142857,-0.8815584415584419,-0.7236363636363635,-0.4303896103896103,0.21675324675324673,-0.2685714285714287,0.47636363636363616,0.08090909090909094,0.2161038961038961,0.2233246753246754,0.03348051948051949,-0.0477012987012987,-0.07876623376623378,-0.8975844155844156,-0.22829870129870122,-0.20059740259740258,-0.0008701298701298673,-0.1288051948051948,-0.3026233766233766,0.15937662337662337,0.38745454545454555,-0.968025974025974,-0.6183129870129871,-0.23113116883116894,0.0507831168831169,0.4308415584415583,0.2517233766233766,-1.757464935064934,-0.14154025974025974,-0.4667337662337662,-0.9404909090909093,0.26589220779220774,-4.821168831168831,0.1411688311688312,-0.10064935064935064,0.34922077922077915,0.7507792207792208,-0.0893506493506493,-0.14311688311688317,-0.25558441558441564,-0.015064935064935068,-0.05311688311688315,-0.24337662337662336,0.3537662337662338,-0.16831168831168833,-0.8587012987012985,0.23168831168831172,0.46376623376623366,-0.3627272727272727,0.28415584415584416,-0.3131168831168831,0.2623376623376623,-0.7109090909090907,-0.4985714285714285,-0.3684415584415585,0.20545454545454547,10000
MKGQNVTLQDIAIELEDTISPINLHCEEEIETEEVDTPNPFAITATCYACEQVLRLAVVTSTEGIHQLQQLLFDNLFLLCAACSKQVFCNRRPERNGP,-0.039503719285714306,-0.17140647591836736,-0.11155033571428577,0.34712199693877543,-0.2355884532653061,0.1113265306122449,-0.3364285714285714,-0.18193877551020407,0.035612244897959194,0.006734693877551004,0.039489795918367356,-0.1040816326530612,-0.07020408163265304,0.09397959183673472,0.05214285714285714,-0.08377551020408162,-0.34153061224489795,-0.09153061224489796,-0.1566938775510204,0.18446938775510202,-0.1748469387755102,0.28681632653061223,0.14814285714285716,-0.068734693877551,-0.24040816326530615,-0.2343877551020408,0.009183673469387754,0.07234693877551018,-0.2169387755102041,-0.11040816326530613,0.12622448979591838,-0.13234693877551015,0.2011224489795918,-0.12520408163265306,-0.31214285714285717,0.4124489795918367,-0.3761224489795919,0.00620408163265306,0.013928571428571424,-0.07968367346938775,-0.020857142857142862,0.0031938775510204098,-0.3980612244897959,-0.04561224489795916,-0.5129918367346937,-1.1378061224489795,-0.028366326530612333,-0.24704081632653058,-0.5971428571428572,-0.7826530612244895,0.09530612244897961,-0.1295918367346939,0.019897959183673472,0.10295918367346935,-0.11193877551020409,0.2314387755102041,0.00996938775510205,-0.06710204081632654,-0.021612244897959185,-0.8760918367346938,-0.3361122448979592,-0.24764285714285716,-0.025214285714285703,-0.026897959183673475,-0.10350000000000002,0.09844897959183674,0.0365816326530612,-1.4988571428571427,-0.5989612244897958,0.19123877551020407,-0.016007142857142824,-0.12416734693877551,0.14067040816326531,-1.4954683673469387,-0.22698061224489796,0.0391948979591837,-1.758315306122449,-0.02652551020408165,-4.647448979591837,0.04142857142857149,0.13142857142857145,0.2586734693877551,0.5796938775510203,-0.05418367346938773,-0.17846938775510207,-0.1441836734693878,-0.27397959183673465,-0.2243877551020409,-0.21183673469387754,0.04397959183673467,0.025408163265306125,-0.8268367346938778,0.09142857142857144,0.406938775510204,-0.4166326530612245,0.11040816326530614,-0.09163265306122449,0.10102040816326525,-0.5564285714285715,-0.17122448979591842,-0.7172448979591834,0.21969387755102043,10000
MSKGTASFGKKNKRNTEMCRRCGRQSYHKQKNSCSSCGYPNPKMRNPGSIKARRRRTIGTGRMRYMKRELRAAKNGHKGDPILRTLWAKN,0.36360375999999994,0.15730528877777775,0.3043314066666666,0.18529394666666665,0.7546806546666668,0.4507777777777777,-0.1061111111111111,-0.07977777777777778,-0.09155555555555554,0.30622222222222223,0.1753333333333333,0.24388888888888893,-0.05633333333333335,-0.0033333333333333288,-0.13766666666666666,0.07944444444444447,-0.21277777777777776,0.3552222222222223,-0.37337777777777775,-0.14608888888888888,-0.1965888888888889,0.09578888888888887,-0.05515555555555557,0.34774444444444447,0.1761111111111111,-0.057555555555555575,0.1297777777777778,0.44800000000000006,-0.015888888888888873,-0.06677777777777777,0.32966666666666666,0.01788888888888888,-0.1371111111111111,0.12088888888888889,-0.31588888888888894,0.35688888888888887,-0.17244444444444443,0.08866666666666669,-0.011600000000000001,0.0022888888888888885,-0.05883333333333334,-0.0582,-0.24055555555555555,0.29433333333333334,-3.087013333333333,0.5520844444444446,0.48516999999999993,-1.799777777777778,0.3126666666666665,0.5414444444444445,0.7123333333333334,0.20022222222222222,0.2997777777777778,-0.02022222222222224,0.11833333333333333,0.21914444444444448,0.007555555555555558,-0.01998888888888889,-0.006888888888888892,-0.7992333333333334,-0.010600000000000005,-0.12715555555555555,0.011244444444444442,-0.10233333333333332,-0.3440777777777778,0.32485555555555556,0.37185555555555555,0.27540777777777775,-0.7437555555555556,-0.8275711111111111,-0.0654711111111111,0.4363188888888888,-0.19085666666666662,-0.5155311111111109,-0.6321888888888889,-0.5005622222222221,1.182301111111111,0.8397944444444442,-4.284111111111111,0.5328888888888889,-0.33977777777777773,0.16155555555555554,0.643,-0.3987777777777778,-0.008111111111111118,-0.11166666666666665,0.39677777777777773,0.33088888888888884,0.19455555555555556,0.452,0.023777777777777783,-0.7675555555555555,0.34833333333333333,0.35777777777777775,-0.2676666666666666,0.4847777777777778,-0.2101111111111112,1.096,-0.06388888888888887,-0.5056666666666667,0.24222222222222223,0.10344444444444446,10000
MTRSLKKNPFVANHLLRKINKLNTKAEKDIILTWSRASTIIPTMIGHTIAIHNGKEHLPIYITDRMVGHKLGEFSPTLNFRGHAKNDNRSRR,0.12508937586956523,-0.04955892858695655,0.2750251119565217,0.2732917152173913,0.419670375326087,0.20782608695652174,-0.18456521739130433,-0.2513043478260869,0.06195652173913044,0.039456521739130446,0.17749999999999994,0.13934782608695653,-0.14369565217391306,-0.05217391304347825,-0.0525,-0.024239130434782593,-0.23217391304347829,0.17619565217391306,-0.15814130434782608,0.029771739130434804,-0.03405434782608693,0.29394565217391305,0.06275,0.1588804347826087,-0.03945652173913043,-0.06978260869565217,0.15608695652173915,0.2221739130434783,-0.012065217391304327,-0.24619565217391304,-0.0004347826086956405,0.02195652173913041,0.0973913043478261,0.00032608695652173943,-0.32141304347826083,0.42967391304347835,-0.3095652173913043,0.025119565217391303,-0.0035543478260869595,-0.034956521739130435,-0.07793478260869566,-0.01634782608695652,-0.12815217391304343,0.030543478260869564,-1.0172826086956521,-0.05973695652173908,0.7276250000000001,-0.6029347826086956,-0.0032608695652174375,-0.20456521739130434,0.6277173913043478,-0.08630434782608697,0.039565217391304336,0.12,-0.12967391304347825,0.22955434782608694,0.026543478260869557,-0.009326086956521736,-0.03946739130434783,-0.7842173913043476,-0.20614130434782604,-0.20767391304347835,-0.10699999999999997,-0.05734782608695651,-0.062554347826087,0.2064782608695652,0.1273586956521739,-0.3692217391304347,-0.8234239130434782,0.35148478260869565,-0.2295652173913043,0.4097347826086958,-0.0506141304347826,-0.5484108695652172,-0.08597282608695647,-0.29196304347826085,-0.3023695652173913,0.2750543478260869,-4.17141304347826,0.16608695652173908,-0.11423913043478262,0.211195652173913,0.48456521739130426,-0.11326086956521737,-0.015543478260869584,-0.048152173913043474,-0.061739130434782644,0.15815217391304348,-0.08097826086956522,0.33586956521739125,0.06010869565217392,-0.7573913043478259,0.15260869565217391,0.36141304347826086,-0.24771739130434786,0.27021739130434785,-0.15945652173913047,0.2781521739130434,-0.20445652173913045,-0.5718478260869566,0.015869565217391333,0.3317391304347826,10000
MALKEMVGTVVSDKMQKTVVVAVENRFPHPIYQKIISRTTRYKAHDAENHCKVGDRVRIKESPPISAHKRWTVTDVLVKGMKSKEAAK,0.13713947511363633,-0.1473924581818182,-0.025143106818181934,0.2997481136363636,0.08018438363636364,0.21943181818181812,-0.28431818181818186,-0.2728409090909091,-0.08079545454545455,0.033749999999999995,0.07022727272727272,0.06431818181818182,-0.08454545454545453,0.15590909090909089,0.022727272727272714,-0.046250000000000006,-0.2806818181818182,0.15386363636363637,-0.48804545454545445,0.16375000000000003,-0.10918181818181814,0.2797159090909091,0.057454545454545446,0.24944318181818181,-0.20363636363636364,-0.13624999999999998,0.2055681818181818,0.3093181818181818,0.12795454545454546,-0.2656818181818182,-0.10965909090909093,-0.08715909090909091,-0.12670454545454546,0.15034090909090908,-0.39306818181818187,0.40704545454545454,-0.30022727272727273,0.02706818181818182,-0.019454545454545454,-0.06324999999999999,-0.0759659090909091,-0.042545454545454546,-0.2440909090909091,0.045,-1.3557863636363636,-0.20936022727272732,0.7136602272727273,-0.7175,0.007613636363636282,-0.5059090909090909,0.7097727272727273,-0.13784090909090913,0.1171590909090909,0.13625,0.09147727272727274,0.22694318181818182,0.03262500000000001,-0.03964772727272727,-0.05980681818181818,-0.8252159090909091,-0.24009090909090913,-0.19810227272727274,-0.03481818181818182,-0.09581818181818182,-0.15402272727272728,0.22535227272727273,0.14122727272727273,-0.38298863636363634,-0.6835363636363637,-0.2263625,-0.1488045454545454,0.37464318181818174,0.12138863636363638,-0.8668261363636364,-0.12792159090909097,-0.2880318181818182,-0.20951590909090914,0.21219886363636362,-4.381022727272727,0.15068181818181825,-0.14590909090909088,0.25693181818181815,0.5005681818181817,-0.18625,-0.10113636363636366,-0.06431818181818182,-0.20511363636363636,0.1442045454545454,-0.11829545454545455,0.2707954545454545,0.13136363636363635,-0.7903409090909093,0.19011363636363637,0.4017045454545455,-0.24897727272727274,0.1631818181818182,-0.15818181818181817,0.38499999999999995,-0.4289772727272727,-0.6098863636363636,-0.054431818181818165,0.19636363636363638,10000
MTYFVFFLGICFVVGVLGVASNPSPYYGVVGLVLASVAGCGWLLSLGVSFVALVLFMVYFGGMLVVFVYSVALAAEPFPEA,-0.6635840206172839,0.0016576387654320768,-0.08301868641975305,0.619400035802469,-0.2206221835802469,-0.5027160493827161,-0.32777777777777783,-0.013456790123456797,0.08518518518518521,-0.2380246913580247,0.1954320987654321,0.23358024691358023,0.03851851851851852,0.22037037037037038,0.03037037037037036,-0.6370370370370371,-0.312962962962963,-0.03481481481481482,0.021148148148148117,-0.035901234567901216,-0.06464197530864198,0.6786172839506173,0.00902469135802468,-0.0749753086419753,-0.1195061728395062,-0.4481481481481482,0.21827160493827164,-0.514320987654321,0.0072839506172839505,-0.5848148148148148,0.012962962962962956,0.178641975308642,-0.10938271604938271,0.21086419753086422,-0.3975308641975308,0.534320987654321,-0.4961728395061728,-0.09871604938271604,0.13230864197530864,-0.0787037037037037,-0.07361728395061727,0.017506172839506173,-0.6437037037037037,-0.7576543209876543,3.5880851851851854,-3.092712345679012,0.6731432098765431,1.808395061728395,-2.3403703703703704,-0.1291358024691358,0.21839506172839507,-0.3954320987654321,0.24814814814814817,0.20456790123456792,0.0745679012345679,0.23113580246913581,0.15002469135802468,0.0007037037037037014,-0.018962962962962966,-0.9612098765432099,-0.3498148148148148,-0.03311111111111109,0.09987654320987654,-0.433246913580247,-0.6054567901234568,-0.04453086419753087,0.30780246913580245,-1.1987296296296297,0.1735691358024691,0.04317283950617283,0.0061925925925925464,0.6242555555555556,0.14614074074074074,-2.221201234567901,0.9572481481481481,-0.5708456790123456,-1.583483950617284,0.6982246913580247,-5.176913580246914,-0.8019753086419752,-0.05876543209876542,0.40888888888888897,0.7796296296296296,0.5325925925925927,-0.42123456790123465,-0.3483950617283951,-0.3333333333333334,0.009506172839506168,-0.697037037037037,-0.08395061728395066,-0.22024691358024692,-0.9279012345679014,0.020123456790123465,0.5276543209876543,-0.3372839506172839,-0.14209876543209876,-0.5560493827160494,-1.441604938271605,-1.1833333333333333,-0.009012345679012369,-0.39604938271604934,0.07074074074074073,10000
MPMATTIEVADYTNIMPITVSITVYLGVSIGIDTSTTGFTCFSRY,-0.34623346377777775,0.15086576666666665,0.5576565155555554,0.4241454488888889,0.1896280564444445,-0.19266666666666665,-0.4133333333333333,-0.05111111111111113,0.12888888888888891,-0.18688888888888894,0.1848888888888889,-0.003111111111111116,-0.35799999999999993,0.11600000000000002,0.02688888888888889,-0.23777777777777775,-0.3726666666666666,0.041999999999999996,0.059688888888888875,-0.17766666666666667,-0.141,0.32986666666666664,0.003733333333333322,0.05511111111111111,0.07311111111111111,-0.38444444444444453,0.5024444444444445,-0.10666666666666669,-0.05044444444444445,-0.06422222222222222,-0.20000000000000004,-0.06666666666666665,-0.1408888888888889,-0.0755555555555556,-0.44044444444444436,0.5553333333333333,-0.5486666666666667,-0.03853333333333333,0.10235555555555557,-0.02308888888888888,-0.0542,-0.07195555555555556,-0.5773333333333334,-0.3426666666666667,1.0222533333333335,-2.3066511111111114,0.2692866666666668,0.46844444444444455,-1.5344444444444447,-0.45244444444444454,0.2513333333333334,0.1348888888888889,-0.3584444444444444,0.42599999999999993,0.314,0.22613333333333338,0.08404444444444445,-0.05686666666666667,0.0674222222222222,-0.9240444444444444,-0.42295555555555553,-0.2711333333333333,0.02433333333333333,-0.05846666666666666,-0.4154444444444444,-0.05606666666666667,-0.09586666666666668,-1.1544488888888889,-0.2901466666666667,0.17411111111111116,-0.328191111111111,0.35762,0.21607111111111107,-1.5778511111111106,0.06432666666666666,-0.12165333333333336,-1.2951977777777777,0.5350688888888888,-5.026888888888888,-0.45888888888888885,0.1593333333333334,0.35888888888888887,0.6515555555555554,0.19022222222222224,-0.30400000000000005,-0.28733333333333333,-0.4746666666666667,-0.09400000000000001,-0.3577777777777778,-0.2637777777777778,0.03444444444444446,-0.8933333333333332,-0.010222222222222221,0.48488888888888887,-0.3662222222222222,-0.04511111111111113,-0.25044444444444447,-0.5442222222222222,-1.0513333333333335,-0.16822222222222222,-0.6471111111111111,-0.03755555555555556,10000
MSIKLVNIGFGNIVSANRIVAIVSPESAPIKRIVTEGRDRGMLIDATYGRRTRAVVITDSDHVILSAVQPETVKQRLHTDSSEDDEEIN,-0.005155255280898896,-0.026036949662921346,-0.14932139213483153,0.47426484044943823,-0.12014444292134831,0.20719101123595507,-0.3804494382022472,-0.20449438202247192,0.04820224719101124,-0.10910112359550563,0.1942696629213483,-0.00988764044943819,-0.06999999999999999,0.10202247191011238,0.056179775280898875,-0.06752808988764046,-0.36134831460674155,0.04089887640449436,-0.34913483146067414,0.04622471910112361,-0.1774494382022472,0.4215730337078652,0.020101123595505595,0.09429213483146066,-0.11415730337078651,-0.2947191011235955,0.2865168539325843,0.23483146067415728,-0.23348314606741574,-0.18235955056179776,-0.2748314606741573,0.005505617977528087,-0.02404494382022468,-0.06460674157303371,-0.4267415730337079,0.3661797752808989,-0.39213483146067407,0.021640449438202244,0.028707865168539327,-0.07240449438202247,-0.06968539325842697,-0.04589887640449438,-0.4848314606741573,-0.02853932584269665,-1.2156471910112359,-1.2682617977528092,0.39804494382022476,-0.723820224719101,-0.6610112359550562,-0.8613483146067415,0.3315730337078652,-0.003033707865168557,0.011573033707865187,0.34696629213483143,-0.025955056179775303,0.22937078651685391,0.028584269662921352,-0.0718314606741573,-0.04031460674157304,-0.9054831460674159,-0.3288202247191011,-0.3473932584269663,-0.031,-0.013426966292134822,-0.2412808988764045,0.14146067415730337,0.13892134831460676,-0.8321494382022472,-1.1971977528089888,0.11402471910112355,-0.03667865168539326,0.17946853932584272,0.059775280898876425,-1.1102595505617976,-0.4520460674157304,-0.30669101123595505,-0.6790426966292135,0.5787775280898875,-4.832584269662922,0.13022471910112363,0.12696629213483152,0.32022471910112366,0.6770786516853933,-0.1440449438202247,-0.15213483146067414,-0.21584269662921354,-0.3037078651685393,-0.14898876404494385,-0.23617977528089884,0.21651685393258427,0.07168539325842696,-0.8555056179775281,0.11573033707865171,0.44337078651685397,-0.4583146067415729,0.18269662921348317,-0.14932584269662924,0.38483146067415724,-0.6698876404494383,-0.5074157303370787,-0.6003370786516854,0.3156179775280899,10000
DLWNSIKDMAAAAGRAALNAVTGMVNQ,-0.1408819248148148,-0.29283520148148146,-0.23171691481481485,0.5395826814814814,-0.018816611851851853,0.15259259259259259,-0.38370370370370366,0.04370370370370371,-0.007037037037037035,0.023703703703703716,0.35629629629629633,0.13111111111111112,-0.03518518518518518,0.17333333333333337,0.13518518518518516,-0.2722222222222222,-0.43074074074074076,0.0811111111111111,-0.17522222222222225,0.15322222222222223,-0.32825925925925925,0.5372962962962963,-0.1633703703703704,-0.21188888888888893,-0.3603703703703704,-0.5492592592592592,-0.16148148148148142,0.028148148148148158,-0.17703703703703708,-0.2644444444444445,-0.06740740740740742,0.157037037037037,-0.11259259259259259,-0.21296296296296297,-0.4329629629629629,0.3362962962962963,-0.48777777777777775,0.017925925925925925,0.0545925925925926,-0.1466666666666667,-0.02188888888888889,0.030037037037037036,-0.9537037037037037,-0.28703703703703703,-0.8510888888888888,-2.625344444444445,0.06842592592592586,-0.464074074074074,-1.5855555555555554,-0.8244444444444442,0.38296296296296295,0.009259259259259238,0.4040740740740741,-0.1885185185185185,0.2092592592592593,0.2292962962962963,0.06700000000000002,-0.0847037037037037,-0.04033333333333334,-1.0331481481481484,-0.3113333333333334,-0.34651851851851845,0.052999999999999985,-0.07048148148148148,-0.6425555555555554,0.15718518518518518,0.41911111111111116,-2.4849703703703705,-0.5324999999999999,0.2449518518518518,-0.05929629629629634,0.25805555555555565,-0.16757777777777777,-3.3613666666666666,-0.09600370370370374,-0.317462962962963,-2.8577185185185185,0.7882740740740741,-5.707407407407408,-0.2214814814814814,0.1603703703703704,0.5522222222222223,1.0544444444444443,-0.007407407407407373,-0.3492592592592593,-0.47444444444444445,-0.20518518518518528,-0.0977777777777778,-0.2896296296296296,0.2548148148148148,-0.36703703703703705,-0.9948148148148148,0.12444444444444444,0.657777777777778,-0.5822222222222222,0.13703703703703704,-0.29333333333333333,0.2185185185185185,-0.8559259259259258,-0.06444444444444443,-0.3096296296296296,0.5218518518518519,10000
MSLEERVMELESRMAFQDDTIQALNDVLVKQRRELDHLQLQMAAMLKRQEEMGSQFETFEEDAPPPHY,0.21538135294117647,-0.42352472897058835,-0.36088689264705887,0.2209103735294118,-0.4028334054411766,0.2847058823529411,-0.16338235294117642,-0.4208823529411765,-0.14382352941176468,-0.004558823529411765,0.05426470588235295,-0.12441176470588233,0.060294117647058845,0.15661764705882356,0.06573529411764704,0.04176470588235295,-0.26749999999999985,-0.15455882352941178,-0.32402941176470584,0.42598529411764696,-0.04516176470588234,0.2515,0.22438235294117645,-0.12898529411764703,-0.4452941176470589,-0.018970588235294118,-0.2976470588235294,0.24014705882352944,-0.08147058823529407,-0.12779411764705878,0.06941176470588235,-0.1448529411764706,0.022941176470588232,-0.018823529411764753,-0.21823529411764703,0.3788235294117647,-0.2958823529411765,0.03010294117647059,-0.06504411764705884,-0.10433823529411765,-0.011220588235294114,0.054720588235294104,0.004264705882353033,0.057058823529411794,-1.5600808823529406,0.11415882352941177,0.04204558823529416,-0.7894117647058825,0.43691176470588233,-1.0366176470588233,-0.031911764705882396,-0.36176470588235293,0.14764705882352944,-0.35500000000000004,0.01911764705882353,0.22966176470588232,-0.059058823529411754,-0.05066176470588236,-0.054617647058823535,-0.7603088235294118,-0.12998529411764703,-0.14477941176470588,-0.07776470588235294,0.010514705882352952,0.09441176470588236,0.15397058823529414,0.1516029411764706,-0.3033117647058823,-0.7703676470588235,-0.31210588235294123,0.10607058823529414,-0.4269588235294117,0.28973529411764715,-0.18715441176470582,-0.6457558823529412,0.0033382352941176262,-0.11550294117647053,-0.29813088235294116,-3.9529411764705884,0.5105882352941177,-0.10852941176470589,0.14911764705882355,0.39632352941176463,-0.17102941176470582,0.045,0.033676470588235294,-0.0810294117647059,-0.27985294117647064,-0.06102941176470589,0.14102941176470588,0.03985294117647059,-0.7145588235294117,0.26750000000000007,0.30544117647058816,-0.2674999999999999,0.24602941176470589,0.014852941176470602,0.3258823529411764,-0.07323529411764704,-0.3555882352941177,-0.5126470588235295,0.2716176470588235,10000
MSTPQIDVAYIAKLARIDLTEEETALFSKDLDKVLAYITKLESYDVTGIAPMNHPLPAMDVMREDIPETGFTQEEALSNAPQQSQGQFRTPKVVESA,0.05444641917525769,-0.14933591577319585,-0.2731098927835052,0.408190075257732,-0.33362750876288655,0.20938144329896902,-0.3179381443298969,-0.21969072164948455,-0.07577319587628865,-0.1288659793814433,0.04865979381443299,-0.0468041237113402,-0.1009278350515464,0.19855670103092785,0.029484536082474217,-0.08391752577319589,-0.36092783505154635,-0.06030927835051547,-0.2578659793814433,0.12423711340206185,-0.15299999999999997,0.41183505154639183,0.2509484536082474,-0.14706185567010308,-0.20690721649484534,-0.24938144329896905,-0.1009278350515464,0.13639175257731956,-0.08185567010309282,-0.29309278350515466,-0.05896907216494846,-0.18494845360824735,0.0031958762886597943,-0.09721649484536082,-0.3405154639175257,0.39701030927835057,-0.4102061855670102,0.027670103092783508,0.013525773195876287,-0.0806082474226804,-0.05709278350515464,0.03204123711340205,-0.44515463917525766,-0.08371134020618556,-1.2143175257731957,-1.2395628865979382,0.6881123711340206,-0.836082474226804,-0.5486597938144331,-0.8310309278350514,0.21051546391752576,-0.38536082474226807,-0.06680412371134022,0.02216494845360827,0.16298969072164948,0.22669072164948453,0.02079381443298969,-0.06445360824742268,-0.03316494845360825,-0.8829072164948455,-0.30553608247422676,-0.25227835051546393,-0.045041237113402056,-0.04186597938144329,-0.2117113402061856,0.05511340206185567,0.10729896907216496,-1.122262886597938,-0.7280938144329896,0.08702680412371133,0.04031855670103093,0.05527938144329898,0.2885422680412371,-1.2158597938144329,-0.18507010309278357,-0.06338969072164949,-1.144821649484536,0.13400721649484534,-4.698969072164948,-0.037422680412371095,0.0763917525773196,0.24948453608247423,0.5904123711340206,-0.0815463917525773,-0.111340206185567,-0.1853608247422681,-0.2720618556701031,-0.21773195876288662,-0.2743298969072165,0.0794845360824742,0.13309278350515463,-0.8370103092783506,0.09123711340206185,0.3919587628865979,-0.4056701030927835,0.09072164948453607,-0.20752577319587634,0.09690721649484532,-0.5435051546391754,-0.24639175257731966,-0.6492783505154638,0.370721649484536,10000
MASDRQNLQDAFLNHVRKTKVPVTIFLINGVKLQGVITWFDNFCVLLRRDGQSQLVYKHAISTIMPAQPISLYEGEDAN,-0.05385470607594938,-0.0605633424050633,-0.25985888987341776,0.3182590696202532,-0.1629139272151899,0.05202531645569622,-0.23202531645569618,-0.22734177215189874,0.027468354430379757,-0.05341772151898734,0.15392405063291137,0.01050632911392405,-0.04075949367088608,0.046202531645569624,0.01620253164556961,-0.12227848101265823,-0.2789873417721519,-0.006835443037974678,-0.1892658227848101,0.06259493670886075,-0.028759493670886073,0.3505189873417722,0.02572151898734175,0.04816455696202532,-0.10455696202531645,-0.1520253164556962,0.14063291139240508,0.059493670886075954,-0.014177215189873428,-0.2875949367088608,-0.011898734177215207,-0.00012658227848098467,0.09569620253164558,-0.12531645569620253,-0.30215189873417725,0.4569620253164557,-0.3860759493670886,-0.00441772151898734,0.018037974683544303,-0.05064556962025317,-0.060063291139240506,-0.011721518987341776,-0.22620253164556955,-0.12468354430379748,-0.10905316455696192,-0.7487113924050635,0.38920886075949374,-0.08658227848101273,-0.4039240506329115,-0.5017721518987341,0.28063291139240504,-0.07278481012658228,0.04354430379746834,0.20556962025316458,0.025443037974683547,0.22703797468354434,0.01177215189873418,-0.04175949367088608,-0.0519367088607595,-0.8268860759493672,-0.24075949367088606,-0.18991139240506333,-0.04670886075949367,-0.0840759493670886,-0.11429113924050635,0.08769620253164558,0.13659493670886078,-0.7455088607594937,-0.6830721518987342,0.27051012658227847,-0.040550632911392374,0.1680455696202532,0.07046582278481013,-0.9032886075949368,-0.024358227848101287,-0.23096962025316456,-0.8416417721518985,0.15777848101265826,-4.355949367088607,0.029493670886076007,0.025189873417721532,0.23974683544303804,0.5499999999999998,0.014556962025316485,-0.08151898734177214,-0.09506329113924054,-0.21113924050632915,-0.01708860759493673,-0.19848101265822787,0.10088607594936708,-0.04746835443037976,-0.7868354430379746,0.11607594936708863,0.37531645569620253,-0.35113924050632905,0.14177215189873416,-0.1679746835443038,-0.12481012658227857,-0.39354430379746824,-0.37911392405063293,-0.3891139240506329,0.31113924050632913,10000
MAERSLSGLTEEEAVAVHAQFQTTFSAFIVLAAVAHVLVWVWKPWF,-0.33737469152173916,-0.4224248867391303,-0.24156044130434798,0.447863502173913,-0.3590709295652174,-0.21826086956521737,-0.20717391304347824,-0.1504347826086957,-0.08369565217391303,-0.06108695652173914,0.14565217391304347,0.053913043478260876,-0.1265217391304348,0.34956521739130436,0.14391304347826087,-0.3143478260869565,-0.2630434782608696,-0.04782608695652174,-0.11832608695652175,0.3861304347826087,-0.010565217391304327,0.4898695652173913,0.06649999999999999,-0.0009130434782608507,-0.5399999999999999,-0.24673913043478268,0.007391304347826125,-0.17478260869565218,-0.15673913043478266,-0.38413043478260867,-0.16739130434782612,-0.12413043478260867,-0.1167391304347826,-0.020217391304347826,-0.29869565217391303,0.5465217391304347,-0.45086956521739124,-0.06269565217391304,0.01819565217391306,-0.12693478260869565,-0.055108695652173904,0.032760869565217385,-0.26326086956521716,-0.39999999999999997,1.6786913043478264,-1.5764717391304353,0.4359260869565218,1.1580434782608693,-0.9360869565217393,-0.8639130434782606,0.4313043478260869,-0.3541304347826087,0.2791304347826088,-0.11999999999999997,0.1467391304347826,0.23406521739130434,0.08313043478260869,0.0006521739130434777,-0.028586956521739135,-0.8174782608695652,-0.3900434782608695,-0.19410869565217392,-0.08621739130434782,-0.18313043478260868,-0.37821739130434795,0.1826956521739131,0.24426086956521748,-0.45417173913043485,-0.1602913043478261,0.2514565217391304,0.11847173913043477,0.40844999999999987,0.0862413043478261,-0.8454369565217391,0.5138760869565216,-0.3264304347826087,-0.8359108695652175,0.1849913043478261,-4.328695652173914,-0.5173913043478261,0.09369565217391305,0.17413043478260873,0.638695652173913,0.2536956521739131,-0.2045652173913044,-0.11217391304347832,-0.4780434782608696,0.009347826086956496,-0.43956521739130416,-0.049782608695652195,-0.11847826086956523,-0.8004347826086956,-0.05630434782608695,0.4389130434782608,-0.3839130434782608,0.002391304347826063,-0.3041304347826087,-0.7289130434782609,-0.6265217391304346,-0.29717391304347834,-0.18695652173913047,0.1895652173913044,10000
MKRNNIKKARMEQSRRPKKNPLKAAGIEKVDYKDINTLRQFISDRHKIRSRRVTGLTPQQQRQVATAVKNAREMALLPFTSR,0.3540282957317073,-0.1345808386585366,0.014058123170731645,0.33346548292682926,0.3224775618292683,0.3826829268292683,-0.24512195121951216,-0.3560975609756097,-0.16499999999999998,0.1764634146341463,0.13060975609756098,0.1134146341463415,-0.07560975609756097,0.07060975609756098,-0.0897560975609756,0.07,-0.19804878048780492,0.20536585365853657,-0.4403658536585366,0.15762195121951222,-0.040073170731707304,0.2816829268292683,0.11664634146341463,0.38317073170731714,-0.13621951219512196,0.006707317073170735,0.16682926829268296,0.4801219512195122,-0.04536585365853657,-0.26658536585365855,0.18414634146341463,-0.16353658536585367,0.04073170731707319,-0.08317073170731706,-0.3507317073170732,0.41780487804878047,-0.16756097560975608,0.059195121951219516,-0.054487804878048766,-0.04860975609756096,-0.10262195121951219,-0.04284146341463415,-0.01024390243902435,0.17439024390243907,-2.592743902439025,0.8163073170731706,0.8482304878048783,-1.3201219512195124,0.7414634146341462,-0.3581707317073171,0.86890243902439,-0.025731707317073187,0.1486585365853658,0.06573170731707319,0.17353658536585365,0.22620731707317077,-0.014658536585365846,-0.04398780487804878,-0.07743902439024392,-0.7660243902439023,-0.12386585365853657,-0.19356097560975613,-0.04209756097560976,-0.0868170731707317,-0.029926829268292696,0.25596341463414635,0.22556097560975613,0.06793292682926835,-1.2169756097560975,-0.3019768292682927,-0.11127317073170734,0.33516951219512187,0.025385365853658536,-0.29532317073170716,-0.5105987804878049,-0.43001219512195116,0.6888121951219514,0.4352682926829268,-4.01390243902439,0.6492682926829269,-0.21463414634146338,0.22926829268292676,0.45902439024390235,-0.3347560975609756,0.09487804878048778,0.04646341463414633,0.00048780487804879176,0.2614634146341463,0.040975609756097556,0.36353658536585365,0.13353658536585364,-0.7260975609756097,0.34280487804878046,0.30609756097560975,-0.31353658536585366,0.2481707317073171,-0.08682926829268293,0.6870731707317074,-0.036463414634146374,-0.872439024390244,-0.05548780487804875,0.38353658536585367,10000
MTLPKILDVIQMDDSSLSEEIIAIKRQLFDLRLKRATRQDFKPHLFKHSKHRLAQLLTVEKSRAQSN,0.16596311641791048,-0.26977373208955224,-0.6465858104477613,0.30476000298507466,-0.2623759291044776,0.18805970149253728,-0.251044776119403,-0.4292537313432836,-0.07328358208955223,0.0891044776119403,0.11343283582089554,-0.028656716417910448,-0.03597014925373135,0.08313432835820894,-0.06492537313432836,0.027761194029850764,-0.20865671641791045,0.06492537313432835,-0.2152537313432836,0.3277910447761194,0.03873134328358214,0.38655223880597017,0.1526119402985075,0.18817910447761194,-0.30432835820895515,0.010149253731343283,0.005820895522388063,0.2725373134328358,-0.052238805970149224,-0.41208955223880595,-0.004925373134328378,-0.2537313432835821,0.14029850746268654,0.03074626865671641,-0.341044776119403,0.43537313432835817,-0.25731343283582087,0.01943283582089553,-0.05438805970149255,-0.08014925373134328,-0.08888059701492536,-0.002432835820895521,0.05238805970149258,0.05194029850746271,-1.1796701492537311,0.46840298507462674,0.5660089552238806,-0.5152238805970151,0.5643283582089552,-0.8277611940298506,0.5716417910447762,-0.18014925373134333,0.058805970149253706,-0.051194029850746295,0.11179104477611941,0.23179104477611942,-0.0268955223880597,-0.035552238805970145,-0.07976119402985075,-0.7554925373134327,-0.16953731343283582,-0.1904328358208955,-0.10598507462686567,-0.04817910447761195,0.16792537313432837,0.1937910447761194,0.11586567164179105,0.41789999999999994,-1.271320895522388,0.07652985074626865,-0.22649104477611937,0.16381044776119402,0.11310000000000005,0.33817910447761196,-0.39892238805970154,-0.4161791044776119,0.7915761194029851,0.0546820895522388,-3.946716417910448,0.5008955223880597,-0.15686567164179108,0.2344776119402985,0.36805970149253725,-0.13925373134328356,0.08149253731343284,0.09343283582089551,-0.212089552238806,0.08417910447761194,-0.028358208955223892,0.19805970149253732,0.08970149253731342,-0.7168656716417909,0.2598507462686568,0.3235820895522388,-0.21164179104477612,0.24582089552238803,-0.02626865671641791,0.20940298507462687,-0.09880597014925373,-0.7056716417910448,-0.21910447761194024,0.4058208955223881,10000
MDHSVLNVLVCPICKANLYYDKENQVLVCKADKLAYPIRENIPVMLVEEAKKMTLEEVKKYG,0.05753660435483867,-0.25573191758064506,0.05026955161290315,0.2611093983870967,-0.0969418901612903,0.03838709677419355,-0.3243548387096774,-0.33274193548387093,-0.01887096774193548,0.012419354838709653,0.005645161290322575,-0.04822580645161289,0.036290322580645164,0.07741935483870968,0.007741935483870966,-0.11870967741935486,-0.27241935483870966,-0.01983870967741937,-0.34424193548387094,0.27779032258064507,-0.013048387096774179,0.3193225806451613,0.07441935483870968,0.01835483870967741,-0.2745161290322581,-0.08048387096774191,0.02499999999999999,0.10177419354838702,0.07322580645161286,-0.3716129032258065,0.06403225806451611,-0.01209677419354838,0.04467741935483872,0.15725806451612906,-0.3683870967741936,0.36258064516129024,-0.27225806451612894,-0.0035322580645161354,-0.024096774193548394,-0.07420967741935484,-0.05216129032258067,0.005467741935483867,-0.13612903225806453,-0.09516129032258062,-0.05262258064516118,-0.21517258064516132,0.4069548387096774,0.025161290322580552,-0.036129032258064575,-0.7225806451612901,0.3279032258064516,-0.3959677419354839,0.15774193548387092,0.21580645161290324,-0.15903225806451618,0.2350483870967742,0.013387096774193556,-0.042290322580645155,-0.07679032258064518,-0.8145806451612901,-0.24761290322580645,-0.1016774193548387,-0.008564516129032253,-0.11895161290322581,0.07469354838709677,0.0654193548387097,0.0216935483870968,-1.0059209677419354,-0.5578790322580646,0.15886290322580637,-0.3433548387096775,-0.061701612903225796,0.2996080645161291,-1.2427193548387094,-0.004319354838709675,-0.1213032258064516,-1.2566612903225811,-0.22068870967741935,-4.3103225806451615,0.18209677419354844,-0.1498387096774193,0.3691935483870968,0.39193548387096766,-0.019999999999999973,-0.0646774193548387,0.012580645161290312,-0.2225806451612903,-0.028709677419354852,-0.23322580645161292,0.19193548387096768,-0.016612903225806462,-0.774032258064516,0.24967741935483873,0.40403225806451615,-0.16483870967741937,0.038387096774193545,-0.05483870967741935,-0.13725806451612912,-0.39032258064516123,-0.3306451612903227,-0.38258064516129037,0.1785483870967742,10000
MTDLHQTYYRQVKNPNPVFTPREGAGTLKFCEKLMEKAVGFTSRFDFAIHVAHARSKGLRRRMPPVLRRRAIDALLQ,0.10339854428571432,-0.12211629701298701,0.07486690909090905,0.3588577402597402,0.25976433766233764,0.15000000000000002,-0.18285714285714283,-0.2516883116883117,-0.067012987012987,0.06792207792207793,0.05974025974025973,0.16844155844155845,-0.04051948051948052,0.09974025974025973,-0.07168831168831169,-0.11012987012987013,-0.19740259740259747,0.12493506493506495,-0.2578441558441559,0.10854545454545457,-0.03562337662337661,0.2985974025974026,0.17705194805194807,0.23472727272727278,-0.11870129870129874,-0.05649350649350649,0.07935064935064935,0.18000000000000005,-0.08012987012987013,-0.27337662337662344,0.19272727272727277,-0.09714285714285714,0.10857142857142857,0.16909090909090907,-0.28597402597402594,0.43142857142857144,-0.24831168831168837,0.017311688311688313,-0.013324675324675322,-0.04561038961038961,-0.07677922077922078,-0.007922077922077927,-0.07623376623376621,-0.04857142857142857,-0.8848467532467531,0.04432337662337664,0.7598402597402598,-0.4170129870129871,0.045194805194805225,-0.12064935064935055,0.544805194805195,-0.1268831168831169,0.09792207792207795,-0.09519480519480521,0.13402597402597402,0.22357142857142856,0.030129870129870135,-0.009649350649350647,-0.0518961038961039,-0.7724935064935065,-0.14074025974025975,-0.10350649350649348,-0.03458441558441559,-0.1905194805194805,-0.19087012987012994,0.21559740259740262,0.24346753246753247,-0.34092727272727275,-0.5219805194805195,-0.16984805194805194,0.02259090909090906,0.3710883116883117,0.0272753246753247,-0.723490909090909,-0.0119415584415585,-0.3012506493506493,-0.051090909090909124,0.470661038961039,-4.064155844155844,0.20324675324675326,-0.20337662337662332,0.1602597402597402,0.49506493506493504,-0.09727272727272722,0.005324675324675298,-0.016103896103896103,-0.01701298701298701,0.17077922077922078,-0.07064935064935068,0.23740259740259737,0.15636363636363634,-0.7423376623376623,0.21831168831168835,0.3124675324675326,-0.3080519480519481,0.15506493506493507,-0.23142857142857143,0.1585714285714285,-0.18272727272727277,-0.5472727272727272,0.04155844155844162,0.2390909090909091,10000
DINGGGATLPQALYQTSGVL,-0.2168764655,0.2975622315,-0.31511868000000004,0.66944837,-0.056620976,0.14700000000000002,-0.306,0.15300000000000002,0.026499999999999996,-0.19099999999999998,0.304,0.217,-0.0455,0.10450000000000001,0.137,-0.2995,-0.5025000000000001,0.042,-0.06589999999999999,-0.40164999999999995,-0.39524999999999993,0.71685,-0.03740000000000001,-0.3016,0.18399999999999994,-0.6595000000000001,0.04600000000000003,-0.07300000000000002,-0.06100000000000002,-0.41850000000000004,0.22550000000000003,0.15649999999999994,-0.21350000000000002,-0.13750000000000004,-0.37,0.39799999999999996,-0.5655,0.03415,0.15755,-0.0643,-0.07245,0.021200000000000004,-1.233,-0.2245,-0.8998599999999998,-3.6963549999999996,0.896105,-1.137,-2.534,0.09100000000000001,0.07799999999999996,-0.203,0.37900000000000006,0.31450000000000006,0.14500000000000002,0.21515,0.10124999999999999,-0.09035000000000001,-0.0218,-1.11005,-0.3177,-0.30369999999999997,0.07089999999999999,-0.15655000000000002,-0.84245,-0.043149999999999994,0.48785000000000006,-2.8994349999999995,-0.533145,0.19133999999999998,0.4993549999999999,0.4535699999999999,0.014079999999999999,-3.7840200000000004,0.11460499999999998,-0.3522950000000001,-3.4133000000000004,0.8462500000000001,-6.08,-0.47650000000000003,0.2495,0.44749999999999995,1.1664999999999999,0.05150000000000001,-0.4365,-0.6965000000000001,0.020999999999999953,-0.19349999999999998,-0.575,0.2794999999999999,-0.2735,-1.0530000000000002,0.025,0.58,-0.723,0.15400000000000005,-0.5725,-0.020999999999999998,-1.416,-0.19050000000000003,-0.8634999999999999,0.39599999999999996,10000
MKEQKWIHEGLITESLPNGMFRIRLDNEDMILGYVSGKIRRSFIRILPGDRVKIEVSRYDSTRGRIIYRLRNKNSKD,0.1986535953246753,0.008310514805194801,0.2726827155844156,0.2539014064935065,0.35354548909090905,0.20337662337662338,-0.14441558441558436,-0.2951948051948052,-0.0303896103896104,0.015584415584415595,0.23129870129870134,0.046753246753246734,0.045324675324675316,-0.03558441558441557,-0.09584415584415584,0.028831168831168846,-0.1767532467532468,0.10181818181818182,-0.2586103896103897,0.022883116883116894,0.06946753246753251,0.2944935064935065,-0.05466233766233767,0.22900000000000004,0.026363636363636343,0.05493506493506494,0.24714285714285716,0.2962337662337662,-0.2363636363636364,-0.20142857142857148,0.011298701298701317,0.13584415584415582,-0.04077922077922074,0.012467532467532445,-0.31064935064935073,0.34753246753246747,-0.19987012987012986,0.027103896103896106,-0.023805194805194798,-0.018064935064935075,-0.0845844155844156,-0.033818181818181824,0.12233766233766241,0.1042857142857143,-1.2234233766233766,0.6481909090909093,0.5824883116883117,-0.70987012987013,0.44740259740259725,-0.27714285714285714,0.2681818181818182,-0.07584415584415584,0.211948051948052,0.3280519480519481,-0.07,0.22771428571428579,-0.01675324675324675,-0.01279220779220779,-0.06397402597402596,-0.7231038961038961,-0.11372727272727277,-0.1557012987012987,-0.07359740259740262,-0.07262337662337662,0.01320779220779218,0.18305194805194805,0.22157142857142856,0.6064623376623375,-1.2384324675324676,-0.09065064935064933,-0.14901298701298707,0.17652597402597403,0.11975584415584416,0.34322857142857144,-0.5691948051948053,-0.5193233766233766,1.1832935064935064,0.4692064935064935,-3.7667532467532454,0.601168831168831,-0.2037662337662338,0.19454545454545452,0.4446753246753246,-0.17025974025974022,0.1612987012987013,0.0548051948051948,0.08987012987012984,0.05662337662337659,-0.05467532467532469,0.36,0.005324675324675316,-0.6893506493506494,0.3153246753246754,0.2931168831168831,-0.22999999999999995,0.3654545454545454,-0.08948051948051951,0.3614285714285713,-0.0703896103896104,-0.7287012987012987,-0.23766233766233763,0.15610389610389613,10000
MSLTYMNMLLAFMISLMGLLMYRSHMMSSLLCLEGMMLSLFVMMTVTILNTHMTLASMLPIILLVFAACEAALGLSLLVMVSTTYGMDYVQNLNLLQC,-0.4957289270408163,-0.33449039857142854,-0.09965245204081637,0.3739772969387755,-0.10371723030612245,-0.4514285714285714,-0.44795918367346943,-0.31683673469387746,0.04020408163265306,0.03816326530612245,0.251530612244898,0.06826530612244898,-0.10744897959183673,-0.0360204081632653,0.0926530612244898,-0.4110204081632653,-0.25673469387755105,-0.008061224489795928,0.3235,0.34980612244897963,0.009316326530612248,0.4631428571428572,0.03860204081632654,-0.058234693877551036,-0.40897959183673477,-0.265,0.08489795918367346,-0.3667346938775509,0.12989795918367347,-0.27928571428571425,0.08142857142857143,-0.14724489795918366,-0.12418367346938773,0.1795918367346939,-0.48755102040816334,0.6272448979591836,-0.44020408163265307,-0.09518367346938775,0.045346938775510215,-0.10968367346938775,-0.023948979591836735,0.010306122448979585,-0.2663265306122449,-0.6240816326530612,3.1100275510204085,-1.844077551020408,-0.2165438775510204,1.9231632653061221,-1.249387755102041,-0.7513265306122449,0.35826530612244906,-0.13755102040816328,0.039081632653061235,-0.28183673469387754,0.030918367346938754,0.24288775510204086,0.053234693877551024,-0.04098979591836735,0.01220408163265305,-0.8926326530612244,-0.23137755102040813,-0.07635714285714286,0.06118367346938776,-0.1737448979591837,-0.011510204081632641,0.009020408163265301,-0.05859183673469388,-0.6977744897959184,-0.4439275510204081,0.10516734693877546,-0.8750816326530613,-0.09168877551020409,0.013986734693877569,-1.3827020408163266,0.1030632653061224,-0.3643653061224489,-1.1128704081632654,0.06286020408163266,-4.882040816326531,-0.08704081632653063,-0.2765306122448979,0.6733673469387754,0.4390816326530611,0.4572448979591837,-0.3196938775510204,-0.10642857142857148,-0.3803061224489796,0.024183673469387757,-0.4003061224489795,-0.20826530612244898,-0.319795918367347,-0.860204081632653,0.2913265306122449,0.6091836734693877,0.03785714285714286,-0.048775510204081635,-0.014591836734693886,-1.2891836734693878,-0.8679591836734696,-0.17632653061224496,-0.2432653061224489,0.08571428571428572,10000
QGPWMEEEEAAYGWMDF,0.1402915682352941,-0.3350967488235294,0.5636906647058822,-0.1269132470588235,-0.11874093411764705,0.20352941176470588,0.3047058823529411,0.06941176470588231,-0.31000000000000005,-0.2011764705882353,0.08117647058823528,-0.13235294117647062,0.1723529411764706,0.2911764705882353,0.15352941176470591,-0.05941176470588234,-0.2535294117647059,-0.3347058823529412,-0.17300000000000004,0.15482352941176475,-0.010882352941176447,0.016176470588235303,0.04182352941176469,-0.7167647058823531,-0.2858823529411765,0.012352941176470606,-0.7847058823529411,-0.09470588235294118,-0.23176470588235293,0.16470588235294115,0.11411764705882355,0.2994117647058823,-0.48882352941176466,-0.17647058823529416,0.06999999999999999,0.2635294117647059,-0.4023529411764706,0.02476470588235294,-0.02452941176470588,-0.05470588235294117,0.07888235294117647,0.18111764705882352,0.018823529411764735,-0.005294117647058776,-0.571405882352941,-0.4455764705882351,0.1151294117647058,-0.6823529411764706,-0.18000000000000002,-0.22588235294117634,-1.0770588235294118,-0.8382352941176472,0.5694117647058823,-0.5058823529411766,0.07588235294117644,0.21529411764705883,-0.02241176470588236,0.03188235294117647,-0.000529411764705882,-0.665705882352941,-0.10258823529411765,-0.009823529411764682,-0.13876470588235293,-0.019764705882352934,-0.4359411764705883,0.1532941176470588,0.451,-0.3755823529411766,0.7221352941176472,-0.45296470588235305,0.6338941176470589,-0.49265294117647057,0.5319941176470588,-0.3379588235294116,-0.10732941176470598,0.27547647058823527,-0.6127882352941176,-0.48235882352941184,-3.438235294117647,-0.25058823529411756,-0.06941176470588237,-0.20411764705882354,0.6105882352941177,0.025882352941176506,0.12999999999999998,-0.10117647058823528,0.37823529411764706,-0.5599999999999999,-0.23529411764705876,0.11705882352941173,-0.2135294117647059,-0.6594117647058824,0.030588235294117663,0.268235294117647,-0.2670588235294118,0.4505882352941177,-0.31764705882352945,-0.0052941176470589196,0.10588235294117657,0.4364705882352941,-0.34352941176470586,-0.17529411764705885,10000
MQDLKTYLSTAPVLAISSFIFLAGLLIEINRFFPDALTFAFF,-0.37888150214285715,-0.25090781880952384,-0.06507081904761909,0.4908484357142856,-0.18851464547619048,-0.3535714285714286,-0.28476190476190477,-0.21952380952380954,0.08761904761904761,-0.1721428571428571,0.17690476190476195,0.04547619047619047,-0.10642857142857144,0.17476190476190478,-0.18166666666666667,-0.39166666666666666,-0.21547619047619046,-0.08380952380952382,0.31173809523809526,0.18892857142857142,0.1302857142857143,0.6049761904761904,0.20121428571428576,-0.10235714285714284,-0.26619047619047626,-0.16976190476190473,-0.03738095238095235,-0.335,-0.1838095238095238,-0.5938095238095238,0.06571428571428573,-0.060714285714285665,0.3392857142857143,-0.14547619047619048,-0.31000000000000005,0.5352380952380953,-0.41904761904761906,-0.07590476190476192,0.04538095238095238,-0.08304761904761904,-0.0884047619047619,0.061500000000000006,-0.14571428571428566,-0.5838095238095237,2.5007857142857146,-1.4355880952380953,0.7268238095238095,1.3992857142857142,-0.9719047619047617,-0.6830952380952381,0.25619047619047614,-0.4219047619047619,-0.12476190476190473,-0.03928571428571429,0.28619047619047616,0.23588095238095239,0.06623809523809523,0.013571428571428573,-0.027738095238095246,-0.8105476190476189,-0.3382380952380953,-0.08514285714285713,-0.04992857142857144,-0.2691904761904762,-0.10564285714285718,-0.05597619047619048,0.10604761904761906,-0.4206642857142856,-0.3102857142857143,0.5967095238095238,-0.2692357142857143,0.540354761904762,0.3358380952380953,-0.6517071428571426,0.6372595238095238,-0.42975,-0.48112380952380934,0.2639833333333334,-4.31,-0.34499999999999986,-0.028809523809523778,0.2764285714285714,0.49142857142857144,0.41690476190476183,-0.0754761904761905,-0.05571428571428573,-0.4397619047619048,-0.021666666666666713,-0.4021428571428571,-0.18761904761904763,-0.040952380952380955,-0.7890476190476191,0.054285714285714284,0.3580952380952381,-0.2819047619047619,-0.05952380952380952,-0.3516666666666667,-1.2383333333333335,-0.47857142857142854,-0.1428571428571429,-0.45547619047619037,0.35000000000000003,10000
MRLKPLGDRVVVKVIQAEEVTKGGVILPGTAKEKPQQGEVVAVGTGEYIDGKKVELEVKVGDRVIFSKYAGTEVKLDGEEYLLLRESDILAIIE,0.044151325106382984,-0.17570347212765958,0.15262347872340423,0.5397923297872342,5.173712765960598e-05,0.1523404255319149,-0.3377659574468085,-0.22542553191489362,-0.12425531914893614,-0.1551063829787234,0.18840425531914898,0.022978723404255313,0.11712765957446807,0.1919148936170213,0.05478723404255319,-0.17117021276595745,-0.34936170212765955,-0.014361702127659576,-0.44386170212765946,0.14359574468085107,-0.13567021276595748,0.6297234042553193,-0.00357446808510639,-0.007106382978723377,-0.25138297872340426,-0.2780851063829788,0.11755319148936164,0.20361702127659576,-0.10276595744680855,-0.4726595744680851,0.10670212765957449,0.17074468085106384,-0.2236170212765957,0.14191489361702128,-0.40404255319148924,0.2884042553191489,-0.29085106382978726,0.017595744680851063,0.020968085106382976,-0.10518085106382975,-0.09593617021276594,0.01085106382978723,-0.47223404255319157,-0.061808510638297884,-0.8931382978723407,-1.2933234042553192,0.9958606382978725,-0.736276595744681,-0.8130851063829789,-0.6920212765957446,0.21925531914893617,-0.5572340425531918,0.554468085106383,0.38276595744680847,-0.025319148936170204,0.22882978723404257,0.05267021276595745,-0.05739361702127659,-0.11270212765957445,-0.9153723404255317,-0.3122765957446809,-0.19762765957446807,0.019531914893617015,-0.1893936170212766,-0.23488297872340427,0.08503191489361703,0.34232978723404245,-1.4312691489361702,-0.8549542553191488,-0.12888297872340418,0.1566691489361702,0.3142393617021277,0.46059680851063817,-2.157654255319149,-0.09604255319148938,-0.441231914893617,-1.6013234042553193,0.1922053191489361,-4.879148936170212,0.21148936170212765,-0.06265957446808512,0.4179787234042553,0.6952127659574471,-0.08223404255319151,-0.14563829787234048,-0.23414893617021273,-0.11819148936170217,-0.14744680851063832,-0.47627659574468073,0.44723404255319155,-0.08085106382978725,-0.865,0.2670212765957447,0.44361702127659564,-0.4143617021276596,0.11904255319148932,-0.2992553191489362,0.09893617021276586,-0.9560638297872339,-0.7309574468085106,-0.7217021276595746,0.17340425531914894,10000
MTKEDCIEMQGVVIDTLPNTMFRVQLDNKHIVTAHISGKMRKNYIRILTGDKVTLELTPYDLSKGRIIFRSR,0.056266670416666664,-0.08527942944444447,0.2603547833333333,0.2772649319444444,0.23963318374999998,0.08472222222222224,-0.28305555555555556,-0.30194444444444446,0.007777777777777797,-0.013888888888888888,0.1761111111111111,-0.011388888888888893,-0.0798611111111111,-0.02305555555555555,-0.030972222222222227,-0.04611111111111112,-0.245,0.07180555555555555,-0.19820833333333335,0.09368055555555557,-0.0025416666666666582,0.2880972222222222,-0.010236111111111116,0.19595833333333335,-0.09416666666666668,-0.07041666666666667,0.2891666666666667,0.20444444444444446,-0.014166666666666636,-0.1838888888888889,0.019305555555555538,0.013472222222222226,0.00027777777777779035,0.05722222222222224,-0.36694444444444446,0.4219444444444444,-0.30444444444444446,0.0034166666666666633,-0.00597222222222222,-0.041055555555555553,-0.06908333333333333,-0.044000000000000004,-0.07069444444444443,-0.017083333333333322,-0.5151375000000001,-0.11016805555555548,0.4175694444444445,-0.2530555555555555,-0.017638888888888943,-0.5041666666666668,0.35430555555555554,-0.016388888888888897,0.031527777777777787,0.2576388888888889,0.046805555555555545,0.22831944444444444,0.005152777777777776,-0.041555555555555554,-0.050722222222222224,-0.7929305555555555,-0.21840277777777775,-0.18347222222222223,-0.03773611111111111,-0.05904166666666666,0.035680555555555556,0.12384722222222219,0.04577777777777777,-0.47416944444444453,-0.8301236111111112,0.08977361111111115,-0.3257583333333333,0.18788055555555555,0.18200833333333336,-0.7544458333333331,-0.2735222222222223,-0.262925,-0.4112069444444444,0.12677777777777777,-4.200277777777777,0.34069444444444447,-0.12791666666666662,0.3219444444444444,0.4319444444444444,-0.06777777777777777,-0.016666666666666687,-0.0113888888888889,-0.16597222222222224,0.03624999999999999,-0.11361111111111113,0.18124999999999997,0.024722222222222222,-0.7572222222222222,0.25486111111111115,0.37472222222222223,-0.21888888888888886,0.1711111111111111,-0.06611111111111113,0.07486111111111111,-0.4109722222222223,-0.6422222222222222,-0.29819444444444443,0.1309722222222222,10000
MAGRKGGRAKRRKVCFFTSNGITRIDYKDVDLLKRFVSERGKILPRRVTGTSAKYQRKLTVAIKRARQMALLPYVGE,0.16760902545454542,-0.06674431220779221,0.30284664415584417,0.4555768155844156,0.5584433985714286,0.16857142857142857,-0.24103896103896102,-0.21597402597402596,-0.1315584415584415,0.13792207792207795,0.20818181818181825,0.19376623376623375,0.006883116883116894,0.12714285714285717,-0.12441558441558441,-0.09116883116883116,-0.19207792207792207,0.24103896103896102,-0.3434155844155844,0.06074025974025973,-0.04238961038961038,0.4268831168831169,-0.05106493506493508,0.41803896103896115,-0.07064935064935066,-0.08363636363636365,0.28727272727272735,0.3263636363636364,-0.15974025974025974,-0.3754545454545455,0.2832467532467533,0.0335064935064935,-0.09584415584415583,0.2122077922077922,-0.38103896103896107,0.3679220779220779,-0.1596103896103896,0.03015584415584415,-0.010714285714285711,-0.05018181818181819,-0.11601298701298701,-0.05237662337662338,-0.13363636363636364,0.02883116883116881,-1.4674922077922072,0.1766350649350649,0.9000428571428574,-0.7453246753246754,0.05376623376623353,-0.04688311688311691,0.7006493506493506,-0.036883116883116907,0.4127272727272727,0.1881818181818182,0.2812987012987013,0.22353246753246758,0.037402597402597416,-0.022246753246753247,-0.0768961038961039,-0.8022857142857144,-0.13146753246753248,-0.120012987012987,0.025961038961038962,-0.23262337662337662,-0.2621428571428572,0.22075324675324676,0.39015584415584414,-0.09049090909090887,-0.8954415584415586,-0.4711285714285715,-0.03457922077922081,0.609916883116883,0.11687272727272727,-0.9979064935064931,-0.2663012987012987,-0.6842519480519481,0.505896103896104,0.8152272727272727,-4.27012987012987,0.5083116883116884,-0.2766233766233766,0.30675324675324683,0.6155844155844156,-0.18532467532467528,0.027922077922077893,-0.054545454545454536,0.08038961038961037,0.29090909090909084,-0.08779220779220778,0.3985714285714285,0.0031168831168831078,-0.7705194805194803,0.37987012987012986,0.3566233766233766,-0.34857142857142853,0.21402597402597404,-0.2593506493506494,0.37701298701298697,-0.409090909090909,-0.8946753246753247,-0.0471428571428571,0.12545454545454546,10000
ACPQKRGVCTRVYTTTPKKPNSALRKVCKVRLTNGFEVISYIGGEGHNLQEHSVVLIRGGRVKDLPGVRYHTVRGTLDTAGVKDRKQARSKYGAKRPK,0.1529211024489796,0.14529920826530615,0.10493464897959176,0.4279869775510204,0.3927112690816327,0.27591836734693875,-0.23091836734693877,-0.10418367346938777,-0.05591836734693877,0.08520408163265306,0.12214285714285715,0.20255102040816328,-0.04714285714285713,0.09428571428571429,-0.03132653061224491,-0.06265306122448978,-0.2892857142857143,0.23928571428571427,-0.4695,-0.1346530612244898,-0.2013673469387755,0.35706122448979594,-0.009438775510204098,0.3178061224489796,0.10030612244897961,-0.20989795918367346,0.30336734693877554,0.32153061224489793,-0.01938775510204081,-0.3063265306122449,0.20306122448979594,0.01418367346938776,-0.12520408163265306,0.26030612244897955,-0.3642857142857143,0.36602040816326525,-0.265,0.05189795918367347,0.02875510204081634,-0.02676530612244898,-0.0963673469387755,-0.06249999999999999,-0.4410204081632653,0.12255102040816328,-1.9617204081632653,-0.5477204081632653,0.8793408163265307,-1.228061224489796,-0.4333673469387755,0.1961224489795918,0.6328571428571428,-0.007857142857142861,0.3066326530612245,0.3104081632653061,0.09397959183673468,0.2188673469387755,0.05637755102040819,-0.03962244897959184,-0.049775510204081636,-0.8741224489795919,-0.18251020408163268,-0.17975510204081632,0.020061224489795915,-0.17522448979591834,-0.41758163265306125,0.21518367346938777,0.3439285714285715,-0.7894091836734694,-0.6866326530612246,-0.37768367346938764,0.17194387755102042,0.56519693877551,-0.007495918367346954,-1.553919387755102,-0.16163367346938778,-0.4421816326530612,-0.4953612244897958,0.7337775510204082,-4.663877551020408,0.1819387755102041,-0.12418367346938773,0.2338775510204082,0.7143877551020408,-0.24581632653061228,-0.12653061224489795,-0.2087755102040816,0.08642857142857144,0.20602040816326525,-0.12438775510204081,0.41704081632653056,0.07704081632653059,-0.8330612244897959,0.21948979591836737,0.38581632653061226,-0.43469387755102035,0.22612244897959183,-0.32520408163265313,0.6153061224489795,-0.6010204081632653,-0.6737755102040817,-0.12653061224489795,0.1333673469387755,10000
MEQEQDTPWTQSTEHINTQKGGSGQQTRKLERPNSTQLMDHYLRTMNQVDMHKQTASWKQWLSLKDPTQESLKIHVLKRWKLFNKQEWTN,0.3297182215555556,-0.06955733911111112,-0.343330428888889,0.03012649999999999,-0.14073271877777774,0.37933333333333324,0.005111111111111108,-0.2758888888888889,-0.19422222222222219,0.10955555555555553,0.13466666666666666,-0.09444444444444443,-0.19066666666666668,0.01777777777777779,0.06777777777777778,0.22455555555555556,-0.2361111111111111,0.030222222222222213,-0.36627777777777776,0.10034444444444447,-0.011533333333333326,0.09529999999999995,0.053777777777777765,0.06762222222222225,-0.08744444444444445,0.08055555555555555,-0.05111111111111113,0.3703333333333334,0.1527777777777778,-0.11366666666666671,0.10022222222222221,-0.23644444444444443,-0.19655555555555554,-0.1662222222222223,-0.1698888888888889,0.4917777777777779,-0.3482222222222222,0.05914444444444444,-0.050766666666666654,-0.02154444444444445,-0.04128888888888889,-0.005322222222222232,0.09488888888888894,0.3121111111111112,-2.3997455555555556,0.7482611111111112,0.3363955555555555,-1.3777777777777778,0.8064444444444444,-0.3045555555555556,0.28255555555555556,-0.0861111111111111,0.11011111111111113,0.0032222222222221954,0.12877777777777777,0.22074444444444447,-0.060911111111111096,-0.041822222222222226,-0.020555555555555556,-0.700211111111111,-0.12002222222222224,-0.21068888888888893,-0.16146666666666668,0.12363333333333336,0.03425555555555554,0.2091222222222222,0.11214444444444445,0.3280311111111112,-0.7916077777777779,-0.07266888888888895,0.10942444444444445,-0.08075666666666666,0.060095555555555534,0.5588066666666669,-0.5567288888888888,-0.03248999999999999,0.44368,-0.3666033333333333,-3.5922222222222224,0.35800000000000004,-0.0233333333333333,-0.014000000000000014,0.4065555555555556,-0.2764444444444444,0.1108888888888889,0.058777777777777776,0.04488888888888889,0.019777777777777745,0.07655555555555556,0.15066666666666664,-0.01888888888888891,-0.6671111111111112,0.14355555555555555,0.2541111111111111,-0.2806666666666666,0.37677777777777777,-0.01722222222222223,0.572111111111111,0.0815555555555555,-0.5510000000000002,-0.22199999999999998,0.21511111111111111,10000
ADSRKPDDRYDMSGNDALGDVKLATYEDNPWETFK,0.3635012971428571,0.09675397571428569,-0.45428838000000005,0.21405226571428573,-0.3470108737142857,0.504,-0.048,0.0008571428571428516,-0.008,-0.1605714285714286,0.10857142857142857,-0.164,-0.024571428571428557,0.09428571428571429,-0.13885714285714285,0.15685714285714286,-0.3688571428571429,-0.07028571428571426,-0.49642857142857155,-0.1638285714285714,-0.1714571428571428,0.24388571428571426,0.04814285714285713,-0.33825714285714287,0.17114285714285712,-0.11257142857142857,-0.3925714285714286,0.2997142857142857,-0.24200000000000008,-0.29257142857142865,-0.15514285714285714,0.06228571428571429,0.0014285714285714362,0.18571428571428572,-0.1814285714285714,0.11999999999999998,-0.4288571428571428,0.10085714285714285,-0.0013142857142857138,-0.01977142857142858,-0.02317142857142857,0.05357142857142857,-0.37057142857142855,0.2437142857142857,-3.3411199999999996,-0.29773714285714287,0.320382857142857,-2.206285714285714,0.07199999999999993,-0.4485714285714287,-0.524,-0.22400000000000006,-0.09799999999999999,0.055428571428571424,0.32457142857142857,0.21311428571428573,-0.035685714285714265,-0.052714285714285714,-0.013514285714285715,-0.8083142857142858,-0.13508571428571428,-0.2501142857142857,-0.09860000000000002,0.11082857142857143,-0.3263428571428572,0.055085714285714286,0.24968571428571432,-0.8162314285714287,-0.5696657142857142,0.17238000000000006,0.29218857142857146,-0.10855999999999996,0.2610228571428571,-0.5740342857142857,-0.6049600000000002,0.09350857142857143,-0.4685142857142857,0.4142199999999999,-4.259428571428571,0.11800000000000002,0.17857142857142852,-0.02,0.7179999999999999,-0.3325714285714285,0.15942857142857142,-0.18028571428571424,0.12771428571428567,-0.4282857142857142,0.1382857142857143,0.2182857142857143,0.12485714285714286,-0.7691428571428572,0.06771428571428569,0.2582857142857143,-0.5645714285714285,0.32942857142857135,-0.26371428571428573,0.9774285714285714,0.06285714285714286,0.16057142857142856,-0.5657142857142857,0.3362857142857143,10000
MRLFLSLPVLVVVLAMVLEGPAPTQAAPEISSTLGRIPDKLKEFGNTLEDKARAAIESIKQSDIPAKTRNWFSETFHKVKEQLKTAFS,-0.00016984454545455505,-0.18253819636363638,-0.27213560568181827,0.47870358863636364,-0.19336092772727273,0.1246590909090909,-0.33965909090909097,-0.2218181818181818,-0.12113636363636364,-0.05704545454545456,0.10352272727272727,0.052272727272727276,-0.10125,0.17863636363636368,-0.04863636363636363,-0.16102272727272726,-0.29738636363636367,0.04181818181818182,-0.21192045454545455,0.1748295454545455,-0.10273863636363632,0.5207272727272727,0.2608522727272727,-0.006784090909090889,-0.24886363636363634,-0.21522727272727274,-0.05897727272727273,0.09977272727272726,-0.0825,-0.475,0.0418181818181818,-0.21693181818181823,0.0011363636363636526,-0.023750000000000028,-0.3936363636363636,0.4328409090909091,-0.34397727272727274,0.012852272727272724,0.01118181818181818,-0.08930681818181818,-0.09395454545454546,0.0330340909090909,-0.36818181818181817,-0.1545454545454545,-0.6179079545454546,-1.0419738636363634,1.038828409090909,-0.46443181818181806,-0.522159090909091,-0.6562499999999999,0.5473863636363636,-0.4825,0.07238636363636365,0.0021590909090909234,0.14829545454545454,0.23159090909090913,0.0518068181818182,-0.037886363636363635,-0.05161363636363636,-0.8698977272727272,-0.31227272727272726,-0.2193409090909091,-0.043875000000000004,-0.15227272727272725,-0.18284090909090914,0.1275568181818182,0.17019318181818183,-0.5983238636363637,-0.8444522727272727,0.07412840909090908,-0.11854545454545455,0.4099818181818182,0.21435795454545456,-0.9526954545454545,0.06420909090909092,-0.36237386363636365,-0.5120443181818181,0.27304999999999996,-4.623181818181818,-0.03431818181818181,-0.06329545454545454,0.2980681818181818,0.5647727272727273,-0.014431818181818136,-0.11170454545454547,-0.13750000000000004,-0.2597727272727273,-0.008522727272727309,-0.3227272727272727,0.16568181818181815,0.1123863636363636,-0.8292045454545455,0.13522727272727272,0.4039772727272727,-0.32590909090909087,0.08681818181818182,-0.2748863636363636,-0.10727272727272731,-0.5440909090909091,-0.43056818181818185,-0.40556818181818177,0.4019318181818182,10000
MDIRTLALFSILLGSLCLSEGKPVSLVYRCPCRYFESNVPKSNIKHLKILSTSNCSLQIVARLKHNGKQICLDPKTKWIQEYLEKALNKKVKT,0.007209872150537608,-0.03265287666666667,-0.33094956021505373,0.2946872107526881,-0.06619338322580649,0.036774193548387075,-0.3047311827956989,-0.2353763440860215,-0.01612903225806451,0.1281720430107527,0.09129032258064516,0.030215053763440854,-0.07365591397849464,0.026451612903225803,-0.08064516129032256,-0.08591397849462366,-0.23860215053763434,0.12634408602150535,-0.13954838709677422,0.1107311827956989,-0.032451612903225784,0.36260215053763445,0.07367741935483872,0.16689247311827957,-0.08870967741935484,-0.09161290322580645,0.13344086021505377,0.09913978494623654,-0.005268817204301072,-0.42602150537634403,0.12419354838709679,-0.1895698924731182,0.04903225806451612,0.07161290322580645,-0.39999999999999997,0.4536559139784946,-0.278494623655914,0.004688172043010747,0.0027419354838709668,-0.044440860215053765,-0.08501075268817206,-0.022419354838709677,-0.18236559139784939,-0.037634408602150546,-0.21516666666666664,-0.245605376344086,0.568021505376344,-0.1290322580645161,-0.1275268817204301,-0.32161290322580643,0.6045161290322582,-0.1933333333333334,0.10322580645161292,0.2402150537634409,-0.039892473118279564,0.233483870967742,0.024913978494623658,-0.03078494623655914,-0.04119354838709678,-0.8200322580645162,-0.23444086021505373,-0.1541075268817204,-0.035946236559139776,-0.12207526881720432,-0.002849462365591429,0.1318924731182796,0.07023655913978495,0.012380645161290267,-0.9509397849462365,0.08839462365591391,-0.3917569892473117,0.28686129032258056,0.058060215053763485,-0.34462688172043004,-0.08987096774193547,-0.4512043010752687,0.1746462365591399,0.18049999999999997,-4.348817204301074,0.16376344086021508,-0.16225806451612904,0.3195698924731183,0.45720430107526877,-0.02451612903225803,-0.0729032258064516,-0.018924731182795713,-0.161505376344086,0.16215053763440862,-0.1664516129032258,0.15204301075268814,-0.007526881720430135,-0.7815053763440861,0.20849462365591404,0.4029032258064516,-0.16903225806451613,0.18741935483870967,-0.12268817204301073,-0.07559139784946245,-0.39,-0.4329032258064517,-0.2620430107526882,0.22526881720430106,10000
MPKQKTHRASAKRFKRTANGGLKRHHAYTGHRFHGKTKKQRRHLRKAAMVSASDLKRIKQMLSQMR,0.3889994151515151,-0.20532407333333336,-0.057998015151515245,0.1973849939393939,0.6137815498484848,0.40742424242424236,-0.051060606060606056,-0.3331818181818181,-0.10863636363636364,0.34590909090909094,0.15166666666666667,0.29348484848484846,-0.047575757575757584,0.13075757575757574,-0.06530303030303032,0.08393939393939395,-0.15666666666666668,0.38606060606060605,-0.3866818181818182,0.20195454545454547,-0.07365151515151512,0.19592424242424242,-0.029681818181818195,0.4926969696969697,-0.19954545454545455,0.027575757575757604,0.09030303030303033,0.5168181818181818,0.1968181818181819,-0.2531818181818182,0.21348484848484844,-0.06848484848484848,-0.0715151515151515,0.25287878787878787,-0.28484848484848485,0.431969696969697,-0.15136363636363637,0.06657575757575758,-0.06866666666666667,-0.05613636363636363,-0.0835,-0.04793939393939394,-0.0009090909090908897,0.26893939393939387,-2.807310606060606,1.1420969696969696,0.6740651515151516,-1.3772727272727274,0.8215151515151515,0.13772727272727273,1.1124242424242423,0.1340909090909091,0.4206060606060606,-0.3274242424242424,0.2106060606060606,0.22143939393939396,-0.0018030303030302992,0.003469696969696972,-0.06410606060606061,-0.7356969696969696,0.01803030303030303,-0.08677272727272727,-0.06739393939393938,-0.1315,-0.16689393939393943,0.4050303030303031,0.42448484848484846,0.6709924242424243,-0.7299363636363636,-0.7210666666666667,0.019231818181818155,0.6108378787878788,-0.16114242424242425,-0.12872575757575744,-0.4167090909090909,-0.5942272727272726,1.4584318181818183,0.48936818181818176,-3.9299999999999997,0.6313636363636362,-0.4284848484848485,0.13181818181818178,0.5112121212121211,-0.37181818181818177,0.03378787878787877,0.025606060606060573,0.2168181818181818,0.5086363636363636,0.22606060606060605,0.5148484848484848,0.03499999999999999,-0.7169696969696969,0.36757575757575756,0.33454545454545453,-0.19439393939393942,0.46181818181818185,-0.16227272727272726,0.9703030303030302,0.025757575757575785,-0.9212121212121211,0.6071212121212122,0.22545454545454546,10000
RICPRILMECKADSDCLAQCICQENGFCG,-0.17045418137931037,-0.04333815206896557,-0.28973341034482764,0.05683846551724137,-0.10250115827586204,0.007931034482758616,-0.42551724137931035,0.15,0.10827586206896553,0.3182758620689654,-0.06241379310344828,-0.15896551724137933,0.20965517241379308,0.03758620689655174,-0.0303448275862069,-0.17965517241379314,-0.33827586206896554,-0.006206896551724128,0.07865517241379308,0.10300000000000005,-0.3837931034482759,-0.11300000000000003,-0.1060344827586207,-0.008586206896551702,-0.13551724137931034,-0.33172413793103445,-0.014827586206896549,-0.060344827586206906,-0.33413793103448275,0.3603448275862069,0.4051724137931034,-0.03999999999999997,0.3037931034482758,-0.012758620689655166,-0.37689655172413794,0.29517241379310344,-0.2879310344827586,0.001965517241379311,0.03379310344827586,-0.051517241379310345,0.08144827586206894,-0.04213793103448275,-0.6503448275862069,0.02724137931034482,0.011934482758620869,-1.2714172413793103,-1.2666724137931036,0.14103448275862066,-1.0051724137931033,-0.23448275862068957,-0.2355172413793104,0.44931034482758614,0.15620689655172418,-0.0989655172413793,-0.049310344827586214,0.22489655172413792,0.003793103448275856,-0.08206896551724138,0.004724137931034481,-0.9470689655172415,-0.23413793103448277,-0.14217241379310347,0.15786206896551722,-0.10593103448275862,-0.2387931034482759,0.24262068965517242,0.075,-1.6583620689655176,0.0018724137931034489,-0.7108379310344828,-0.4081793103448276,-0.27079655172413797,-0.07208965517241375,-2.395355172413793,-0.46297931034482764,-0.023775862068965533,-1.5688413793103446,0.27074827586206895,-5.148275862068964,0.14103448275862068,-0.12758620689655173,0.41344827586206895,0.71,-0.07206896551724137,-0.3637931034482758,-0.23206896551724138,-0.034827586206896605,-0.16689655172413795,0.08068965517241382,-0.06275862068965521,-0.07896551724137932,-0.896551724137931,0.23379310344827584,0.5782758620689655,-0.20379310344827584,0.34620689655172415,-0.024827586206896558,0.45206896551724135,-0.6468965517241378,0.453103448275862,-0.4265517241379311,-0.22862068965517235,10000
MAQHSKYSDAQLSAIVNDMIAVLEKHKAPVDLLLIALGNMASNLLTTSVPQTQREALAQAFSNSLINAVKTR,-0.09003664527777779,-0.2379759352777778,-0.6500056513888889,0.5082196555555556,-0.3607260847222222,0.10458333333333335,-0.40638888888888897,-0.25430555555555556,0.01569444444444445,0.029861111111111116,0.18916666666666665,0.060000000000000005,-0.13555555555555557,0.15819444444444444,0.08027777777777777,-0.15458333333333332,-0.3636111111111111,0.06013888888888888,-0.15622222222222223,0.23956944444444442,-0.17020833333333332,0.542125,0.09738888888888887,-0.022680555555555537,-0.3398611111111111,-0.34875,-0.000694444444444442,0.08319444444444442,-0.0302777777777778,-0.4251388888888889,-0.11763888888888892,-0.1938888888888889,0.04888888888888892,-0.1502777777777778,-0.435,0.47847222222222224,-0.43347222222222226,0.005680555555555553,0.022361111111111113,-0.11975,-0.06919444444444445,0.0033749999999999982,-0.5816666666666667,-0.20652777777777775,-0.5885291666666665,-1.6476416666666664,0.37566944444444444,-0.2702777777777778,-0.821388888888889,-0.9750000000000001,0.6669444444444443,-0.13250000000000003,0.06750000000000002,-0.030555555555555544,0.07666666666666666,0.23531944444444453,0.03451388888888889,-0.07330555555555557,-0.03587500000000001,-0.9420416666666667,-0.3132361111111111,-0.30233333333333334,-0.026666666666666658,-0.04833333333333333,-0.23040277777777782,0.09777777777777776,0.15415277777777778,-1.0972097222222221,-1.0537944444444445,0.29806111111111094,-0.17289027777777777,0.1797041666666667,-0.050572222222222206,-1.457486111111111,-0.17309861111111113,-0.3429875,-1.1904,0.37175972222222214,-5.095138888888889,-0.03374999999999993,0.09166666666666669,0.4295833333333334,0.6933333333333334,-0.00777777777777776,-0.24125000000000002,-0.2327777777777778,-0.3884722222222222,-0.011388888888888886,-0.2806944444444445,0.10527777777777775,-0.10625000000000001,-0.8958333333333334,0.11750000000000001,0.5161111111111111,-0.4099999999999999,0.09027777777777778,-0.14819444444444443,-0.030833333333333365,-0.6705555555555556,-0.35000000000000003,-0.4598611111111111,0.5486111111111112,10000
LEEQSFSFTKFSTDQQNLILQAHY,0.09194980541666668,-0.1821994004166666,-0.6983463291666667,0.14984065833333335,-0.6024130691666666,0.14708333333333337,0.030416666666666647,-0.37125,0.08416666666666667,0.014166666666666647,0.16375,-0.17041666666666666,-0.17249999999999996,0.23666666666666666,-0.03791666666666666,0.1366666666666667,-0.26458333333333334,-0.13291666666666666,-0.0970833333333333,0.219625,0.06516666666666669,0.2776666666666667,0.03070833333333334,-0.05954166666666665,-0.23,0.014166666666666652,-0.10125000000000002,0.1529166666666667,0.03750000000000001,-0.32541666666666663,-0.02124999999999999,-0.13583333333333333,0.20666666666666664,-0.3720833333333333,-0.0795833333333333,0.5458333333333333,-0.4329166666666666,0.013374999999999998,-0.02875,-0.06008333333333333,-0.036416666666666674,0.012499999999999995,0.042916666666666735,0.07833333333333337,-1.0524541666666665,0.024899999999999867,-0.2534708333333333,-0.535,0.3829166666666666,-0.8141666666666666,0.08208333333333333,-0.05458333333333335,-0.02166666666666665,-0.005833333333333339,0.17666666666666667,0.229375,-0.07783333333333334,-0.020125,0.015458333333333324,-0.7143750000000001,-0.1857916666666667,-0.15345833333333334,-0.1729166666666667,0.09125000000000001,0.06737499999999996,-0.005125000000000014,0.13120833333333334,0.7767041666666668,-0.6948249999999999,0.041395833333333264,0.39896666666666664,-0.08665416666666664,0.27946666666666664,1.2338916666666668,-0.49544583333333336,-0.15593333333333334,1.2140791666666664,-0.372075,-3.6725,0.2254166666666667,0.18583333333333338,-0.13833333333333334,0.45083333333333336,-0.08166666666666662,0.04958333333333335,0.0408333333333333,-0.21625000000000005,-0.16083333333333336,0.02916666666666662,-0.1529166666666667,-0.1475,-0.68,0.02833333333333332,0.1829166666666667,-0.43166666666666664,0.3354166666666667,-0.08416666666666665,0.08291666666666675,0.02708333333333333,-0.24999999999999997,-0.7595833333333334,0.28583333333333333,10000
MAQEQTKRGGGGDDDDVTDLGGPAGQERREKLAEDTDDLLDEIDDVLEENAEDFVRAYVQKGGQ,0.33272486156250003,-0.10041951781250001,-0.39401685000000003,0.4046174375,-0.35404061046875,0.58765625,-0.15328125,-0.03375000000000002,-0.0634375,-0.18953125,0.22796874999999997,-0.18125000000000002,0.2065625,0.16874999999999998,0.041874999999999996,0.09546874999999999,-0.46968750000000004,-0.16625,-0.586078125,-0.0022968750000000072,-0.34628125,0.44453125,-0.09281250000000002,-0.38395312499999995,-0.10828125000000002,-0.33171874999999995,-0.35140625000000003,0.40203125,-0.31656249999999997,-0.20062499999999997,0.08640625000000002,0.29437499999999994,-0.10343749999999999,0.11624999999999999,-0.214375,0.050937500000000004,-0.39859374999999997,0.10473437499999999,0.01050000000000001,-0.10114062500000001,-0.008249999999999999,0.054468749999999996,-0.7112499999999999,0.294375,-3.8343296875,-1.3327984375,0.06754531250000001,-2.53046875,-0.6348437500000003,-0.80984375,-0.7089062500000001,-0.2568750000000001,0.48828125,0.05671875,0.176875,0.21345312500000002,-0.03749999999999999,-0.102921875,-0.0819375,-0.942203125,-0.183125,-0.30314062500000005,-0.008468750000000004,0.06585937500000001,-0.39571875,0.089,0.4961249999999999,-2.2319312499999997,-0.7260656249999999,-0.24160312499999995,0.7008265625,-0.223059375,0.41265468749999995,-2.4865140625,-0.8812859375000001,-0.0010546874999999775,-2.2107546875,0.256809375,-5.02671875,0.4357812500000001,0.2203125,0.19265625,0.95453125,-0.40656249999999994,-0.04796875000000001,-0.3925,0.18203124999999998,-0.62484375,-0.07453124999999994,0.48312499999999997,-0.10531249999999999,-0.8799999999999999,0.21531250000000002,0.376875,-0.73953125,0.38812500000000005,-0.27640625,1.25578125,-0.60953125,-0.21859375000000003,-1.0365625,0.27109375,10000
MAIVPKRKTSKQRKRLRRSHHALDIQNLVKCSNCSQKIQQHRTCMFCGFYKNKKVEGFQARNDR,0.29759088578125,-0.08102043828125002,-0.19752454531250008,0.07522850937499999,0.27317111437499997,0.31218749999999995,-0.12703125,-0.28874999999999995,-0.021406249999999988,0.33796875000000004,0.09421874999999999,0.0646875,-0.0010937499999999906,0.044843750000000016,-0.09796875,0.1109375,-0.1771875,0.22937499999999997,-0.3846875,0.1516875,-0.063453125,0.023234374999999995,-0.09206250000000002,0.45785937499999996,-0.095625,0.05687499999999998,0.20640625,0.42921875,0.10250000000000002,-0.0840625,0.2278125,-0.06171874999999999,0.130625,0.004999999999999963,-0.27109375,0.429375,-0.17109375000000002,0.04865625,-0.059296875000000006,-0.025578125,-0.04510937500000001,-0.079640625,0.04359375000000002,0.28140625,-2.1573640624999997,1.1822421875,-0.04976250000000004,-0.965625,0.860625,-0.055624999999999994,0.72875,0.34140625,0.21359374999999997,0.004218750000000011,0.0790625,0.224296875,-0.042640625,-0.027390624999999995,-0.047640625000000006,-0.7344999999999999,-0.046109375,-0.1003125,-0.026187499999999996,-0.06401562499999999,0.016687499999999952,0.31006249999999996,0.21415624999999996,0.5275015624999999,-0.740703125,-0.6294640625000001,-0.11345312499999996,0.2388859375,-0.10692656250000002,0.09189218750000003,-0.57029375,-0.391321875,1.2607984375,0.21986875,-3.8465625,0.66015625,-0.27640624999999996,0.11859375,0.43718749999999995,-0.34046874999999993,0.020468749999999994,0.08687499999999998,0.09312499999999999,0.32906250000000004,0.2746875,0.26953124999999994,0.0050000000000000044,-0.7,0.32796875,0.306875,-0.20671874999999995,0.416875,-0.017812500000000005,0.8492187499999999,0.09593750000000004,-0.59859375,0.15031250000000007,0.12062500000000004,10000
MPELQERIRNFLKESKRVFLVTRKPGWEEYKKAAKITGLGIILIGLIGMLIRIMGILVLGG,-0.09017540524590165,-0.2127930947540984,0.6588807426229507,0.4449865180327869,0.5544922136065574,-0.10213114754098362,-0.3065573770491802,-0.2708196721311475,-0.1560655737704918,-0.04803278688524594,0.27245901639344267,0.17770491803278687,0.13016393442622953,0.003934426229508199,-0.023114754098360665,-0.30852459016393435,-0.18426229508196726,0.08327868852459018,0.018770491803278656,0.16513114754098362,0.07114754098360662,0.5963114754098361,0.0034262295081967224,0.11706557377049179,-0.23934426229508193,-0.11901639344262295,0.1973770491803279,0.007540983606557329,-0.11918032786885248,-0.41950819672131145,0.3457377049180328,0.19262295081967212,-0.16409836065573769,0.0009836065573770574,-0.421967213114754,0.42081967213114746,-0.1881967213114754,-0.03198360655737705,0.016065573770491812,-0.07926229508196721,-0.11247540983606559,0.02372131147540984,-0.0944262295081967,-0.26163934426229507,1.0132442622950821,-0.6573360655737702,1.274267213114754,0.4142622950819674,-0.6300000000000001,-0.24770491803278688,0.4808196721311475,-0.559016393442623,0.6011475409836066,0.24196721311475405,-0.10065573770491802,0.2338196721311476,0.06888524590163934,-0.005475409836065574,-0.12318032786885248,-0.824377049180328,-0.23591803278688528,-0.08042622950819672,0.008868852459016393,-0.3164098360655739,-0.045704918032786916,0.14285245901639348,0.310655737704918,-0.6820016393442623,-0.8601754098360657,0.033127868852459066,-0.34274262295081964,0.5240770491803278,0.32442786885245917,-1.6161344262295079,0.21932786885245897,-0.708883606557377,-0.8596295081967212,0.2140672131147541,-4.403114754098361,0.29770491803278687,-0.37721311475409836,0.5329508196721312,0.5059016393442624,0.15901639344262294,-0.052622950819672144,-0.07540983606557376,-0.0032786885245901813,0.15540983606557374,-0.5236065573770493,0.4411475409836065,-0.17213114754098363,-0.7934426229508197,0.38737704918032784,0.46131147540983614,-0.10852459016393441,0.16016393442622953,-0.2595081967213115,-0.5909836065573773,-0.759672131147541,-0.9113114754098363,-0.24196721311475408,0.13213114754098362,10000
QPNPNEFFGLM,0.04342741181818186,0.19519950363636365,0.33093519999999993,0.05699727272727273,-0.0381100490909091,0.23545454545454544,0.03181818181818183,-0.14727272727272728,-0.015454545454545427,-0.30909090909090914,-0.005454545454545454,0.1390909090909091,0.013636363636363648,-0.20181818181818179,-0.17363636363636364,-0.23272727272727273,-0.2509090909090909,-0.22363636363636363,-0.06236363636363631,-0.30399999999999994,-0.03572727272727271,0.07963636363636363,0.5865454545454546,-0.5369090909090909,0.28,-0.017272727272727263,-0.5172727272727273,-0.22363636363636363,0.3545454545454545,-0.13,0.4709090909090909,0.1309090909090909,0.3854545454545455,-0.5172727272727272,-0.024545454545454547,0.5099999999999999,-0.43363636363636365,0.02545454545454545,0.05245454545454545,0.03663636363636363,0.005363636363636363,0.15036363636363637,-0.13636363636363635,-0.2799999999999999,0.0654818181818181,-0.8128727272727271,0.9944363636363637,-0.7054545454545453,-0.5472727272727274,0.5445454545454546,-0.2572727272727274,-0.7345454545454545,-0.3872727272727273,-0.33,-0.28818181818181815,0.22154545454545457,-0.0003636363636363665,0.012454545454545453,-0.0004545454545454512,-0.7787272727272726,-0.08554545454545454,0.060272727272727276,-0.045454545454545456,-0.19972727272727273,-0.05018181818181819,-0.038181818181818185,0.07509090909090906,-1.2969363636363636,0.4228818181818182,0.10569999999999996,0.15221818181818178,-0.04805454545454543,0.19872727272727275,-0.8082272727272727,0.6006545454545453,0.38018181818181823,-1.4612454545454545,-0.4615363636363636,-3.9618181818181815,-0.3681818181818181,-0.19636363636363638,-0.07545454545454544,0.3309090909090909,0.13909090909090913,-0.05363636363636362,-0.12545454545454546,0.2872727272727272,-0.2518181818181818,-0.2381818181818182,0.03272727272727271,0.19000000000000003,-0.729090909090909,0.019999999999999997,0.1781818181818182,-0.18,0.15272727272727274,-0.41545454545454547,-0.5345454545454545,0.25818181818181823,0.5154545454545455,-0.3454545454545454,0.5336363636363637,10000
MAERPPEDEAPQREPWDEWVVEVLEELKEEALKHFDPRLLTALGNYIYDRHGDTLEGAGELIRILQRALFIHFRSGCAHSRIGQSRGVL,0.10160973325842695,-0.19174110056179774,-0.08649795280898881,0.3578234292134831,-0.07656533775280897,0.2098876404494382,-0.11640449438202247,-0.1961797752808989,-0.0685393258426966,-0.05067415730337078,0.06685393258426965,0.038876404494382025,0.09606741573033709,0.1358426966292135,0.04528089887640449,-0.06921348314606741,-0.2565168539325843,-0.055955056179775295,-0.23988764044943825,0.17147191011235957,-0.06991011235955052,0.38285393258426964,0.16287640449438204,-0.09393258426966287,-0.21528089887640445,-0.10078651685393256,-0.1578651685393259,0.12842696629213485,-0.35932584269662915,-0.23685393258426968,0.07842696629213483,0.015056179775280865,0.027640449438202257,0.12831460674157302,-0.2246067415730337,0.31157303370786515,-0.28460674157303373,0.023999999999999997,-0.010213483146067412,-0.07484269662921347,-0.04751685393258427,0.05256179775280899,-0.16067415730337076,0.025842696629213468,-0.9771741573033706,-0.4347292134831461,0.5996775280898875,-0.6228089887640449,-0.2152808988764046,-0.473932584269663,-0.02516853932584269,-0.4332584269662922,0.32988764044943825,-0.042134831460674184,-0.161123595505618,0.2260112359550562,0.016561797752808992,-0.012539325842696628,-0.06524719101123595,-0.7843932584269662,-0.19891011235955058,-0.1726067415730337,-0.0983820224719101,-0.10548314606741573,-0.20647191011235957,0.20486516853932582,0.3195730337078652,-0.5888910112359551,-0.7141213483146067,0.07147752808988764,0.30658539325842693,0.010362921348314572,0.1406741573033708,-0.6934494382022469,-0.21350786516853934,-0.20445280898876408,-0.5904719101123597,0.25795393258426963,-4.106516853932584,0.15764044943820227,-0.0349438202247191,0.1042696629213483,0.5895505617977528,-0.09764044943820221,0.02662921348314606,-0.08719101123595506,0.027865168539325857,-0.18752808988764047,-0.231123595505618,0.3453932584269663,0.0641573033707865,-0.7489887640449437,0.13719101123595506,0.3250561797752809,-0.3911235955056179,0.2784269662921348,-0.22134831460674156,0.25505617977528083,-0.27786516853932586,-0.3923595505617978,-0.36617977528089884,0.22797752808988758,10000
MSTSAQPARRPFFRRRKTCPFSGANAPKIDYKDVKLLQRYISERGKIVPSRITAVSAKKQRELARAIKRARFLALIPYVIS,0.12402619814814814,-0.05461818666666668,-0.09217415555555558,0.4537668604938272,0.2239699293827161,0.1553086419753086,-0.29987654320987656,-0.24925925925925924,-0.13308641975308638,0.11580246913580246,0.0502469135802469,0.1965432098765432,-0.060000000000000005,0.2012345679012346,-0.14469135802469135,-0.11888888888888888,-0.1828395061728395,0.218641975308642,-0.24607407407407414,0.08649382716049384,-0.01718518518518516,0.39416049382716045,0.20883950617283956,0.37366666666666665,-0.08901234567901235,-0.07629629629629628,0.20345679012345683,0.24382716049382722,-0.21000000000000002,-0.3941975308641975,0.09728395061728395,-0.234320987654321,0.08740740740740742,-0.027283950617283934,-0.3987654320987654,0.4462962962962963,-0.18555555555555556,0.02327160493827161,-0.012888888888888887,-0.042172839506172836,-0.12535802469135804,-0.03182716049382716,-0.12074074074074066,-0.06160493827160493,-1.1598444444444442,0.11705308641975308,1.1980086419753084,-0.5635802469135803,0.14382716049382693,-0.22555555555555554,0.9211111111111109,-0.15185185185185188,0.050864197530864165,0.11037037037037038,0.27259259259259255,0.2264567901234568,0.04434567901234568,-0.015530864197530865,-0.06197530864197533,-0.7907407407407407,-0.19154320987654322,-0.156358024691358,-0.019246913580246917,-0.2312098765432099,-0.23693827160493833,0.2158148148148148,0.25603703703703706,0.39416296296296294,-1.0726333333333333,-0.27106296296296295,-0.128920987654321,0.6055086419753086,0.043366666666666685,-0.1824469135802468,-0.10337654320987655,-0.6254444444444445,1.140951851851852,0.8670024691358025,-4.176172839506173,0.254567901234568,-0.22259259259259262,0.2287654320987654,0.5145679012345679,-0.13567901234567897,0.043209876543209846,-0.0040740740740740616,-0.12074074074074076,0.3125925925925926,-0.13333333333333333,0.22135802469135799,0.22950617283950617,-0.758888888888889,0.24086419753086422,0.3332098765432099,-0.30172839506172844,0.15617283950617283,-0.2548148148148148,0.16123456790123458,-0.21098765432098765,-0.6782716049382717,-0.022222222222222202,0.34790123456790123,10000
MNDSVKTSLKRTLVGKVVSNKMDKTVTVLVEHRVKHPIYGKYVVRSKKYHAHDDANTYNEGDLVEIQETRPISKTKAWVVARLVEAARVI,0.11996870399999998,-0.12469617455555557,-0.02384356000000008,0.3770822033333333,0.03592447800000002,0.1797777777777778,-0.2628888888888889,-0.30522222222222223,-0.009777777777777781,0.0005555555555555462,0.1371111111111111,0.03511111111111111,-0.11866666666666667,0.13466666666666666,0.04088888888888887,-0.010333333333333335,-0.28877777777777774,0.1261111111111111,-0.5411111111111112,0.15223333333333333,-0.05933333333333334,0.3778666666666667,-0.03880000000000002,0.2632777777777778,-0.17233333333333334,-0.12488888888888891,0.2985555555555555,0.31488888888888894,0.04455555555555554,-0.3797777777777779,-0.18144444444444446,-0.01777777777777777,-0.12244444444444444,0.22011111111111106,-0.3783333333333333,0.3915555555555556,-0.3234444444444444,0.021155555555555556,-0.014677777777777777,-0.0652888888888889,-0.0912111111111111,-0.05693333333333334,-0.2044444444444444,0.04611111111111112,-1.2586344444444444,-0.2147222222222222,0.5917355555555557,-0.6036666666666666,0.0182222222222221,-0.6397777777777778,0.6208888888888889,-0.09677777777777777,0.1568888888888889,0.34822222222222227,0.021222222222222194,0.22922222222222222,0.02668888888888889,-0.042388888888888886,-0.058444444444444445,-0.8149111111111111,-0.2597666666666667,-0.2290222222222222,-0.059888888888888894,-0.05258888888888887,-0.14003333333333337,0.1617,0.14236666666666667,-0.4298344444444445,-0.8719422222222223,0.08467111111111109,-0.05109555555555557,0.3055888888888889,0.11462444444444445,-0.7518633333333333,-0.20143333333333338,-0.30883555555555553,-0.3684300000000002,0.2682322222222222,-4.308777777777777,0.184,-0.00977777777777776,0.24266666666666661,0.5351111111111111,-0.17477777777777775,-0.05777777777777778,-0.05155555555555557,-0.2486666666666667,0.09433333333333331,-0.1421111111111111,0.2837777777777778,0.03822222222222222,-0.7790000000000001,0.16733333333333336,0.37399999999999994,-0.36166666666666664,0.11877777777777777,-0.13366666666666668,0.3447777777777776,-0.44899999999999995,-0.7044444444444445,-0.23122222222222222,0.2118888888888889,10000
MTKGTSSFGKRRNKTHTLCRRCGSKAYHLQKSTCGKCGYPAKRKRKYNWSAKAKRRNTTGTGRMRHLKIVYRRFRHGFREGTTPKPKRAAVAASSSS,0.29837617154639173,0.13770557948453604,0.23140604123711336,0.29061440515463915,0.7518234507216495,0.3741237113402063,-0.09340206185567013,-0.050515463917525774,-0.06701030927835051,0.32979381443298966,0.16237113402061856,0.28340206185567013,-0.16329896907216496,0.14371134020618556,-0.14989690721649485,0.06381443298969074,-0.2136082474226804,0.42206185567010307,-0.37374226804123706,-0.12379381443298965,-0.20196907216494842,0.1865979381443299,-0.07445360824742268,0.47515463917525774,0.1306185567010309,-0.1,0.22762886597938145,0.44608247422680414,-0.046288659793814406,-0.20237113402061857,0.27298969072164947,-0.07268041237113403,-0.15979381443298968,0.2883505154639175,-0.3201030927835052,0.39278350515463917,-0.19783505154639172,0.07891752577319588,-0.002999999999999997,-0.009309278350515463,-0.08551546391752578,-0.07956701030927835,-0.2951546391752577,0.2757731958762887,-2.9342051546391756,0.35379278350515486,0.6065494845360826,-1.6144329896907212,0.1622680412371132,0.5530927835051547,0.9125773195876288,0.24835051546391745,0.3167010309278351,0.0006185567010309296,0.302680412371134,0.21794845360824744,0.03934020618556701,-0.004453608247422674,0.011010309278350502,-0.8004432989690722,-0.06637113402061857,-0.14037113402061854,-0.008494845360824736,-0.1378041237113402,-0.48989690721649487,0.3352886597938144,0.4214329896907217,0.5216061855670103,-0.6144958762886598,-0.8360577319587629,0.09384845360824738,0.7397350515463917,-0.1774567010309278,-0.39785051546391736,-0.4578525773195877,-0.6139711340206184,1.499780412371134,1.0332721649484535,-4.312061855670103,0.3569072164948454,-0.2670103092783505,0.08824742268041237,0.7107216494845361,-0.3764948453608247,-0.042783505154639176,-0.13030927835051548,0.27783505154639176,0.4318556701030927,0.18505154639175256,0.3946391752577319,0.06237113402061856,-0.7785567010309278,0.26639175257731956,0.3438144329896907,-0.3635051546391752,0.4310309278350515,-0.3089690721649485,1.048659793814433,-0.21494845360824744,-0.6172164948453609,0.31020618556701035,0.03350515463917527,10000
MQALITISDKQYLVKQGDKLFVPRQQAAIGDKLTIASLAQIDGANTTLQNSNSVQAVVLEHVKDEKVIVFKKKRRKRYQSRNGHRQQMTHIEVLSL,0.12688808385416658,-0.17584999739583337,-0.42097731354166684,0.34673757916666664,-0.13330409885416664,0.2098958333333333,-0.2591666666666667,-0.35354166666666664,-0.05531249999999999,0.06739583333333332,0.18864583333333332,0.016145833333333342,-0.031041666666666665,0.12885416666666666,0.04760416666666666,-0.005208333333333305,-0.2826041666666667,0.08239583333333332,-0.3626145833333334,0.20439583333333333,-0.053302083333333326,0.4028958333333333,-0.044125000000000004,0.2231875,-0.248125,-0.13395833333333332,0.20375,0.3127083333333333,0.07854166666666665,-0.35250000000000004,0.014062499999999964,-0.05677083333333332,-0.009895833333333317,-0.1321875,-0.34604166666666664,0.45208333333333334,-0.30875,0.02332291666666667,-0.020916666666666656,-0.08053125000000001,-0.08477083333333334,-0.04113541666666667,-0.2121875,0.054270833333333345,-1.4227197916666665,-0.24068229166666666,0.4588197916666667,-0.7178125,0.05687500000000001,-0.7055208333333334,0.6305208333333333,-0.020104166666666663,0.2577083333333333,0.20875000000000002,0.1015625,0.22815624999999998,-0.012385416666666656,-0.06137499999999999,-0.08392708333333332,-0.83240625,-0.20936458333333333,-0.22127083333333333,-0.04528125,-0.05201041666666667,-0.04521875000000003,0.14936458333333333,0.21930208333333331,-0.41968541666666664,-1.0909458333333333,-0.051087500000000015,0.019981250000000006,0.22615833333333335,0.10457187500000002,-0.7855770833333334,-0.3643104166666667,-0.4119875,-0.26249687499999985,0.11046145833333333,-4.397916666666666,0.39614583333333336,-0.034791666666666644,0.29187499999999994,0.5565625,-0.17312499999999997,-0.06479166666666668,-0.06677083333333335,-0.19937500000000005,0.10427083333333333,-0.12895833333333334,0.25218749999999995,-0.0909375,-0.7876041666666668,0.23916666666666667,0.3853125,-0.3642708333333333,0.21989583333333337,-0.09291666666666669,0.3139583333333333,-0.4335416666666667,-0.7710416666666667,-0.3790625,0.3511458333333333,10000
MTPEPPAPDTASRDAENLDAAAAQQRLRKLHSKATRLKLDLHDLAEDLPIGWEGLLDVARRTYDAYAEIALLEGLAEKETSR,0.16701844500000002,-0.2840758395121951,-0.4539590804878049,0.5382089560975609,-0.2475469479268292,0.3090243902439025,-0.2836585365853659,-0.1620731707317073,-0.1117073170731707,-0.014390243902439034,0.05817073170731707,0.020243902439024387,-0.021829268292682922,0.21341463414634151,0.014390243902439022,-0.05341463414634146,-0.33646341463414636,-0.006585365853658545,-0.24791463414634146,0.23076829268292676,-0.1821341463414634,0.5506097560975609,0.25608536585365854,-0.18241463414634146,-0.3035365853658537,-0.2446341463414634,-0.3404878048780488,0.19560975609756093,-0.41853658536585375,-0.43536585365853664,0.05109756097560975,-0.21060975609756097,0.06414634146341464,0.16890243902439023,-0.33121951219512197,0.2613414634146341,-0.3301219512195122,0.05195121951219512,-0.009158536585365857,-0.11525609756097561,-0.0691341463414634,0.07153658536585367,-0.4634146341463415,0.0039024390243902595,-2.0008402439024393,-0.9851414634146343,0.8025780487804879,-1.16,-0.4015853658536587,-0.8448780487804878,0.1734146341463415,-0.47768292682926833,0.20353658536585367,-0.180609756097561,0.13792682926829267,0.22646341463414635,0.02960975609756098,-0.05409756097560974,-0.06364634146341464,-0.8766219512195121,-0.25896341463414635,-0.2860000000000001,-0.07791463414634146,-0.056158536585365834,-0.31552439024390244,0.15932926829268293,0.30297560975609755,-1.366670731707317,-0.9688634146341463,0.3196195121951218,0.17279634146341458,0.0636182926829268,0.1356585365853659,-1.5240207317073167,-0.29282195121951216,-0.17639024390243901,-1.4202573170731705,0.49912195121951214,-4.7002439024390235,0.1090243902439025,0.08292682926829267,0.2632926829268292,0.7252439024390243,-0.16804878048780486,-0.005121951219512202,-0.19329268292682927,-0.11878048780487807,-0.21414634146341466,-0.21756097560975615,0.32036585365853665,0.11060975609756096,-0.8367073170731706,0.13853658536585364,0.4039024390243903,-0.5267073170731708,0.15365853658536585,-0.2374390243902439,0.43707317073170726,-0.42341463414634145,-0.3304878048780489,-0.47512195121951223,0.4895121951219512,10000
MPKRVLQGTVVSDKNDKTVVVRVERRFAHPLLKKTVRRSKRYKAHDENNMCKVGDVVLIQETRPISKDKCWVVVNENQAQ,0.21261456750000002,-0.09280790025000002,-0.18425126750000015,0.29546277625,-0.02510457275000002,0.26949999999999996,-0.281625,-0.319,-0.09212499999999998,0.07949999999999999,0.09325,-0.011624999999999991,-0.03962500000000001,0.044250000000000005,-0.0015000000000000124,0.03475,-0.254,0.11075000000000002,-0.6491250000000001,0.1588125,-0.07185,0.237575,0.010549999999999993,0.35228750000000003,-0.134,-0.04262500000000002,0.28625,0.39299999999999996,0.06075000000000001,-0.26050000000000006,-0.006250000000000019,-0.08600000000000001,-0.03474999999999999,0.149375,-0.367,0.38512500000000005,-0.25187499999999996,0.03554999999999999,-0.0372375,-0.048275,-0.07752500000000001,-0.0686,-0.08549999999999996,0.14425000000000002,-1.75104125,0.40353625,0.43940375000000004,-0.836875,0.4396249999999998,-0.5299999999999999,0.590375,0.01574999999999998,0.12574999999999997,0.295875,0.020250000000000035,0.22692500000000004,-0.006099999999999996,-0.05934999999999999,-0.0780625,-0.7924625,-0.195875,-0.20431249999999998,-0.022862499999999997,-0.05966249999999999,-0.01028750000000001,0.22731249999999997,0.11523749999999999,-0.34664125,-0.9436387500000001,-0.18424875000000002,-0.11052749999999996,0.1746725,0.047991250000000006,-0.61256125,-0.35897875000000007,-0.2508437499999999,-0.12832750000000007,0.17625625000000003,-4.117375,0.428875,-0.10024999999999999,0.232875,0.454,-0.270125,-0.012500000000000008,0.02724999999999999,-0.15175,0.12137499999999997,-0.010249999999999992,0.28812499999999996,0.10574999999999997,-0.7452500000000001,0.255375,0.337125,-0.31999999999999995,0.148,-0.053749999999999985,0.55375,-0.23362500000000005,-0.71425,-0.18899999999999997,0.21962500000000001,10000
MPQLNPGPWFLILIFSWLVLLTFIPPKVLKHKAFNEPTTQTTEKSKPNPWNWPWT,-0.0593067870909091,0.14021149909090913,0.013697279999999926,0.1485613836363636,-0.10955166363636366,-0.0469090909090909,-0.10690909090909093,-0.11890909090909091,-0.25472727272727264,-0.176909090909091,-0.08109090909090909,0.0747272727272727,-0.29054545454545455,-0.10709090909090907,-0.0818181818181818,-0.19199999999999998,-0.15018181818181817,-0.018363636363636367,-0.002545454545454533,-0.15080000000000002,0.15803636363636364,0.22954545454545447,0.5604000000000001,-0.11834545454545453,0.15527272727272726,0.08981818181818182,-0.12090909090909085,-0.20199999999999999,0.15072727272727274,-0.41672727272727267,0.17109090909090907,-0.4445454545454544,0.010181818181818264,-0.20127272727272727,-0.22963636363636358,0.6238181818181817,-0.4049090909090909,-0.0168,0.02596363636363637,0.040509090909090904,-0.1007272727272727,0.08418181818181818,0.15945454545454554,-0.24799999999999997,1.17318,-0.11674363636363638,1.9408745454545462,0.2767272727272727,-0.06309090909090916,0.2972727272727273,0.4258181818181819,-0.7985454545454544,-0.4049090909090909,0.11509090909090908,0.04327272727272724,0.22307272727272726,0.06960000000000001,0.024127272727272723,-0.027345454545454555,-0.6849999999999998,-0.2965090909090909,-0.11005454545454547,-0.17738181818181822,-0.17554545454545453,-0.016000000000000042,0.10663636363636363,-0.1255090909090909,-0.1421963636363637,-0.1906163636363636,0.8746854545454545,-0.34797454545454554,0.46692181818181816,0.10922363636363636,0.28900181818181825,1.0025072727272728,0.06380909090909094,-0.7095745454545455,-0.3201763636363637,-3.446000000000001,-0.6636363636363635,-0.12709090909090906,0.014545454545454558,0.19927272727272735,0.24490909090909097,0.10509090909090908,0.09690909090909088,-0.16527272727272727,0.15690909090909086,-0.3961818181818182,-0.06490909090909093,0.3559999999999999,-0.6658181818181818,-0.10945454545454544,0.23636363636363636,-0.06727272727272729,-0.035090909090909075,-0.33872727272727277,-1.0158181818181817,0.052727272727272664,-0.16381818181818192,0.06963636363636365,0.3994545454545455,10000
SHGKVETDEEFDARWVTYFS,0.168098303,-0.09430768249999999,-0.027600055000000047,0.150341395,-0.28251091650000004,0.259,0.144,-0.08300000000000003,0.06,-0.127,0.15850000000000003,-0.1885,-0.137,0.3205,-0.03599999999999999,0.167,-0.297,-0.10200000000000002,-0.4789,0.07189999999999999,-0.04824999999999998,0.17550000000000002,-0.11465,-0.10759999999999999,-0.095,-0.016499999999999994,-0.1075,0.24299999999999997,-0.2745,-0.16650000000000004,-0.32349999999999995,0.13550000000000004,-0.1505,0.2225,-0.06299999999999997,0.2805,-0.442,0.04115000000000002,-0.019100000000000006,-0.042199999999999994,-0.010600000000000002,0.008999999999999994,-0.0534999999999999,0.2225,-1.8377299999999999,-0.03363000000000005,-0.24114,-1.05,0.20099999999999998,-0.6004999999999998,-0.43550000000000005,-0.12300000000000004,0.12800000000000006,0.094,0.202,0.22085,-0.024900000000000005,0.010600000000000005,0.04179999999999999,-0.6918,-0.21790000000000004,-0.1968,-0.18335,0.10390000000000002,-0.33000000000000007,0.1334,0.2758500000000001,0.69985,-0.17205999999999994,-0.17814499999999997,0.639995,0.03980499999999995,0.34221999999999997,0.9685450000000001,-0.51332,-0.03699999999999999,1.1917,0.14744499999999994,-3.5625,-0.01999999999999999,0.24300000000000002,-0.3115,0.6335,-0.21549999999999997,0.10500000000000001,-0.044500000000000005,-0.04600000000000003,-0.3595,0.09200000000000001,0.05249999999999997,0.007000000000000004,-0.6744999999999999,-0.06899999999999998,0.17100000000000004,-0.5535000000000001,0.39049999999999996,-0.2545,0.681,0.003999999999999971,-0.05600000000000003,-0.5230000000000002,-0.09500000000000001,10000
MAVCQICGKKTVFGNTVAHSATTERRTWKPNLRRVRVVLEDGSTKRIYVCAKCLKAGKVKKAV,0.03409621126984127,-0.11533935365079369,0.21220252380952373,0.41152267777777773,0.40122269174603176,0.09999999999999996,-0.3677777777777778,-0.1115873015873016,-0.08507936507936506,0.2161904761904762,0.14634920634920634,0.11396825396825397,-0.0926984126984127,0.15301587301587297,-0.024761904761904763,-0.1234920634920635,-0.2715873015873016,0.256984126984127,-0.41641269841269846,0.13461904761904764,-0.1886031746031746,0.3215873015873015,-0.1189047619047619,0.43207936507936506,-0.18460317460317457,-0.22698412698412698,0.36365079365079367,0.2753968253968254,-0.03396825396825397,-0.2673015873015873,0.20777777777777778,-0.06015873015873014,-0.133015873015873,0.2520634920634921,-0.4552380952380953,0.4003174603174602,-0.2423809523809524,0.01639682539682539,0.0045396825396825475,-0.07071428571428572,-0.08092063492063492,-0.0847936507936508,-0.4025396825396824,0.02031746031746034,-1.0215460317460314,-0.517238095238095,0.41462063492063483,-0.37682539682539695,-0.38841269841269843,-0.21888888888888894,0.8287301587301589,0.11984126984126985,0.3739682539682539,0.233015873015873,0.20714285714285713,0.22722222222222224,0.06446031746031745,-0.04930158730158729,-0.049063492063492066,-0.8794761904761905,-0.2674761904761906,-0.19209523809523804,0.06131746031746031,-0.18444444444444447,-0.3216666666666667,0.26209523809523816,0.24330158730158735,-0.8543476190476189,-0.5459142857142857,-0.4207587301587302,-0.2087603174603175,0.5898952380952381,0.013380952380952412,-1.8419365079365078,-0.09336031746031748,-0.4841571428571429,-0.6878603174603175,0.5777587301587301,-4.737301587301587,0.20031746031746037,-0.1571428571428571,0.38952380952380955,0.6750793650793648,-0.16619047619047614,-0.2012698412698413,-0.1358730158730159,-0.14253968253968258,0.29444444444444445,-0.10238095238095236,0.2803174603174603,-0.0338095238095238,-0.8452380952380951,0.27158730158730165,0.47539682539682543,-0.3465079365079365,0.12238095238095238,-0.20746031746031743,0.39634920634920634,-0.7088888888888889,-0.6752380952380953,-0.0428571428571429,0.012857142857142876,10000
MEKKVFVVEGYAKKGSLKFRFKKYFIALKKEDAIFYTYSILGSNHKLKKTQIHIERVYELDPEKDKDKLPDKRLLAFF,0.2547545020512821,-0.2695232783333333,0.1782364576923077,0.20287256923076924,0.1749841637179487,0.10730769230769227,-0.059358974358974366,-0.3849999999999999,-0.05051282051282051,-0.003205128205128225,0.1073076923076923,0.010512820512820507,0.05423076923076923,0.18025641025641026,-0.22653846153846152,-0.020641025641025632,-0.15525641025641024,0.06294871794871794,-0.2806410256410257,0.24178205128205127,0.18066666666666664,0.4103076923076922,0.013589743589743599,0.1196923076923077,-0.21051282051282053,0.14256410256410254,-0.07000000000000003,0.23102564102564097,0.09653846153846156,-0.6496153846153846,0.15474358974358976,0.12461538461538463,0.08794871794871795,0.1787179487179487,-0.23051282051282043,0.3276923076923077,-0.17974358974358975,0.015551282051282046,-0.06043589743589743,-0.05437179487179487,-0.10664102564102564,0.03248717948717949,0.2344871794871795,0.031538461538461536,-0.7375076923076923,1.0347782051282048,1.0146179487179485,-0.4606410256410257,0.7352564102564104,-0.39128205128205124,0.4056410256410257,-0.5533333333333335,0.32,0.15500000000000005,0.15628205128205128,0.2298846153846154,-0.006397435897435896,0.02739743589743589,-0.10208974358974358,-0.678076923076923,-0.1354871794871795,0.013487179487179498,-0.10311538461538462,-0.18929487179487178,0.1447692307692308,0.07646153846153847,0.24906410256410252,0.5226512820512821,-0.532992307692308,9.743589743592265e-05,-0.0864423076923077,0.4844628205128207,0.5590320512820512,0.2222038461538463,0.08544230769230768,-0.48990384615384625,0.9235717948717947,-0.18097948717948714,-3.5203846153846143,0.41346153846153855,-0.30307692307692297,0.11384615384615383,0.32551282051282054,-0.07756410256410258,0.20346153846153847,0.1553846153846154,-0.008333333333333342,0.14423076923076922,-0.07538461538461538,0.3266666666666666,-0.006923076923076922,-0.6596153846153846,0.29794871794871786,0.2173076923076924,-0.15115384615384614,0.2348717948717949,-0.23153846153846155,-0.015128205128205114,0.01833333333333333,-0.633974358974359,-0.14833333333333334,0.17551282051282055,10000
MPQLNPNPWFTILIFTWAVFLTILPNKVTSHKMPNELLTKDPSNLLTEIWYWPWH,-0.13040748327272728,0.041400877636363645,0.08437931818181815,0.10277187818181811,-0.1257836505454545,-0.14781818181818182,-0.09054545454545457,-0.18127272727272725,-0.12872727272727275,-0.16836363636363638,-0.026545454545454546,0.009636363636363636,-0.30036363636363633,-0.15054545454545454,-0.01727272727272728,-0.16454545454545452,-0.1450909090909091,-0.06745454545454545,0.08450909090909094,-0.04703636363636365,0.22036363636363634,0.19516363636363646,0.4240727272727274,-0.14070909090909095,0.06981818181818185,0.11690909090909091,-0.062181818181818165,-0.25054545454545457,0.06927272727272726,-0.329090909090909,0.005454545454545443,-0.35236363636363627,0.05090909090909094,-0.16090909090909086,-0.21436363636363637,0.6218181818181817,-0.4394545454545455,-0.04023636363636363,0.015890909090909087,0.028090909090909087,-0.07512727272727272,0.07052727272727273,0.2694545454545455,-0.2836363636363636,1.7958963636363638,-0.039252727272727314,1.3539490909090912,0.818181818181818,0.013090909090909078,-0.012000000000000031,0.2538181818181819,-0.6221818181818183,-0.4258181818181819,0.1369090909090909,-0.08654545454545456,0.2277636363636363,0.04825454545454546,0.02498181818181818,-0.012654545454545453,-0.6556363636363635,-0.2961818181818181,-0.1294909090909091,-0.2073454545454546,-0.08736363636363635,0.08209090909090905,0.07992727272727272,-0.20327272727272724,-0.10798909090909077,-0.24342,1.1607199999999998,-0.4502400000000001,0.20018363636363637,0.04661272727272731,0.5168527272727272,0.8295109090909091,0.13988727272727278,-0.8360454545454545,-0.4008218181818182,-3.3076363636363637,-0.6010909090909092,-0.04418181818181818,0.03636363636363632,0.16836363636363638,0.3034545454545454,0.12618181818181817,0.1503636363636363,-0.25581818181818183,0.0749090909090909,-0.34836363636363626,-0.12981818181818186,0.22927272727272732,-0.642,-0.11781818181818182,0.25472727272727275,-0.05490909090909089,-0.029272727272727263,-0.1954545454545455,-1.1049090909090908,0.10709090909090907,-0.1229090909090909,0.03236363636363634,0.3416363636363637,10000
MATKTLKVTQTKSSIGRLPKHRATLTGLGLRRINHTVELEDTPAVRGMINKVYYMVKVED,0.08964375983333335,-0.11043197116666668,0.31805539333333327,0.4407327199999999,0.35911029566666675,0.1466666666666667,-0.31899999999999995,-0.2816666666666667,-0.07133333333333332,0.030000000000000002,0.17966666666666667,0.10400000000000002,-0.16966666666666666,0.05416666666666669,0.022166666666666657,-0.06466666666666668,-0.2795,0.16283333333333333,-0.3285166666666666,0.10346666666666664,-0.0928333333333333,0.4230333333333333,0.03996666666666668,0.2501333333333333,-0.1411666666666667,-0.16616666666666666,0.28550000000000003,0.27116666666666667,0.03133333333333335,-0.3216666666666667,0.0995,-0.08066666666666665,-0.16283333333333336,0.22783333333333333,-0.41366666666666674,0.4371666666666666,-0.30449999999999994,0.019450000000000002,0.0036500000000000005,-0.0644,-0.09648333333333334,-0.04506666666666667,-0.262,-0.012166666666666655,-1.10858,-0.5122283333333334,0.7800883333333333,-0.5918333333333334,-0.26899999999999996,-0.4015,0.6565000000000001,-0.12983333333333336,0.17833333333333334,0.20433333333333334,0.1053333333333333,0.22805,0.0436,-0.048666666666666664,-0.0458,-0.8463999999999998,-0.24420000000000006,-0.21316666666666664,-0.019766666666666665,-0.0979333333333333,-0.15810000000000005,0.15198333333333336,0.1409666666666667,-0.8706366666666667,-0.8305100000000001,-0.0057283333333333205,-0.18547833333333336,0.36612999999999996,0.12868666666666667,-1.3988116666666663,-0.1867066666666667,-0.3222766666666667,-0.90386,0.32083,-4.533333333333332,0.25,-0.11683333333333334,0.36900000000000005,0.5476666666666666,-0.11999999999999995,-0.09816666666666668,-0.10633333333333334,-0.1485,0.13083333333333333,-0.20266666666666666,0.2898333333333334,0.028166666666666656,-0.8101666666666666,0.257,0.4151666666666667,-0.31816666666666665,0.09166666666666666,-0.1581666666666667,0.188,-0.6455000000000001,-0.8088333333333335,-0.2298333333333333,0.16933333333333336,10000
MSHYGSYYGGLGYSCGGFGGLGYGYGCGCGSFCRRGSGCGYGGYGYGSGFGSYGYGSGFGGYGYGSGFGGYGYGCCRPSYNGGYGFSGFY,-0.2830429094444444,1.0117406783333331,0.6984095866666666,0.26339710333333327,0.9461477587777777,0.04977777777777778,0.3497777777777778,0.6987777777777777,0.32711111111111113,-0.09477777777777777,0.4096666666666666,0.5425555555555556,0.2574444444444445,0.2026666666666667,-0.08033333333333334,-0.3632222222222222,-0.4276666666666667,0.23655555555555557,0.07008888888888888,-1.1629444444444443,-0.4623222222222222,0.3302111111111111,-0.647688888888889,-0.3287999999999999,0.984111111111111,-0.610888888888889,0.10788888888888894,-0.28755555555555556,-0.03855555555555553,-0.11355555555555556,0.47133333333333344,1.058444444444444,-0.572,0.37388888888888894,-0.052333333333333364,0.2285555555555556,-0.5147777777777778,0.054433333333333334,0.25515555555555564,0.0863111111111111,0.014788888888888883,-0.013588888888888888,-1.3286666666666664,-0.07677777777777776,-0.5643277777777777,-3.642757777777778,0.02882444444444432,-1.4551111111111112,-3.2826666666666666,2.4031111111111105,-0.7713333333333333,0.2044444444444445,0.9637777777777778,0.3952222222222223,0.10577777777777782,0.19327777777777785,0.13284444444444446,0.050300000000000004,0.12106666666666667,-1.0338888888888889,0.05919999999999998,0.1252777777777778,0.1787777777777778,-0.37462222222222213,-1.6307777777777779,-0.055855555555555554,1.0916000000000003,-0.9316277777777778,1.1195,-1.4587644444444445,1.2887,0.8182211111111111,-0.0242322222222222,-2.871877777777777,0.06385777777777778,-0.7982644444444447,-0.1920233333333335,1.8481933333333334,-5.760999999999999,-0.7241111111111109,-0.09666666666666668,-0.06377777777777777,1.531777777777778,0.067,-0.4742222222222222,-0.9197777777777778,1.0646666666666667,-0.0788888888888889,-0.27166666666666656,0.40166666666666656,-0.6424444444444445,-1.0135555555555555,0.028333333333333335,0.4684444444444444,-0.6645555555555556,0.7626666666666667,-1.0564444444444447,0.4202222222222222,-1.2413333333333334,0.643,-0.3418888888888889,-0.5836666666666666,10000
MFCSIYKSTKKQGAYLYIEKKDDFAPVPQELMAMFGTPTMVMVVNLEGRKLASVDVEKVKAAIKENGFFLQLPPPPENLLEKYKKR,0.10365594383720927,-0.1615374203488372,0.09498422441860456,0.2960145209302325,0.012651464883720914,0.11081395348837209,-0.24383720930232552,-0.28069767441860466,-0.13883720930232554,-0.06290697674418602,0.033139534883720935,0.06232558139534884,0.0027906976744186025,0.13267441860465115,-0.1019767441860465,-0.1630232558139535,-0.24999999999999992,0.020581395348837205,-0.2824186046511628,0.13318604651162785,-0.011906976744186032,0.3812325581395348,0.22881395348837205,-0.02794186046511626,-0.16313953488372093,-0.0763953488372093,-0.10906976744186045,0.09453488372093022,0.17337209302325582,-0.4658139534883721,0.2031395348837209,-0.05581395348837207,-0.018139534883720925,0.0469767441860465,-0.327093023255814,0.40546511627906967,-0.2759302325581395,0.01405813953488372,-0.008313953488372097,-0.05610465116279069,-0.07933720930232559,0.043546511627906966,-0.15988372093023248,-0.13999999999999993,-0.460581395348837,-0.31651627906976737,1.0916186046511631,-0.46162790697674433,-0.12930232558139537,-0.32616279069767434,0.4266279069767441,-0.598953488372093,0.11476744186046511,0.019186046511627936,0.118953488372093,0.2285348837209303,0.030883720930232554,-0.01967441860465117,-0.06974418604651164,-0.8102441860465116,-0.19987209302325581,-0.04932558139534882,-0.008988372093023255,-0.2115465116279069,-0.05775581395348836,0.06131395348837209,0.1517325581395349,-0.5904686046511628,-0.39969534883720925,-0.15480000000000002,-0.18580465116279066,0.299089534883721,0.40366279069767436,-0.9953499999999996,0.19545697674418608,-0.25397906976744183,-0.5028697674418607,-0.06624418604651165,-4.274418604651162,0.08209302325581395,-0.2661627906976744,0.2751162790697675,0.41558139534883715,-0.007558139534883691,-0.03232558139534884,-0.04000000000000003,-0.07604651162790697,0.04360465116279068,-0.2644186046511628,0.1961627906976744,0.0855813953488372,-0.7734883720930232,0.24523255813953493,0.3451162790697675,-0.16290697674418606,0.07813953488372093,-0.2624418604651163,-0.2167441860465117,-0.33430232558139544,-0.34604651162790706,-0.2736046511627907,0.262906976744186,10000
MVQCVRHFVLPRLKKDAGLPFFFPLITHSQPLNRGAFFCLGVRR,-0.1828344318181818,-0.01761163386363635,-0.1568796068181819,0.32578823863636364,0.09276063249999998,-0.13659090909090912,-0.1906818181818182,-0.20159090909090907,-0.0018181818181817995,0.01681818181818179,0.001363636363636375,0.21818181818181817,0.055909090909090915,0.001136363636363647,-0.14409090909090905,-0.32795454545454544,-0.13931818181818179,0.07590909090909093,-0.04827272727272729,0.03411363636363638,0.03793181818181821,0.2871590909090909,0.25981818181818184,0.23990909090909096,-0.03181818181818182,-0.04136363636363639,0.1190909090909091,-0.14136363636363636,0.022045454545454566,-0.3445454545454545,0.3261363636363636,-0.08977272727272728,0.3156818181818182,0.2025,-0.27022727272727276,0.5209090909090909,-0.2679545454545455,-0.03763636363636364,0.02388636363636363,-0.019568181818181818,-0.0735227272727273,0.004931818181818189,-0.0070454545454544555,-0.2990909090909091,1.376495454545455,-0.2777386363636364,0.8177204545454546,0.7745454545454543,-0.4029545454545454,0.2593181818181819,0.47431818181818186,-0.1679545454545455,-0.011590909090909117,-0.11477272727272723,0.03613636363636364,0.2240454545454546,0.061204545454545456,0.020636363636363644,-0.06152272727272727,-0.7668181818181817,-0.14334090909090907,0.02163636363636364,0.0017500000000000042,-0.36231818181818176,-0.12297727272727278,0.19688636363636364,0.18949999999999997,-0.25425227272727285,-0.1009659090909091,-0.07901590909090912,-0.11730000000000004,0.5524977272727273,-0.041470454545454505,-0.6968204545454545,0.6107204545454546,-0.3603840909090909,-0.14905681818181807,0.3710931818181819,-3.9788636363636374,-0.10681818181818176,-0.32340909090909087,0.1590909090909091,0.3977272727272728,0.18000000000000005,-0.0775,0.017272727272727276,-0.058181818181818196,0.2559090909090909,-0.16954545454545455,0.08727272727272725,0.18590909090909094,-0.7359090909090908,0.1615909090909091,0.30818181818181817,-0.1634090909090909,0.07113636363636365,-0.33181818181818185,-0.5827272727272728,-0.21068181818181816,-0.3336363636363636,0.1961363636363636,0.195,10000
APLEPVYPGDNATPEQMAQYAAELRRYINMLTRPRY,0.18453886444444442,-0.008123392777777785,0.3117508694444444,0.37182335555555546,0.17471447027777776,0.22111111111111115,-0.16527777777777772,-0.23944444444444446,-0.135,-0.058055555555555555,-0.13472222222222222,0.18055555555555555,-0.09361111111111109,0.14111111111111113,0.01638888888888888,-0.10416666666666666,-0.235,-0.00833333333333333,-0.23411111111111113,-0.03786111111111112,-0.02152777777777777,0.2606666666666667,0.44925000000000004,-0.056194444444444464,0.029444444444444454,-0.06055555555555555,-0.11027777777777775,0.09583333333333333,-0.19805555555555557,-0.2038888888888889,0.1761111111111111,-0.22555555555555554,0.09861111111111112,-0.07499999999999996,-0.22472222222222227,0.4388888888888889,-0.2838888888888889,0.03463888888888889,0.0020555555555555544,-0.011972222222222231,-0.06947222222222223,0.046111111111111124,-0.12083333333333328,-0.11277777777777774,-1.2221555555555552,-0.2587361111111111,1.2151166666666666,-0.7874999999999999,-0.029722222222222427,-0.08666666666666657,0.3180555555555556,-0.461111111111111,-0.17055555555555552,-0.018055555555555547,0.04444444444444443,0.22005555555555556,0.02961111111111112,-0.021916666666666664,-0.026333333333333334,-0.7680833333333333,-0.1552777777777778,-0.11058333333333334,-0.05497222222222223,-0.14486111111111113,-0.32333333333333336,0.05594444444444443,0.14663888888888887,-1.0183055555555556,-0.494486111111111,0.16212499999999996,0.19923888888888885,-0.07928055555555559,0.11478888888888895,-0.9085111111111112,0.02103333333333328,0.08598055555555555,-0.9719333333333332,0.4776888888888888,-4.022500000000001,-0.05750000000000006,-0.05499999999999999,0.09166666666666666,0.47138888888888897,-0.0813888888888889,0.0958333333333333,-0.048888888888888885,0.013055555555555567,-0.019999999999999993,-0.25416666666666665,0.1272222222222222,0.3027777777777778,-0.7347222222222223,0.11166666666666668,0.2633333333333334,-0.3894444444444445,0.008333333333333337,-0.24027777777777784,-0.048333333333333374,-0.046388888888888875,-0.2205555555555556,-0.25972222222222224,0.3916666666666667,10000
MKRTFQPSNRKRKNKHGFRERMASANGRRVLAARRAKGRKKLTVSDEYNGQKW,0.49687440433962266,-0.07536764471698114,0.26727100188679237,0.27405934905660384,0.7214508724528302,0.5149056603773586,-0.031132075471698127,-0.22981132075471697,-0.1783018867924528,0.30716981132075466,0.24849056603773584,0.24037735849056607,-0.018867924528301883,0.08867924528301888,-0.15660377358490565,0.13811320754716983,-0.1539622641509434,0.33490566037735847,-0.5663018867924527,0.06784905660377356,-0.07298113207547166,0.2268679245283019,-0.08433962264150943,0.455245283018868,-0.03169811320754719,0.06528301886792455,0.08566037735849057,0.5943396226415094,-0.08886792452830192,-0.2605660377358491,0.3145283018867924,0.06226415094339621,-0.12037735849056602,0.11716981132075473,-0.2633962264150943,0.330754716981132,-0.09754716981132075,0.09250943396226415,-0.06383018867924528,-0.03532075471698114,-0.0932075471698113,-0.04513207547169812,0.025849056603773662,0.3337735849056604,-3.6081075471698116,1.3556528301886792,0.689067924528302,-1.9037735849056605,0.9664150943396225,0.2009433962264151,0.8426415094339622,0.08452830188679243,0.508679245283019,-0.06358490566037735,0.20339622641509436,0.221811320754717,-0.015773584905660373,-0.006490566037735846,-0.058547169811320764,-0.7246226415094339,0.017169811320754715,-0.12179245283018868,-0.03943396226415094,-0.11628301886792454,-0.24426415094339626,0.3652075471698113,0.5086037735849057,0.7111150943396227,-0.9943320754716982,-0.7679509433962264,0.15172830188679243,0.519288679245283,-0.10223773584905661,0.0066320754716982415,-0.6894132075471696,-0.6447377358490565,1.758045283018868,0.8022264150943397,-3.808490566037736,0.8052830188679244,-0.32943396226415095,0.08509433962264153,0.6056603773584904,-0.4715094339622641,0.15547169811320752,0.020377358490566023,0.37811320754716987,0.3796226415094339,0.22773584905660377,0.5815094339622641,-0.01792452830188682,-0.6967924528301885,0.4118867924528303,0.2656603773584906,-0.36811320754716975,0.4641509433962263,-0.19811320754716982,1.1984905660377358,0.1849056603773585,-0.870943396226415,0.279811320754717,0.23490566037735847,10000
VMNQWPGVNLRVTEGWDEDGHHFEESLHYEGRAVDITTSDRDKSKYGTLSRLAVEAGF,0.11664763103448275,-0.004257161379310359,-0.11845142241379314,0.29274386896551724,-0.09997272689655175,0.2960344827586207,-0.015344827586206903,-0.06758620689655173,0.03448275862068966,-0.09241379310344827,0.2079310344827586,-0.01568965517241379,-0.029310344827586224,0.1353448275862069,0.056724137931034466,0.04172413793103449,-0.3363793103448276,-0.018448275862068972,-0.40889655172413797,-0.027379310344827552,-0.16117241379310343,0.31418965517241376,-0.08472413793103449,-0.11848275862068962,-0.028448275862068943,-0.17603448275862071,-0.05965517241379313,0.2098275862068966,-0.216551724137931,-0.18551724137931033,-0.13051724137931034,0.16948275862068965,-0.1703448275862069,0.20896551724137935,-0.18827586206896552,0.283448275862069,-0.42017241379310344,0.047413793103448267,0.0176551724137931,-0.052431034482758626,-0.026,0.010568965517241378,-0.35,0.14258620689655177,-1.8042413793103445,-0.8044293103448275,0.1089051724137931,-1.175862068965517,-0.4281034482758621,-0.3512068965517241,-0.21086206896551724,-0.1275862068965517,0.2896551724137931,0.10086206896551723,-0.018620689655172443,0.2206551724137931,0.006000000000000005,-0.02451724137931035,-0.006051724137931045,-0.8140344827586207,-0.19089655172413797,-0.23360344827586202,-0.1036896551724138,0.027310344827586205,-0.3943275862068965,0.16479310344827586,0.34882758620689647,-0.49140517241379306,-0.5120931034482757,-0.0421758620689655,0.47586034482758616,0.05189137931034481,0.08883275862068969,-0.6031896551724136,-0.445496551724138,-0.14749137931034478,-0.37685689655172416,0.37616896551724127,-4.298275862068966,0.03810344827586215,0.13982758620689653,-0.002068965517241358,0.7527586206896552,-0.19086206896551722,-0.039482758620689666,-0.21017241379310342,0.07034482758620687,-0.2662068965517242,-0.07913793103448276,0.29051724137931034,-0.07,-0.7803448275862068,0.04655172413793104,0.3258620689655173,-0.5294827586206897,0.3679310344827586,-0.2663793103448276,0.6439655172413792,-0.3479310344827585,-0.23086206896551725,-0.44086206896551716,0.10724137931034486,10000
MAVKERVGVVVSDKMQKTVVVAVENRAPHPKYGKIVVKTRRYKAHDENNEAKVGDRVRIRETRPLSRTKRWVIAEILSPRTA,0.2029269085365853,-0.13947125390243906,0.1841470097560975,0.44308531097560977,0.24399306231707316,0.2658536585365854,-0.30890243902439024,-0.30865853658536585,-0.13524390243902437,0.045853658536585365,0.09609756097560977,0.11097560975609756,-0.06353658536585366,0.14560975609756097,0.019756097560975617,-0.030121951219512198,-0.2457317073170732,0.1719512195121951,-0.6311463414634146,0.1690975609756098,-0.07865853658536583,0.3534268292682927,0.07084146341463413,0.3961219512195122,-0.18463414634146344,-0.096219512195122,0.33512195121951227,0.4075609756097561,-0.09560975609756098,-0.2908536585365854,-0.05670731707317075,-0.07365853658536586,-0.12414634146341463,0.17987804878048777,-0.40829268292682924,0.3776829268292683,-0.21792682926829268,0.03370731707317074,-0.029731707317073173,-0.0635121951219512,-0.10584146341463414,-0.06158536585365854,-0.1448780487804878,0.07524390243902437,-1.7643365853658537,0.13380121951219523,0.9110268292682928,-0.8395121951219511,0.22756097560975594,-0.5237804878048782,0.7873170731707317,-0.12585365853658542,0.21060975609756097,0.2873170731707317,0.038780487804878035,0.2277439024390244,0.03593902439024391,-0.04295121951219512,-0.08175609756097561,-0.8043048780487807,-0.2365365853658537,-0.2279268292682927,-0.026719512195121954,-0.1270609756097561,-0.1842439024390244,0.26053658536585367,0.21150000000000005,-0.35688902439024406,-1.0294439024390245,-0.20547439024390243,-0.02654390243902441,0.38034024390243903,0.06713170731707319,-0.8339134146341463,-0.26346341463414635,-0.3850365853658536,-0.06632804878048776,0.5335341463414633,-4.222073170731708,0.34731707317073174,-0.11841463414634143,0.2568292682926829,0.5229268292682927,-0.25878048780487806,-0.012073170731707331,-0.020121951219512196,-0.1628048780487805,0.17695121951219508,-0.14731707317073167,0.38780487804878044,0.17439024390243904,-0.7648780487804878,0.2476829268292683,0.3581707317073171,-0.3678048780487805,0.11109756097560973,-0.14951219512195119,0.5165853658536586,-0.37109756097560986,-0.8790243902439026,-0.10634146341463416,0.23487804878048787,10000
MSRTIFCTYLQRDAEGQDFQLYPGELGKRIYNEISKDAWAQWQHKQTMLINEKKLNMMNAEHRKLLEQEMVSFLFEGKDVHIEGYTPEDKK,0.2438173584615384,-0.24312385384615381,0.11580252967032965,0.08588645934065932,0.044230511428571435,0.2348351648351649,-0.017252747252747253,-0.3025274725274725,-0.07560439560439558,0.03098901098901098,0.13307692307692306,-0.0665934065934066,0.02747252747252746,0.0979120879120879,-0.006703296703296709,0.06736263736263737,-0.22626373626373628,-0.04439560439560439,-0.2531208791208791,0.21451648351648347,0.03376923076923081,0.19848351648351642,-0.012076923076923086,-0.05757142857142856,-0.22131868131868132,0.053516483516483505,-0.15,0.2358241758241758,0.020549450549450555,-0.18736263736263736,0.14483516483516484,0.09043956043956042,-0.042307692307692296,-0.06131868131868134,-0.16593406593406596,0.3686813186813186,-0.2787912087912088,0.030956043956043962,-0.04921978021978022,-0.05484615384615384,-0.028,0.03263736263736263,0.08384615384615388,0.13362637362637364,-1.3418582417582416,0.49330219780219786,0.22395494505494504,-0.7861538461538462,0.48912087912087904,-0.46758241758241764,0.030879120879120876,-0.29285714285714287,0.30725274725274726,-0.032527472527472505,-0.0027472527472527535,0.2263626373626374,-0.04417582417582417,-0.013934065934065931,-0.052208791208791204,-0.7135714285714287,-0.11683516483516487,-0.08995604395604394,-0.10503296703296701,-0.011483516483516473,0.04529670329670327,0.13147252747252747,0.21410989010989012,-0.0737351648351648,-0.49465604395604396,-0.12905494505494508,0.09204065934065936,-0.0900230769230769,0.3176802197802198,-0.11337362637362626,-0.38746593406593405,-0.13169120879120877,0.05848571428571431,-0.3200923076923077,-3.718681318681318,0.4094505494505495,-0.13571428571428568,0.08054945054945052,0.42780219780219775,-0.15120879120879116,0.10054945054945054,0.0436263736263736,0.07670329670329669,-0.09230769230769231,-0.030329670329670346,0.23879120879120877,-0.11076923076923074,-0.6850549450549451,0.23725274725274728,0.27714285714285714,-0.23373626373626374,0.34846153846153843,-0.0832967032967033,0.30296703296703287,-0.01736263736263739,-0.4006593406593407,-0.32373626373626374,0.12406593406593408,10000
MQNNTTGMDTKSLKNCGQPKAVCTHCKHSPPCPQPGCVTKRPPVPPRLYLPPPVPIRQPNTKDIDNVEFKYLTRYEQHVIRMLRLCNMYQNLEK,0.15939289723404249,0.2369886905319149,-0.1084591638297873,0.14109408723404257,0.02380930191489363,0.255,-0.2579787234042554,-0.17882978723404258,-0.0780851063829787,0.0298936170212766,-0.19468085106382976,0.08691489361702129,-0.12670212765957448,-0.09404255319148937,-0.04404255319148937,-0.05085106382978725,-0.2592553191489361,0.08351063829787234,-0.3171808510638298,-0.18398936170212765,-0.1343404255319149,0.016223404255319145,0.425340425531915,0.0967978723404255,0.22914893617021279,-0.054148936170212776,0.06776595744680851,0.13372340425531914,0.21468085106382978,-0.08829787234042553,0.2382978723404255,-0.3418085106382978,0.15946808510638297,0.03404255319148933,-0.3023404255319149,0.48478723404255314,-0.3158510638297872,0.042925531914893615,0.015478723404255318,0.03629787234042552,-0.048638297872340426,-0.014287234042553196,-0.2054255319148936,0.054893617021276576,-1.2015287234042558,-0.06175744680851056,0.9369595744680853,-0.9061702127659572,0.003404255319148835,0.2922340425531916,0.46787234042553194,-0.18574468085106388,-0.3934042553191489,0.10936170212765957,-0.07223404255319149,0.21818085106382984,0.02232978723404256,-0.04534042553191489,-0.01917021276595745,-0.8073404255319149,-0.16755319148936174,-0.11495744680851065,-0.017702127659574466,-0.11107446808510639,-0.08615957446808511,0.1437553191489362,-0.09436170212765954,-0.9698095744680854,-0.3465446808510639,-0.022844680851063875,-0.22308191489361698,0.0627606382978724,-0.0357755319148936,-0.8942851063829784,0.12639999999999996,0.1862085106382979,-1.0178340425531915,0.028803191489361734,-4.203617021276596,-0.08787234042553188,-0.17936170212765962,0.13968085106382977,0.3328723404255318,-0.1411702127659574,-0.06882978723404254,-0.037446808510638314,-0.012234042553191543,0.1106382978723404,-0.0720212765957447,0.08138297872340423,0.4137234042553193,-0.76,0.1022340425531915,0.3107446808510638,-0.16340425531914893,0.08499999999999998,-0.1617021276595745,0.16212765957446795,-0.12308510638297882,-0.12531914893617027,-0.06329787234042548,0.26999999999999996,10000
MSLEILDQLEEKIKQAVETIQLLQLEVEELKEKNAESQRNIENLQTENEQLKNEHRNWQEHIRSLLGKFDNV,0.35340233347222216,-0.4495383591666666,-0.13827836666666674,0.23153305972222218,-0.27652007180555555,0.38847222222222216,-0.13847222222222222,-0.5013888888888889,-0.09527777777777777,0.05986111111111113,0.19666666666666666,-0.20138888888888892,0.026944444444444434,0.06083333333333334,0.0861111111111111,0.2013888888888889,-0.26972222222222225,-0.14694444444444443,-0.412125,0.48299999999999993,0.014666666666666654,0.3644027777777778,0.04090277777777777,-0.07854166666666663,-0.47847222222222224,0.052916666666666654,-0.16875,0.41361111111111115,-0.16027777777777777,-0.26666666666666666,0.12430555555555552,0.0015277777777777544,0.054027777777777786,-0.2733333333333334,-0.2088888888888889,0.3540277777777778,-0.23763888888888887,0.04545833333333333,-0.08697222222222223,-0.11637500000000002,-0.043236111111111114,0.03784722222222223,0.10236111111111115,0.2640277777777778,-2.2027291666666664,0.6160680555555555,0.03438194444444447,-1.1302777777777777,0.8238888888888889,-1.2604166666666667,0.11902777777777779,-0.4291666666666667,0.4516666666666667,0.11486111111111111,-0.36736111111111114,0.24020833333333336,-0.0858611111111111,-0.05670833333333333,-0.08822222222222223,-0.7382083333333332,-0.21505555555555556,-0.24162500000000003,-0.15398611111111113,0.11729166666666667,0.32726388888888885,0.14240277777777777,0.15084722222222224,-0.3058569444444445,-1.3967361111111112,0.20170416666666663,0.1431388888888889,-0.4350958333333333,0.31321388888888896,0.06895000000000012,-0.8504666666666667,-0.12022083333333332,-0.34254166666666663,-0.641888888888889,-3.7905555555555557,0.7919444444444445,0.05194444444444443,0.1623611111111111,0.39805555555555555,-0.28736111111111107,0.11180555555555555,0.09138888888888887,-0.07958333333333334,-0.2636111111111112,-0.12138888888888892,0.3783333333333333,-0.18597222222222223,-0.6866666666666666,0.2806944444444444,0.27708333333333335,-0.3597222222222222,0.3423611111111111,0.12208333333333332,0.5772222222222222,-0.05416666666666666,-0.7154166666666667,-0.8400000000000001,0.37222222222222223,10000
MIVPIRCFTCGKPLGHLYITFKHRVLAGEHPGRVLDELGVHRYCCRRTLIAHVEWIDDLLVYEKRS,-0.09956674575757578,-0.08215665848484849,0.13242509696969687,0.2515508363636364,0.20435548060606062,-0.08727272727272725,-0.16939393939393943,-0.19499999999999992,0.0693939393939394,0.04863636363636362,0.0006060606060605999,0.09409090909090907,0.05909090909090908,0.026363636363636374,0.027424242424242417,-0.1706060606060606,-0.1871212121212121,0.06287878787878788,-0.11212121212121214,0.1130909090909091,0.010545454545454552,0.2289545454545454,0.030075757575757558,0.20845454545454548,-0.10530303030303034,-0.04848484848484846,0.22999999999999998,-0.010151515151515177,-0.18363636363636363,-0.16424242424242422,0.08409090909090908,0.023030303030303036,0.10227272727272727,0.396060606060606,-0.28484848484848485,0.4033333333333333,-0.2672727272727273,-0.027681818181818186,0.005484848484848488,-0.0323939393939394,-0.04766666666666667,-0.025575757575757575,-0.013333333333333365,-0.07863636363636362,0.8134393939393939,-0.14581212121212106,0.3394984848484848,0.582878787878788,-0.277727272727273,-0.08606060606060607,0.2045454545454545,-0.07742424242424245,0.19272727272727275,0.14712121212121212,-0.20030303030303032,0.2256515151515152,0.046636363636363636,0.007772727272727271,-0.054787878787878795,-0.7526212121212121,-0.1940151515151515,-0.07833333333333332,-0.054515151515151516,-0.19040909090909092,-0.12195454545454547,0.22290909090909092,0.14677272727272728,-0.4436227272727273,-0.3193893939393939,0.13911060606060602,-0.08583030303030303,0.1972106060606061,-0.002206060606060592,-0.7753242424242421,0.16077272727272723,-0.23838484848484848,-0.6233924242424241,0.26231515151515145,-3.9586363636363644,0.02378787878787882,-0.17606060606060608,0.18136363636363637,0.45075757575757575,0.06121212121212124,-0.044696969696969735,0.013636363636363615,-0.08045454545454546,0.09318181818181816,-0.16484848484848483,0.21378787878787878,0.0828787878787879,-0.729090909090909,0.14681818181818182,0.36409090909090913,-0.1925757575757576,0.1806060606060606,-0.1610606060606061,-0.1592424242424242,-0.3733333333333334,-0.4431818181818182,0.03863636363636368,-0.050151515151515134,10000
MKKDTHPDYHFITVQMNDGSTYKTRSTYGSEGDTLVLDIDPTTHPAWTGGGQQILDRGGRVSRFKKKFGFIGS,0.11113169794520548,0.2549636308219178,0.006986976712328711,0.24606819315068496,0.18018031602739729,0.27972602739726027,-0.053698630136986315,-0.004931506849315081,0.02849315068493149,-0.11465753424657538,0.2065753424657534,0.06712328767123286,-0.10547945205479449,0.0667123287671233,-0.05972602739726028,-0.0019178082191780618,-0.33465753424657535,0.10589041095890411,-0.2694246575342466,-0.3093013698630137,-0.1752739726027397,0.2734520547945206,-0.0643972602739726,-0.012342465753424662,0.24794520547945204,-0.20616438356164382,0.10424657534246574,0.206986301369863,0.0708219178082192,-0.20383561643835618,0.022054794520547934,0.13575342465753423,-0.16698630136986306,0.13013698630136986,-0.2331506849315069,0.3545205479452055,-0.4405479452054794,0.05508219178082192,0.05394520547945206,0.0017945205479452055,-0.05452054794520548,-0.01954794520547946,-0.45054794520547936,0.12136986301369862,-1.8610917808219178,-0.9379479452054793,0.6097821917808219,-1.4434246575342466,-0.645068493150685,0.211917808219178,0.019589041095890367,0.000410958904109559,0.07945205479452055,0.19835616438356166,0.28479452054794513,0.21135616438356164,0.025205479452054803,-0.028356164383561637,-0.0007123287671232914,-0.8478356164383561,-0.16138356164383563,-0.1866164383561644,-0.05117808219178083,-0.044178082191780814,-0.43505479452054796,0.10445205479452056,0.3040821917808219,-0.6044684931506848,-0.30643835616438353,-0.20538767123287674,0.29333561643835615,0.4594287671232878,0.15613150684931507,-1.015221917808219,-0.19682465753424658,-0.22511369863013697,-0.35056575342465757,0.45589041095890415,-4.524657534246575,-0.049315068493150725,0.00589041095890411,0.06273972602739726,0.7347945205479453,-0.1646575342465753,-0.0819178082191781,-0.2741095890410959,0.12767123287671228,-0.06520547945205483,-0.046986301369863,0.2267123287671232,0.024383561643835622,-0.8156164383561644,0.07739726027397259,0.3341095890410959,-0.4397260273972603,0.35643835616438363,-0.38671232876712336,0.5236986301369863,-0.4953424657534247,-0.29479452054794525,-0.29630136986301364,0.08698630136986303,10000
MLFESISTLSNLKSASKSSMIASTGSTSSKSSNSIQCYTGCVGGGIFPIRQTSINIDINISISRGCGSCGGCACRY,-0.24744953513157897,0.412173125131579,-0.4980181434210527,0.3707146618421052,-0.07700800934210524,0.11394736842105262,-0.38078947368421057,0.17763157894736842,0.18276315789473685,0.1098684210526316,0.30144736842105263,0.08605263157894737,-0.1586842105263158,0.1222368421052632,-0.036973684210526325,-0.13644736842105268,-0.4415789473684209,0.22947368421052627,0.01871052631578948,-0.3324342105263157,-0.4324078947368421,0.310421052631579,-0.19111842105263155,0.0438684210526316,0.23539473684210527,-0.5506578947368421,0.32434210526315793,0.03552631578947367,-0.15065789473684205,-0.037894736842105266,-0.14894736842105258,-0.020921052631578913,-0.19447368421052627,-0.18710526315789477,-0.49486842105263146,0.45171052631578945,-0.49894736842105264,0.030921052631578953,0.12649999999999997,-0.027223684210526327,-0.02646052631578948,-0.08923684210526316,-1.066578947368421,-0.05052631578947368,-0.9503684210526316,-2.70206447368421,-0.3224078947368421,-0.8459210526315788,-1.835921052631579,-0.020526315789473726,0.3948684210526316,0.42973684210526314,0.0211842105263158,0.30302631578947364,0.125,0.2271184210526316,0.06213157894736843,-0.07260526315789474,0.09646052631578947,-1.0500789473684211,-0.3002894736842105,-0.3313815789473684,0.08286842105263156,-0.02753947368421051,-0.6670657894736842,0.11835526315789473,0.2293552631578947,-0.028997368421052706,-0.9389842105263159,-0.6819197368421053,-0.17743157894736847,0.43021447368421056,-0.2261131578947368,-1.0058171052631577,-0.6595421052631579,-0.6615526315789472,0.7704631578947365,1.1859184210526315,-5.783815789473684,-0.20657894736842103,0.080921052631579,0.35618421052631577,0.9886842105263159,-0.08052631578947367,-0.4777631578947368,-0.5206578947368421,-0.10078947368421058,-0.028552631578947402,-0.14776315789473685,-0.023684210526315842,-0.18026315789473682,-0.9994736842105262,0.053815789473684233,0.604078947368421,-0.4005263157894737,0.45631578947368423,-0.30776315789473685,0.4735526315789474,-1.0538157894736842,0.13710526315789473,-0.6190789473684211,0.056315789473684236,10000
MAMCELCGKKPMFGHNVSHSNRKTNRKFKPNVQRVTVILNGVPKRMRICTRCLRTLYKEAREA,0.15184362984126984,-0.08283253253968255,0.3872626507936507,0.22280105873015868,0.5434011357142856,0.18571428571428572,-0.263015873015873,-0.23428571428571435,-0.04333333333333331,0.25000000000000006,0.08460317460317462,0.1450793650793651,-0.06349206349206349,-0.025396825396825407,-0.07730158730158733,-0.051428571428571455,-0.1974603174603174,0.22666666666666668,-0.33084126984126977,0.1190952380952381,-0.1118253968253968,0.10785714285714286,0.03953968253968255,0.3814126984126984,-0.0873015873015873,-0.04301587301587302,0.23111111111111113,0.2765079365079365,0.04158730158730159,-0.07634920634920637,0.2958730158730159,-0.06238095238095236,0.039365079365079374,0.18253968253968253,-0.36492063492063503,0.43412698412698403,-0.1871428571428571,0.026063492063492066,-0.024063492063492065,-0.03282539682539683,-0.04884126984126985,-0.06101587301587302,-0.09634920634920632,0.0695238095238095,-1.1538111111111111,0.3982539682539682,0.24194761904761902,-0.4695238095238096,0.2252380952380951,0.020952380952380972,0.7304761904761906,0.11968253968253963,0.1542857142857143,-0.008730158730158723,-0.0419047619047619,0.22888888888888892,0.01873015873015874,-0.02690476190476191,-0.02858730158730159,-0.7912539682539681,-0.12571428571428572,-0.10015873015873016,0.02788888888888889,-0.14730158730158735,-0.08009523809523811,0.2814444444444445,0.13012698412698415,-0.30383968253968247,-0.5370603174603175,-0.4858079365079366,-0.34803492063492064,0.267542857142857,-0.09359523809523812,-0.8918000000000001,-0.27074761904761907,-0.29561904761904767,0.06361269841269847,0.3591253968253968,-4.202857142857143,0.41952380952380963,-0.32492063492063483,0.28158730158730155,0.4461904761904762,-0.1946031746031746,-0.08650793650793652,0.009047619047619016,0.05111111111111111,0.2833333333333334,0.058571428571428566,0.27380952380952367,0.06682539682539682,-0.756190476190476,0.3323809523809524,0.38412698412698415,-0.16396825396825393,0.21952380952380954,-0.07857142857142857,0.4485714285714285,-0.20285714285714285,-0.5223809523809524,0.14809523809523806,0.06349206349206349,10000
MPPRSIEEWFYYKLLSSPGFHRFVRKVYRKVNGIKEDPFTDQSTAFQYLYKPTPRQKFKALRLLFWDEMRSTFGFRRRLGDRFKKD,0.23717403534883721,0.012643063837209288,0.12765324302325576,0.1643651720930232,0.22402436930232558,0.12999999999999998,0.06011627906976741,-0.2708139534883721,-0.12593023255813954,0.012906976744186043,0.05825581395348835,0.08151162790697673,-0.028953488372093016,0.0986046511627907,-0.2513953488372094,0.005697674418604663,-0.08325581395348838,0.07337209302325581,-0.2585000000000001,-0.004755813953488355,0.19622093023255818,0.2100697674418604,0.16340697674418603,0.2290697674418605,0.0882558139534884,0.2340697674418605,0.005697674418604669,0.1836046511627907,-0.07872093023255813,-0.3961627906976744,0.21348837209302324,-0.05802325581395346,0.07767441860465119,0.14953488372093024,-0.14151162790697677,0.41790697674418603,-0.19116279069767445,0.022360465116279076,-0.04187209302325581,0.017453488372093016,-0.09603488372093023,0.012220930232558139,0.408139534883721,0.04732558139534886,-0.8752151162790697,1.396725581395349,1.002746511627907,-0.5302325581395351,0.9186046511627906,0.19465116279069766,0.25872093023255816,-0.2955813953488372,0.02697674418604651,0.04604651162790698,0.2927906976744186,0.21951162790697684,-0.01251162790697674,0.04102325581395349,-0.042732558139534894,-0.6063837209302324,-0.03665116279069767,0.023976744186046516,-0.11241860465116278,-0.1894883720930233,-0.029372093023255844,0.14776744186046514,0.24743023255813953,1.3008255813953489,-0.4616883720930232,-0.24638023255813954,0.10121511627906978,0.4127651162790698,0.2680848837209303,1.24656511627907,-0.02195813953488379,-0.39508372093023253,2.0740000000000007,0.30302674418604647,-3.038953488372093,0.322906976744186,-0.29290697674418603,-0.11918604651162795,0.30186046511627906,-0.09011627906976742,0.3048837209302326,0.2041860465116279,0.1608139534883721,0.18523255813953493,0.06011627906976744,0.14837209302325577,0.1930232558139535,-0.5894186046511628,0.22011627906976747,0.10674418604651162,-0.21209302325581397,0.26,-0.2686046511627907,0.014883720930232566,0.36627906976744184,-0.5043023255813954,0.05244186046511632,0.11430232558139539,10000
MPLFKFAIDVQYRSNVRDPRGETIERVLREEKGLPVKKLRLGKSIHLEVEAENKEKAYEIVKKACEELLVNPVVEEYEVREL,0.2417853359756098,-0.3309643404878049,0.2510417170731707,0.3985602036585366,0.021360740365853628,0.22804878048780486,-0.23890243902439023,-0.4101219512195122,-0.13048780487804879,-0.01682926829268295,0.05719512195121951,-0.02182926829268293,0.0870731707317073,0.15939024390243903,-0.021707317073170744,-0.018170731707317096,-0.2324390243902439,-0.03487804878048781,-0.5072073170731708,0.3561829268292683,0.010439024390243938,0.44598780487804873,0.16170731707317068,0.08857317073170733,-0.34817073170731705,0.005365853658536586,-0.010853658536585384,0.30463414634146335,-0.2082926829268293,-0.4196341463414634,0.13048780487804873,0.015365853658536575,-0.006097560975609756,0.1648780487804878,-0.31378048780487805,0.3002439024390244,-0.16085365853658537,0.025353658536585368,-0.05521951219512196,-0.09390243902439023,-0.08657317073170732,0.023926829268292673,0.026463414634146382,0.0679268292682927,-1.2725170731707316,0.35549024390243894,0.7986548780487804,-0.6740243902439025,0.3998780487804879,-0.8198780487804876,0.3158536585365853,-0.6209756097560977,0.4010975609756098,0.21158536585365856,-0.23378048780487806,0.2363658536585366,0.0024146341463414656,-0.024097560975609753,-0.10113414634146342,-0.7612073170731707,-0.23345121951219516,-0.13258536585365854,-0.06329268292682927,-0.1338048780487805,0.07735365853658534,0.15329268292682927,0.2075121951219512,-0.32865243902439006,-1.0203036585365852,-0.08592195121951222,0.05315365853658538,0.017310975609756092,0.4062707317073171,-0.49041463414634134,-0.31175121951219514,-0.303369512195122,-0.18262073170731702,-0.047256097560975624,-3.9415853658536584,0.5131707317073171,-0.1530487804878049,0.2204878048780488,0.40597560975609764,-0.18292682926829265,0.07817073170731706,0.06414634146341462,-0.07890243902439027,-0.09451219512195125,-0.26256097560975616,0.4232926829268292,0.07219512195121949,-0.7173170731707317,0.303780487804878,0.291219512195122,-0.29585365853658535,0.14878048780487801,-0.10536585365853661,0.25829268292682916,-0.26621951219512197,-0.7165853658536585,-0.5310975609756097,0.2079268292682927,10000
APTAFYGVR,-0.21724009777777775,0.15117379555555555,0.7106142,0.6624484444444445,0.5836752122222222,-0.08888888888888885,-0.15222222222222223,0.1077777777777778,0.003333333333333336,-0.14222222222222217,0.011111111111111103,0.4411111111111111,-0.16555555555555554,0.4033333333333333,-0.08777777777777779,-0.4388888888888889,-0.2733333333333333,0.16444444444444445,-0.135,-0.30077777777777776,-0.13488888888888886,0.4898888888888889,0.2078888888888889,0.12922222222222224,0.14555555555555555,-0.36777777777777776,0.19333333333333333,-0.14888888888888888,-0.21777777777777776,-0.4166666666666667,0.18555555555555556,0.0611111111111111,0.04111111111111107,0.12000000000000001,-0.25222222222222224,0.4744444444444444,-0.3955555555555556,-0.010888888888888889,0.10644444444444447,-0.018333333333333337,-0.10655555555555557,0.003555555555555546,-0.6166666666666667,-0.4466666666666666,0.3833333333333331,-2.0694333333333335,1.4942888888888888,0.04777777777777784,-1.6122222222222227,0.5477777777777778,0.5699999999999998,-0.23000000000000004,0.03222222222222225,0.09222222222222223,0.49666666666666676,0.2121111111111111,0.16177777777777777,0.02511111111111111,0.009555555555555555,-0.8845555555555557,-0.2782222222222222,-0.06377777777777777,0.04899999999999998,-0.42444444444444446,-1.0110000000000001,0.04288888888888888,0.4817777777777778,-1.4990666666666665,0.47996666666666665,-0.11256666666666668,0.5840000000000001,1.0017888888888888,0.10301111111111114,-2.382566666666666,0.8994555555555555,-0.3384222222222222,-1.3465666666666667,1.3995111111111112,-4.775555555555555,-0.7877777777777778,0.031111111111111162,0.06111111111111115,0.8955555555555554,0.15555555555555556,-0.18777777777777785,-0.3533333333333333,-0.07111111111111112,0.22111111111111112,-0.4166666666666667,0.057777777777777754,0.19222222222222227,-0.8722222222222222,-0.06333333333333331,0.34,-0.6577777777777777,-0.11555555555555551,-0.7511111111111112,-0.4677777777777777,-0.7077777777777777,-0.14111111111111116,-0.015555555555555545,0.17111111111111116,10000
MIFMRKVVAEVSIIPLGKGASVSKYVKKAIEVFKKYDLKVETNAMGTVLEGDLDEILKAFKEAHSTVLNDVDRVVSSLKIDERKDKENTIERKLKAIGEL,0.1074071745,-0.29335225270000004,0.011005734999999926,0.427931615,-0.03688348259999997,0.15579999999999994,-0.3395,-0.3143,-0.053200000000000004,-0.05530000000000002,0.21530000000000005,-0.040299999999999996,0.028199999999999992,0.16459999999999997,-0.050200000000000015,-0.0815,-0.3055,0.04279999999999999,-0.4060999999999999,0.28421,-0.05995999999999998,0.54117,-0.03645999999999998,0.0646,-0.3346,-0.1641,0.0684,0.26199999999999996,-0.04490000000000002,-0.5065,-0.049800000000000025,0.09579999999999998,-0.0915,0.13380000000000003,-0.4213,0.2990999999999999,-0.2783,0.01732,-0.019850000000000007,-0.11008000000000001,-0.09075,0.0006699999999999992,-0.27399999999999997,-0.032100000000000024,-1.0025989999999998,-0.516818,0.6631790000000001,-0.5934000000000003,-0.18539999999999998,-0.9588000000000001,0.41300000000000003,-0.4078000000000001,0.3568,0.24700000000000003,0.04379999999999999,0.23539000000000002,0.021710000000000004,-0.045739999999999996,-0.09323999999999998,-0.8558899999999998,-0.28604000000000007,-0.20195999999999997,-0.02410000000000001,-0.10906999999999999,-0.023520000000000027,0.11024,0.21250999999999998,-0.5998819999999999,-0.996329,-0.013958999999999989,-0.196167,0.3137110000000001,0.4010909999999999,-1.1349879999999999,-0.24569899999999997,-0.4734589999999999,-0.47654399999999997,0.10383999999999999,-4.5657,0.3558,-0.10890000000000001,0.39630000000000004,0.5577000000000001,-0.11459999999999998,-0.0614,-0.0876,-0.22360000000000002,-0.05860000000000004,-0.25170000000000003,0.35529999999999995,-0.07300000000000001,-0.8143,0.2883,0.41989999999999994,-0.2965,0.1593,-0.165,0.19609999999999997,-0.5932000000000001,-0.6541999999999999,-0.513,0.2492,10000
MQQGIHPDYHPVEVTCSCGNTFVTRTAGKEDHMFVDVCSQCHPFYTGKQKILDTGGRVARFEKRYGKKSK,0.10882664728571427,0.1099112448571428,0.020512577142857036,0.13627103285714287,0.164370554,0.2367142857142857,-0.09214285714285715,-0.06728571428571427,0.051428571428571455,0.052571428571428575,0.047428571428571424,0.05328571428571427,-0.03171428571428571,0.12585714285714283,-0.026714285714285715,-0.016142857142857136,-0.3068571428571428,0.11400000000000002,-0.3628714285714286,-0.11527142857142858,-0.20404285714285714,0.08198571428571429,-0.05785714285714286,0.13832857142857144,0.07714285714285712,-0.16328571428571426,0.14285714285714282,0.22128571428571422,0.1578571428571428,-0.058428571428571455,0.11971428571428573,0.08357142857142859,-0.03599999999999999,0.19628571428571426,-0.22914285714285718,0.3778571428571427,-0.3581428571428571,0.041528571428571415,0.021314285714285713,-0.011171428571428573,-0.019785714285714285,-0.04657142857142859,-0.3719999999999999,0.15642857142857147,-1.5438414285714281,-0.47729999999999984,0.12220285714285709,-1.0111428571428571,-0.35928571428571443,0.1715714285714285,0.1917142857142857,0.12771428571428567,0.128,0.08814285714285715,0.13328571428571429,0.2151142857142857,0.016242857142857153,-0.026671428571428568,-0.005414285714285719,-0.8300714285714286,-0.1491428571428572,-0.10631428571428572,-0.0043714285714285565,-0.08968571428571427,-0.3371142857142858,0.18187142857142857,0.2370428571428572,-0.6284671428571428,0.014027142857142835,-0.5611457142857142,0.22627714285714287,0.30822428571428573,0.10489000000000001,-1.1185428571428566,-0.16324857142857144,-0.11389714285714288,-0.362787142857143,0.2159128571428571,-4.414,0.03014285714285714,-0.09928571428571427,0.05414285714285716,0.629142857142857,-0.20199999999999996,-0.16071428571428573,-0.17800000000000002,0.07628571428571428,0.03571428571428569,0.049714285714285725,0.18042857142857135,0.059428571428571456,-0.7964285714285714,0.1215714285714286,0.34514285714285714,-0.3365714285714286,0.32714285714285707,-0.27357142857142863,0.6052857142857142,-0.4147142857142857,-0.20614285714285718,-0.12785714285714284,-0.06157142857142857,10000
MAKKPWKKKYGYGIRPCQRCGHVGPGLIRKYGLNLCRQCFREIAHKLGFKKLD,0.1649472726415094,0.0597837430188679,0.2995665320754716,0.10166501698113206,0.6468496358490565,0.11584905660377355,-0.044716981132075485,-0.07849056603773584,-0.09320754716981129,0.21150943396226413,0.034339622641509436,0.24,0.18339622641509434,0.015849056603773594,-0.13849056603773585,-0.14150943396226415,-0.14245283018867927,0.23339622641509433,-0.158245283018868,-0.07769811320754713,-0.020641509433962243,0.16854716981132076,-0.05637735849056605,0.2414905660377358,0.09056603773584901,0.019433962264150933,0.0490566037735849,0.1328301886792453,0.09018867924528304,-0.27811320754716984,0.5398113207547169,0.1588679245283019,-0.008490566037735844,0.25773584905660374,-0.2486792452830189,0.3477358490566037,-0.129622641509434,0.026679245283018863,-0.004264150943396219,0.003943396226415091,-0.06530188679245284,-0.004490566037735851,-0.05188679245283015,0.09018867924528302,-0.6192924528301885,0.5554981132075472,0.8968490566037735,-0.5118867924528304,0.04735849056603761,0.7645283018867927,0.4571698113207547,-0.19113207547169808,0.5337735849056604,0.0750943396226415,0.010754716981132085,0.21709433962264152,0.03899999999999999,0.023773584905660377,-0.08911320754716982,-0.7521509433962262,-0.02871698113207548,0.06711320754716983,0.01367924528301887,-0.3134716981132076,-0.2111698113207547,0.2559811320754718,0.40347169811320754,-0.2311415094339623,-0.08460943396226414,-0.4874886792452831,-0.06098113207547179,0.5684358490566037,0.08331509433962261,-1.153775471698113,0.2288075471698113,-0.5089188679245283,0.019224528301886767,0.2974094339622641,-3.9877358490566035,0.2530188679245283,-0.4894339622641509,0.19377358490566038,0.5183018867924527,-0.09339622641509429,0.015094339622641518,-0.025471698113207528,0.3779245283018867,0.37566037735849056,-0.043962264150943425,0.45943396226415084,-0.03490566037735851,-0.7318867924528302,0.3335849056603774,0.3481132075471698,-0.0922641509433962,0.37679245283018875,-0.32698113207547175,0.20886792452830183,-0.190943396226415,-0.4683018867924529,0.34415094339622637,-0.04471698113207545,10000
ISGTSMSCPHVAGRAYVLDTSLRVYLLDTGLR,-0.247924115,0.16604887375000005,-0.48289770312500013,0.5680401156249999,-0.11124355937499997,-0.057812499999999975,-0.35,-0.04718749999999999,0.08875000000000001,0.007500000000000007,0.18375,0.1434375,-0.134375,0.09937499999999999,0.04093749999999999,-0.20781249999999998,-0.3409375,0.14562499999999998,-0.09900000000000002,-0.11318749999999997,-0.20515625,0.5101249999999999,-0.0068437500000000095,0.13103125000000004,0.06499999999999999,-0.37875000000000003,0.296875,-0.03312500000000001,-0.2390625,-0.33812499999999995,-0.0996875,-0.15062499999999998,-0.14843750000000003,0.40187500000000004,-0.4496875,0.441875,-0.4425,-0.005562499999999998,0.08584375000000001,-0.04984375,-0.0753125,-0.05612500000000001,-0.6334374999999999,-0.20406249999999998,0.05223125000000006,-1.9553968749999997,0.282909375,-0.00968749999999996,-1.3528125000000002,-0.2134375,0.32312499999999994,0.12374999999999997,0.037500000000000006,0.2025,0.16156249999999997,0.22462500000000002,0.07884375000000002,-0.052218749999999994,0.023187499999999993,-0.94134375,-0.2491875,-0.24806249999999996,0.025812500000000002,-0.12453124999999998,-0.5329375,0.09809374999999998,0.21378124999999998,-0.5792656250000001,-0.859803125,-0.025734375000000087,-0.05944375000000004,0.302378125,-0.16955625000000002,-1.2511687499999997,-0.225465625,-0.49122187500000003,-0.4149062499999998,1.093428125,-5.10875,-0.17343749999999994,0.04500000000000001,0.3590625,0.8025,0.05750000000000003,-0.25187499999999996,-0.30781250000000004,-0.1896875,0.004062499999999969,-0.25625000000000003,0.05156249999999996,-0.024375,-0.900625,0.10156250000000001,0.5028125,-0.43906249999999997,0.1215625,-0.2778125,-0.07437500000000002,-0.913125,-0.30375,-0.369375,0.12031250000000003,10000
MNKTELIAKVAEKQGVSKKEGAPSVEKVFDTISEALKSGEKVSIPGFGTFEVRERAARKGRNPQTGEEIDIPATKAPAFKPAKALKDAVKAK,0.22018932934782606,-0.18197740293478257,0.04122564565217387,0.5067905956521739,0.10078424597826087,0.39489130434782604,-0.3327173913043478,-0.12826086956521743,-0.1741304347826087,-0.035326086956521736,0.12369565217391301,0.11217391304347826,-0.012391304347826083,0.2934782608695652,-0.07967391304347825,-0.11163043478260867,-0.36510869565217385,0.13130434782608696,-0.46667391304347833,0.11247826086956522,-0.2665978260869565,0.5392608695652175,0.16845652173913042,-0.01870652173913044,-0.2410869565217391,-0.3154347826086957,-0.13619565217391308,0.3331521739130434,-0.02858695652173912,-0.48032608695652174,0.1373913043478261,-0.012282608695652173,-0.11369565217391303,-0.02663043478260869,-0.40749999999999986,0.2863043478260869,-0.28293478260869565,0.06760869565217391,0.007097826086956522,-0.10556521739130434,-0.09655434782608695,0.03533695652173913,-0.6546739130434781,0.03358695652173913,-2.4651391304347827,-1.168203260869565,1.292988043478261,-1.6723913043478262,-0.6125000000000002,-0.5077173913043478,0.6485869565217391,-0.5651086956521738,0.3713043478260869,0.028152173913043463,0.20543478260869563,0.22709782608695656,0.06342391304347827,-0.0486195652173913,-0.07885869565217392,-0.9392173913043479,-0.3044673913043478,-0.23192391304347823,0.0083804347826087,-0.18217391304347827,-0.38416304347826075,0.17758695652173911,0.3866086956521739,-1.1923358695652175,-0.7269815217391304,-0.38500326086956527,0.12483260869565221,0.6370728260869566,0.3558445652173913,-1.9833086956521735,-0.06322826086956523,-0.43684456521739123,-0.8964032608695653,0.41476739130434775,-5.059021739130435,0.09456521739130434,-0.1069565217391304,0.3183695652173913,0.7547826086956525,-0.24913043478260863,-0.16826086956521744,-0.2885869565217392,-0.06641304347826088,-0.0026086956521739783,-0.29206521739130425,0.4558695652173913,0.09532608695652176,-0.8947826086956523,0.20869565217391303,0.4360869565217391,-0.4340217391304347,0.2,-0.4088043478260869,0.5883695652173914,-0.6926086956521739,-0.48956521739130443,-0.4159782608695652,0.39206521739130434,10000
AMASSLLSGWGGPTTLLVAPM,-0.506193468095238,0.13308032476190476,-0.6080542809523809,0.6991510619047618,-0.23874494857142853,-0.13428571428571429,-0.47571428571428565,0.20190476190476195,-0.18190476190476193,-0.12619047619047621,0.23714285714285713,0.3223809523809524,-0.18666666666666668,0.11666666666666665,0.12333333333333335,-0.5376190476190477,-0.431904761904762,0.1419047619047619,0.17747619047619048,-0.19223809523809518,-0.3864761904761905,0.7369523809523809,0.28552380952380957,-0.3304761904761904,-0.030000000000000006,-0.6876190476190477,-0.1657142857142857,-0.3857142857142858,-0.020000000000000018,-0.4685714285714286,0.07523809523809526,-0.31761904761904763,-0.49523809523809526,0.160952380952381,-0.5666666666666667,0.5428571428571428,-0.5914285714285714,-0.017095238095238094,0.1622857142857143,-0.0917142857142857,-0.07276190476190476,0.06995238095238095,-1.201428571428571,-0.5966666666666667,1.2043666666666666,-4.167828571428571,1.277195238095238,0.1371428571428571,-2.860952380952381,0.059047619047619036,0.4861904761904762,-0.5242857142857142,0.13000000000000003,-0.2952380952380952,0.30476190476190473,0.2251904761904762,0.1782857142857143,-0.058666666666666666,0.0349047619047619,-1.1146190476190476,-0.3525714285714286,-0.27319047619047615,0.08776190476190474,-0.27776190476190477,-0.8912380952380955,0.10299999999999997,0.31709523809523815,-1.697390476190476,-0.4266952380952381,-0.04979523809523814,-0.2770809523809524,0.6276571428571428,-0.20067142857142853,-2.919233333333333,0.5282523809523809,-0.534352380952381,-2.111861904761905,1.0801333333333332,-6.164761904761905,-0.9199999999999998,-0.08095238095238091,0.6180952380952381,1.0014285714285716,0.34857142857142853,-0.5476190476190476,-0.6347619047619047,-0.16809523809523816,-0.015238095238095252,-0.712857142857143,0.027619047619047554,-0.09285714285714286,-1.072857142857143,0.011904761904761904,0.7285714285714286,-0.3185714285714286,0.011428571428571446,-0.5828571428571429,-0.8357142857142857,-1.4528571428571428,0.08571428571428572,-0.237142857142857,0.3695238095238094,10000
MAHKKAGGSTRNGRDSNPKYLGVKRYGGELVKAGTIIIRQRGTKTHPGVNVGCGKDHTLFALKDGTVKFHTGGALNRKFVSIEE,0.1116941964285714,0.1115657121428571,0.32361532380952374,0.4108460654761905,0.5497140451190476,0.305,-0.14988095238095234,-0.012500000000000011,0.033690476190476194,0.006428571428571429,0.27297619047619054,0.2375,-0.0021428571428571525,0.07880952380952382,-0.03285714285714287,-0.10607142857142857,-0.3435714285714286,0.2253571428571429,-0.3470595238095238,-0.18874999999999995,-0.26557142857142857,0.43340476190476196,-0.14619047619047623,0.09500000000000001,0.08404761904761902,-0.3158333333333333,0.14464285714285716,0.26226190476190475,0.04750000000000001,-0.3177380952380953,0.21404761904761901,0.3026190476190476,-0.16452380952380952,0.20535714285714285,-0.3207142857142858,0.3076190476190476,-0.3369047619047619,0.056773809523809525,0.0545952380952381,-0.04819047619047619,-0.07338095238095238,-0.022488095238095245,-0.6511904761904763,0.08821428571428573,-1.9262559523809526,-1.2607142857142857,0.7642488095238097,-1.4114285714285713,-0.9790476190476192,0.2685714285714285,0.4232142857142859,-0.08130952380952383,0.5089285714285714,0.19154761904761908,0.03511904761904764,0.21897619047619055,0.06711904761904762,-0.026619047619047622,-0.04527380952380952,-0.9252857142857144,-0.1843809523809524,-0.178202380952381,0.013964285714285716,-0.1678571428571429,-0.5193452380952381,0.1912738095238095,0.48419047619047606,-1.308277380952381,-0.4007214285714286,-0.3145892857142857,0.2807119047619048,0.6898809523809524,0.05437261904761907,-2.256838095238095,-0.0755321428571429,-0.47386666666666666,-1.1817833333333336,0.6496333333333334,-5.016904761904761,0.07273809523809528,-0.10440476190476188,0.25821428571428573,0.870357142857143,-0.19928571428571426,-0.21821428571428578,-0.3663095238095238,0.2051190476190476,0.09583333333333333,-0.1688095238095238,0.5405952380952379,-0.12238095238095244,-0.8891666666666664,0.19761904761904764,0.44130952380952365,-0.46726190476190477,0.35166666666666674,-0.44202380952380965,0.6651190476190477,-0.7686904761904761,-0.5311904761904762,-0.15964285714285711,0.1442857142857143,10000
MSKKITLACAVCSSRNYSTNKNVSNQSTRLEVKKFCKTCGKHTLHRETK,0.18678321591836733,0.007587450816326516,-0.10403136326530625,0.21337728979591838,0.2469600630612245,0.28061224489795916,-0.2742857142857143,-0.15326530612244896,0.06428571428571428,0.35408163265306125,0.15816326530612246,0.015102040816326531,-0.2742857142857143,0.08530612244897959,-0.09775510204081633,0.12938775510204079,-0.2993877551020408,0.3012244897959184,-0.37371428571428583,0.08355102040816326,-0.2410408163265306,0.13420408163265304,-0.12689795918367347,0.3877551020408163,-0.05612244897959184,-0.15183673469387757,0.26816326530612244,0.40530612244897957,0.09612244897959184,-0.1746938775510204,0.10979591836734692,-0.19612244897959183,-0.04285714285714287,0.17020408163265305,-0.3981632653061225,0.44081632653061226,-0.29551020408163264,0.05585714285714286,-0.01210204081632653,-0.04320408163265306,-0.04846938775510205,-0.10440816326530614,-0.377142857142857,0.26510204081632655,-2.3159040816326533,0.002828571428571398,-0.2704693877551021,-1.1116326530612244,0.12571428571428575,-0.2099999999999999,0.8518367346938774,0.35999999999999993,0.09693877551020408,0.1436734693877551,0.1136734693877551,0.23148979591836735,0.0034897959183673487,-0.052244897959183675,0.04069387755102041,-0.850469387755102,-0.20975510204081635,-0.23069387755102042,-0.007265306122448974,0.029653061224489803,-0.1610204081632653,0.2378367346938776,0.08069387755102042,0.1857306122448981,-0.7767979591836734,-0.5241959183673469,-0.30129183673469384,0.34697959183673466,-0.1142857142857143,-0.3432591836734694,-0.6532897959183672,-0.3698,0.8164612244897957,0.37439183673469384,-4.5875510204081635,0.35816326530612247,-0.08489795918367343,0.2179591836734694,0.5961224489795919,-0.33428571428571435,-0.1895918367346939,-0.09183673469387757,-0.08877551020408164,0.24938775510204078,0.2016326530612245,0.14816326530612242,-0.04653061224489798,-0.813469387755102,0.21938775510204078,0.41469387755102044,-0.2981632653061224,0.3320408163265306,-0.05387755102040815,0.9104081632653062,-0.37244897959183676,-0.39795918367346955,-0.1395918367346938,0.03346938775510208,10000
MSAHCQVTGRKPGFGKSVSHSHVRTNRRWDPNIQRKTYYLPSEGRRITLTVSAKGIKTIDRDGIEAVVARLRARGEKI,0.1493317096153846,0.08180341025641025,0.0687468807692307,0.38793462435897436,0.3562154664102564,0.28564102564102567,-0.20435897435897432,-0.1376923076923077,-0.043461538461538454,0.08615384615384618,0.16679487179487174,0.16794871794871796,-0.07384615384615384,0.1053846153846154,-0.011410256410256414,-0.01256410256410257,-0.2628205128205129,0.22743589743589743,-0.38165384615384607,-0.06276923076923076,-0.15412820512820513,0.3103333333333333,-0.019038461538461535,0.3250897435897436,0.032435897435897455,-0.16576923076923078,0.31153846153846154,0.34269230769230763,-0.17269230769230767,-0.1782051282051282,0.007692307692307681,-0.013205128205128211,-0.12051282051282047,0.12153846153846157,-0.35589743589743594,0.38423076923076915,-0.2734615384615385,0.0465897435897436,0.01203846153846154,-0.03202564102564103,-0.08721794871794872,-0.06408974358974359,-0.3138461538461538,0.1342307692307692,-1.9569192307692311,-0.31413461538461535,0.6936423076923077,-1.1165384615384615,-0.195897435897436,-0.05371794871794872,0.608974358974359,0.09230769230769227,0.22474358974358977,0.23153846153846153,0.08743589743589743,0.2212820512820513,0.03787179487179489,-0.031435897435897434,-0.03550000000000001,-0.8307692307692307,-0.18447435897435902,-0.23698717948717948,-0.03393589743589743,-0.10165384615384615,-0.37180769230769234,0.2679358974358975,0.3185769230769231,-0.118675641025641,-0.9505282051282051,-0.3177705128205128,0.11834615384615386,0.48034230769230774,-0.0832025641025641,-0.7107448717948719,-0.39042435897435895,-0.4834448717948717,0.37389358974358977,0.8276435897435898,-4.42102564102564,0.2512820512820513,-0.08653846153846154,0.17961538461538465,0.6789743589743589,-0.25294871794871787,-0.05923076923076923,-0.1515384615384615,0.025128205128205114,0.16833333333333333,-0.07051282051282053,0.3664102564102563,0.09358974358974358,-0.7957692307692307,0.18884615384615389,0.3752564102564103,-0.4125641025641026,0.31461538461538463,-0.24384615384615388,0.6764102564102564,-0.428974358974359,-0.6925641025641026,-0.08346153846153842,0.16589743589743589,10000
MAKEDVIEVEGTVIEPLPNAMFRVELENGHKILAHVSGKIRMNFIRILPGDKVTVELSPYDLTRGRITYRYK,0.05074097666666668,-0.12396130291666665,0.4262161472222222,0.3767512638888889,0.24107845333333333,0.09805555555555555,-0.2544444444444445,-0.30000000000000004,-0.01805555555555553,-0.10500000000000001,0.11791666666666667,0.07277777777777777,-0.002083333333333323,0.051527777777777777,-0.0029166666666666724,-0.12680555555555553,-0.25069444444444444,0.02569444444444445,-0.2733333333333333,0.10727777777777778,-0.005624999999999991,0.3957777777777778,0.1075,0.08236111111111113,-0.13444444444444445,-0.09749999999999999,0.1726388888888889,0.14666666666666664,-0.10277777777777777,-0.2851388888888889,0.01458333333333333,0.0898611111111111,-0.013333333333333315,0.09916666666666668,-0.34194444444444444,0.37930555555555556,-0.28,0.0027083333333333313,0.0014583333333333347,-0.05500000000000001,-0.07980555555555555,-0.0006666666666666673,-0.12152777777777778,-0.09249999999999999,-0.32785694444444463,-0.4052138888888888,0.8356152777777779,-0.25791666666666657,-0.24444444444444452,-0.47430555555555565,0.31916666666666665,-0.3606944444444445,0.1547222222222222,0.2504166666666667,-0.14,0.23034722222222223,0.035430555555555555,-0.02083333333333333,-0.06852777777777778,-0.8012361111111111,-0.24306944444444442,-0.15269444444444444,-0.04630555555555555,-0.14272222222222222,-0.07461111111111114,0.11666666666666664,0.14626388888888886,-0.6996041666666667,-0.7527236111111111,0.13784166666666664,-0.10340277777777779,0.2084069444444444,0.24705972222222222,-0.9814472222222221,-0.049258333333333314,-0.26681666666666665,-0.7362138888888888,0.2017222222222222,-4.226805555555556,0.18472222222222226,-0.12916666666666665,0.27875,0.46749999999999997,-0.03208333333333332,-0.020555555555555563,-0.051527777777777777,-0.11888888888888889,-0.028611111111111125,-0.29374999999999996,0.304861111111111,0.0748611111111111,-0.7651388888888889,0.2131944444444444,0.3581944444444444,-0.2638888888888889,0.12527777777777777,-0.18111111111111114,-0.04402777777777785,-0.4454166666666667,-0.5955555555555557,-0.3387499999999999,0.19319444444444445,10000
MLELIGRIDYRLGVGALIVALIIVIIVWTIAYIEYRKLVRQRRIDWLVKRIKERAEDSGNESGGDTEELETMVDMGHLRLLDGNDL,-0.03378346093023255,-0.24075695976744188,0.26705639186046504,0.43068216395348835,0.15284741651162792,-0.011046511627906956,-0.26709302325581386,-0.2712790697674418,-0.03848837209302326,-0.08046511627906977,0.27034883720930236,-0.017093023255813935,0.11720930232558137,0.028720930232558138,0.06302325581395349,-0.13720930232558137,-0.23930232558139536,-0.037093023255813956,-0.15108139534883724,0.22240697674418608,0.047593023255813986,0.5191279069767443,-0.11850000000000001,0.04929069767441863,-0.26151162790697674,-0.11255813953488374,0.1891860465116279,0.10290697674418604,-0.38988372093023255,-0.2865116279069768,0.008255813953488362,0.19930232558139532,-0.10151162790697675,0.10639534883720929,-0.36302325581395345,0.3161627906976744,-0.26627906976744187,-0.017674418604651163,-0.0030000000000000027,-0.08811627906976746,-0.07468604651162791,0.00032558139534883556,-0.07232558139534878,-0.11232558139534882,0.1864697674418604,-0.5127558139534882,0.4454604651162791,0.16697674418604652,-0.34372093023255834,-0.8022093023255813,0.008720930232558162,-0.26104651162790693,0.4623255813953489,0.3302325581395349,-0.12220930232558139,0.23210465116279064,0.01780232558139536,-0.034755813953488375,-0.1002906976744186,-0.8004999999999999,-0.24480232558139536,-0.2041860465116279,-0.04708139534883722,-0.10823255813953488,-0.05132558139534885,0.12866279069767445,0.2524767441860465,-0.741486046511628,-1.1006476744186044,0.3269186046511628,-0.12051046511627908,0.038597674418604684,0.23304534883720937,-1.147873255813953,-0.3104209302325581,-0.4531058139534884,-0.9328372093023255,0.3075779069767441,-4.241744186046511,0.39651162790697675,-0.0623255813953488,0.4055813953488373,0.5748837209302325,0.029186046511627945,0.03686046511627907,-0.05139534883720931,-0.11802325581395354,-0.1324418604651163,-0.34046511627906983,0.3509302325581395,-0.175,-0.7653488372093022,0.29151162790697677,0.4198837209302326,-0.3224418604651163,0.18860465116279077,-0.09686046511627912,-0.1298837209302327,-0.5762790697674419,-0.7536046511627905,-0.5138372093023256,0.13011627906976744,10000
MSERNNRKVLVGRVVSDKMDKTITVLVETYKKHPLYGKRVKYSKKYKAHDENNVAKVGDIVKIMETRPLSATKRFRLVEVVEKAVIV,0.19464327310344823,-0.1755443582758621,0.2031886367816091,0.37319718505747124,0.20236459080459773,0.17965517241379314,-0.28597701149425286,-0.3855172413793103,-0.0674712643678161,0.024712643678160888,0.1511494252873563,0.04632183908045976,-0.05505747126436784,0.11425287356321838,-0.04068965517241381,-0.01758620689655171,-0.2420689655172414,0.1479310344827586,-0.5895057471264368,0.20854022988505752,0.0023793103448275905,0.39906896551724147,-0.03328735632183909,0.34280459770114946,-0.19735632183908047,-0.04022988505747127,0.3139080459770115,0.3710344827586207,0.09045977011494254,-0.4509195402298851,-0.049655172413793136,0.030689655172413788,-0.12827586206896555,0.2532183908045976,-0.4042528735632183,0.3698850574712644,-0.2264367816091953,0.021885057471264357,-0.0363448275862069,-0.0658735632183908,-0.10872413793103446,-0.056298850574712664,-0.05482758620689654,0.048505747126436786,-1.2899563218390808,0.32597586206896545,0.7742586206896552,-0.6167816091954021,0.34287356321839085,-0.6087356321839081,0.7151724137931037,-0.20896551724137935,0.24586206896551716,0.3710344827586207,0.029885057471264385,0.23196551724137937,0.018816091954022993,-0.0353103448275862,-0.08454022988505748,-0.7875747126436781,-0.21801149425287364,-0.1589310344827586,-0.028954022988505752,-0.1174367816091954,-0.005747126436781642,0.15700000000000003,0.15378160919540232,-0.1443333333333333,-0.9594885057471264,-0.12544942528735636,-0.19298965517241373,0.36185632183908045,0.2486655172413794,-0.6176241379310344,-0.2295988505747127,-0.43548275862068964,0.10999999999999999,0.2039954022988506,-4.14264367816092,0.4287356321839081,-0.17643678160919543,0.30241379310344835,0.4396551724137929,-0.1935632183908046,0.006666666666666651,0.03172413793103448,-0.17724137931034487,0.16666666666666666,-0.13436781609195403,0.3594252873563219,0.03758620689655173,-0.7501149425287356,0.3048275862068966,0.3478160919540231,-0.264367816091954,0.10896551724137928,-0.11413793103448276,0.30781609195402304,-0.37310344827586206,-0.8581609195402302,-0.20413793103448274,0.17827586206896556,10000
MTTKFVFDLLAPDDILHPSNHVNLIIRLIEVEHIIIATTMPAV,-0.27640749697674416,-0.2621339427906977,0.04769489302325572,0.3807987372093023,-0.18309821162790696,-0.17511627906976743,-0.4355813953488372,-0.3597674418604651,0.13627906976744183,-0.23093023255813952,0.03837209302325582,-0.023023255813953498,-0.13372093023255813,-0.02046511627906977,0.07511627906976744,-0.27418604651162787,-0.28488372093023256,-0.07930232558139536,0.0545813953488372,0.243046511627907,0.039093023255813986,0.4069302325581395,0.26600000000000007,-0.039953488372093025,-0.31093023255813956,-0.1927906976744186,0.20162790697674424,-0.14255813953488375,-0.027906976744186077,-0.26232558139534884,-0.2837209302325581,-0.11372093023255818,0.29000000000000004,-0.057674418604651195,-0.4109302325581396,0.5127906976744185,-0.4518604651162791,-0.06232558139534883,0.023325581395348835,-0.07874418604651162,-0.06411627906976744,0.013209302325581396,-0.1790697674418604,-0.3904651162790698,1.8633837209302322,-1.3007,0.6913069767441861,1.101627906976744,-0.7613953488372094,-1.0562790697674418,0.3793023255813954,-0.312093023255814,-0.33837209302325577,0.16186046511627905,-0.20953488372093027,0.237093023255814,0.05944186046511629,-0.032441860465116275,-0.0647906976744186,-0.836372093023256,-0.42109302325581394,-0.24660465116279073,-0.09888372093023254,-0.09562790697674418,0.11927906976744192,0.06544186046511627,-0.19216279069767442,-1.453604651162791,-0.6233488372093023,1.0447279069767443,-0.5304186046511628,0.16838372093023254,0.14863720930232563,-1.2977511627906975,0.48330697674418605,0.018839534883720935,-2.214655813953488,-0.1861279069767442,-4.440232558139535,-0.3109302325581395,0.04162790697674419,0.39744186046511626,0.33372093023255817,0.2593023255813954,-0.15534883720930234,-0.0358139534883721,-0.6304651162790699,-0.09837209302325585,-0.4234883720930232,-0.006046511627906976,0.18720930232558142,-0.8032558139534886,0.0027906976744186164,0.44860465116279075,-0.16604651162790698,-0.09139534883720928,-0.08604651162790695,-0.8027906976744185,-0.601860465116279,-0.374186046511628,-0.3267441860465117,0.39744186046511626,10000
MANSAQARKRARQAAKANSHNSALRSKFRTAIKAVRKAIDAGDKAKAAEIFQASSKTIDIIADKNIVHKNKAARHKSRLAAAIKGLQASAAQ,0.17711102858695646,-0.3693574016304348,-0.43057215978260865,0.5149349413043478,0.12180691163043474,0.3714130434782609,-0.34619565217391307,-0.1609782608695652,-0.023369565217391284,0.223695652173913,0.2280434782608696,0.19434782608695655,-0.041413043478260865,0.3595652173913044,-0.021521739130434786,-0.07902173913043477,-0.3419565217391305,0.2781521739130434,-0.29793478260869566,0.30184782608695654,-0.2619239130434782,0.5204239130434782,-0.07222826086956523,0.17514130434782604,-0.44576086956521743,-0.36663043478260876,-0.05999999999999996,0.38652173913043475,-0.16086956521739126,-0.4230434782608696,-0.07423913043478264,-0.02652173913043479,0.08630434782608695,-0.2259782608695652,-0.43586956521739123,0.3360869565217391,-0.2895652173913044,0.058076086956521736,-0.018315217391304345,-0.14658695652173911,-0.0851195652173913,-0.010391304347826086,-0.6905434782608696,0.01880434782608696,-2.6072510869565213,-1.011320652173913,0.5729369565217391,-1.2847826086956522,-0.4122826086956523,-0.8406521739130434,1.0979347826086956,0.02608695652173911,0.4270652173913043,-0.17043478260869566,0.2927173913043478,0.23106521739130437,0.04160869565217393,-0.05342391304347827,-0.07622826086956523,-0.9436413043478262,-0.26355434782608694,-0.3200108695652174,-0.01580434782608695,-0.10208695652173914,-0.45702173913043476,0.28247826086956523,0.4818152173913045,-0.8693423913043477,-1.0727880434782608,-0.1612,0.032379347826086986,0.6676532608695653,-0.08720760869565217,-1.791636956521739,-0.3343434782608696,-0.6640065217391303,-0.3587989130434782,0.8725391304347826,-5.184782608695652,0.22326086956521746,-0.0053260869565217184,0.3821739130434782,0.8945652173913041,-0.2898913043478261,-0.186304347826087,-0.277608695652174,-0.20739130434782616,0.22891304347826077,-0.06923913043478264,0.4276086956521738,-0.11489130434782609,-0.9117391304347827,0.20347826086956525,0.5289130434782607,-0.5202173913043479,0.31130434782608696,-0.2672826086956522,0.8549999999999998,-0.5043478260869565,-0.5428260869565218,-0.05521739130434778,0.6052173913043477,10000
MTGREGGKKKPLKQPKKDGKEMDEEDMAFKQKQKEQQKAMEAAKQKAAKGGPLVTGGIKKSGKK,0.5684369365624999,-0.20585451140625005,0.041640789062499926,0.22912361562499997,0.36224228515625007,0.6675,-0.16703125000000002,-0.15953124999999999,-0.3721875,0.10421875,0.17265624999999998,0.12515625,0.16703124999999996,0.23,-0.104375,0.03359375000000001,-0.343125,0.21000000000000002,-0.600984375,0.09475000000000006,-0.29370312499999995,0.40378125,0.019890625000000002,-0.049437499999999954,-0.21484374999999997,-0.19296875000000002,-0.37812500000000004,0.58078125,0.41609375000000004,-0.4523437500000001,0.5349999999999999,0.13437499999999997,-0.37859375,0.016718749999999998,-0.33875,0.21031249999999996,-0.17093750000000002,0.12643749999999998,-0.03921875,-0.09437500000000001,-0.077921875,0.05834375,-0.5643750000000001,0.33984375,-4.3077015625,-0.13431249999999995,1.4173499999999999,-2.94265625,0.0485937499999998,-0.001562500000000036,0.6140625,-0.653125,0.8060937499999999,-0.20968750000000003,0.36546875,0.21682812499999998,0.005781250000000007,-0.056281250000000005,-0.13234375,-0.913734375,-0.07709375000000002,-0.08893750000000002,0.04790625,-0.183546875,-0.25717187500000005,0.23746874999999998,0.58209375,-1.1186296875000001,-0.502115625,-1.1339640625,0.16203906250000003,0.612325,0.5359437499999999,-2.354440625,-0.34032187500000005,-0.49991406250000003,-0.6562890625,-0.10712031249999995,-4.93890625,0.60375,-0.4609375,0.3596875,0.7187499999999999,-0.47031249999999997,-0.09484375,-0.2753125,0.40484374999999995,0.11906249999999995,-0.09312499999999999,0.74125,-0.08093750000000001,-0.8681249999999999,0.48078124999999994,0.43125,-0.24078124999999997,0.4659375,-0.3921875,1.1559374999999998,-0.54875,-0.68515625,-0.15796874999999996,0.27734375,10000
MANHSSAKKAARQTVKRTLINKKRSSAIKTFIKKVAHEISLGNKENANLALSVAQSKIMQGVKKNIIKLNTASRKISRLSKQIKSLNESK,0.2149126614444444,-0.19224255055555553,-0.2677296400000001,0.399440191111111,0.1643557126666667,0.32244444444444437,-0.3493333333333333,-0.3182222222222222,-0.04744444444444444,0.2142222222222222,0.2894444444444445,0.12044444444444447,-0.13866666666666666,0.14133333333333334,-0.07255555555555555,0.021666666666666678,-0.2907777777777778,0.29066666666666663,-0.33893333333333336,0.2267222222222222,-0.13208888888888887,0.48568888888888884,-0.06605555555555556,0.2909,-0.27055555555555555,-0.18911111111111115,0.1651111111111111,0.42911111111111117,0.09222222222222223,-0.4903333333333333,-0.019000000000000003,-0.08755555555555554,-0.06444444444444442,-0.20111111111111113,-0.4766666666666666,0.43511111111111106,-0.25433333333333336,0.05064444444444445,-0.025355555555555555,-0.09923333333333334,-0.1135,-0.04534444444444445,-0.3848888888888889,0.09566666666666664,-2.218726666666667,-0.24505111111111116,0.6961822222222221,-1.1904444444444444,0.07933333333333313,-0.6787777777777778,1.1952222222222224,-0.07300000000000001,0.3228888888888889,0.16455555555555554,0.07200000000000001,0.23821111111111115,0.014488888888888895,-0.05144444444444443,-0.05982222222222223,-0.8811555555555556,-0.24285555555555555,-0.27825555555555553,-0.03992222222222222,-0.05285555555555555,-0.08272222222222225,0.21649999999999994,0.2502111111111111,0.17128777777777787,-1.4779044444444445,-0.1734055555555556,-0.33130222222222216,0.5822666666666666,0.002784444444444456,-0.5292966666666666,-0.48496888888888895,-0.7413066666666667,0.7594144444444442,0.4201755555555555,-4.761,0.4658888888888888,-0.14322222222222217,0.4066666666666666,0.6196666666666666,-0.26855555555555555,-0.12322222222222225,-0.11711111111111117,-0.17588888888888887,0.30022222222222217,-0.09100000000000004,0.397,-0.13455555555555557,-0.8405555555555555,0.29488888888888887,0.46599999999999997,-0.28544444444444445,0.3234444444444444,-0.12322222222222222,0.6125555555555554,-0.4371111111111112,-0.7891111111111111,-0.1971111111111111,0.48455555555555563,10000
MAATARHYDTILSPVITEKATLLSEQNKVVFRVSADASKDEIAAAVEELFKVKVTKVNTLVTKGKTKRFRGIIGRRSDVKKAIVTLAEGQSIDITTGL,0.017635756428571424,-0.22081558357142864,0.04741946632653049,0.5686000459183673,0.08643907459183674,0.13622448979591836,-0.4119387755102041,-0.21744897959183668,-0.04704081632653061,-0.010102040816326537,0.2363265306122449,0.02887755102040816,-0.13551020408163264,0.22459183673469385,-0.011428571428571423,-0.11102040816326529,-0.34091836734693876,0.125,-0.3351428571428571,0.19821428571428573,-0.1551020408163265,0.5767346938775509,-0.02800000000000002,0.1894183673469388,-0.2987755102040816,-0.3023469387755102,0.23908163265306123,0.2671428571428571,-0.1303061224489796,-0.44326530612244897,-0.033367346938775515,-0.0423469387755102,-0.09163265306122448,0.04918367346938775,-0.46244897959183673,0.3811224489795918,-0.33775510204081627,0.016224489795918368,0.012336734693877555,-0.11132653061224489,-0.10509183673469387,-0.03689795918367347,-0.49561224489795913,-0.06908163265306122,-1.1613724489795916,-1.1821632653061225,0.7018051020408165,-0.5987755102040818,-0.6288775510204082,-0.8748979591836734,0.6641836734693877,-0.15663265306122448,0.26285714285714284,0.2673469387755102,0.24132653061224488,0.2318673469387755,0.05492857142857144,-0.06279591836734695,-0.060163265306122454,-0.9139693877551017,-0.3623979591836734,-0.2970918367346939,-0.005163265306122449,-0.10598979591836737,-0.25775510204081636,0.13157142857142856,0.2269285714285714,-1.0244581632653063,-0.9831397959183674,0.022130612244897936,-0.09427653061224486,0.5389316326530612,0.24443163265306125,-1.6954704081632652,-0.18922653061224487,-0.4853448979591837,-0.9353295918367348,0.4751785714285714,-4.930918367346939,0.1635714285714286,0.03806122448979594,0.4131632653061225,0.7091836734693877,-0.11755102040816325,-0.1684693877551021,-0.2016326530612245,-0.33806122448979586,0.0348979591836734,-0.2742857142857143,0.25969387755102036,-0.03489795918367347,-0.8739795918367349,0.2009183673469388,0.4638775510204081,-0.46459183673469384,0.08581632653061223,-0.2330612244897959,0.2361224489795918,-0.8438775510204082,-0.7356122448979592,-0.5116326530612245,0.2726530612244898,10000
MIKNEQPPLSFEEAMEQLEEVVEQLEQGDVPLEEAISMFQKGMNLSKVCHEKLATVEKQMDQILKEDGNFEETVLQEEQE,0.24306424,-0.4517966586249999,-0.14940835625,0.21935852874999995,-0.474732071875,0.35424999999999995,-0.21175000000000002,-0.40575,-0.16562499999999997,-0.07087500000000002,0.08524999999999999,-0.21912500000000001,0.095,0.18525,0.10699999999999998,0.056625,-0.34875,-0.23025,-0.4391375,0.44925,-0.1273625,0.31716249999999996,0.17733750000000004,-0.273725,-0.515625,-0.10200000000000001,-0.32875000000000004,0.28474999999999995,0.014999999999999996,-0.16399999999999998,0.13962499999999997,-0.016249999999999987,-0.07712499999999999,-0.18837500000000001,-0.23687500000000003,0.337625,-0.30687500000000006,0.04063750000000001,-0.05546249999999999,-0.1275,-0.005812500000000004,0.07013749999999999,-0.19,0.12525000000000003,-1.8337925,-0.39512124999999987,0.08016749999999999,-1.1456250000000001,0.132875,-1.2265000000000001,-0.11637499999999996,-0.6248750000000001,0.36387500000000006,-0.127875,-0.18950000000000006,0.235075,-0.056437499999999995,-0.07008750000000001,-0.06972500000000001,-0.8244874999999998,-0.239575,-0.1781,-0.06059999999999999,0.03165,0.14909999999999998,0.099425,0.14652499999999996,-0.89351625,-0.7706662499999999,-0.36675375000000004,0.17994625000000003,-0.45961125,0.5331775000000001,-0.82411875,-0.644115,0.04803875,-0.958995,-0.74302625,-4.29925,0.49812499999999993,-0.03987500000000001,0.21037499999999998,0.445,-0.211125,-0.07075000000000001,-0.05962500000000002,-0.1015,-0.4271250000000001,-0.23312499999999997,0.242875,-0.07512500000000004,-0.7665000000000001,0.26312499999999994,0.343875,-0.290625,0.26375,-0.007374999999999991,0.4008749999999999,-0.37699999999999995,-0.35137500000000005,-0.9315000000000001,0.23012500000000005,10000
MANDLKLILELSAGAELLFGNIKRRQLSLDGSQKWTIGSLLKWMHANILTRSPELFIQGDTVRPGILVLVNDTDWELLGGLDYELQQNDNILFISTLHGG,-0.08917057789999999,-0.07782543669999999,-0.30469445300000003,0.4083201119999999,-0.15435502920000002,0.03440000000000001,-0.2145,-0.15909999999999996,-0.010799999999999999,-0.08660000000000002,0.29000000000000004,0.00899999999999999,0.013000000000000005,-0.038500000000000006,0.024000000000000004,-0.14560000000000003,-0.29279999999999995,-0.03929999999999999,-0.018850000000000006,0.05482000000000005,-0.03631999999999998,0.55735,-0.011680000000000029,-0.15891,-0.11369999999999997,-0.19660000000000002,-0.04590000000000002,-0.021699999999999994,-0.19190000000000002,-0.42599999999999993,0.10790000000000001,0.06519999999999998,-0.030799999999999984,-0.023999999999999976,-0.31739999999999996,0.3892,-0.39339999999999997,-0.0018499999999999957,0.036160000000000005,-0.07345000000000002,-0.06842000000000001,0.040619999999999996,-0.30929999999999996,-0.14299999999999996,0.07072299999999995,-1.20054,0.532725,-0.15450000000000014,-0.7709,-0.49439999999999995,0.010599999999999997,-0.32289999999999996,0.3127000000000001,0.1681,-0.0738,0.22978,0.022209999999999997,-0.03908999999999999,-0.062140000000000015,-0.8571799999999997,-0.24153,-0.22053999999999999,-0.06902000000000001,-0.07918999999999998,-0.12937000000000004,0.07418999999999999,0.2479099999999999,-0.9330339999999999,-0.951357,0.5167020000000001,-0.05561700000000002,0.13351000000000002,0.09127299999999999,-1.177007,-0.09658900000000001,-0.38234700000000005,-1.2491570000000003,0.19167400000000004,-4.5576,0.07709999999999999,0.022799999999999983,0.34380000000000005,0.6571000000000001,0.08540000000000006,-0.06330000000000001,-0.1769,-0.06840000000000006,-0.14639999999999997,-0.33490000000000003,0.24989999999999996,-0.2184,-0.8163000000000001,0.1612,0.4280999999999999,-0.36339999999999995,0.22379999999999994,-0.2134,-0.23600000000000002,-0.5729000000000001,-0.4224000000000001,-0.5511,0.33880000000000005,10000
QPSYDYDEEEDDRAKLRLDAR,0.6646351576190478,-0.1518745038095238,-0.7849299142857143,0.2224883095238095,-0.63639301,0.6776190476190477,0.017142857142857144,-0.2723809523809524,-0.06761904761904763,-0.0652380952380952,-0.045238095238095244,-0.3095238095238095,0.15000000000000005,0.23428571428571432,-0.12142857142857144,0.3857142857142857,-0.29619047619047617,-0.19714285714285718,-0.662904761904762,0.15847619047619044,-0.04585714285714283,0.22552380952380952,0.14390476190476192,-0.24061904761904765,-0.055714285714285765,0.12142857142857141,-0.5042857142857142,0.560952380952381,-0.6323809523809525,-0.26666666666666666,-0.1628571428571429,-0.07333333333333333,0.18666666666666668,0.2690476190476191,-0.08714285714285713,0.010476190476190477,-0.24285714285714288,0.12642857142857142,-0.09604761904761906,-0.04790476190476191,-0.027095238095238092,0.05895238095238095,0.07238095238095245,0.5123809523809525,-4.790119047619047,1.311952380952381,0.047219047619047584,-2.6880952380952383,1.3695238095238098,-1.0699999999999998,-0.7485714285714286,-0.2795238095238095,0.006666666666666672,0.005238095238095232,0.24333333333333335,0.2147619047619048,-0.12357142857142858,-0.05852380952380953,-0.062095238095238106,-0.6808095238095238,-0.03304761904761906,-0.23533333333333334,-0.16585714285714287,0.193,-0.05271428571428575,0.08866666666666667,0.2925238095238096,0.06801428571428572,-1.2649285714285714,0.004928571428571383,0.6285999999999999,-0.6757904761904762,0.41312857142857123,0.7989571428571431,-1.3484142857142853,0.1218095238095238,0.8910380952380953,0.3399666666666666,-3.4576190476190476,0.8147619047619047,0.19809523809523802,-0.18,0.5538095238095238,-0.5733333333333334,0.4671428571428572,0.07809523809523808,0.16476190476190478,-0.5852380952380952,0.3052380952380952,0.3019047619047619,0.2619047619047619,-0.6347619047619049,0.2061904761904762,0.09476190476190477,-0.6438095238095238,0.4147619047619048,-0.0219047619047619,1.4952380952380953,0.5314285714285714,-0.1447619047619048,-0.8395238095238097,0.3557142857142857,10000
MNYKVFCLVAIALIVGSIGSANGQAAFTEEQCSVERLARVNCGYSGITPQECTKQGCCFDSTIQDAPWCFYPRATPEY,-0.16033135435897433,0.07307301935897435,-0.030475725641025714,0.2943858525641026,-0.05377689846153846,0.024102564102564117,-0.2641025641025641,0.07333333333333335,0.05628205128205129,0.055128205128205106,0.04371794871794872,0.016153846153846158,-0.05141025641025641,0.20897435897435898,0.015128205128205124,-0.18794871794871795,-0.35320512820512817,0.01743589743589744,-0.09606410256410258,-0.07715384615384613,-0.25641025641025644,0.1943974358974359,-0.012205128205128216,-0.025987179487179473,-0.015641025641025638,-0.34423076923076923,0.0992307692307692,-0.04128205128205129,-0.18384615384615385,-0.03012820512820513,0.13666666666666666,-0.019999999999999987,0.03858974358974358,-0.12282051282051284,-0.3055128205128205,0.4212820512820512,-0.41051282051282045,0.004410256410256412,0.06528205128205129,-0.03965384615384615,-0.0068461538461538525,-0.02515384615384616,-0.6370512820512821,-0.11115384615384617,-0.19663717948717943,-1.7297089743589744,-0.10607051282051283,-0.19012820512820505,-1.1855128205128205,-0.14307692307692307,0.09846153846153848,0.08499999999999998,0.08769230769230771,0.15025641025641026,0.12384615384615383,0.22252564102564107,0.04964102564102564,-0.04806410256410255,0.0252051282051282,-0.9166410256410259,-0.29762820512820515,-0.17991025641025646,0.051576923076923076,-0.1231666666666667,-0.5120128205128205,0.09624358974358976,0.1980769230769231,-1.2038076923076924,-0.08017179487179484,-0.3172705128205129,0.1139923076923077,0.16401410256410257,0.058130769230769236,-1.738858974358974,-0.06074230769230768,-0.1421115384615384,-1.1272846153846159,0.5037410256410256,-4.937051282051281,-0.28064102564102555,0.08615384615384618,0.2024358974358974,0.7812820512820513,-0.004743589743589724,-0.28602564102564104,-0.29282051282051286,-0.1302564102564103,-0.09012820512820513,-0.19128205128205125,-0.05217948717948723,-0.05153846153846158,-0.8780769230769232,0.03474358974358975,0.45499999999999996,-0.4405128205128205,0.18487179487179486,-0.29000000000000004,0.0797435897435897,-0.6985897435897436,0.13807692307692307,-0.5187179487179486,0.0025641025641025975,10000
MAKAAKTIKLEQTGSAIRRHHSQRSTLIGLKLNKIGRTSELPDTPAVRGMIEKVHHLVRIVDEK,0.1299617171875,-0.19590915984375,-0.0564543500000001,0.415191415625,0.21133057609374997,0.2475,-0.31171875,-0.2996875,-0.06265625,0.076875,0.1553125,0.12968749999999998,-0.06046874999999998,0.10421875,0.044062500000000004,-0.04937499999999999,-0.28015625,0.1871875,-0.294921875,0.20271875000000003,-0.13365624999999998,0.43225,0.06999999999999998,0.23067187500000003,-0.2628125,-0.1865625,0.17421875,0.32203125,-0.032031249999999976,-0.301875,0.006562499999999971,-0.08906250000000002,-0.07515624999999998,0.12156250000000002,-0.418125,0.40609375000000003,-0.27234375,0.030656250000000003,-0.013093749999999996,-0.08907812500000001,-0.09184375,-0.026828125000000005,-0.31359375,0.06109375,-1.499709375,-0.46253437499999994,0.821446875,-0.8154687500000001,-0.19406250000000014,-0.54078125,0.7771874999999999,-0.16609375000000004,0.2846875,0.058124999999999996,-0.025156249999999984,0.229859375,0.037500000000000006,-0.041234375000000004,-0.07495312500000001,-0.856546875,-0.23998437500000003,-0.24812499999999998,-0.055296874999999995,-0.09760937499999997,-0.13651562499999997,0.261171875,0.230328125,-0.5461265625,-1.08054375,-0.06921249999999998,-0.12285312500000001,0.41953281249999996,0.03344218750000001,-1.11586875,-0.26688437500000006,-0.45162187500000006,-0.4271171875,0.3402453125,-4.59484375,0.30921875000000004,-0.15203124999999998,0.3484375,0.5739062500000001,-0.18453124999999998,-0.11531250000000004,-0.12140625000000005,-0.14296875,0.14515625,-0.1865625,0.41796875,0.06000000000000001,-0.8192187500000001,0.24078125000000003,0.445,-0.2834375,0.25125,-0.15437500000000004,0.44203124999999993,-0.57984375,-0.8298437500000001,-0.11343749999999996,0.29937500000000006,10000
MAVPKRKTSPSRRGMRRSADALKQPTYVEDKDSGELRRPHHLDLKTGMYRGRQILKPKAEA,0.3677188167213114,-0.010425047540983636,-0.24278481147540984,0.35129074426229506,0.20624170295081964,0.45131147540983596,-0.190655737704918,-0.23295081967213113,-0.19803278688524587,0.10901639344262294,0.03147540983606557,0.1798360655737705,-0.008360655737704932,0.11245901639344263,-0.07950819672131147,0.037868852459016396,-0.23704918032786884,0.2159016393442623,-0.45949180327868844,0.0224098360655738,-0.1447868852459016,0.3076229508196721,0.23713114754098363,0.20914754098360663,-0.01114754098360655,-0.0649180327868853,-0.05065573770491802,0.42114754098360657,-0.06540983606557377,-0.3036065573770492,0.1521311475409836,-0.21016393442622952,-0.10606557377049182,0.2842622950819672,-0.34196721311475414,0.3280327868852458,-0.19967213114754093,0.08198360655737708,-0.02909836065573769,-0.03716393442622951,-0.09259016393442622,-0.0029672131147541027,-0.20557377049180325,0.20016393442622954,-2.9827852459016397,0.3449819672131147,1.1425491803278691,-1.7860655737704914,0.35622950819672133,-0.026885245901639324,0.6147540983606559,-0.23868852459016401,0.15360655737704915,-0.12885245901639344,0.21032786885245902,0.21834426229508197,0.014409836065573771,-0.03290163934426229,-0.06168852459016394,-0.8020983606557377,-0.0666065573770492,-0.16019672131147547,-0.03727868852459016,-0.1267377049180328,-0.25824590163934424,0.27726229508196726,0.3249672131147542,0.016821311475409887,-0.9967836065573772,-0.5208573770491803,0.05702295081967214,0.330911475409836,0.021078688524590144,-0.48402622950819657,-0.45748688524590164,-0.3911901639344263,0.6843360655737704,0.6723655737704917,-4.245081967213115,0.438688524590164,-0.28606557377049185,0.1754098360655738,0.5495081967213115,-0.3467213114754099,0.06655737704918033,-0.07360655737704916,0.1731147540983607,0.15557377049180326,0.010983606557377028,0.43672131147540977,0.26950819672131143,-0.7632786885245901,0.30147540983606563,0.32606557377049183,-0.29639344262295075,0.30770491803278693,-0.2313114754098361,0.8231147540983607,-0.13885245901639343,-0.6391803278688524,0.06295081967213115,0.3178688524590164,10000
MATTIKPLEDRVLVQPLEAEQTTASGLVIPDTAKEKPQEGKVISAGPGRVDDKGTRVPMDVKEGDVVIFSKYGGTEVKYDGQEYLLLNARDILAVVEK,0.08783972112244898,-0.06343484642857143,-0.1007286510204082,0.5040430489795918,-0.14349107887755103,0.2462244897959184,-0.3440816326530612,-0.1627551020408163,-0.1196938775510204,-0.16510204081632654,0.11632653061224488,0.004081632653061217,0.010918367346938771,0.16948979591836738,0.029183673469387755,-0.12173469387755104,-0.3812244897959184,-0.008469387755102057,-0.4465102040816326,0.027520408163265335,-0.1998775510204081,0.5310714285714286,0.12049999999999997,-0.07168367346938774,-0.12469387755102042,-0.30295918367346936,0.023877551020408148,0.21244897959183678,-0.06173469387755104,-0.4077551020408163,0.048367346938775514,0.002755102040816315,-0.15255102040816323,0.10571428571428573,-0.3901020408163265,0.30357142857142855,-0.3609183673469388,0.03923469387755102,0.030010204081632658,-0.0809591836734694,-0.08348979591836733,0.0143469387755102,-0.5672448979591838,-0.02989795918367348,-1.5312581632653064,-1.4019479591836737,0.9931234693877551,-1.1459183673469386,-0.7956122448979591,-0.6079591836734695,0.19265306122448983,-0.4532653061224489,0.23551020408163267,0.2631632653061225,0.12928571428571425,0.22341836734693885,0.045755102040816335,-0.07248979591836734,-0.07861224489795919,-0.9290306122448981,-0.30203061224489797,-0.241734693877551,0.009510204081632648,-0.1229387755102041,-0.3044489795918368,0.07201020408163265,0.2539591836734694,-1.595157142857143,-0.7679663265306123,-0.05331428571428575,0.1426571428571429,0.25732244897959183,0.35948775510204084,-2.0866132653061222,-0.12445612244897963,-0.23352448979591836,-1.711959183673469,0.28057346938775507,-4.955816326530611,0.060000000000000026,0.017244897959183672,0.34959183673469385,0.7031632653061226,-0.13428571428571426,-0.14285714285714288,-0.26816326530612244,-0.14071428571428574,-0.18346938775510205,-0.3620408163265307,0.31918367346938775,0.06755102040816328,-0.876734693877551,0.18122448979591843,0.4257142857142857,-0.4601020408163265,0.09275510204081633,-0.3072448979591837,0.2535714285714285,-0.8176530612244898,-0.4923469387755103,-0.6770408163265307,0.2835714285714286,10000
MAQIKITLTKSPIGRKPEQRKTVVALGLGKLNSSVIKEDNAAIRGMVTAISHLVTVEDVK,-0.011774247499999998,-0.14486003766666666,-0.05673751166666673,0.5308559133333333,0.06602691249999997,0.14500000000000005,-0.4668333333333333,-0.24316666666666667,-0.08516666666666665,-0.02333333333333333,0.21266666666666664,0.08733333333333333,-0.0865,0.11866666666666666,0.04699999999999999,-0.16316666666666665,-0.34733333333333327,0.14550000000000002,-0.3205666666666667,0.14395,-0.17855,0.5572166666666668,0.04078333333333331,0.1670833333333333,-0.24733333333333332,-0.3283333333333333,0.26216666666666666,0.2283333333333333,0.02933333333333333,-0.4023333333333334,-0.018166666666666685,-0.06916666666666667,-0.15450000000000003,-0.008166666666666673,-0.5163333333333334,0.42349999999999993,-0.33816666666666667,0.014316666666666665,0.024733333333333333,-0.10015,-0.10495000000000002,-0.033716666666666666,-0.5516666666666666,-0.10616666666666666,-0.8902649999999999,-1.3743699999999999,0.930675,-0.5791666666666668,-0.7900000000000001,-0.7211666666666666,0.7838333333333335,-0.23116666666666666,0.24349999999999994,0.26933333333333337,0.07566666666666663,0.23226666666666668,0.06315000000000001,-0.0727,-0.07741666666666666,-0.9466500000000001,-0.34336666666666665,-0.28936666666666666,0.01633333333333333,-0.1328,-0.20593333333333338,0.15295000000000003,0.18075000000000005,-1.1736550000000001,-1.0959366666666666,-0.001244999999999948,-0.26043666666666676,0.49426333333333333,0.1479516666666667,-1.927648333333333,-0.10527666666666667,-0.4899583333333334,-1.2374733333333336,0.3730300000000001,-5.109166666666666,0.12983333333333333,-0.07166666666666664,0.5185000000000001,0.6576666666666665,-0.08333333333333333,-0.23683333333333337,-0.23233333333333336,-0.3021666666666667,0.08599999999999994,-0.36666666666666664,0.318,-0.014833333333333322,-0.8988333333333333,0.23116666666666666,0.5233333333333333,-0.3316666666666666,0.09516666666666668,-0.20983333333333334,0.11283333333333331,-0.9286666666666666,-0.7561666666666668,-0.41450000000000004,0.3393333333333333,10000
ARARLGVRRFRRKR,0.5475600492857142,-0.26802277428571436,0.7681637428571427,0.6501488571428571,1.5671751264285716,0.3614285714285715,-0.1042857142857143,-0.4178571428571428,-0.32285714285714284,0.6135714285714287,0.27571428571428575,0.532857142857143,0.17357142857142857,0.11500000000000002,-0.3064285714285715,0.046428571428571465,0.14785714285714285,0.5771428571428572,-0.619,0.32907142857142857,0.16364285714285717,0.3531428571428571,-0.08592857142857144,1.3420714285714286,-0.17499999999999996,0.33428571428571424,0.6164285714285714,0.7971428571428572,-0.8535714285714283,-0.2671428571428572,0.6478571428571429,-0.015000000000000017,0.11357142857142856,0.5535714285714285,-0.34285714285714286,0.3178571428571428,0.3235714285714285,0.05742857142857143,-0.13607142857142857,-0.04635714285714287,-0.19021428571428572,-0.1422857142857143,0.7171428571428572,0.30071428571428577,-3.254092857142857,3.4761785714285716,1.04885,-0.9185714285714285,2.0892857142857144,0.42714285714285716,1.4592857142857143,0.5171428571428571,0.857142857142857,-0.09999999999999999,0.3642857142857143,0.22235714285714284,0.006142857142857152,0.04171428571428572,-0.1487857142857143,-0.5602142857142858,0.17957142857142855,-0.03135714285714285,0.023857142857142855,-0.4236428571428572,-0.23171428571428576,0.6745,0.8094999999999999,2.166092857142857,-1.8005357142857146,-1.24865,0.18240000000000003,0.9432285714285715,-0.43353571428571425,0.8613571428571428,-0.9316785714285715,-1.3742357142857142,4.147064285714285,2.168121428571428,-2.8264285714285724,1.6785714285714288,-0.6792857142857143,0.12785714285714284,0.5142857142857143,-0.5514285714285714,0.49000000000000005,0.37142857142857144,0.5185714285714286,0.9064285714285715,0.3907142857142857,0.8550000000000002,0.19928571428571426,-0.5442857142857143,0.772142857142857,0.14285714285714288,-0.44499999999999995,0.38785714285714284,-0.13500000000000006,1.312142857142857,0.5492857142857143,-1.957142857142857,0.9492857142857144,0.11000000000000003,10000
SGDLGAERYAKMCKSCHGADGSNAAMSRALKGLPAEEVKAALIGYKEQTYGGKKKGMMERVVKSLTDEDIEVLATHIGTF,0.07215438424999995,-0.1552585345,0.0361369212499999,0.41614841625,0.18298667962500004,0.25787499999999997,-0.246125,-0.03500000000000002,-0.029124999999999984,0.038124999999999985,0.22374999999999998,0.11674999999999999,0.054500000000000014,0.24137499999999998,0.017749999999999995,-0.1345,-0.388375,0.12525,-0.2751,0.07792500000000002,-0.30866249999999995,0.47373750000000003,-0.1087875,-0.10813749999999997,-0.21312499999999995,-0.38675,-0.12900000000000003,0.19674999999999998,-0.05724999999999998,-0.31100000000000005,0.12724999999999997,0.184,-0.23724999999999996,0.19687499999999997,-0.37225,0.263,-0.347125,0.048499999999999995,0.0332125,-0.10774999999999998,-0.0396125,0.0199125,-0.75625,0.005124999999999979,-1.74698,-1.65537875,0.38416999999999996,-1.2032500000000002,-1.0781250000000002,-0.34475,0.259,-0.25362500000000004,0.56275,-0.07775000000000001,0.135,0.22515000000000002,0.05396250000000001,-0.04664999999999999,-0.03597500000000001,-0.9621749999999999,-0.21717499999999998,-0.1885125,0.040225000000000004,-0.13171249999999998,-0.5110375,0.15855,0.4593,-1.32504,-0.43389,-0.505065,0.14262875,0.35872,0.205545,-2.34070375,-0.30207624999999994,-0.43898875000000004,-1.1634725,0.5252687500000001,-5.27825,0.09362500000000007,-0.10499999999999998,0.37175,0.890125,-0.16049999999999998,-0.261125,-0.38212500000000005,0.07312499999999997,-0.08700000000000005,-0.21787499999999999,0.40962499999999996,-0.193625,-0.9247499999999998,0.240125,0.52575,-0.41174999999999995,0.32575,-0.350375,0.569,-0.8629999999999999,-0.27037500000000003,-0.36974999999999997,0.13025000000000003,10000
MQITDVRIRKISSEGKMKAIVSVTFDNEFVVHDIKVIEGQNGLFIAMPSRKTPTGEFKDIAHPIVMDSREKIQNEILSAYAKAIEEQDVEE,0.08652486296703295,-0.2213096712087912,0.06290743736263726,0.29576129230769227,-0.10288551890109886,0.20956043956043957,-0.2905494505494506,-0.29659340659340666,-0.013296703296703306,-0.11538461538461539,0.14868131868131865,-0.07340659340659342,0.008901098901098914,0.16296703296703294,0.017252747252747246,-0.05252747252747254,-0.32208791208791204,-0.03021978021978021,-0.32286813186813185,0.2058571428571429,-0.08803296703296701,0.33962637362637366,0.039747252747252736,-0.006417582417582394,-0.27912087912087913,-0.17142857142857146,0.08824175824175826,0.23868131868131875,-0.042197802197802205,-0.18681318681318684,-0.1652747252747253,0.08483516483516483,-0.008681318681318684,-0.18329670329670336,-0.3496703296703296,0.3612087912087912,-0.33999999999999997,0.01750549450549451,-0.011923076923076927,-0.08471428571428571,-0.051395604395604394,-0.0020439560439560445,-0.2727472527472527,-0.010000000000000044,-1.049996703296703,-0.6608131868131868,0.4388054945054945,-0.6670329670329671,-0.22318681318681324,-0.9496703296703297,0.26428571428571423,-0.2596703296703297,0.12000000000000002,0.18362637362637363,-0.018461538461538467,0.2313736263736264,0.0015494505494505558,-0.0488901098901099,-0.06516483516483516,-0.8414835164835165,-0.29515384615384616,-0.2333406593406593,-0.05046153846153845,-0.03876923076923077,-0.04085714285714288,0.12307692307692307,0.13169230769230772,-0.5942351648351648,-0.8443846153846155,-0.07322307692307688,-0.07344285714285716,0.13254835164835166,0.34478681318681326,-0.838264835164835,-0.3238912087912088,-0.2344505494505495,-0.4479219780219781,-0.012976923076923118,-4.459670329670329,0.23043956043956043,-0.024395604395604373,0.26780219780219783,0.5212087912087912,-0.1259340659340659,-0.0886813186813187,-0.1054945054945055,-0.2552747252747253,-0.16010989010989016,-0.21890109890109888,0.21978021978021975,0.030329670329670322,-0.798901098901099,0.17593406593406588,0.3937362637362637,-0.29549450549450546,0.22912087912087917,-0.12692307692307694,0.26032967032967025,-0.47901098901098915,-0.4598901098901099,-0.5587912087912088,0.25186813186813184,10000
MTDSAKPEVAGLSFEKAVAELESIVARLERGDVALDESIEIYERGEALKKHCETLLSAAENRIEKIRLDRAGKPQGVEPLDGA,0.13341430060240964,-0.30344574759036147,-0.16684509036144582,0.5456489240963854,-0.14913475481927713,0.3128915662650602,-0.3292771084337349,-0.1704819277108434,-0.08819277108433735,-0.03240963855421687,0.1420481927710843,0.007590361445783119,0.08831325301204819,0.2628915662650603,0.025060240963855417,-0.08722891566265059,-0.36963855421686753,-0.00746987951807232,-0.3539277108433735,0.2681204819277108,-0.24314457831325295,0.5776144578313253,0.11265060240963855,-0.14324096385542165,-0.3720481927710843,-0.312289156626506,-0.20650602409638555,0.24734939759036137,-0.3804819277108434,-0.3767469879518073,0.038192771084337336,0.016265060240963854,-0.05879518072289156,0.10530120481927713,-0.38084337349397585,0.22542168674698795,-0.2896385542168675,0.04778313253012048,-0.0013253012048192756,-0.13566265060240962,-0.061469879518072305,0.049156626506024086,-0.5797590361445784,0.02240963855421688,-1.9229927710843373,-1.291557831325301,0.602589156626506,-1.1895180722891565,-0.6644578313253013,-0.9412048192771085,0.17999999999999997,-0.506987951807229,0.4632530120481928,-0.01795180722891565,-0.03722891566265062,0.2321566265060241,0.03521686746987953,-0.05680722891566266,-0.07212048192771085,-0.9239638554216867,-0.29673493975903614,-0.27193975903614453,-0.020638554216867465,-0.09743373493975903,-0.3129759036144579,0.17179518072289154,0.37584337349397584,-1.2054168674698797,-1.0265891566265062,-0.14872530120481928,0.1943469879518072,0.12359397590361444,0.2751807228915663,-1.7203963855421684,-0.44713614457831324,-0.3689626506024097,-1.066151807228916,0.4488999999999999,-4.9716867469879515,0.24927710843373496,0.014216867469879546,0.33542168674698797,0.7769879518072289,-0.1990361445783132,-0.1272289156626506,-0.25927710843373497,-0.09349397590361445,-0.2579518072289157,-0.30843373493975906,0.4295180722891566,-0.012289156626506032,-0.8756626506024098,0.2162650602409639,0.4542168674698795,-0.48710843373493984,0.24192771084337347,-0.25024096385542166,0.5563855421686745,-0.691566265060241,-0.4098795180722891,-0.6745783132530121,0.32903614457831326,10000
MRNDVLTLTNPMEEKELEQILGGGNGVLKTISHECNMNTWQFLFTCC,-0.03538494617021279,-0.10580677765957443,0.37833086382978715,0.18189459574468084,0.1612513010638299,0.08893617021276595,-0.2182978723404255,-0.11489361702127661,0.03468085106382977,0.049999999999999996,0.21468085106382975,-0.08425531914893619,-0.09191489361702128,-0.10021276595744681,0.035744680851063824,-0.062127659574468086,-0.3165957446808511,-0.04936170212765958,-0.09429787234042553,0.08674468085106384,-0.16304255319148933,0.18199999999999997,-0.04451063829787235,-0.12278723404255315,-0.1257446808510638,-0.17595744680851064,-0.009574468085106386,0.04106382978723401,-0.022127659574468096,0.00042553191489362683,0.30489361702127665,0.08297872340425536,-0.021702127659574487,-0.025957446808510625,-0.27617021276595743,0.417872340425532,-0.3878723404255319,0.006851063829787236,0.022234042553191488,-0.05627659574468087,0.010255319148936164,0.004702127659574465,-0.3146808510638298,-0.013829787234042542,-0.26997021276595723,-0.9494382978723407,-0.3641914893617021,-0.22042553191489375,-0.6187234042553192,-0.3397872340425532,-0.08957446808510643,-0.05723404255319143,0.20106382978723403,0.03191489361702129,-0.1863829787234042,0.23148936170212767,-2.127659574468264e-05,-0.05229787234042554,0.0096595744680851,-0.8524468085106384,-0.24219148936170218,-0.17576595744680845,-0.00757446808510639,0.002127659574468099,-0.054893617021276625,0.10997872340425531,0.053531914893617,-1.402,-0.27448936170212757,0.01984893617021272,-0.20968723404255318,-0.15891063829787228,0.10252553191489365,-1.5827489361702127,-0.29512553191489366,0.03918723404255321,-1.771827659574468,-0.24026170212765952,-4.548936170212766,0.14404255319148943,-0.021914893617021258,0.29744680851063837,0.5674468085106382,-0.016595744680851034,-0.19595744680851063,-0.1529787234042553,-0.007234042553191516,-0.1948936170212766,-0.12999999999999995,0.11021276595744676,-0.2140425531914893,-0.8099999999999998,0.1906382978723404,0.43170212765957466,-0.2753191489361702,0.22808510638297877,-0.06914893617021278,0.08638297872340416,-0.5270212765957446,-0.12255319148936174,-0.5385106382978723,0.007659574468085113,10000
MPQLDTIYILMTHLWAWLMLYLTTQKIKTFIMTSHPMIYHKPNKQTPTPTWL,-0.10958173596153846,-0.09233236807692305,0.31633184230769223,0.029984690384615393,0.16753753673076918,-0.22442307692307692,-0.13980769230769233,-0.32346153846153847,-0.1428846153846154,-0.05307692307692307,-0.04076923076923075,0.030192307692307702,-0.3490384615384615,-0.0826923076923077,0.04942307692307693,-0.13980769230769233,-0.1303846153846154,0.02461538461538462,0.21730769230769229,0.07625,0.2438269230769231,0.12426923076923077,0.3207500000000001,0.04813461538461536,-0.0671153846153846,0.1228846153846154,0.11788461538461543,-0.16134615384615386,0.3096153846153845,-0.20134615384615376,0.07115384615384614,-0.4163461538461538,-0.07884615384615384,-0.05423076923076921,-0.2659615384615384,0.7038461538461538,-0.4094230769230769,-0.05267307692307691,-0.0059423076923076955,0.01565384615384615,-0.07136538461538462,0.02213461538461538,0.33711538461538465,-0.2638461538461539,1.8065461538461538,0.22775,1.1529211538461541,1.0073076923076922,0.19480769230769232,-0.07326923076923078,0.5078846153846153,-0.3817307692307692,-0.3942307692307692,0.004038461538461511,0.17403846153846153,0.2246923076923077,0.0344423076923077,0.011269230769230771,-0.010480769230769238,-0.6513269230769231,-0.23496153846153847,-0.07101923076923077,-0.16482692307692304,-0.07917307692307689,0.15798076923076923,0.06546153846153846,-0.2595,-0.08836346153846142,-0.10356153846153836,0.7708423076923077,-0.6430307692307693,0.1856596153846154,0.16399423076923073,0.1638288461538462,0.6475096153846154,0.11293461538461544,-0.768676923076923,-0.5692134615384616,-3.382307692307693,-0.35500000000000004,-0.21538461538461537,0.1821153846153846,0.08596153846153845,0.2942307692307693,0.08461538461538462,0.1886538461538461,-0.30788461538461537,0.2407692307692308,-0.26903846153846156,-0.20480769230769236,0.1776923076923077,-0.6469230769230769,0.03653846153846155,0.31519230769230777,0.0953846153846154,-0.03673076923076923,-0.07096153846153845,-1.1278846153846156,-0.1148076923076923,-0.4263461538461539,0.19807692307692307,0.12884615384615386,10000
MEKHPADLYKDHVRPFLYSKLEEFKILGYDDVELESLWSYLTDKKWKKKTELSIYELASDILSVKIGEFMNYATVESFKTSNWLGSEEGQEALEELLR,0.16500137653061223,-0.22681824234693881,-0.13377055,0.24788968979591836,-0.23507257346938779,0.1413265306122449,-0.05724489795918369,-0.27836734693877546,-0.06469387755102042,-0.05244897959183674,0.14857142857142858,-0.10632653061224491,-0.025000000000000012,0.17969387755102043,-0.06316326530612246,0.04153061224489798,-0.2446938775510204,-0.06673469387755103,-0.24879591836734696,0.2322142857142857,0.0667244897959184,0.4336530612244897,0.040795918367346924,-0.15012244897959182,-0.22428571428571428,0.02367346938775509,-0.2146938775510204,0.15010204081632653,-0.16275510204081636,-0.4992857142857143,-0.02387755102040819,-0.00020408163265306706,-0.12061224489795917,0.15469387755102038,-0.22295918367346937,0.32234693877551013,-0.3068367346938775,0.022153061224489807,-0.0335,-0.07112244897959183,-0.06590816326530613,0.05648979591836734,0.028979591836734715,0.054081632653061235,-0.9044836734693877,0.11734591836734698,0.5161051020408163,-0.608775510204082,0.26612244897959175,-0.701938775510204,-0.03244897959183673,-0.5908163265306122,0.29693877551020414,0.11418367346938774,0.0041836734693877446,0.23253061224489796,-0.01443877551020408,-0.0009693877551020446,-0.03678571428571429,-0.7255306122448979,-0.20047959183673472,-0.12780612244897957,-0.1423673469387755,-0.022959183673469406,-0.0030408163265306177,0.06103061224489794,0.2081224489795918,0.4585030612244898,-0.8007734693877551,0.13033673469387752,0.06755918367346939,0.0072316326530612075,0.42643265306122446,0.4894693877551023,-0.3251561224489796,-0.3145551020408163,0.6695632653061225,-0.11589285714285716,-3.7844897959183674,0.24040816326530623,-0.04693877551020405,0.0766326530612245,0.46367346938775506,-0.06897959183673465,0.13326530612244897,0.03265306122448978,-0.04285714285714287,-0.18673469387755104,-0.17316326530612247,0.20857142857142855,-0.08918367346938776,-0.6983673469387757,0.16755102040816328,0.27132653061224493,-0.27795918367346945,0.28275510204081633,-0.1613265306122449,0.06173469387755098,-0.13857142857142857,-0.348265306122449,-0.5491836734693878,0.15234693877551017,10000
MAQGGQVSAGGGRRDDDEPIEQTSGAGTQQVNVTGTDDLLDEIDGLLENNAEEFVRSYVQKGGQ,0.14736790515624995,0.10518219859375,-0.3351721015625001,0.46161158437499994,-0.22964678296875,0.499375,-0.18296875000000004,0.03218749999999998,-0.018124999999999974,-0.16015625000000006,0.31390625,-0.03500000000000002,0.09640625,0.14640625000000002,0.1159375,0.0034374999999999822,-0.49921875000000004,-0.07343749999999999,-0.48809375,-0.18184374999999997,-0.41507812499999996,0.466734375,-0.14520312500000002,-0.28612499999999996,0.025156249999999988,-0.4709375,-0.09546875000000003,0.30718750000000006,-0.17109375000000002,-0.13968750000000002,0.09187500000000001,0.29453124999999997,-0.22031249999999997,-0.11296875000000002,-0.26046874999999997,0.21609375,-0.4717187500000001,0.08796875000000001,0.06725000000000002,-0.082203125,-0.017671875000000004,0.011578124999999995,-0.9412499999999999,0.17812500000000003,-3.19539375,-2.2269531249999996,0.08392343749999998,-2.2615625,-1.3151562500000002,-0.44890625,-0.36671875,-0.06703125000000001,0.48296875,0.194375,0.09687499999999999,0.2146875,-0.0018437499999999912,-0.10653125,-0.037453125000000004,-1.013421875,-0.221546875,-0.33,0.030968749999999993,0.029593749999999995,-0.5905156250000001,0.07498437499999999,0.5143281249999999,-2.1445140625,-0.742490625,-0.38934218749999994,0.7290046874999999,-0.019182812500000007,0.18805625,-2.6626093750000006,-0.75839375,-0.1623140625,-2.1094015625,0.4987015625000001,-5.45046875,0.18484375000000003,0.25703125000000004,0.23671875,1.065,-0.31609374999999995,-0.25,-0.5342187500000001,0.15765624999999994,-0.46593750000000006,-0.21156250000000001,0.40499999999999997,-0.22046875,-0.9473437499999999,0.14421875,0.450625,-0.7598437499999999,0.39156250000000004,-0.3521875,1.02078125,-0.91375,-0.23515624999999996,-1.0314062499999999,0.2678125,10000
ENEDPFYYDYETVRNGGLIFAALAFIVGLVIILSKRFRCGAKKKHRQIPEDGL,0.021831952264150956,-0.09958165320754721,0.3096532132075471,0.3554657735849057,0.23254340377358484,0.04981132075471696,-0.13245283018867923,-0.17943396226415093,0.05339622641509434,-0.07603773584905663,0.1422641509433962,0.08811320754716982,0.10905660377358492,0.12943396226415094,-0.09660377358490566,-0.16641509433962265,-0.23471698113207554,0.0050943396226414885,-0.14837735849056607,0.04479245283018867,0.014754716981132107,0.42826415094339626,-0.015132075471698135,0.007962264150943416,-0.0856603773584906,-0.09999999999999999,0.04245283018867924,0.057735849056603776,-0.209811320754717,-0.3856603773584907,0.15377358490566034,0.25622641509433963,0.14452830188679244,0.03754716981132077,-0.24301886792452834,0.320566037735849,-0.26905660377358487,0.0013773584905660378,0.013037735849056603,-0.05158490566037736,-0.07241509433962265,0.022792452830188676,-0.1581132075471698,-0.10528301886792453,-0.13153584905660376,-0.4581566037735848,0.6876886792452831,-0.19056603773584913,-0.3941509433962266,-0.24037735849056613,0.10981132075471704,-0.32509433962264156,0.33,0.23641509433962263,-0.039245283018867934,0.22649056603773587,0.032509433962264155,0.0038490566037735863,-0.07616981132075473,-0.7917735849056603,-0.20513207547169815,-0.08130188679245282,-0.04032075471698115,-0.20862264150943396,-0.195433962264151,0.07973584905660377,0.33128301886792444,-0.6982754716981131,-0.4515150943396226,0.13347547169811327,0.15491132075471695,0.35466981132075476,0.2955415094339622,-1.0968622641509431,0.09970754716981133,-0.388456603773585,-0.6076018867924525,0.3332056603773585,-4.184716981132076,0.12094339622641508,-0.09301886792452832,0.17943396226415093,0.5975471698113208,0.008490566037735878,0.013962264150943383,-0.08962264150943398,0.00716981132075469,-0.029056603773584957,-0.24113207547169813,0.3092452830188679,-0.05943396226415093,-0.762830188679245,0.1847169811320755,0.320188679245283,-0.3660377358490566,0.21358490566037736,-0.31528301886792454,-0.06245283018867916,-0.35603773584905657,-0.39886792452830183,-0.3652830188679245,0.17452830188679244,10000
MKVKGSLKSHRNRDKNCKVVKRGGRIYIINEIKPRCKTRQGS,0.36310051571428575,0.12764953952380953,0.26016211666666655,0.19039554761904764,0.6754859292857144,0.3961904761904762,-0.20595238095238097,-0.21976190476190477,-0.06333333333333332,0.26119047619047614,0.19095238095238093,0.16666666666666666,0.04571428571428571,-0.04047619047619048,-0.13738095238095238,0.08285714285714287,-0.20047619047619047,0.3497619047619048,-0.5125952380952381,-0.0632142857142857,-0.1128095238095238,0.1648095238095238,-0.16445238095238096,0.5168571428571427,0.11666666666666667,-0.00714285714285716,0.39428571428571435,0.5319047619047619,0.07285714285714286,-0.18119047619047624,0.22690476190476186,0.12095238095238091,-0.10404761904761906,0.11642857142857144,-0.39452380952380955,0.33380952380952383,-0.11119047619047621,0.07133333333333332,-0.02873809523809524,-0.004619047619047619,-0.09197619047619048,-0.09938095238095238,-0.1183333333333333,0.32976190476190476,-2.683869047619047,0.9407952380952382,0.6218880952380952,-1.534047619047619,0.5554761904761903,0.24690476190476188,0.853095238095238,0.18023809523809525,0.39285714285714285,0.3711904761904762,-0.037857142857142846,0.22404761904761905,-0.0008809523809523783,-0.03076190476190476,-0.07449999999999998,-0.7926190476190478,-0.06792857142857145,-0.13576190476190478,0.01654761904761904,-0.12726190476190474,-0.08704761904761907,0.31533333333333335,0.3004285714285714,0.39351666666666646,-1.1095952380952383,-0.6993690476190475,-0.22985000000000005,0.5248952380952381,-0.0463809523809524,-0.45199047619047616,-0.5977142857142856,-0.6581142857142857,1.213802380952381,0.5797595238095238,-4.2004761904761905,0.7428571428571429,-0.37738095238095243,0.27285714285714285,0.5283333333333333,-0.4071428571428572,0.008095238095238074,-0.020952380952380976,0.244047619047619,0.38619047619047614,0.12023809523809526,0.5599999999999999,0.013095238095238078,-0.7526190476190476,0.4204761904761905,0.3638095238095238,-0.1873809523809524,0.4554761904761905,-0.1257142857142857,1.0247619047619048,-0.19047619047619047,-0.8595238095238097,0.11833333333333335,0.08809523809523809,10000
MIKNLFIPFISQKKKEEENPGSVEFQVVNFTNKIRKLTSHFKLHPKDYLSQRGLRKILGKRQGLLSYLLERDKRRFEKLMSELNTRDSQIR,0.2784907876923077,-0.1246640908791209,-0.04120810000000006,0.24629576483516485,0.1437910008791209,0.23868131868131867,-0.11604395604395605,-0.41428571428571426,-0.08406593406593404,0.08428571428571428,0.17604395604395603,0.03417582417582418,-0.002087912087912096,0.013626373626373624,-0.15747252747252746,0.06461538461538463,-0.1589010989010989,0.09175824175824175,-0.29856043956043954,0.17180219780219783,0.10034065934065939,0.35115384615384615,0.08202197802197804,0.2269890109890111,-0.10868131868131868,0.12582417582417582,0.06274725274725272,0.32659340659340663,-0.009670329670329667,-0.4332967032967032,0.20626373626373629,-0.03098901098901099,0.07098901098901099,0.01252747252747249,-0.2672527472527472,0.4098901098901099,-0.17527472527472532,0.03392307692307692,-0.05278021978021979,-0.03974725274725275,-0.10083516483516482,-0.0038791208791208814,0.21054945054945054,0.13153846153846158,-1.4654945054945057,1.0373153846153844,0.7557164835164836,-0.8329670329670332,0.8041758241758239,-0.3281318681318681,0.5065934065934067,-0.28736263736263745,0.22967032967032966,0.14362637362637362,-0.02010989010989009,0.23137362637362638,-0.032285714285714286,-0.006340659340659339,-0.07480219780219781,-0.7023626373626374,-0.09954945054945054,-0.09147252747252747,-0.09639560439560439,-0.10072527472527473,0.18281318681318676,0.1607912087912088,0.20285714285714287,0.7932252747252748,-1.1548175824175824,-0.14173406593406593,-0.10510989010989011,0.25299450549450553,0.22107252747252748,0.6527604395604397,-0.406432967032967,-0.5055681318681318,1.3780725274725274,0.03942417582417581,-3.6129670329670325,0.6563736263736263,-0.2637362637362637,0.13802197802197802,0.33538461538461534,-0.18527472527472522,0.16725274725274722,0.1343956043956044,0.0630769230769231,0.14,-0.020659340659340667,0.3352747252747253,0.015934065934065923,-0.6654945054945055,0.33461538461538465,0.2312087912087913,-0.193956043956044,0.3202197802197802,-0.09747252747252748,0.2795604395604395,0.055054945054945036,-0.7779120879120879,-0.23999999999999996,0.27637362637362634,10000
FWGSGPFGMFPGGWGGPWNSPWYGPYGGYPYGGYGYPYGL,-0.22065287099999997,1.0720965375,0.7439992575,0.08602868250000001,0.6543019555,-0.0069999999999999785,0.4955,0.6377499999999999,-0.08025,-0.44000000000000006,0.09024999999999998,0.56275,0.12174999999999998,0.02749999999999999,-0.0605,-0.45525000000000004,-0.26425,0.05475000000000001,0.0947,-1.2729499999999998,-0.10457499999999995,0.229925,0.05859999999999997,-0.6122249999999999,1.1352499999999999,-0.25249999999999995,-0.25225,-0.554,0.11975000000000002,-0.2655,0.39625,0.6032500000000001,-0.6034999999999999,0.08700000000000001,0.07049999999999998,0.38550000000000006,-0.5465,0.0313,0.22622499999999998,0.173175,-0.03924999999999999,0.129575,-0.656,-0.3,0.9335525000000002,-2.5413274999999995,2.1510124999999998,-0.9527499999999998,-2.44275,2.7409999999999997,-0.77325,-0.7862500000000001,0.3540000000000001,0.311,0.08299999999999999,0.185875,0.164375,0.10819999999999999,0.059775,-0.818525,0.01374999999999999,0.17865000000000003,-0.022850000000000037,-0.44757499999999995,-1.376425,-0.051050000000000005,0.782125,-0.66769,1.3995925,-0.2936924999999999,1.0712499999999998,0.8453575000000001,0.07027000000000001,-1.5074424999999998,1.2951799999999998,-0.26868000000000003,-0.7914625,1.11687,-4.333,-1.44725,-0.18450000000000003,-0.32075,1.0215,0.34025000000000005,-0.08799999999999997,-0.5952500000000001,0.97425,-0.01925000000000001,-0.59275,0.26824999999999993,-0.08399999999999999,-0.8167500000000001,-0.24275000000000002,0.26175,-0.38599999999999995,0.44299999999999995,-1.159,-0.7525000000000002,-0.45825000000000005,0.71975,0.15925000000000003,-0.17549999999999993,10000
MANNKSAKKRIQIAERNRLMNKSYKSTVRTLTKKTLENCEKYKKNPNEDNKNLVKTSLNKAFSLIDKAVKKNVLHKNNGANRKSKINNFVKTTLTTK,0.4197901670103093,-0.11274762309278352,0.2824730329896906,0.27968137628865974,0.4501869242268041,0.42938144329896905,-0.23938144329896907,-0.32546391752577314,-0.0038144329896907126,0.20752577319587623,0.2693814432989691,0.03896907216494846,-0.2318556701030928,-0.029278350515463916,-0.1797938144329897,0.1681443298969072,-0.26371134020618553,0.25216494845360826,-0.4972061855670103,0.1174948453608247,-0.07095876288659793,0.3299690721649484,-0.07209278350515465,0.26098969072164946,-0.07463917525773198,-0.01402061855670103,0.11206185567010307,0.5255670103092784,0.15731958762886597,-0.4751546391752577,0.16938144329896904,0.006701030927835057,0.05381443298969075,-0.07412371134020616,-0.3664948453608247,0.36711340206185566,-0.22979381443298968,0.07708247422680413,-0.04812371134020619,-0.05297938144329897,-0.10105154639175257,-0.043329896907216496,-0.14680412371134016,0.2475257731958763,-2.9806680412371134,0.713101030927835,0.5510721649484536,-1.623917525773196,0.7059793814432989,-0.42783505154639173,0.9318556701030928,-0.06144329896907218,0.1763917525773196,0.28886597938144337,0.013298969072164948,0.23595876288659795,-0.019659793814432988,-0.04657731958762886,-0.042422680412371135,-0.8001340206185567,-0.18903092783505154,-0.22743298969072168,-0.06436082474226804,0.027237113402061867,0.08386597938144327,0.14379381443298966,0.12326804123711341,-0.29049587628865975,-1.159261855670103,0.12058453608247417,-0.3483185567010309,0.39768865979381446,0.09376494845360825,-0.524179381443299,-0.5076288659793815,-0.37795257731958765,0.12191030927835053,0.10510618556701032,-4.258762886597938,0.6085567010309278,-0.0996907216494845,0.2795876288659794,0.4969072164948453,-0.3722680412371134,0.03855670103092782,0.00412371134020616,-0.01494845360824745,0.2390721649484536,0.10587628865979382,0.4202061855670103,-0.09886597938144327,-0.761340206185567,0.3167010309278351,0.3296907216494846,-0.3311340206185566,0.2563917525773196,-0.06381443298969072,0.8340206185567013,-0.05319587628865978,-0.6915463917525773,-0.2295876288659793,0.42659793814432995,10000
MHCLKAVVKGKVQGVYFRDFTRTQAIRLGLCGYAQNLESGTDVEVIAEGDKDILLEFLKLLRSGPPHAEVQEVEVSWSSTNGNYGDFHIKY,-0.010214499230769268,-0.045161997142857145,-0.11608889010989018,0.34910276703296694,-0.07086250483516482,0.11395604395604393,-0.1513186813186813,-0.1365934065934066,0.036373626373626386,-0.05274725274725275,0.17472527472527474,0.03384615384615384,0.031428571428571424,0.14021978021978024,0.024175824175824163,-0.10549450549450547,-0.31560439560439557,0.004395604395604399,-0.28372527472527476,0.030846153846153832,-0.11460439560439559,0.40590109890109893,-0.07054945054945057,-0.02297802197802195,-0.09527472527472529,-0.2087912087912088,0.058351648351648334,0.09868131868131867,-0.08032967032967034,-0.32527472527472523,0.041098901098901054,0.15065934065934064,-0.06219780219780217,0.1151648351648352,-0.27021978021978027,0.35472527472527465,-0.3692307692307692,0.014164835164835162,0.028274725274725288,-0.06293406593406593,-0.0508021978021978,-0.00014285714285714192,-0.3756043956043956,-0.028791208791208774,-0.64050989010989,-1.0153241758241756,0.3179582417582418,-0.4974725274725274,-0.6616483516483519,-0.3375824175824175,0.08175824175824171,-0.1893406593406593,0.33747252747252743,0.20615384615384616,-0.02362637362637363,0.2252087912087912,0.02669230769230769,-0.029175824175824178,-0.041582417582417576,-0.8528021978021977,-0.22374725274725277,-0.1598901098901099,-0.032439560439560436,-0.10787912087912088,-0.293043956043956,0.10081318681318682,0.30827472527472527,-0.7749758241758242,-0.4975923076923077,-0.051172527472527464,0.2409197802197802,0.2074516483516483,0.1708791208791209,-1.186651648351648,-0.12842307692307692,-0.31010769230769225,-0.7753736263736264,0.2694483516483516,-4.531098901098901,0.03362637362637367,0.01560439560439562,0.18549450549450552,0.6927472527472527,-0.05252747252747251,-0.1241758241758242,-0.19461538461538463,-0.03978021978021977,-0.10450549450549454,-0.22076923076923077,0.2472527472527472,-0.12571428571428572,-0.8145054945054946,0.1302197802197802,0.38241758241758234,-0.4210989010989011,0.24307692307692305,-0.2743956043956044,0.1579120879120878,-0.5673626373626374,-0.3331868131868132,-0.4691208791208792,0.1312087912087912,10000
MKRTFQPSNLRRARTHGFRERMSTKNGRKVLARRRAKGRKTLTA,0.4297615447727272,-0.11391188977272729,0.5165173272727271,0.4366051477272727,0.9988267393181818,0.4313636363636364,-0.15818181818181817,-0.2795454545454546,-0.19886363636363633,0.3734090909090909,0.2545454545454546,0.30727272727272725,-0.1427272727272727,0.0625,-0.1777272727272727,0.0981818181818182,-0.11954545454545454,0.4177272727272728,-0.4495681818181818,0.11868181818181817,-0.08172727272727272,0.28295454545454546,0.016272727272727272,0.6752727272727274,-0.07477272727272725,0.044090909090909076,0.2788636363636363,0.6113636363636363,-0.21386363636363637,-0.2170454545454545,0.43795454545454543,-0.12454545454545456,-0.07477272727272727,0.26636363636363636,-0.3452272727272727,0.405909090909091,-0.05909090909090909,0.07693181818181818,-0.06022727272727273,-0.043886363636363626,-0.11927272727272725,-0.08013636363636364,0.06022727272727279,0.2690909090909091,-3.3336113636363645,1.3237931818181818,0.7882727272727272,-1.5609090909090908,0.8979545454545452,0.20045454545454547,1.1104545454545456,0.23659090909090913,0.39840909090909093,-0.14613636363636362,0.33,0.22320454545454546,0.009818181818181821,-0.01265909090909091,-0.04250000000000002,-0.7335454545454546,-0.011863636363636375,-0.15238636363636363,-0.012022727272727273,-0.1610909090909091,-0.24059090909090913,0.40997727272727286,0.44168181818181823,0.639347727272727,-1.148709090909091,-0.8112931818181817,-0.00879545454545454,0.6693045454545453,-0.18322045454545458,-0.2027340909090907,-0.7138204545454544,-0.7091999999999999,1.741531818181818,1.0831863636363634,-3.8863636363636362,0.9075000000000002,-0.3790909090909091,0.1815909090909091,0.5724999999999999,-0.4429545454545455,0.12954545454545452,0.0468181818181818,0.2845454545454545,0.4993181818181819,0.2265909090909091,0.5277272727272727,0.10409090909090905,-0.7068181818181818,0.4729545454545454,0.28272727272727277,-0.3781818181818182,0.3481818181818182,-0.16704545454545452,1.0911363636363636,0.012954545454545522,-1.1611363636363636,0.36613636363636365,0.18409090909090908,10000
ISHGFRYDAIAKLFRPFFCGDGYGHRIGETVYYAGSLKYCARSFDVGAEIICKGFYYFGIYKRRVSEV,-0.09606314147058825,0.10348833764705886,0.5021484338235292,0.24605006764705883,0.4558404202941176,-0.09073529411764704,0.040588235294117654,-0.022352941176470607,0.18514705882352947,-0.02323529411764708,0.1475,0.17720588235294116,0.11176470588235293,0.25161764705882356,-0.13382352941176473,-0.2013235294117647,-0.20735294117647055,0.08882352941176472,-0.059764705882352956,-0.15485294117647055,0.020720588235294185,0.2832794117647059,-0.23705882352941177,0.1201029411764706,0.11676470588235291,-0.10676470588235296,0.21470588235294114,-0.04073529411764705,-0.2095588235294118,-0.2638235294117647,0.07750000000000001,0.43044117647058816,0.049117647058823544,0.17573529411764707,-0.1635294117647059,0.34117647058823525,-0.295735294117647,-0.01352941176470588,0.04613235294117648,-0.0057352941176470615,-0.04975000000000001,-0.02341176470588235,-0.17426470588235288,-0.12308823529411766,0.441989705882353,-0.5428823529411765,0.25988235294117645,0.14808823529411771,-0.655,0.3297058823529411,-0.004852941176470606,0.002941176470588224,0.3691176470588235,0.295,0.11058823529411763,0.21911764705882356,0.049411764705882356,0.046220588235294124,-0.011308823529411769,-0.7596617647058825,-0.1296029411764706,0.026352941176470603,-0.013205882352941178,-0.26185294117647057,-0.4950882352941177,0.06680882352941178,0.45745588235294116,0.16922058823529418,0.1089455882352941,-0.34337352941176474,0.3804632352941177,0.5328926470588234,0.23734117647058828,-0.5517441176470586,0.1320426470588235,-0.5388044117647058,0.7017867647058823,0.7640970588235294,-4.053529411764706,-0.08544117647058819,-0.12102941176470589,-0.0027941176470588163,0.7074999999999999,0.06235294117647062,-0.022794117647058826,-0.13470588235294118,0.14073529411764701,0.08014705882352939,-0.12352941176470592,0.1730882352941176,-0.14411764705882352,-0.7488235294117647,0.11691176470588235,0.2930882352941177,-0.37602941176470583,0.33397058823529413,-0.4408823529411765,-0.07073529411764704,-0.3492647058823529,-0.15750000000000006,-0.15352941176470586,-0.17102941176470585,10000
MEFKIMSKVDNIEQKVIKVIADNQGKKIEEISVDSRFAEDLGVDSLSTVEIMMEIEKEFGVDVPDEEATKIKKVADVVNYIKEHKS,0.16200955662790692,-0.31113900720930227,-0.024934432558139624,0.26936177558139535,-0.2707650610465116,0.25302325581395346,-0.3115116279069767,-0.3458139534883722,-0.02511627906976743,-0.1452325581395349,0.18,-0.1881395348837209,0.06581395348837209,0.17965116279069768,-0.0032558139534883826,0.0025581395348837107,-0.34906976744186047,-0.0755813953488372,-0.489860465116279,0.30668604651162784,-0.08188372093023252,0.3816511627906978,-0.04348837209302325,-0.06472093023255812,-0.3644186046511629,-0.14674418604651163,0.01988372093023254,0.3151162790697675,0.019883720930232555,-0.29627906976744184,-0.23500000000000004,0.16255813953488374,-0.08348837209302325,-0.07267441860465117,-0.373139534883721,0.27337209302325577,-0.32662790697674415,0.02646511627906976,-0.03365116279069767,-0.10595348837209302,-0.04919767441860465,0.004441860465116277,-0.254767441860465,0.05627906976744187,-1.39333488372093,-0.454267441860465,0.3038430232558139,-0.8748837209302327,-0.012674418604651166,-1.2587209302325582,0.13255813953488374,-0.38465116279069766,0.22604651162790695,0.26488372093023255,-0.03802325581395351,0.23497674418604653,-0.018360465116279066,-0.060302325581395325,-0.08586046511627907,-0.8439418604651163,-0.3045348837209302,-0.23238372093023255,-0.04663953488372093,0.0005465116279069759,0.084453488372093,0.09226744186046512,0.11602325581395351,-0.5480011627906978,-0.9395569767441859,-0.11827325581395347,-0.14536976744186053,0.030833720930232577,0.522853488372093,-0.787563953488372,-0.4708232558139535,-0.24510116279069769,-0.39742906976744186,-0.2565162790697675,-4.463255813953487,0.38534883720930235,-0.032558139534883714,0.3122093023255815,0.49406976744186043,-0.18232558139534882,-0.06337209302325583,-0.07569767441860466,-0.27953488372093016,-0.2626744186046512,-0.1982558139534883,0.28058139534883714,-0.03616279069767442,-0.7963953488372094,0.23779069767441863,0.3962790697674418,-0.2677906976744186,0.2368604651162791,-0.07453488372093023,0.3955813953488371,-0.4881395348837209,-0.46872093023255823,-0.7194186046511627,0.21953488372093027,10000
