MaxAbsEStateIndex,MaxEStateIndex,MinAbsEStateIndex,MinEStateIndex,qed,SPS,MolWt,HeavyAtomMolWt,ExactMolWt,NumValenceElectrons,NumRadicalElectrons,MaxPartialCharge,MinPartialCharge,MaxAbsPartialCharge,MinAbsPartialCharge,FpDensityMorgan1,FpDensityMorgan2,FpDensityMorgan3,BCUT2D_MWHI,BCUT2D_MWLOW,BCUT2D_CHGHI,BCUT2D_CHGLO,BCUT2D_LOGPHI,BCUT2D_LOGPLOW,BCUT2D_MRHI,BCUT2D_MRLOW,AvgIpc,BalabanJ,BertzCT,Chi0,Chi0n,Chi0v,Chi1,Chi1n,Chi1v,Chi2n,Chi2v,Chi3n,Chi3v,Chi4n,Chi4v,HallKierAlpha,Ipc,Kappa1,Kappa2,Kappa3,LabuteASA,PEOE_VSA1,PEOE_VSA10,PEOE_VSA11,PEOE_VSA12,PEOE_VSA13,PEOE_VSA14,PEOE_VSA2,PEOE_VSA3,PEOE_VSA4,PEOE_VSA5,PEOE_VSA6,PEOE_VSA7,PEOE_VSA8,PEOE_VSA9,SMR_VSA1,SMR_VSA10,SMR_VSA2,SMR_VSA3,SMR_VSA4,SMR_VSA5,SMR_VSA6,SMR_VSA7,SMR_VSA8,SMR_VSA9,SlogP_VSA1,SlogP_VSA10,SlogP_VSA11,SlogP_VSA12,SlogP_VSA2,SlogP_VSA3,SlogP_VSA4,SlogP_VSA5,SlogP_VSA6,SlogP_VSA7,SlogP_VSA8,SlogP_VSA9,TPSA,EState_VSA1,EState_VSA10,EState_VSA11,EState_VSA2,EState_VSA3,EState_VSA4,EState_VSA5,EState_VSA6,EState_VSA7,EState_VSA8,EState_VSA9,VSA_EState1,VSA_EState10,VSA_EState2,VSA_EState3,VSA_EState4,VSA_EState5,VSA_EState6,VSA_EState7,VSA_EState8,VSA_EState9,FractionCSP3,HeavyAtomCount,NHOHCount,NOCount,NumAliphaticCarbocycles,NumAliphaticHeterocycles,NumAliphaticRings,NumAromaticCarbocycles,NumAromaticHeterocycles,NumAromaticRings,NumHAcceptors,NumHDonors,NumHeteroatoms,NumRotatableBonds,NumSaturatedCarbocycles,NumSaturatedHeterocycles,NumSaturatedRings,RingCount,MolLogP,MolMR,fr_Al_COO,fr_Al_OH,fr_Al_OH_noTert,fr_ArN,fr_Ar_COO,fr_Ar_N,fr_Ar_NH,fr_Ar_OH,fr_COO,fr_COO2,fr_C_O,fr_C_O_noCOO,fr_C_S,fr_HOCCN,fr_Imine,fr_NH0,fr_NH1,fr_NH2,fr_N_O,fr_Ndealkylation1,fr_Ndealkylation2,fr_Nhpyrrole,fr_SH,fr_aldehyde,fr_alkyl_carbamate,fr_alkyl_halide,fr_allylic_oxid,fr_amide,fr_amidine,fr_aniline,fr_aryl_methyl,fr_azide,fr_azo,fr_barbitur,fr_benzene,fr_benzodiazepine,fr_bicyclic,fr_diazo,fr_dihydropyridine,fr_epoxide,fr_ester,fr_ether,fr_furan,fr_guanido,fr_halogen,fr_hdrzine,fr_hdrzone,fr_imidazole,fr_imide,fr_isocyan,fr_isothiocyan,fr_ketone,fr_ketone_Topliss,fr_lactam,fr_lactone,fr_methoxy,fr_morpholine,fr_nitrile,fr_nitro,fr_nitro_arom,fr_nitro_arom_nonortho,fr_nitroso,fr_oxazole,fr_oxime,fr_para_hydroxylation,fr_phenol,fr_phenol_noOrthoHbond,fr_phos_acid,fr_phos_ester,fr_piperdine,fr_piperzine,fr_priamide,fr_prisulfonamd,fr_pyridine,fr_quatN,fr_sulfide,fr_sulfonamd,fr_sulfone,fr_term_acetylene,fr_tetrazole,fr_thiazole,fr_thiocyan,fr_thiophene,fr_unbrch_alkane,fr_urea,antibios
14.684292725302859,14.684292725302859,0.04786572530874911,-1.9410900610033963,0.018720807701393213,15.56,2208.749999999999,2053.517999999999,2206.9957326679987,840,0,0.32572771595606675,-0.5079666451556014,0.5079666451556014,0.32572771595606675,0.38666666666666666,0.7266666666666667,1.1466666666666667,32.16896903313108,9.966800157102387,2.4245649421616897,-2.2997815190856516,2.2049840379572494,-2.6306141381238177,7.985243274695351,-0.14241997202634446,0.8669370615315265,1.8560734786158994,4687.560275758224,113.0512796435548,87.073049000602,91.31139312538502,70.72405506838523,49.26329443667452,54.70974605109394,37.64930020689578,41.33639262919648,23.83930540040161,26.50145379631997,14.733885160015342,16.66231829255853,-11.799999999999995,1.3502923166673204e+45,132.3488702709193,68.89719800632581,46.98073989980383,895.5815535678282,147.89920011127046,120.25215859123107,0.0,106.32923512832714,0.0,11.938610575903699,91.09620649736465,9.77851570501903,60.543233144199334,0.0,99.92366189367866,172.76657364752387,43.3858372768107,37.3808192155351,131.63643544532144,178.81107884843016,0.0,105.6701519140084,41.05686518513133,287.51659519448555,67.22797036060624,77.87593117231295,0.0,11.49902366656781,107.16952982643836,0.0,11.49902366656781,60.543233144199334,352.1705325707764,115.15320855021453,29.589530230806965,164.11389360379007,61.055100194070505,0.0,0.0,0.0,780.2700000000001,300.56457885822203,131.63643544532144,0.0,99.45163151008254,29.05343181981358,6.923737199690624,117.1119666413157,74.15720514805919,0.0,130.92773021003438,11.46733495432437,0.0,12.6021721418539,286.99899242809477,117.00388597841447,12.767563379517096,-23.71970557276177,-16.288749349770914,3.0981517939017826,16.48213364519511,0.0,0.6354166666666666,150,30,49,0,0,0,2,1,3,33,30,54,71,0,0,0,3,-4.454699999999963,567.7057000000015,2,3,3,0,0,2,1,2,2,2,20,18,0,0,0,1,19,2,0,0,0,1,2,0,0,0,0,18,0,0,0,0,0,0,2,0,0,0,0,0,0,0,0,0,0,0,0,1,0,0,0,0,0,0,0,0,0,0,0,0,0,0,0,0,0,2,2,0,0,0,0,0,0,0,0,3,0,0,0,0,0,0,0,1,0,False
15.019787180721714,15.019787180721714,0.02277136423629922,-2.2280702069077973,0.008447663886873399,17.43010752688172,2656.0419999999954,2475.609999999998,2654.2508950479996,1028,0,0.32540338426599064,-0.5079666451760154,0.5079666451760154,0.32540338426599064,0.40860215053763443,0.8172043010752689,1.3279569892473118,32.16640292479509,9.95599933275153,2.490202205391283,-2.324815778359879,2.3040540939637197,-2.6217098727075063,7.981130234439191,-0.14699131253538847,1.651392397661878,0.9877681390495703,6528.467373906,138.61102861801092,105.48266449798712,107.19358826991476,87.87129990947379,61.41484250411054,63.441144886261554,46.66358659693203,48.01433352825563,31.58714252885865,32.59624145138813,20.779493448572385,21.50800775444847,-17.739999999999995,1.1102610608983649e+64,155.01354565495618,76.86244529020783,49.37339734719162,1081.6572279788509,194.91289625584028,138.37768107867495,5.959554568743835,135.86513377508467,0.0,23.877221151807397,134.8617875757308,0.0,24.39067409740411,0.0,96.84863592322705,213.7573819176327,74.71493422579528,44.24305522092207,175.41125052350563,200.995508525121,5.409283605791522,126.0194797936253,40.68838804713292,368.46552196388217,63.63689679699334,95.68360286824341,0.0,11.49902366656781,129.2704419887754,0.0,11.49902366656781,24.39067409740411,440.1096915764464,148.7149688387173,23.163001744275704,220.76498055344354,78.99324839315241,0.0,10.902924932081056,0.0,1037.0000000000002,398.8551236114523,170.6167133394338,4.794537184071822,133.25693828586583,47.04514639099987,37.80385546684557,58.94775345624221,84.19639479242481,0.0,123.94853974908685,28.343953514440262,0.0,5.525140032550134,385.5315204646245,148.89148050187887,24.95701906713949,-34.07061401838828,-18.431591062974615,-5.40321900247034,12.3891529065292,0.0,0.5966386554621849,186,39,65,0,3,3,3,1,4,37,36,67,79,0,3,3,7,-8.07862999999989,672.075200000003,4,3,3,0,0,1,1,2,4,4,27,23,0,0,0,3,22,4,0,0,3,1,1,0,0,0,0,23,0,0,0,0,0,0,3,0,1,0,0,0,0,0,0,1,0,0,0,0,0,0,0,0,0,0,0,0,0,0,0,0,0,0,0,0,1,2,2,0,0,0,0,1,0,0,0,1,0,0,0,0,0,0,0,1,0,False
14.660096937293218,14.660096937293218,0.08479451816100214,-2.062571854487369,0.016357522777199308,16.16260162601626,1766.909,1650.9889999999994,1765.7941130399986,686,0,0.3263125238718507,-0.5079666451556014,0.5079666451556014,0.3263125238718507,0.5040650406504065,0.959349593495935,1.4634146341463414,32.16637097331357,9.966129589916553,2.424177420926638,-2.308098974099319,2.2148202683120553,-2.617441765430387,7.98106204864136,-0.14722453887292078,1.74892463111012,2.4600815873563193,3777.6549703659766,93.4032260414292,69.00530699567925,69.82180357660697,57.54796005308898,38.921574390541764,40.31542124065911,29.305064510719923,30.290663070373412,18.95144279776693,19.595393348626306,11.78204185798794,12.25344637877897,-12.609999999999996,6.1998373891332e+34,106.46149735284824,53.22429548716992,38.34234101658101,709.0040842338366,143.33210046347915,96.37712427050329,5.959554568743835,100.42205539897563,0.0,23.877221151807397,101.300027287228,4.794537184071822,11.761884949391115,0.0,46.24850455861173,107.25758347075516,32.35197768060318,38.51806962695183,136.43097262939327,142.02071606891798,5.409283605791522,84.65173879094546,34.770482000971526,235.08924194376627,38.249773972508834,29.828919765543436,0.0,5.749511833283905,102.68649896874373,0.0,5.749511833283905,11.761884949391115,305.8857854117388,107.10610248843432,17.24509569811431,137.5002929875695,24.26546827384644,0.0,0.0,0.0,811.7,309.76525501357685,126.21791783971186,0.0,55.83861623525687,6.4208216229260096,18.747384130231726,56.798564822309416,20.103243582892652,5.316788604006331,74.43504045608864,38.55700830412167,0.0,1.1735656068720595,280.14965666345034,110.17912754225205,22.659038728675863,-27.720165498884224,-20.12184441746595,-6.034541976294022,7.5484966847272155,0.0,0.6164383561643836,123,31,49,0,1,1,1,0,1,27,27,50,56,0,1,1,2,-10.157329999999947,430.43840000000085,4,2,2,0,0,0,0,1,4,4,21,17,0,0,0,1,16,4,0,0,1,0,0,0,0,0,0,17,0,0,0,0,0,0,1,0,0,0,0,0,0,0,0,1,0,0,0,0,0,0,0,0,0,0,0,0,0,0,0,0,0,0,0,0,0,1,1,0,0,0,0,2,0,0,0,1,0,0,0,0,0,0,0,0,0,False
15.688559676025406,15.688559676025406,0.002294658918384762,-2.3409064636472925,0.0072833286219803105,16.064444444444444,6446.305999999987,6034.034000000013,6441.836927928003,2468,0,0.3281222487836729,-0.5079666451556014,0.5079666451556014,0.3281222487836729,0.18222222222222223,0.38,0.6444444444444445,32.1704443014991,9.959595008936118,2.673285876312617,-2.333692390823727,2.4830823776463258,-2.628790128703605,7.988506363627911,-0.14834108334138218,1.6421811803733515,0.4673650764452558,18905.41215405936,332.7101881167699,250.23823602607166,256.1875039227823,213.66905130355767,145.34015035517237,152.81290435174296,108.75721236992477,113.79505172354912,73.26756435413927,76.93881167258712,48.13369955839686,50.808878630106314,-44.90000000000012,2.2875258544523633e+181,371.28656943730925,189.20665213495857,122.94160605554549,2612.672275126729,485.9483313342781,331.13192961968184,17.878663706231507,342.6164243023875,0.0,35.81583172771109,318.28369341389964,24.730451267860655,84.93390724160344,0.0,171.3597810072244,424.13398266161926,248.31250304890526,144.7488569737033,398.76787288772977,513.953601774177,16.227850817374566,350.89641006215027,86.74196643342961,763.1166071251744,176.926664233389,300.2653356385475,0.0,22.99804733313562,339.5433496571129,0.0,22.99804733313562,84.93390724160344,1065.9621356218634,377.47941763278294,39.89947500202013,427.82378580306903,238.54546321727474,0.0,32.70877479624317,0.0,2615.000000000002,996.1385706732383,269.3153689177903,129.45250396993927,316.69374744054426,49.58853138638395,83.47299777047573,218.16061134313233,118.59069315465682,0.0,369.18313858278725,79.2981930661586,0.0,17.768904774361314,970.5672891406474,340.8327532729983,66.89606625649787,-87.5062262855945,-56.00461062105951,-6.298968701738005,6.244792163886832,0.0,0.5464285714285714,450,102,163,0,4,4,7,7,14,93,94,170,201,0,4,4,18,-26.281189999999988,1624.674200000008,6,8,8,0,0,11,7,4,6,6,64,58,0,0,0,8,62,11,0,0,4,7,3,0,0,0,0,58,0,0,0,0,0,0,7,0,3,0,0,0,0,0,0,3,0,0,0,4,0,0,0,0,0,0,0,0,0,0,0,0,0,0,0,0,3,4,4,0,0,0,0,5,0,0,0,4,0,0,0,0,0,0,0,2,0,False
15.475119009778853,15.475119009778853,0.011196350992157988,-2.316498326743716,0.007295650116558015,16.744505494505493,5280.223999999991,4923.392000000003,5276.374030108008,2022,0,0.3265586060516471,-0.5079666451556014,0.5079666451556014,0.3265586060516471,0.21703296703296704,0.45054945054945056,0.7857142857142857,32.17053245470852,9.963022961998051,2.6183663385335327,-2.332005800629274,2.408407264104449,-2.62630474274673,7.988231075930017,-0.14596281017198035,1.6628092555112441,0.7217523321039088,13725.643231978513,272.3437420585113,207.51693903594602,214.36063412365658,172.0211388909292,119.46457354008668,127.56978306869081,90.73784299822528,96.14083072351971,59.89378589031826,63.930181580436276,38.96552888804807,41.869948676727624,-32.499999999999915,1.184069029919365e+142,312.31455749836675,160.0450826207142,105.5168259119044,2139.3854606406435,364.29315553747693,271.5905083157942,5.959554568743835,289.45180673822375,0.0,41.78513701566294,269.10882872974196,9.77851570501903,97.56269638961643,0.0,241.30606211305954,330.2119116865439,111.13591664648729,121.59542534570676,334.87893844095146,445.66211964432824,5.409283605791522,268.49027306252185,87.66315927842564,687.2040125682419,162.858871946597,155.86334841193613,0.0,5.749511833283905,268.3407034392514,0.0,5.749511833283905,97.56269638961643,879.0407301464077,300.59819042265235,58.67043802124405,404.9987091572401,127.91561445029973,0.0,10.902924932081056,0.0,1985.629999999998,815.2354954315582,310.9062525205923,23.97268592035911,231.9851597680946,60.55475765303112,52.07097349071492,153.82703350157814,166.0100813062124,0.0,299.4057907311719,39.81128846876463,0.0,21.297864052155585,813.3979527662782,251.4090210999203,36.231856697128066,-78.44895493089702,-49.40314031043048,-5.270583825567128,24.674873340301353,0.0,0.6244541484716157,364,72,127,0,4,4,4,2,6,75,70,135,166,0,4,4,10,-17.877330000000384,1333.6217000000074,7,5,5,0,0,3,2,1,7,7,56,49,0,0,0,5,47,6,0,0,4,2,4,0,0,0,0,49,0,0,0,0,0,0,4,0,1,0,0,0,0,0,0,1,0,0,0,1,0,0,0,0,0,0,0,0,0,0,0,0,0,0,0,0,1,1,1,0,0,0,0,2,0,0,0,4,0,0,0,0,0,0,0,2,0,False
16.03255834396485,16.03255834396485,0.004670725571240375,-2.2053988283234327,0.007283346631374413,16.348684210526315,4301.031999999985,4010.7279999999932,4298.114186736007,1660,0,0.32570623259912623,-0.5079666451556014,0.5079666451556014,0.32570623259912623,0.2532894736842105,0.5197368421052632,0.8782894736842105,32.16644087588945,9.953928980636896,2.560081071476068,-2.3225366889592842,2.373509261455402,-2.6277170566094696,7.981256002755424,-0.14282957755392378,1.6549395572336203,0.5980567684063733,12385.491173519375,224.31145530048008,172.07629119702742,174.681642159955,144.1669609051905,100.30923024489843,102.96798815908309,76.52915238227105,78.24504768526482,51.32168936869779,52.69593666289741,34.25480017334246,35.24042426430357,-31.06999999999992,4.215628964062345e+115,246.8573553947133,122.94535039618582,78.98434276210831,1766.704663382784,307.9493946010128,199.08841836601857,23.83821827497534,224.47282971535714,0.0,11.938610575903699,208.62408460196733,14.76249422596624,37.0194632454171,0.0,229.74101970275936,254.49834137114732,178.79938931552425,87.16903543514806,222.42065173191727,329.97789660789664,21.63713442316609,235.67517997940334,87.11044357142802,546.7803768996619,82.41713765696495,246.13296672747518,0.0,5.749511833283905,237.6906084346811,0.0,5.749511833283905,37.0194632454171,640.5861859565553,243.14806034628114,57.14457070013444,322.4897223310051,201.3644017875963,0.0,32.70877479624317,0.0,1669.2599999999986,596.8381871535148,126.52990805048074,95.89074368143648,227.23037905635624,67.07733038080562,49.25665320985456,60.410548869065224,221.34690382979926,13.847474399381248,246.2330290828778,73.24014171762576,0.0,9.717756478944166,612.5606284208824,186.83662774794217,56.1064559442258,-52.200880084452926,-15.163174966439945,-3.89719226123748,21.65088983124718,0.0,0.5329949238578681,304,68,104,0,3,3,6,5,11,54,61,107,128,0,3,3,14,-11.718820000000276,1116.773200000006,2,3,3,0,0,7,5,1,2,2,40,38,0,0,0,5,44,9,0,0,3,5,2,0,0,0,0,38,0,0,0,0,0,0,6,0,3,0,0,0,0,0,0,4,0,0,0,2,0,0,0,0,0,0,0,0,0,0,0,0,0,0,0,0,3,1,1,0,0,0,0,4,0,0,0,1,0,0,0,0,0,0,0,0,0,False
14.978527665193948,14.978527665193948,0.005905606715962408,-1.828395355929594,0.01463671981155746,14.615384615384615,1658.9949999999997,1539.042999999999,1657.876266967999,646,0,0.3257277161292412,-0.48122926245045566,0.48122926245045566,0.3257277161292412,0.42735042735042733,0.8034188034188035,1.2393162393162394,32.166370400022856,9.95678120552086,2.3865508024967035,-2.29684849571347,2.1629683302695932,-2.616428752624066,7.981055199605995,-0.1422946256436182,0.8465926983719092,1.9958634080244326,3625.4413703367904,87.26970526215081,66.93011526047599,67.74661184140372,55.49596558272581,38.710705866536735,40.10455271665409,28.67397453031057,29.65957308996406,18.53321237101266,19.17716292187204,11.828672945672356,12.300077466463387,-11.520000000000001,8.80610949007447e+30,99.67382700950654,53.59577288207514,38.655802144463124,683.7740451177407,118.4229600264217,72.50208994977551,11.91910913748767,76.79333648156958,0.0,11.938610575903699,77.94208778858855,4.794537184071822,11.761884949391115,0.0,125.11127644861268,118.21149919253527,38.7727993035292,19.069544416586886,87.23763994559947,112.41294114435209,10.818567211583044,74.43504045608864,40.50414947813371,215.8957627441928,38.249773972508834,107.68586050201517,0.0,0.0,103.10337784189959,0.0,0.0,11.761884949391115,232.76434313091534,91.18052262985537,22.654379303905827,134.77972157158226,90.99550602692418,0.0,0.0,0.0,662.9599999999999,205.0226852845929,87.23763994559947,0.0,102.14076768482907,35.28485132768979,0.0,18.685622149081738,124.94622400919808,0.0,74.43504045608864,39.48690459739397,0.0,1.3196409131391111,208.0248450126003,81.17069350164009,30.026841537589497,-16.775851650848626,5.712709374643851,-0.13417103036280853,7.321959008265255,0.0,0.5454545454545454,117,29,39,0,0,0,3,0,3,21,24,40,56,0,0,0,3,-3.8027599999999913,435.7746000000009,2,1,1,0,0,0,0,0,2,2,15,13,0,0,0,0,16,5,0,0,0,0,0,0,0,0,0,13,0,0,0,0,0,0,3,0,0,0,0,0,0,0,0,2,0,0,0,0,0,0,0,0,0,0,0,0,0,0,0,0,0,0,0,0,0,0,0,0,0,0,0,1,0,0,0,1,0,0,0,0,0,0,0,1,0,False
15.609253835885951,15.609253835885951,0.03256568313811248,-2.38109441256145,0.0072842208130484715,16.542857142857144,5451.354999999988,5053.195000000005,5447.918025420008,2142,0,0.3260470628646188,-0.5079666451556014,0.5079666451556014,0.3260470628646188,0.18181818181818182,0.36623376623376624,0.6285714285714286,32.11689169935294,9.947243786381753,2.631363592610217,-2.3295890719925447,2.429825972076722,-2.6341714357114085,7.79883173178049,-0.14474397451087406,1.687381034692183,0.7813915399661415,14753.193652015008,288.98748823841083,222.46341281369692,223.35784000469684,181.16727308937294,128.84292359483624,129.47537912686994,99.88933290637783,100.25448127804795,64.30625847198797,64.67140684365809,42.20526313135951,42.46237291644455,-36.88999999999999,3.492013798747467e+150,328.8870148361532,165.58816037616424,112.16243786769037,2231.7055690360366,414.64188266729354,289.4237018073741,23.83821827497534,283.5446270088722,0.0,35.81583172771109,275.7476051789729,4.794537184071822,12.628789148012991,0.0,276.42766368827716,415.3418103783081,130.71143681600515,82.2585256053234,335.50291886248925,377.633316023734,21.63713442316609,269.23996201873683,139.81888227988293,831.2798011704068,90.95893800081095,167.60465303940495,0.0,11.49902366656781,313.3762855102371,0.0,11.49902366656781,12.628789148012991,843.8677222489742,291.00911605450864,92.65200697710281,518.5484404347121,139.78739558092002,0.0,21.805849864162113,0.0,2227.5499999999993,857.1994663934844,249.20124954919623,86.30166931329282,280.8220741798545,44.91702596217911,70.39871399645854,102.88485331075822,195.83941065666397,0.0,267.1690219741984,90.44114414911232,0.0,4.332516466118707,797.4608317146659,306.749359324959,72.04991963325674,-80.89935399629877,-52.244936310133795,-23.02065360732269,40.79453899697665,0.0,0.6290322580645161,385,91,136,0,3,3,5,2,7,73,80,137,175,0,3,3,10,-17.869920000000228,1396.9872000000082,6,7,7,0,0,2,2,2,6,6,54,48,0,0,0,3,52,12,0,0,3,2,1,0,0,0,0,48,0,0,0,0,0,0,5,0,2,0,0,0,0,0,0,4,0,0,0,0,0,0,0,0,0,0,0,0,0,0,0,0,0,0,0,0,2,2,2,0,0,0,0,3,0,0,0,0,0,0,0,0,0,0,0,4,0,False
16.12501331985752,16.12501331985752,0.00422678838962276,-2.1178946107591017,0.007283330884968411,15.98904109589041,5157.030999999983,4793.142999999999,5153.652432372007,2010,0,0.32569546738400373,-0.5079666451556014,0.5079666451556014,0.32569546738400373,0.20821917808219179,0.43561643835616437,0.7506849315068493,32.118019348483635,9.963516216751662,2.6047150815798594,-2.3209716822353847,2.415244786543017,-2.629572299191705,7.800819011364957,-0.14349308192811505,1.6698312609445205,0.6595007028392196,14728.66402142355,271.61976294045024,209.61542116365007,211.4042755456499,172.5325183992333,121.82327665570335,123.0881877197707,94.04536147773791,94.77565822107815,61.31188109437597,62.0421778377162,40.1897745284915,40.70399409866158,-35.94999999999999,2.5564961414074054e+141,304.4429149914131,152.89970941024043,101.19481631087102,2118.9488497840034,367.053922237053,265.2563384907821,5.959554568743835,289.45180673822375,0.0,17.90791586385555,249.93067999345467,14.76249422596624,25.257578296025983,0.0,287.2001121172067,349.2949191036036,171.88282856065197,88.23699214727763,295.27468012530136,371.28563026309246,5.409283605791522,267.99279047659707,128.16730875655935,735.4223034001031,77.07752238982002,240.06659965901358,0.0,11.49902366656781,286.37546361704966,0.0,11.49902366656781,25.257578296025983,747.0084628222523,300.68250655514305,70.50625011356684,462.85904775686157,195.2980347191347,0.0,32.70877479624317,0.0,1996.249999999998,797.7652644453229,180.20578770757746,115.06889241772379,216.2551370419645,78.93112699227717,18.747384130231726,153.18649551174042,220.10487893051052,0.0,283.4505493109221,68.47962585457556,0.0,8.469697979616456,781.0793670646797,211.07692364392332,66.31385362172858,-69.73375302346555,-34.41977983495669,-7.81943170175307,36.31090002800502,0.0,0.5774058577405857,365,79,124,0,2,2,6,5,11,67,70,126,163,0,2,2,13,-13.432330000000388,1331.498200000008,3,4,4,0,0,7,5,2,3,3,52,49,0,0,0,4,48,11,0,0,2,5,2,0,0,0,0,49,0,0,0,0,0,0,6,0,3,0,0,0,0,0,0,1,0,0,0,2,0,0,0,0,0,0,0,0,0,0,0,0,0,0,0,0,3,2,2,0,0,0,0,6,0,0,0,0,0,0,0,0,0,0,0,3,0,False
15.48782180512395,15.48782180512395,0.00515313037667986,-2.217342935432802,0.007283392036078209,16.870786516853933,5098.027999999987,4743.212,5094.483912704006,1970,0,0.32570623124571246,-0.5079666451556014,0.5079666451556014,0.32570623124571246,0.22752808988764045,0.4747191011235955,0.8258426966292135,32.167792477126795,9.935765025885246,2.608266344823721,-2.328428293915377,2.410474835427862,-2.6252828942161206,7.983595419297702,-0.14602379682549843,1.6602647492297788,0.6473892204872671,13849.96202698818,265.6784516405816,204.4092646322206,208.7255393670758,167.89653460399634,118.08990764711253,122.77496794344826,91.60699458178587,94.67363681610321,59.08192143183016,61.46526764855929,39.310454074966486,41.005317602154214,-33.06999999999992,5.124479049252408e+138,300.1376078545843,150.14668216036404,99.72462118778003,2081.8818861916166,359.89783701505445,265.2563384907821,11.91910913748767,283.5446270088722,0.0,17.90791586385555,250.54542641517438,9.77851570501903,61.41013734282121,0.0,228.4644188672075,363.9490544418113,148.29005281812525,94.46551768230921,300.6931977309109,396.5876392171991,10.818567211583044,262.84067437545644,99.13049423275001,714.7063572490273,113.33025242439544,185.82274468063102,0.0,11.49902366656781,269.17446118556313,0.0,11.49902366656781,61.41013734282121,806.6864055480057,283.0463261252192,64.07972162703558,425.41546620184755,152.3115592272976,0.0,21.805849864162113,0.0,1927.439999999998,771.9624402429921,223.98060278576162,76.71259494514916,258.49812494192963,38.4962043392531,61.14206212154566,124.6675060348414,202.15410545207382,0.0,281.1274028960935,56.687907028880524,0.0,15.621513394135143,754.0727684823197,238.3013833884395,48.14460928423502,-65.62008680510563,-40.36092527210714,-10.674985507323699,33.84905636874031,0.0,0.6069868995633187,356,74,122,0,4,4,5,3,8,69,69,127,155,0,4,4,12,-15.635260000000372,1305.8199000000075,3,6,6,0,0,4,3,2,3,3,51,48,0,0,0,5,47,8,0,0,4,3,3,0,0,0,0,48,0,0,0,0,0,0,5,0,2,0,0,0,0,0,0,2,0,0,0,1,0,0,0,0,0,0,0,0,0,0,0,0,0,0,0,0,2,2,2,0,0,0,0,4,0,0,0,2,0,0,0,0,0,0,0,1,0,False
14.985264234173453,14.985264234173453,0.006645160047979104,-2.252548473300836,0.009561342485573573,15.592760180995475,3121.418999999992,2921.8349999999964,3119.4645015160027,1208,0,0.32604849947947506,-0.5079666451556014,0.5079666451556014,0.32604849947947506,0.33031674208144796,0.6923076923076923,1.1221719457013575,32.16637799685416,9.964521836393821,2.477061139975267,-2.297429529892434,2.273280308499951,-2.6164203206334014,7.98114198265781,-0.14234839447341213,1.6879450684179944,0.8120402488501199,8379.749031537389,163.4932867388186,123.08418370343163,123.90068028435937,104.62630057604386,71.06435034144798,72.45819719156533,53.52265705338292,54.50825561303641,35.04868558122178,35.69263613208117,22.992008210424483,23.46341273121552,-24.54999999999995,1.3046480817788486e+78,179.53501110740896,90.69669780924131,62.73630101857952,1268.2420120522497,238.62452508494027,144.71185090368695,11.91910913748767,177.21539188054516,0.0,23.877221151807397,169.0382942859533,24.730451267860655,11.761884949391115,0.0,78.29508016337782,176.29581584346982,125.72962823714424,93.02356719411574,188.5469012326456,235.67653205131234,10.818567211583044,198.62579733155252,52.15572300145729,387.100820138695,57.82191763164621,138.72704966760426,0.0,5.749511833283905,183.27208577515032,0.0,5.749511833283905,11.761884949391115,491.1261730946172,201.53919399599815,28.57228535006722,237.47432546437577,104.82443470481645,0.0,10.902924932081056,0.0,1355.9399999999994,485.29539214657774,188.5469012326456,0.0,125.26827811742595,47.1101555620881,18.747384130231726,113.8189566075105,57.48929262804279,0.0,193.72588760070207,45.22057207455616,0.0,1.292379348921477,505.7025053633963,135.36160438723095,35.52119622317212,-43.229572546781974,-28.020366933753138,3.0772849204010693,9.628302570746307,0.0,0.5407407407407407,221,52,85,0,2,2,2,5,7,43,46,86,98,0,2,2,9,-14.062660000000088,780.4229000000041,4,0,0,0,0,9,5,1,4,4,34,30,0,0,0,5,35,6,0,0,1,5,0,0,0,0,0,30,0,0,0,0,0,0,2,0,1,0,0,0,0,0,0,2,0,0,0,4,0,0,0,0,0,0,0,0,0,0,0,0,0,0,0,0,1,1,1,0,0,0,0,4,0,0,0,1,0,0,0,0,0,0,0,0,0,False
15.394496734954213,15.394496734954213,0.004580483760073362,-2.166832917517336,0.00957635004090203,15.79391891891892,4233.051999999985,3934.683999999992,4230.115157852007,1638,0,0.3260470642576341,-0.5079666451556014,0.5079666451556014,0.3260470642576341,0.25,0.49324324324324326,0.8108108108108109,32.17006999461579,9.95898567367247,2.5434997719354318,-2.317624985210045,2.3373185612501906,-2.6190270831315754,7.987657892913631,-0.14265347660926975,1.6498761813491452,0.9287529604398459,10849.080633894213,221.0273627290334,170.1012520674192,173.36723839113012,139.88057228475492,97.86401983523854,103.43940723570795,74.36695984603892,78.30935408465298,47.88862699422637,50.46442919766391,31.300387591048015,33.18600567421217,-28.139999999999922,1.4826894586797125e+110,252.4943959809107,131.41107640177015,91.34356424746117,1730.872510668261,294.58090574069786,216.92161185759844,11.91910913748767,242.19436890341163,0.0,11.938610575903699,212.18912894259975,9.77851570501903,47.04753979756446,0.0,204.7666423199841,337.43257093083497,96.5840854245235,56.581158525712794,236.80426328413273,313.0996284143676,10.818567211583044,205.8553776438168,98.5777785257524,579.2631494738562,100.45466796693371,185.5617916743281,0.0,11.49902366656781,249.15794338900545,0.0,11.49902366656781,47.04753979756446,634.4820928643039,244.6900286526446,46.3260034885514,356.68100978170617,152.0506062209947,0.0,0.0,0.0,1645.5199999999986,622.1710613930886,179.2698170752708,57.53444620886186,231.8578832116452,29.531997720943004,39.45683374815361,177.15746291316762,135.01027794772511,0.0,196.05555818211587,73.88890946036709,0.0,4.965981188741606,627.4067135887926,166.63624912881872,64.7815603903885,-52.3050270640044,-23.82961020602235,-3.464987958970534,22.47578759892247,0.0,0.5916230366492147,296,66,101,0,2,2,5,1,6,57,55,105,138,0,2,2,8,-12.755960000000268,1090.2638000000063,2,2,2,0,0,2,1,2,2,2,43,41,0,0,0,3,38,11,0,0,2,1,0,0,0,0,0,41,0,0,0,0,0,0,5,0,0,0,0,0,0,0,0,2,0,0,0,1,0,0,0,0,0,0,0,0,0,0,0,0,0,0,0,0,0,2,2,0,0,0,0,6,0,0,0,4,0,0,0,0,0,0,0,2,0,False
15.43015495387432,15.43015495387432,0.0300725920606697,-2.1114676394860945,0.012431248930612182,15.433526011560694,4937.805999999985,4603.15,4934.3191388240075,1900,0,0.32597749607581056,-0.5079666451556014,0.5079666451556014,0.32597749607581056,0.22254335260115607,0.45664739884393063,0.791907514450867,32.16779065620704,9.938403615378895,2.5741587250420364,-2.3095887689417762,2.38747358876659,-2.6274099712128103,7.983575328465386,-0.14371711185193153,1.670886570762489,0.6442638126059804,13845.916009068469,256.9760167605508,197.32251226207345,201.63878699692864,163.9417177886099,114.21838443862842,118.90344473496415,86.46365047902769,89.53029271334506,57.41837431777724,59.80172053450635,36.45665021274152,38.170788609578736,-33.50999999999993,1.2356917883999795e+133,289.7361077730549,148.6275349692744,99.21754506418367,2022.4598522886015,328.2914353902788,240.7966461783262,0.0,265.82308782081765,0.0,29.846526439759245,234.9323220195195,14.76249422596624,61.4101373428212,0.0,290.19145321521665,321.1127478087964,166.7088657206575,81.93978897312408,290.79213315199837,378.8856014675604,0.0,252.79211362079306,87.66315927842564,638.4281795826795,100.24073961257027,269.76504292140555,0.0,17.248535499851716,252.39033762723247,0.0,17.248535499851716,61.4101373428212,717.4733265734595,297.5142538099254,53.26115441545253,395.27888351254956,219.43302648982962,0.0,21.805849864162113,0.0,1797.329999999998,756.7887005983856,218.87407539092095,71.91805776107734,192.89888173976817,62.4647505684991,11.823646930541102,176.03150598252424,224.83530996661358,0.0,285.77857133398163,34.40200486297311,0.0,15.088126739831466,736.7201047241896,207.7248857827092,38.746503823024156,-64.86355407994859,-17.840469538649316,-2.0314791864018003,27.789215068578628,0.0,0.5506607929515418,346,67,114,0,1,1,7,4,11,65,64,119,157,0,1,1,12,-9.380300000000252,1272.3779000000068,5,2,2,0,0,6,4,3,5,5,50,45,0,0,0,3,45,6,0,0,1,4,3,0,0,0,0,45,0,0,0,0,0,0,7,0,2,0,0,0,0,0,0,0,0,0,0,2,0,0,0,0,0,0,0,0,0,0,0,0,0,0,0,0,2,3,3,0,0,0,0,3,0,0,0,2,0,0,0,0,0,0,0,2,0,False
15.426454636294793,15.426454636294793,0.012252632856153634,-2.187983557326799,0.009561341119058406,15.47860962566845,5343.293999999992,4965.2940000000035,5339.709312680006,2076,0,0.32604706302873215,-0.5079666451556014,0.5079666451556014,0.32604706302873215,0.18716577540106952,0.3877005347593583,0.6684491978609626,32.170093064733194,9.97401932537558,2.6012284563953414,-2.3178761795419582,2.4015486188174933,-2.625341822226207,7.987937729609749,-0.14343039029399277,1.6745679438691734,0.8472873511798522,14108.665699074305,279.51118618755424,213.31394432066915,216.57993064438003,176.79391141396383,123.21834242756815,128.79372982803753,92.92009283485795,96.8624870734719,59.85169220109876,62.42749440453632,39.235516772449884,41.12113485561402,-35.949999999999974,5.674012307645593e+145,320.69478381225684,168.66442344975107,118.15426033058398,2177.980355128415,406.6394146624603,271.00585032406605,29.797772843719173,283.5446270088722,0.0,23.877221151807397,271.56781441662076,4.794537184071822,47.04753979756446,0.0,204.76664231998413,451.3344959148539,133.54210119726827,63.87764077287392,310.5942623098235,395.17008573404456,27.04641802895761,259.3560737669392,121.51244843440112,717.1725235928268,146.39221392552244,197.30309630179693,0.0,17.248535499851716,330.5772879417236,0.0,17.248535499851716,47.04753979756446,831.6810500795174,287.840863309291,62.55385430592596,440.0212143765925,163.92238735161496,0.0,10.902924932081056,0.0,2215.599999999999,805.9368020911243,229.08713018060234,81.50713212922099,303.16217881719945,45.998374144721055,51.280480678694715,204.77006940885778,107.44580565211409,0.0,249.5562543052382,113.05143018639038,0.0,4.904159332582925,759.5590649503577,281.232556182607,88.47958996089676,-69.4748693204399,-38.393100354667524,-12.031146508790387,17.890412424119933,0.0,0.5991561181434599,374,94,133,0,2,2,6,1,7,74,79,137,179,0,2,2,9,-19.94645000000024,1371.221000000008,4,5,5,0,0,1,1,3,4,4,52,48,0,0,0,2,52,15,0,0,2,1,0,0,0,0,0,48,0,0,0,0,0,0,6,0,1,0,0,0,0,0,0,5,0,0,0,0,0,0,0,0,0,0,0,0,0,0,0,0,0,0,0,0,1,3,3,0,0,0,0,5,0,0,0,4,0,0,0,0,0,0,0,4,0,False
15.612786427203925,15.612786427203925,0.005684520887796252,-2.2602412715872857,0.012430785087133156,16.780918727915193,3992.556999999984,3738.5409999999933,3989.812978964005,1530,0,0.3261099729242368,-0.48122926244755687,0.48122926244755687,0.3261099729242368,0.26501766784452296,0.5477031802120141,0.9293286219081273,32.16643922632761,9.951756958640212,2.5526367010346473,-2.3275015363381444,2.363010659835068,-2.6288214797802567,7.981236861241099,-0.14564686058166187,1.6593103015966115,0.5087193777083174,11913.23602552307,206.39975992814962,157.86341932312146,160.46877028604902,135.00590552954668,92.97907232481154,95.63783023899623,70.58555908523734,72.30145438823106,48.28945400699747,49.691945626039924,32.759238067018785,33.65357506506239,-29.079999999999938,2.789683969675448e+106,222.94263262530274,110.04331506419447,67.16430175962958,1639.639741766579,273.71552731823317,187.29706570358672,0.0,218.56564998600564,0.0,11.938610575903699,182.19241299472938,24.730451267860655,37.0194632454171,0.0,193.55605446414845,218.3150022558005,197.2420937327167,105.4796858697996,217.62611454784545,300.2324986035697,0.0,228.61027217000466,52.15572300145729,480.25050323876974,82.54138877416564,288.63551707838894,0.0,0.0,188.58887437915664,0.0,0.0,37.0194632454171,623.6550556671724,251.19516640806134,17.75371813848418,266.65186863085444,232.4790961488131,0.0,32.70877479624317,0.0,1467.1499999999994,556.9929017851739,131.32444523455257,86.30166931329282,194.78824160105444,61.73785694042156,44.35003825486422,88.09970107750898,217.78694680173177,0.0,234.26821154262868,34.40200486297311,0.0,9.573786748797154,606.7826375657104,140.63736741754195,39.57282809044056,-45.35496687701707,-9.048265575885353,4.355065096957871,9.759325311232123,0.0,0.4972972972972973,283,54,95,0,4,4,6,7,13,52,50,98,114,0,4,4,17,-11.129900000000118,1025.9014000000057,2,4,4,0,0,11,7,0,2,2,39,37,0,0,0,8,36,6,0,0,4,7,2,0,0,0,0,37,0,0,0,0,0,0,6,0,3,0,0,0,0,0,0,0,0,0,0,4,0,0,0,0,0,0,0,0,0,0,0,0,0,0,0,0,3,0,0,0,0,0,0,4,0,0,0,1,0,0,0,0,0,0,0,1,0,False
16.3144094678445,16.3144094678445,0.015199254874399548,-2.052886757761774,0.009560262987710613,15.918767507002801,5107.1189999999815,4745.246999999999,5103.534551308005,1976,0,0.3257123826566774,-0.5079666451556014,0.5079666451556014,0.3257123826566774,0.2184873949579832,0.4481792717086835,0.7675070028011205,32.17132083561464,9.956093200152335,2.5923173698469784,-2.313377956201709,2.410128409124943,-2.6251491964714257,7.990070841658892,-0.14368930368339172,1.6184531235010517,0.6795384978485699,13928.476235245811,265.2436014740525,205.86267077564736,209.94515368028596,169.40997156805,119.37022258166711,126.33945683225384,90.1997220364572,95.12771483472466,60.41788024090705,63.637632995204015,38.69293827537146,41.04996087932665,-32.30999999999992,4.799395850698312e+137,301.8913505340621,156.08948343199486,101.42315675955666,2088.2097635677655,359.56138338681984,252.88032783662212,5.959554568743835,259.9159080914661,0.0,23.877221151807397,230.75253125716736,9.77851570501903,58.80942474695558,0.0,241.30606211305948,428.5184391744946,141.3386345296933,89.29839677888556,296.52264096837683,381.27088335521637,5.409283605791522,258.0248334347027,93.39682675558782,675.8782924975019,158.46296227438097,215.7821409493259,0.0,17.248535499851716,263.44079370840103,0.0,17.248535499851716,58.80942474695558,803.2017802271803,275.08353619592975,58.67043802124405,416.1256121406341,176.7075040042955,0.0,32.70877479624317,0.0,1876.1299999999983,733.4755543253904,219.81004602322756,76.71259494514916,287.06964908715076,62.24077251718617,23.647293861082204,238.8816331263086,166.388885536312,0.0,248.22501397300172,45.54495594592682,0.0,6.226969000956387,716.5176431618017,253.9124301948019,44.5448647617932,-60.104591890774714,-30.756066029186158,4.846978401937904,24.311772398669696,0.0,0.5982905982905983,357,74,118,0,2,2,6,4,10,69,67,123,165,0,2,2,12,-10.594930000000312,1322.156100000008,4,6,6,0,0,5,4,3,4,4,48,44,0,0,0,3,47,7,0,0,2,4,0,0,0,0,0,44,0,0,0,0,0,0,6,0,3,0,0,0,0,0,0,1,0,0,0,1,0,0,0,0,0,0,0,0,0,0,0,0,0,0,0,0,3,3,3,0,0,0,0,1,0,0,0,5,0,0,0,0,0,0,0,4,0,False
15.976303601821117,15.976303601821117,0.0011394495054861675,-2.2940003652685066,0.0072922859810988705,15.307142857142857,5999.147999999993,5604.012000000015,5994.739844224006,2288,0,0.3256954686311425,-0.5079666451556014,0.5079666451556014,0.3256954686311425,0.17857142857142858,0.36428571428571427,0.6309523809523809,32.171742110833684,9.927632806194339,2.6333894879047386,-2.3266501796062617,2.466380180404163,-2.6215893466107025,7.990710003608591,-0.14449015583982286,1.6419428754746979,0.44483716903100295,18170.687589807294,307.71522449685494,236.80182329630463,243.56758777394302,200.53523171747702,138.8057866625654,147.67238750925335,103.34399097547892,109.36742888875675,70.86318034329555,75.17837821260284,46.49538366776354,49.62373562697383,-40.89000000000005,5.80163149668665e+167,341.9758154751182,177.0425590406788,112.66319716207212,2458.8282394699395,396.3727769093869,271.2981793199301,11.91910913748767,283.5446270088722,0.0,41.78513701566294,269.72357515146166,24.730451267860655,96.69579219099455,0.0,284.6927778733781,439.29088760342427,262.8777708385557,93.1475019771023,309.65829167751684,488.4592900134231,10.818567211583044,324.48060462231183,81.37677609426584,709.4976849161844,155.83875164248224,384.44959644978366,0.0,11.49902366656781,295.75840420559473,0.0,11.49902366656781,96.69579219099455,879.4789080745968,347.1702262219885,46.3260034885514,433.03278274030146,311.60282104511685,0.0,54.51462466040528,0.0,2142.339999999998,816.8721464468392,156.23310178721835,153.4251898902984,318.9592044831206,112.91065208611207,25.60935934877236,187.91295550668926,294.9009171115375,0.0,352.5671526046499,56.68790702888053,0.0,19.223929971110973,858.8185894413409,232.27469495234226,54.31597496039585,-70.26789048622722,-13.358040902764133,11.704863318121044,17.454545412346988,0.0,0.5181159420289855,420,83,136,0,2,2,9,9,18,76,78,144,190,0,2,2,20,-6.605160000000405,1565.1070000000068,7,0,0,0,0,13,9,2,7,7,55,48,0,0,0,6,58,8,0,0,2,9,3,0,0,0,0,48,0,0,0,0,0,0,9,0,5,0,0,0,0,0,0,2,0,0,0,4,0,0,0,0,0,0,0,0,0,0,0,0,0,0,0,0,5,2,2,0,0,0,0,1,0,0,0,5,0,0,0,0,0,0,0,4,0,False
15.81413635347009,15.81413635347009,0.0019310722753371756,-2.364777885474142,0.007283329531938587,14.43,4281.767999999985,4012.6319999999905,4278.833241504008,1640,0,0.32572771348597696,-0.5079666451760156,0.5079666451760156,0.32572771348597696,0.22,0.45,0.75,32.16892193516643,9.999311204380431,2.5258181781262734,-2.283602079771496,2.3308715124357544,-2.6208247716092647,7.985585992556779,-0.142514493385904,1.680780471445514,0.8009496125814055,11948.021955293665,222.68421697852577,166.03307662316968,169.37699355695278,142.14114865787903,95.45574245956402,100.26973854194976,71.40924523330094,74.73118928393157,46.023663926566726,48.320663950814996,30.165177411474616,31.836500758932765,-31.389999999999922,2.25436653087133e+112,249.60693109706892,129.26333841314522,89.82025129905448,1736.4290340446069,317.9833811749745,210.58744203258638,11.91910913748767,212.65847025665414,0.0,47.75444230361479,216.98366612667158,9.77851570501903,47.914443996186336,0.0,175.00249870429917,283.7664599227052,117.02614160390738,95.91899896460696,282.4510196269302,342.0523155581052,10.818567211583044,211.3403038280166,57.889390478619475,473.078580138892,100.86790630653557,251.54695128017943,0.0,17.248535499851716,231.54006208436306,0.0,17.248535499851716,47.914443996186336,664.0079729777342,262.3262090825684,28.572285350067226,266.96934823032876,206.908862843452,0.0,21.805849864162113,0.0,1757.4799999999987,650.125110345829,239.30018497028374,43.150834656646396,173.62987515082523,49.81250943769688,13.847474399381248,183.11511076631592,119.3891376739875,15.950365812018994,208.0187271640106,50.954239551718345,0.0,8.035949295735687,638.2586430254225,244.98827199093537,44.26579936203263,-63.948463080835,-18.343368880628162,-7.884223056881366,4.0162802331071425,0.0,0.4973544973544973,300,69,107,0,0,0,7,3,10,60,63,111,139,0,0,0,10,-14.519160000000209,1081.3767000000053,8,3,3,0,0,4,3,3,8,8,44,36,0,0,0,1,41,7,0,0,0,3,1,0,0,0,0,36,0,0,0,0,0,0,7,0,2,0,0,0,0,0,0,2,0,0,0,1,0,0,0,0,0,0,0,0,0,0,0,0,0,0,0,0,2,3,3,0,0,0,0,2,0,0,0,3,0,0,0,0,0,0,0,2,0,False
16.25357762218787,16.25357762218787,0.007639610303344702,-2.31502153476785,0.007283329739092749,14.486486486486486,5797.660999999992,5445.8690000000115,5793.389060468006,2192,0,0.32604849953509285,-0.5079666451556014,0.5079666451556014,0.32604849953509285,0.18673218673218672,0.3832923832923833,0.6412776412776413,32.16930269121843,9.999095723180421,2.6047016471710704,-2.285350023440253,2.4365698327163265,-2.619986314057628,7.986171244226342,-0.14243735488597137,1.6705068547706656,0.41968098294046907,18246.7071988139,297.1213663697202,223.3894834455675,230.31110914335025,194.37373327072825,130.40681221496692,137.75063042548751,96.9408232571914,101.72336079450247,64.82545703965383,68.58305055058247,43.1055307490383,45.80529323683663,-42.8300000000001,1.1622531276427287e+161,325.44469977863275,167.57279076351836,109.69273001735625,2372.8083721622843,397.4516324034857,270.42119233233797,11.91910913748767,295.3589864675753,0.0,23.877221151807397,264.92903796738983,19.746472746913447,98.42960058823832,0.0,288.9031872970761,340.70372803780464,257.3837528166816,120.27117389419232,315.0768092831264,473.19661707343323,10.818567211583044,304.62875932861994,63.438819386782455,552.0086681564121,149.9962207985727,491.4830744360414,0.0,28.747559166419524,301.49207168275694,0.0,28.747559166419524,98.42960058823832,839.7785078340802,361.6381539066947,22.654379303905827,290.9667015711358,402.0764210594352,0.0,43.611699728324226,0.0,2144.039999999998,800.3696057010154,238.36421433797716,76.71259494514916,246.48192442607638,106.52440639944919,35.12184889192935,221.393915011604,239.13221528391307,0.0,362.8727953378344,62.42157450604271,0.0,25.219563547634245,822.1960219334491,251.45452234335224,58.395044766309574,-70.47885213701511,11.48187048175106,2.2923678968199743,-1.4494277211901305,0.0,0.43018867924528303,407,85,134,0,1,1,13,7,20,77,81,142,176,0,1,1,21,-14.005160000000407,1500.5936000000074,4,2,2,0,0,10,7,5,4,4,54,50,0,0,0,4,56,9,0,0,1,7,5,0,0,0,0,50,0,0,0,0,0,0,13,0,4,0,0,0,0,0,0,2,0,0,0,3,0,0,0,0,0,0,0,0,0,0,0,0,0,0,0,0,4,5,5,0,0,0,0,4,0,0,0,3,0,0,0,0,0,0,0,2,0,False
15.144631041005196,15.144631041005196,0.014897371023815165,-2.1099377095059655,0.009561660933404367,16.140776699029125,2886.273999999994,2687.6979999999967,2884.4772810040004,1128,0,0.3259158478461335,-0.5079666451556014,0.5079666451556014,0.3259158478461335,0.3446601941747573,0.6941747572815534,1.1359223300970873,16.375291727049962,9.96367489660653,2.4881460942669267,-2.3177481169739407,2.293419869190065,-2.63216627705096,6.0582101152868795,-0.1491257135480826,1.661495068275148,0.842226553950975,7680.155056647733,152.39727490057078,116.671141075642,116.671141075642,97.64295819510225,68.14323933922203,68.14323933922203,52.19580929561146,52.19580929561146,34.577698690412156,34.577698690412156,22.843701559517974,22.843701559517974,-21.369999999999965,1.687834909196716e+72,167.7805790271521,83.62497431184917,53.8043684630961,1186.4412255926188,217.60246841670198,150.46136273697087,5.959554568743835,153.58667296313916,0.0,11.938610575903699,134.8617875757308,14.76249422596624,0.0,0.0,148.45459844137153,192.07992427238293,100.49429784806608,62.74662610776473,169.99273291789603,182.38776303986774,5.409283605791522,151.68906135457627,69.72520257094226,381.74795522789844,52.48230236450128,168.01507298470057,0.0,11.49902366656781,157.10502162827456,0.0,11.49902366656781,0.0,439.4988497607617,172.77197089156718,34.99881383659849,231.798381988676,134.3734110282157,0.0,10.902924932081056,0.0,1169.85,417.2657671150918,146.0200469975369,23.97268592035911,158.34380765264382,39.577552521795056,16.72355666139158,122.0454242382825,81.56535878683944,0.0,141.88924189287533,45.54495594592682,0.0,0.0,419.71243867612014,136.4880342504762,42.587482515790505,-36.305627521560545,-11.819468037597607,-1.043141206915425,13.046947990353308,0.0,0.5447761194029851,206,47,72,0,2,2,4,3,7,39,40,72,88,0,2,2,9,-9.574729999999965,739.600600000004,2,3,3,0,0,5,3,2,2,2,28,26,0,0,0,4,26,7,0,0,2,3,0,0,0,0,0,26,0,0,0,0,0,0,4,0,1,0,0,0,0,0,0,1,0,0,0,2,0,0,0,0,0,0,0,0,0,0,0,0,0,0,0,0,1,2,2,0,0,0,0,3,0,0,0,0,0,0,0,0,0,0,0,2,0,False
15.64303669251767,15.64303669251767,0.006628602316967491,-2.3856074600942847,0.007283328645275785,15.97877358490566,6005.7359999999935,5609.592000000013,6001.785492796004,2324,0,0.32571118387516934,-0.5079666451556014,0.5079666451556014,0.32571118387516934,0.18160377358490565,0.39622641509433965,0.714622641509434,32.167686585786896,9.949781672220345,2.6498944488758776,-2.325235231583274,2.4570480077754673,-2.625565064148374,7.983650660947568,-0.14483626574353226,1.665690834774162,0.5053740718129759,17554.68344339332,315.430224291534,239.05989081618296,241.58731116903834,200.16088074121245,138.1004178182172,141.52056705048562,105.85035267831341,108.18669816929055,68.80688221342045,70.4599316868093,45.58420274350237,46.78412157016948,-43.84000000000011,2.679906249549428e+168,351.7761160987766,176.56448171072077,119.77600913493343,2450.6791620396352,428.7144717775236,306.96456630308995,11.91910913748767,336.70924457303596,0.0,47.75444230361479,317.66894699217994,4.794537184071822,36.15255904679522,0.0,293.12526180336255,404.04750705951955,175.5332533935007,102.71224930078935,393.34935528212014,454.341204925096,10.818567211583044,295.4070261656126,98.9462556637508,769.6616860679327,121.52093998723993,299.05306623850186,0.0,22.99804733313562,317.4424374947759,0.0,22.99804733313562,36.15255904679522,931.3920628587247,369.43231157100274,58.16181558087418,459.72906231227114,248.98200281322886,0.0,21.805849864162113,0.0,2361.1500000000005,933.4341732357577,335.81490907325815,57.53444620886186,274.9688565428608,49.62310732264709,91.5895692200185,176.71723896675715,195.5560974085446,10.633577208012662,277.80259918221105,62.42157450604272,0.0,6.507183705612213,936.4878984056238,304.2622456963522,54.98124409748789,-89.13351518067998,-28.63268422746469,-19.06722875640882,23.317078481699276,0.0,0.5421245421245421,424,88,148,0,4,4,9,2,11,80,80,151,184,0,4,4,15,-19.454860000000277,1520.9682000000078,8,4,4,0,0,2,2,4,8,8,65,57,0,0,0,4,54,9,0,0,4,2,1,0,0,0,0,57,0,0,0,0,0,0,9,0,2,0,0,0,0,0,0,2,0,0,0,0,0,0,0,0,0,0,0,0,0,0,0,0,0,0,0,0,2,4,4,0,0,0,0,5,0,0,0,2,0,0,0,0,0,0,0,1,0,False
15.590396089551986,15.590396089551986,0.022186287763954926,-2.416871514184737,0.012430722824174904,15.520325203252032,5321.0349999999835,4981.338999999998,5317.251666044004,2032,0,0.3284175048564689,-0.5079666451556014,0.5079666451556014,0.3284175048564689,0.2086720867208672,0.4281842818428184,0.7100271002710027,32.16919867326675,9.96717210342723,2.60282285157795,-2.3137426494306266,2.4002706466209744,-2.632734017988381,7.985972087867517,-0.14529415042269542,1.6741425827909133,0.7166916305803579,14920.771485997877,275.9460363540834,206.9339563630252,212.9611548698081,173.88693690463825,118.35386188397808,125.06522456246485,90.6214433974605,95.03883256310148,57.98688017961946,61.3793253188781,37.88096402264841,40.3236167253617,-36.11999999999997,4.250869156318875e+143,311.86422500173666,157.12622827981787,107.77448663433803,2150.669052675566,375.80243565292585,259.5068266574982,6.041840829147961,295.3589864675753,0.0,53.723747591566635,278.0831566761659,14.76249422596624,85.80081144022532,0.0,200.41501551398056,305.6830939343478,183.1406662081724,106.49362586252644,354.3690773880077,467.59232029561076,0.0,268.40966934975296,87.29468214042723,685.8813261795348,85.27843398001238,210.23767989347016,0.0,5.749511833283905,274.49124978956945,0.0,5.749511833283905,85.80081144022532,829.7932065901606,327.8234452207198,41.42534232312975,395.98779262147843,171.03256644528827,0.0,32.70877479624317,0.0,2123.769999999998,877.7653870215167,277.3444922320895,71.91805776107734,154.9246687823305,49.399129271334154,106.3848855604684,98.63732609566505,163.43797091252532,15.950365812018994,298.0745503989354,50.97586721213819,0.0,20.470545225044646,861.0209702955242,247.0760987679845,48.13154392559258,-85.54981319778437,-50.7549110398183,-16.345883592465885,25.00700517147846,0.0,0.5608695652173913,369,78,132,0,1,1,5,5,10,75,74,139,170,0,1,1,11,-18.213200000000448,1333.6190000000067,9,4,4,0,0,7,5,1,9,9,59,50,0,0,0,3,48,8,0,0,1,5,4,0,0,0,0,50,0,0,0,0,0,0,5,0,3,0,0,0,0,0,0,0,0,0,0,2,0,0,0,0,0,0,0,0,0,0,0,0,0,0,0,0,3,1,1,0,0,0,0,6,0,0,0,3,0,0,0,0,0,0,0,1,0,False
15.20040293682334,15.20040293682334,0.0004838324625422441,-1.9857221265029892,0.007306121913795163,15.295698924731182,2628.0659999999957,2443.601999999997,2626.3590804560004,1024,0,0.3265586060569141,-0.5079666451556014,0.5079666451556014,0.3265586060569141,0.3924731182795699,0.7741935483870968,1.2150537634408602,32.11687832261828,9.96165514278223,2.4608897665792338,-2.313061094611441,2.264286686664311,-2.620323102526991,7.798652761747735,-0.14633356253407548,1.6616991962092988,1.0609408016266957,6595.380099699508,137.63220837711174,105.43875196994996,106.33317916094988,88.39036154193043,61.88291644833913,62.515371980372805,46.59043980634495,46.95558817801506,30.63403161882697,30.99917999049708,20.149294889529468,20.396767239789764,-18.609999999999975,1.5824784219374944e+63,154.1472778158167,80.08840579444951,53.36948334174265,1079.2209345843828,196.54557520984233,120.54448758709512,11.91910913748767,118.14359458703017,0.0,23.877221151807397,121.09292244523499,14.76249422596624,12.628789148012991,0.0,122.4743899050671,193.77013829552735,99.82632983188688,49.65679696172547,145.70805678676803,177.47163895641927,10.818567211583044,141.47236301971947,58.07362904761868,349.58889799948645,58.17303041264773,138.18615321915718,0.0,5.749511833283905,146.05456554710605,0.0,5.749511833283905,12.628789148012991,393.40873857656305,147.17300053235385,34.49019139622862,224.72618376668524,110.10794275436928,0.0,10.902924932081056,0.0,1063.9,349.9182327899145,107.35175931419343,38.356297472574575,171.51942841694233,53.276565898876086,4.899909730850478,77.00874436536418,88.48909598653006,0.0,149.201242436882,45.22057207455616,0.0,3.942778366119393,360.82590845940706,130.43355092572438,37.330546741163765,-30.846888759400148,-11.671277155673428,2.9533585475576722,10.920911763990107,0.0,0.5666666666666667,186,44,65,0,1,1,3,3,6,35,39,66,86,0,1,1,7,-6.477359999999887,679.1864000000027,4,1,1,0,0,5,3,1,4,4,24,20,0,0,0,3,26,6,0,0,1,3,1,0,0,0,0,20,0,0,0,0,0,0,3,0,1,0,0,0,0,0,0,2,0,0,0,2,0,0,0,0,0,0,0,0,0,0,0,0,0,0,0,0,1,1,1,0,0,0,0,0,0,0,0,0,0,0,0,0,0,0,0,3,0,False
16.13502287434878,16.13502287434878,0.0024958248077959766,-2.2824272002715045,0.007283329342089439,16.008492569002122,6734.972999999996,6282.381000000019,6730.118812348004,2582,0,0.3259665632571435,-0.5079666451556014,0.5079666451556014,0.3259665632571435,0.17197452229299362,0.3609341825902335,0.6263269639065817,32.171763716519465,9.955315464596842,2.689004416887082,-2.3289318969531876,2.507134354758862,-2.6230206761317523,7.990978147535856,-0.14565915254722395,1.661860393670269,0.47748183755487544,19777.474178911547,348.5382507625868,267.28200140732815,274.04776588496657,223.54463785901783,155.62429020419668,164.4908910508845,117.89659232228746,123.92003023556526,78.87263232560177,83.18783019490898,51.97006545936983,55.08877998375538,-45.110000000000134,3.1387453008779617e+189,391.9753112586713,201.2688416049035,132.63734079562698,2756.5706221122887,441.611511567035,325.674746782262,5.959554568743835,378.05950267849664,0.0,29.846526439759245,331.4378121226757,9.77851570501903,96.69579219099455,0.0,380.8325046876762,463.5720123533257,229.47410276809293,82.69837492497687,381.88833964936316,543.2701506742377,5.409283605791522,320.9925389364669,127.79883161856094,863.3901305245814,155.9630027596829,365.42965535380756,0.0,11.49902366656781,351.01068461143717,0.0,11.49902366656781,96.69579219099455,991.7349222558182,401.45210355314214,58.67043802124405,527.7680052516214,304.10121244198916,0.0,32.70877479624317,0.0,2456.8100000000013,1036.6824266665913,233.25768694313643,148.63065270622658,307.0034237455708,66.08948374642515,74.2962196626535,151.63556120552633,338.819273846924,0.0,339.2792674571039,79.94696080889993,0.0,19.00929048663893,1027.7022234693784,245.6459045673002,80.74948071696082,-89.36970521273156,-22.634009032979325,-10.909545365484473,25.4730270375836,0.0,0.5501618122977346,471,93,154,0,4,4,10,4,14,87,83,162,213,0,4,4,18,-14.36643000000013,1738.3491000000076,5,3,3,0,0,5,4,2,5,5,69,64,0,0,0,5,57,13,0,0,4,4,3,0,0,0,0,64,0,0,0,0,0,0,10,0,3,0,0,0,0,0,0,1,0,0,0,1,0,0,0,0,0,0,0,0,0,0,0,0,0,0,0,0,3,2,2,0,0,0,0,9,0,0,0,5,0,0,0,0,0,0,0,2,0,False
15.847158430342999,15.847158430342999,0.004570743635991192,-2.089932759599572,0.008878980994710562,15.067226890756302,3362.017999999988,3134.209999999995,3359.612260552003,1292,0,0.32604706419408747,-0.5079666451556014,0.5079666451556014,0.32604706419408747,0.27310924369747897,0.5378151260504201,0.8697478991596639,32.16765767554035,9.936027356012856,2.487310436092982,-2.3161740849158843,2.3092790075784255,-2.6287352161503996,7.983300570773461,-0.14237375340178832,1.667186159765628,0.7856322687828855,9503.26744298173,175.15821267781882,135.47955003907376,138.00697039192912,113.32418584584745,78.82407213714163,82.24422136941001,59.44774664366266,61.784092134639764,40.45342470921519,42.106474182604074,25.727004768317276,26.926923594984405,-23.75999999999996,6.291833124805565e+85,193.73662859310951,98.52491554319852,62.83172715121079,1390.8386485692147,217.60246841670198,168.29455622855068,5.959554568743835,159.49385269249066,0.0,11.938610575903699,139.65632475980263,9.77851570501903,36.152559046795226,0.0,272.56004373645493,217.39829692776496,116.90220682092081,44.118496073638816,174.78727010196786,235.35042674809546,5.409283605791522,158.1724177879534,64.17577366277928,401.19616410404933,56.07337592811416,287.4422381141845,0.0,17.248535499851716,166.9048410899755,0.0,17.248535499851716,36.152559046795226,446.2348611707736,196.82897294441705,40.91671988275988,236.5224478682928,237.24069818576007,0.0,21.805849864162113,0.0,1163.6299999999997,446.74132781406064,102.86921234089048,71.91805776107734,149.22405724055628,60.93941242109087,0.0,149.65986793676538,213.6247221107779,0.0,170.80120693596638,34.077620991602444,0.0,6.997687795970368,438.96044717853243,150.91055268788065,33.41993645405299,-37.172468268767645,11.643096380833573,3.185466922902152,18.277503070817662,0.0,0.4785276073619632,238,47,72,0,0,0,8,3,11,41,43,75,103,0,0,0,11,-1.5501299999998754,889.7876000000048,2,2,2,0,0,4,3,3,2,2,29,27,0,0,0,1,30,5,0,0,0,3,1,0,0,0,0,27,0,0,0,0,0,0,8,0,2,0,0,0,0,0,0,1,0,0,0,1,0,0,0,0,0,0,0,0,0,0,0,0,0,0,0,0,2,3,3,0,0,0,0,2,0,0,0,2,0,0,0,0,0,0,0,1,0,False
15.10818938295818,15.10818938295818,0.049405498210353116,-2.002725015353511,0.010801605803637237,15.13740458015267,1864.1210000000017,1737.1129999999994,1862.9097519119987,724,0,0.32569669411201735,-0.5079666451556014,0.5079666451556014,0.32569669411201735,0.35877862595419846,0.6564885496183206,1.0381679389312977,32.11687472696367,9.958382646159068,2.406210252627958,-2.3000517640848464,2.1933195909145513,-2.6283525772324934,7.798634291390288,-0.14255502087161442,0.8707961090000587,2.0098167716666,4260.382489554891,98.63743056011124,73.69860293022009,74.59303012122001,61.60793424340436,42.127029457886145,42.75948498991982,31.40913891668626,31.774287288356366,20.60809673662467,20.973245108294776,12.657636964873912,12.91474674995896,-13.709999999999999,1.7276971665701488e+36,111.46477665535842,56.576032639890464,40.65744318793982,759.9375949487082,150.10978689611864,101.83430710792314,11.91910913748767,94.51487566962412,0.0,11.938610575903699,92.32569934080405,4.794537184071822,12.628789148012991,0.0,83.35561607831019,130.76526672072396,38.10483128734997,31.40827208567429,116.94083368233709,131.00138453102852,10.818567211583044,85.06861766410131,46.2378169552959,241.51006356669225,25.387122824484514,89.48675929663034,0.0,17.248535499851716,119.47062252707444,0.0,17.248535499851716,12.628789148012991,271.13046140151187,105.56413418207087,22.65437930390583,142.20637434803746,72.79640482153933,0.0,0.0,0.0,824.94,264.79694802168274,107.35175931419343,9.589074368143644,86.41070265555292,31.3706727663876,20.771211599071872,79.72014202122996,20.771211599071872,0.0,97.69740681211432,45.22057207455616,0.0,4.191903574775822,248.21731972346396,115.0087589006701,34.258076421157725,-24.52412274000215,-9.410662639773689,-4.774753812530566,10.089036127794367,0.0,0.5365853658536586,131,36,48,0,0,0,3,0,3,27,31,49,59,0,0,0,3,-7.645959999999967,474.9478000000009,2,1,1,0,0,0,0,3,2,2,18,16,0,0,0,0,18,6,0,0,0,0,1,0,0,0,0,16,0,0,0,0,0,0,3,0,0,0,0,0,0,0,0,2,0,0,0,0,0,0,0,0,0,0,0,0,0,0,0,0,0,0,0,0,0,3,3,0,0,0,0,2,0,0,0,0,0,0,0,0,0,0,0,1,0,False
14.412233404744708,14.412233404744708,0.0014034056277860696,-1.855921556275444,0.011645641325942539,18.163636363636364,1581.7779999999998,1472.913999999999,1580.772924095999,616,0,0.3263125251119314,-0.48116230829114454,0.48116230829114454,0.3263125251119314,0.4636363636363636,0.9090909090909091,1.4090909090909092,32.11687340652425,9.974021821205996,2.4438977641851594,-2.3259094846818065,2.241032632355014,-2.6031040400565484,7.798619028004981,-0.14727652899095112,1.711394707288945,1.6305822863508201,3192.638272734799,82.80936791429453,62.28904558623954,63.183472777239444,51.70251704258996,35.991664994172936,36.6241205262066,27.22863509072752,27.593783462397628,17.960470330872397,18.325618702542503,12.0024388839454,12.259548669030444,-10.729999999999999,1.0335068449141511e+29,93.47561130968583,46.58851820351126,31.46305366928777,638.6853980322887,126.76188165948949,66.46024912062755,11.91910913748767,88.6076959402726,0.0,17.90791586385555,92.32569934080404,4.794537184071822,12.628789148012991,0.0,34.11577042168851,96.31232434389015,38.476635636309666,51.166476086398575,106.72777889265566,131.06351008962886,10.818567211583044,89.13476964864009,29.03681452380934,210.03998225663173,64.65566125995996,0.0,0.0,0.0,91.63604288757521,0.0,0.0,12.628789148012991,296.8222773110139,86.30166931329282,22.654379303905827,131.43392591910788,0.0,0.0,0.0,0.0,692.08,236.01979762605947,101.62125149781495,0.0,95.29984761169696,32.10410811463005,9.799819461700956,18.747384130231726,27.694948798762496,0.0,87.06382960410164,33.126097037910306,0.0,4.08201785125115,241.05141428528998,87.31547146392187,16.563800000235723,-19.65453166830947,-16.783439281219373,-1.6438784209147594,6.624701325300411,0.0,0.6923076923076923,110,26,44,0,3,3,0,0,0,23,24,45,46,0,3,3,3,-9.386859999999958,390.2256000000007,3,1,1,0,0,0,0,0,3,3,18,15,0,0,0,3,16,3,0,0,3,0,1,0,0,0,0,15,0,0,0,0,0,0,0,0,0,0,0,0,0,0,0,2,0,0,0,0,0,0,0,0,0,0,0,0,0,0,0,0,0,0,0,0,0,0,0,0,0,0,0,0,0,0,0,0,0,0,0,0,0,0,0,0,0,False
15.55778326263567,15.55778326263567,0.016858614513946435,-2.303026416866034,0.007283334098236034,15.313167259786477,3991.518999999985,3732.4629999999925,3988.823603224006,1536,0,0.32624140140498653,-0.48122926245045566,0.48122926245045566,0.32624140140498653,0.2775800711743772,0.5658362989323843,0.9395017793594306,32.167664500060894,9.961229592101077,2.5260971316956726,-2.3177766187630415,2.324728917161566,-2.6250524294134796,7.983378671296087,-0.1442372214901805,1.6740791412090659,0.8086015876341733,11057.219196638549,208.43350460189868,156.95094343071867,159.47836378357405,133.14641505958753,90.7402396986953,94.16038893096368,67.79281767730055,70.1291631682777,44.952138424057566,46.605187897446456,29.30282979018621,30.502748616853335,-29.25999999999992,2.2115958116201417e+104,232.80062854049456,119.51069384413115,81.33340269422902,1627.4848120022032,287.76109567908617,181.25522487443877,11.91910913748767,218.56564998600564,0.0,29.846526439759245,207.3945917585279,9.77851570501903,36.152559046795226,0.0,212.10961022399755,224.25725797759705,136.41254125567198,82.07152456522569,242.2227808897423,318.28969447421,10.818567211583044,200.28984774684812,69.35672543294385,487.05030565547395,75.64551958725154,233.85076565155924,0.0,0.0,227.05703122666847,0.0,0.0,36.152559046795226,601.169846602953,246.31631309149878,28.572285350067226,281.674192760939,194.7761287065288,0.0,21.805849864162113,0.0,1621.149999999999,612.6544852078298,175.09926031273673,67.12352057700551,150.35662110509435,56.90129907680211,37.43300627931346,99.05814668606905,168.4575657347081,15.950365812018994,192.06836135199163,62.42157450604272,0.0,6.643401824242376,611.3696037500217,180.03420875635234,53.87635521571381,-56.06810722345347,-11.954395784749114,-10.840307687154269,10.494796704582054,0.0,0.5139664804469274,281,64,99,0,1,1,6,3,9,53,56,102,128,0,1,1,10,-14.07476000000021,1016.9916000000048,5,3,3,0,0,4,3,0,5,5,42,37,0,0,0,2,38,9,0,0,1,3,1,0,0,0,0,37,0,0,0,0,0,0,6,0,2,0,0,0,0,0,0,2,0,0,0,1,0,0,0,0,0,0,0,0,0,0,0,0,0,0,0,0,2,0,0,0,0,0,0,5,0,0,0,2,0,0,0,0,0,0,0,1,0,False
15.546094997610249,15.546094997610249,0.012463384352680018,-1.9646259416374374,0.007285470118624587,17.22641509433962,3090.8039999999937,2888.1959999999963,3088.339567652002,1164,0,0.3259158461090389,-0.4797121297099125,0.4797121297099125,0.3259158461090389,0.3443396226415094,0.6462264150943396,1.0330188679245282,32.167893258776,9.96342285975484,2.4957113111582663,-2.313185427119421,2.312445399675985,-2.6307694750816757,7.98341141433533,-0.1492033075267241,1.6623581156622005,0.7354583638239229,8048.284993612984,155.6314794192528,119.27691949377687,125.38204861063191,101.22745126197573,70.15041162497863,76.10038298538167,52.29742602974827,56.09436500740581,36.659883151226715,39.77352611129609,24.313142684489097,26.541500651496424,-18.12999999999999,5.430263308580343e+74,173.513522074089,87.4954361618926,51.652777300945324,1259.3620209526084,211.00020665460676,151.04602072869898,5.959554568743835,153.58667296313916,0.0,5.969305287951849,130.06725039165897,14.76249422596624,86.6677156388472,0.0,95.13389566076903,207.3363837310282,150.74039442632284,55.822888908074106,149.8786135493021,284.8920232549251,5.409283605791522,171.87371673132748,40.50414947813371,365.81983285225414,105.20169042015127,144.51347329392172,0.0,0.0,150.95447527795653,0.0,0.0,86.6677156388472,503.984865162727,161.55661208456934,17.24509569811431,198.5399816982165,116.43526282913382,0.0,32.70877479624317,0.0,1086.9,389.6099944596182,101.93324170858384,47.94537184071822,177.06892283515495,81.50323738596421,6.923737199690624,77.11930078347015,131.59342270216388,0.0,220.31793327884094,34.07762099160245,0.0,24.57479932857475,418.59241382332937,112.02022503240119,32.535940006901775,-30.593356810169375,-18.01363633595933,9.626791965360052,9.201267434006068,0.0,0.5703703703703704,212,43,70,0,3,3,3,5,8,43,43,77,90,0,3,3,11,-7.810229999999873,803.0295000000041,1,3,3,0,0,7,5,0,1,1,27,26,0,0,0,5,29,5,0,0,3,5,5,0,0,0,0,26,0,0,0,0,0,0,3,0,3,0,0,0,0,0,0,1,0,0,0,2,0,0,0,0,0,0,0,0,0,0,0,0,0,0,0,0,3,0,0,0,0,0,0,1,0,0,0,2,0,0,0,0,0,0,0,2,0,False
15.710882701004047,15.710882701004047,0.0034974138001804267,-2.28863518738853,0.012430730349436753,14.825,4036.6239999999866,3782.607999999992,4033.681298304007,1534,0,0.32571118519809866,-0.5079666451556014,0.5079666451556014,0.32571118519809866,0.20357142857142857,0.4107142857142857,0.675,32.169085687244,9.966600770714118,2.5180375608132253,-2.292573462100721,2.3253295046951594,-2.6294422309780097,7.985657628783476,-0.14278511523125978,1.675851282001397,0.8830398813259615,11059.42948632133,208.31218425833907,155.0125515952937,160.14532291107665,132.63663822688218,89.3678995855448,95.4468067319979,66.42665871918675,70.47889951315764,44.12728778067298,47.154584548261504,28.428973798069038,30.614516715697302,-27.71999999999994,7.488730783257475e+103,235.13488847949895,121.26344662390747,81.70909669908244,1634.7113808790093,289.4286111717095,193.04657753687061,0.0,236.28718917406013,0.0,23.877221151807397,206.16509891508852,4.794537184071822,73.17202229221232,0.0,161.5094788593823,254.08600117946204,152.02854742936088,51.04285763762614,251.81185525788595,366.0452074143233,0.0,179.77238228703783,80.63982181826901,472.1348745439631,79.58770593186593,209.69678344502304,0.0,5.749511833283905,233.62445645014236,0.0,5.749511833283905,73.17202229221232,594.9991438997844,249.48456583671643,11.835812092322787,267.5477808361061,176.31607449484108,0.0,32.70877479624317,0.0,1645.4599999999987,656.6831070543438,189.48287186495222,62.32898339293368,117.18555828475031,55.81995089426017,59.905577676484185,75.75994472468076,141.80938918222446,10.633577208012662,207.0251725230641,68.80400972594622,0.0,15.991333688372077,631.9050923556649,158.63893906183392,71.86399767899294,-59.984773266690524,-19.811462116001064,-13.111403822916447,5.341609754077392,0.0,0.5113636363636364,280,66,98,0,0,0,6,3,9,57,57,104,133,0,0,0,9,-15.149600000000179,1023.7570000000048,4,3,3,0,0,3,3,1,4,4,44,40,0,0,0,0,34,12,0,0,0,3,3,0,0,0,0,40,0,0,0,0,0,0,6,0,3,0,0,0,0,0,0,0,0,0,0,0,0,0,0,0,0,0,0,0,0,0,0,0,0,0,0,0,3,1,1,0,0,0,0,9,0,0,0,3,0,0,0,0,0,0,0,2,0,False
15.480647547295153,15.480647547295153,0.01295198183515045,-2.1754025257303544,0.007295650251659004,15.10236220472441,3617.101999999988,3372.157999999994,3614.7623232960045,1404,0,0.3263125238801539,-0.5079666451556014,0.5079666451556014,0.3263125238801539,0.2992125984251969,0.610236220472441,0.984251968503937,32.16640807848309,9.991805766931508,2.506222638224574,-2.3097942879107336,2.2966815496960886,-2.6223037651823957,7.981186767814452,-0.14715857147329484,1.6637357606241048,1.069893669047093,9294.399339358364,189.63075046139386,142.86538335308796,144.5763071250156,120.03222151885797,82.41816833406772,84.44447071621875,62.42126513516461,63.772012066488216,39.7615127776016,40.7706117001311,26.117157579682786,26.845671885558872,-25.919999999999945,7.632494718039962e+92,214.64281621299884,111.194428264576,77.64125943351472,1469.5330363259627,282.23404586591425,174.92105504942674,17.878663706231507,189.02975133924815,0.0,29.846526439759245,188.83118944396028,14.76249422596624,24.39067409740411,0.0,129.90104268152234,231.33811279450302,119.21272948365146,75.71220413660332,223.35662236422388,272.048540514724,16.227850817374566,194.6402490597827,81.19253752526663,463.26160679844594,83.39541713193175,138.18615321915718,0.0,5.749511833283905,216.4234540186558,0.0,5.749511833283905,24.39067409740411,571.142291551615,209.50198392528762,45.817381048181524,284.02232510331305,110.10794275436929,0.0,10.902924932081056,0.0,1568.7099999999991,570.4497030656078,170.6167133394338,52.73990902479004,182.8357335153861,22.029827915475046,11.22722980561502,133.67683268452214,64.28255332458195,0.0,202.36912847694518,67.83085811183423,0.0,5.59820789644559,542.6407354730396,191.41524295251048,52.79615882845994,-51.3171855249288,-32.30162906837462,-5.258525246383935,11.31588357812067,0.0,0.5796178343949044,254,64,95,0,1,1,3,3,6,51,56,97,120,0,1,1,7,-15.68519000000017,913.411700000005,5,3,3,0,0,5,3,1,5,5,37,32,0,0,0,3,37,9,0,0,1,3,1,0,0,0,0,32,0,0,0,0,0,0,3,0,1,0,0,0,0,0,0,3,0,0,0,2,0,0,0,0,0,0,0,0,0,0,0,0,0,0,0,0,1,1,1,0,0,0,0,3,0,0,0,1,0,0,0,0,0,0,0,2,0,False
16.019561144951204,16.019561144951204,0.00854846853232405,-2.2447294214178237,0.007283328938887054,15.693023255813953,6127.121999999988,5719.89000000001,6122.810134048005,2354,0,0.32841750485646887,-0.5079666451556014,0.5079666451556014,0.32841750485646887,0.18372093023255814,0.38372093023255816,0.6627906976744186,32.170323489982806,9.941744774656156,2.6512991727335944,-2.310657389025297,2.4619465203891537,-2.6286732230284886,7.9883416203990985,-0.14625040283462862,1.6645718930781017,0.506805680125784,18048.68918418249,318.9239418342098,243.7796411710588,248.83448187676953,203.73286835332993,140.75024329225303,147.5905417567899,107.35540988090912,112.02810086286328,70.66212220263671,73.96822114941442,46.09232450075834,48.492162154092554,-42.18000000000009,3.2505180218018195e+170,357.62345366713737,181.7771752255338,120.06832268369872,2506.178105757663,412.9358870908733,295.465542636522,12.001395397891795,336.70924457303596,0.0,29.846526439759245,297.8760518341729,9.77851570501903,72.30511809359045,0.0,394.67997908705746,355.00319565320444,191.36927148074295,115.04380882918996,368.7526889402232,477.5292184713729,5.409283605791522,300.55914226675327,105.0484002789114,756.9439776050671,131.84314663256637,365.42965535380756,0.0,11.49902366656781,311.7087700176137,0.0,11.49902366656781,72.30511809359045,918.8277012120592,367.8903432646393,64.58834406740544,439.38524926095124,304.10121244198916,0.0,32.70877479624317,0.0,2257.5999999999995,952.308718604759,263.27287089064293,105.47981804958013,205.2998767942168,77.21638672981912,61.01853815924568,174.91318284499226,302.36214582425606,13.847474399381248,316.01690110107825,51.278623423089,0.0,13.29393631888087,917.9457839896453,281.28193224344926,51.028036863897924,-84.30287942442224,-18.663808351827893,-10.112254977968044,25.807031116122143,0.0,0.5319148936170213,430,85,142,0,2,2,10,4,14,80,79,148,191,0,2,2,16,-15.04173000000038,1574.845900000008,5,7,7,0,0,5,4,2,5,5,62,57,0,0,0,3,55,8,0,0,2,4,2,0,0,0,0,57,0,0,0,0,0,0,10,0,3,0,0,0,0,0,0,1,0,0,0,1,0,0,0,0,0,0,0,0,0,0,0,0,0,0,0,0,3,2,2,0,0,0,0,6,0,0,0,4,0,0,0,0,0,0,0,0,0,False
14.899981975373814,14.899981975373814,0.003610367660680902,-2.1571279768751372,0.019550794697524264,16.8,1565.7340000000004,1464.9339999999993,1564.709261219999,604,0,0.32624156996866793,-0.4811623082865302,0.4811623082865302,0.32624156996866793,0.5636363636363636,1.0545454545454545,1.5909090909090908,32.166369986316916,9.961935524084746,2.431367309035128,-2.3162102920200502,2.2300418560772606,-2.628366699201838,7.9810493300992835,-0.14468874125477704,1.6857482842589522,1.331725316319781,3722.6914062500227,81.80093174585723,61.66058244499607,62.47707902592381,51.97479753267062,35.36102660570179,36.754873455819144,26.94868850062951,27.93428706028299,18.048956147922883,18.69290669878226,11.703949360799612,12.193585514880837,-11.109999999999996,1.0482139812070077e+29,89.51229651326258,43.1762770432857,26.92823863096535,634.5016984801593,121.07015934345186,72.50208994977551,0.0,82.7005162109211,0.0,11.938610575903699,71.91805776107734,14.76249422596624,11.761884949391115,0.0,52.31487162707333,75.00501433382487,61.721498544536885,61.74079495423551,102.24523191935272,117.303936668297,0.0,88.30447697965619,29.03681452380934,202.92332460474995,25.16026116068369,72.46194661960867,0.0,0.0,75.68567707555621,0.0,0.0,11.761884949391115,265.90369081171855,95.97505981392722,11.835812092322787,109.86030366294574,55.510639138214756,0.0,10.902924932081056,0.0,661.05,229.51697088978457,102.24523191935272,0.0,50.76361413831709,34.33397964829931,18.747384130231726,50.65768664152759,44.309786244840765,22.206134995530395,67.4542014367867,17.201002431486554,0.0,1.4749719302730613,235.46586747551535,78.15555846340747,18.607700596369085,-19.313341856730915,-14.296388580644043,2.2488270380702975,7.156804933739704,0.0,0.5588235294117647,110,25,41,0,1,1,1,3,4,23,22,42,46,0,1,1,5,-6.797599999999993,390.4020000000007,2,3,3,0,0,5,3,0,2,2,16,14,0,0,0,3,14,3,0,0,1,3,0,0,0,0,0,14,0,0,0,0,0,0,1,0,1,0,0,0,0,0,0,0,0,0,0,2,0,0,0,0,0,0,0,0,0,0,0,0,0,0,0,0,1,0,0,0,0,0,0,2,0,0,0,1,0,0,0,0,0,0,0,0,0,False
15.819513130974334,15.819513130974334,0.008813209112693565,-2.200941862270904,0.009560170062571358,15.378746594005449,5239.036999999988,4893.293000000003,5235.429920036007,2014,0,0.32631252519930587,-0.5079666451556014,0.5079666451556014,0.32631252519930587,0.20435967302452315,0.4223433242506812,0.7029972752043597,32.17132480309153,9.997655416576578,2.5933411512957747,-2.3083797170131137,2.397615082733995,-2.6345299034400464,7.990122262628304,-0.1471944650624809,1.670271388994821,0.6209511822442021,14935.140931771612,271.3062331174809,206.11004166256836,210.19252456720704,174.25602507395558,119.20312398558556,126.17235823617234,89.20274368462117,94.1307364828887,58.64859371924825,61.868346473545124,38.76523280678397,41.1222554107391,-36.269999999999975,7.145780520969482e+142,304.3376199490116,157.4403561156124,105.37541759405326,2130.4552070452073,391.5040601719825,241.3813041700543,17.878663706231507,254.00872836211462,0.0,35.81583172771109,246.36563565282225,24.730451267860655,58.80942474695558,0.0,168.9361316358376,382.97198981683925,192.15720814214916,129.7094910792059,306.4237055472894,399.2214233392563,16.227850817374566,288.3455834335417,69.35672543294385,650.8221664971313,125.55280356901706,282.5691500099273,0.0,5.749511833283905,280.22491726673167,0.0,5.749511833283905,58.80942474695558,842.7685158465223,299.1405382487796,33.98156895585875,364.4729397050381,226.4127290803515,0.0,32.70877479624317,0.0,2107.999999999998,777.674421936499,162.58759002513455,143.83611552215476,236.95873585503043,60.52603225472814,76.88984002746706,155.933257221132,178.58639582309368,0.0,283.44567370269124,67.83085811183423,0.0,5.819719466842421,751.8015392061358,283.4330024250826,55.300447276829786,-64.64879314336365,-32.6040964914653,-6.302263815035856,12.200445074973969,0.0,0.5431034482758621,367,85,130,0,1,1,6,7,13,73,76,135,170,0,1,1,14,-17.204890000000457,1337.5039000000077,6,7,7,0,0,11,7,1,6,6,49,43,0,0,0,5,53,9,0,0,1,7,0,0,0,0,0,43,0,0,0,0,0,0,6,0,3,0,0,0,0,0,0,3,0,0,0,4,0,0,0,0,0,0,0,0,0,0,0,0,0,0,0,0,3,1,1,0,0,0,0,2,0,0,0,5,0,0,0,0,0,0,0,3,0,False
15.562141789644075,15.562141789644075,0.01390465882370151,-2.202328236527208,0.007437848614928775,15.57943925233645,3046.585999999993,2831.8819999999973,3044.5589195160014,1184,0,0.3256954699451489,-0.48122926245045566,0.48122926245045566,0.3256954699451489,0.3177570093457944,0.6355140186915887,1.0420560747663552,32.11799913844546,9.95673937715903,2.4779833695894857,-2.306595077614385,2.282191406973292,-2.619016410989361,7.800411715673602,-0.14333311361850778,1.6743155100703935,1.1787295414558745,7715.8369418188895,160.13776187657697,122.16444257717491,123.95329695917475,101.0044366202075,70.72392127258374,71.98883233665109,53.72752941546896,54.45782615880917,34.97269271761647,35.73123378579953,22.651477530933704,23.07441000818628,-21.13999999999997,2.1530086974400733e+75,181.34059368161599,92.51053548008562,62.848272057430606,1246.6122125222703,225.76062743305334,145.00417989955102,11.91910913748767,177.21539188054516,0.0,11.938610575903699,159.44921991780964,4.794537184071822,25.257578296025983,0.0,148.80905299583597,201.42731084346042,103.86444317617563,38.45594406835148,168.74477207482053,248.13653975412458,10.818567211583044,153.10437047690948,86.92620500242882,420.8376097666053,57.381127613481944,107.9468135083181,0.0,0.0,195.57317847578636,0.0,0.0,25.257578296025983,439.68770889338487,172.68765475907645,40.40809744239001,267.21947864421946,91.2564590332271,0.0,21.805849864162113,0.0,1262.4299999999996,458.40054913694945,149.56662333853322,19.178148736287287,147.63060322605187,51.33784758510512,11.823646930541102,27.694948798762496,146.64635663075208,0.0,173.46203904208494,68.15524198320489,0.0,8.415317269305795,457.7610817838841,112.17805034007691,59.14686800416623,-40.813405819525826,-18.80363158927949,-5.2494968818292875,17.642994670979345,0.0,0.5882352941176471,214,53,76,0,1,1,3,2,5,40,45,78,99,0,1,1,6,-11.09486000000008,785.6584000000046,2,1,1,0,0,2,2,0,2,2,32,30,0,0,0,1,30,10,0,0,1,2,2,0,0,0,0,30,0,0,0,0,0,0,3,0,2,0,0,0,0,0,0,2,0,0,0,0,0,0,0,0,0,0,0,0,0,0,0,0,0,0,0,0,2,0,0,0,0,0,0,5,0,0,0,0,0,0,0,0,0,0,0,2,0,False
15.9259761989494,15.9259761989494,0.005633660077159375,-2.2389555411986315,0.007283340911113744,15.25531914893617,4693.486999999986,4383.0229999999965,4690.185379716007,1800,0,0.3259774959839544,-0.5079666451556014,0.5079666451556014,0.3259774959839544,0.19756838905775076,0.3981762917933131,0.6838905775075987,32.16901119785507,9.939981589814607,2.5630277890466506,-2.3086740066120224,2.356536675871864,-2.626377712009929,7.985718532533057,-0.14410085700564906,1.6902489373464125,0.7043040835298958,13232.028923244514,243.97638123948028,186.19618171923477,190.43452584401777,155.91411202330664,106.96695733543736,112.41340894985679,80.5977169497852,84.28480937208592,53.4092019165573,56.07135031247567,33.843802551567144,35.77223568411036,-33.20999999999994,8.997509153462892e+124,273.1030703709029,139.6877414473879,93.89490655218788,1918.5343468751373,323.9801856579531,235.0471343450423,11.91910913748767,242.19436890341163,0.0,23.877221151807397,221.7782033107434,29.714429788807863,60.543233144199334,0.0,256.07568279352824,259.37705686587225,156.14988748511638,110.46012206733964,256.6063924419578,349.4368572689873,10.818567211583044,262.17851928666596,87.29468214042723,591.6568262567256,67.16584480200588,294.4599215763888,0.0,11.49902366656781,253.2240953735442,0.0,11.49902366656781,60.543233144199334,682.6304111669774,286.3832111354183,52.24390953471279,341.08025304584424,232.60957265196456,0.0,10.902924932081056,0.0,1814.2099999999984,688.2944222251183,165.51018594459308,91.09620649736465,184.3007210060724,39.57755252179504,32.53309654846299,196.98915947557882,188.69128582075234,0.0,287.43609758269196,56.68790702888053,0.0,12.291087243164474,693.9367876256497,198.55052022952952,48.66296295041676,-61.90918460589929,-26.553187359089897,1.3250981698994417,27.140360190774032,0.0,0.5260663507109005,329,71,113,0,0,0,6,6,12,63,65,118,149,0,0,0,12,-12.03236000000028,1206.433500000007,4,2,2,0,0,11,6,2,4,4,45,41,0,0,0,5,47,8,0,0,0,6,2,0,0,0,0,41,0,0,0,0,0,0,6,0,1,0,0,0,0,0,0,2,0,0,0,5,0,0,0,0,0,0,0,0,0,0,0,0,0,0,0,0,1,2,2,0,0,0,0,4,0,0,0,3,0,0,0,0,0,0,0,1,0,False
16.060672541745014,16.060672541745014,0.0049168663960232895,-2.464569234482238,0.007283328947846177,15.997481108312343,5625.358999999987,5241.3110000000015,5621.750033692006,2190,0,0.32812225101237547,-0.5079666451556014,0.5079666451556014,0.32812225101237547,0.1964735516372796,0.41309823677581864,0.6926952141057935,32.11802390134471,9.960469023612339,2.628563804113062,-2.3292089453964677,2.4333930949237526,-2.6267476786148487,7.800737288662141,-0.1438416676360136,1.6641355866366196,0.6475415155456923,15950.444007879867,295.55227359295236,224.60738144674056,226.3962358287404,187.6409571000617,131.14564452941514,132.4105555934825,100.06711470304968,100.79741144638992,65.27360267352684,66.00389941686704,43.16926629768381,43.67384843302914,-39.78000000000005,2.292648155868147e+156,332.50786994149126,169.327576513358,115.07518790943004,2293.8090831081468,413.8537136272818,277.63234914494217,5.959554568743835,301.2661661969268,0.0,59.69305287951848,293.0815146501011,14.76249422596624,25.257578296025983,0.0,220.6833115362878,410.5291440293488,197.56611505235603,87.54801622892613,363.9581517561514,424.8851267374585,5.409283605791522,289.25994489262234,110.41359061807518,814.3595678624416,83.56015323713224,210.23767989347016,0.0,5.749511833283905,307.64261803307494,0.0,5.749511833283905,25.257578296025983,856.7905904347258,337.4125195888635,52.75253197508266,518.4863190338368,171.03256644528827,0.0,32.70877479624317,0.0,2299.149999999999,934.3082277128754,239.30018497028377,124.65796678586744,241.3529053622857,68.78552892309875,56.5512395970773,135.2964815127377,134.38314599067743,5.316788604006331,299.400915122941,68.47962585457556,0.0,8.308644852048616,903.2302848888663,266.85662531606044,66.53950260832411,-86.91017606093837,-53.147974132363466,-21.248078868323912,27.648949174103883,0.0,0.5889328063241107,397,88,142,0,3,3,5,5,10,76,79,144,185,0,3,3,13,-17.607530000000235,1422.8530000000083,10,3,3,0,0,7,5,1,10,10,61,51,0,0,0,4,52,11,0,0,2,5,2,0,0,0,0,51,0,0,0,0,0,0,5,0,3,0,0,0,0,0,0,1,0,0,0,2,0,0,0,0,0,0,0,0,0,0,0,0,0,0,0,0,3,1,1,0,0,0,0,5,0,0,0,0,0,0,0,0,0,0,0,5,0,False
15.620461490712255,15.620461490712255,0.0023385419845194377,-2.346351495235097,0.007283333071738788,16.84931506849315,6234.121999999991,5801.690000000014,6230.081615188005,2428,0,0.3262415582503163,-0.5079666451556014,0.5079666451556014,0.3262415582503163,0.18493150684931506,0.3881278538812785,0.6894977168949772,32.167688858234115,9.95091573612369,2.67838128566713,-2.327869636239104,2.470919765942749,-2.641126668962499,7.983666126507925,-0.14518093043925187,1.654709950695734,0.630614918033389,17377.359043792458,327.6432490511154,249.79348789715473,252.3209082500101,206.42710879559237,144.44324480727244,147.86339403954088,110.5622299700932,112.8985754610703,72.61732474650596,74.27037421989482,47.56826889948384,48.76818772615096,-42.220000000000084,7.820096487340986e+174,370.947361641325,186.5893113090727,124.41463030853713,2536.587490681598,470.7861345622707,313.88339411983003,17.878663706231507,330.80206484368443,0.0,47.75444230361479,318.28369341389964,14.76249422596624,36.152559046795226,0.0,253.08434169551828,437.0436176991929,181.63005369678737,130.27578094316425,403.87440028257043,454.3935797644884,16.227850817374566,320.6597288534078,116.33149666423657,916.624167034463,108.36930161681444,210.1072033903187,0.0,5.749511833283905,334.22656105310654,0.0,5.749511833283905,36.152559046795226,1020.4434236268323,351.7961311410789,69.4890052328271,541.7721085167319,170.9020899421368,0.0,21.805849864162113,0.0,2550.050000000002,1011.0744216705871,250.44921039227177,153.4251898902984,272.885797903148,44.190132334101556,118.68810089385492,194.6465764068118,113.9907386217051,0.0,313.68887907801883,79.2981930661586,0.0,6.438794417477629,952.3368312065616,353.9863090476215,65.96886309020894,-93.01146209248382,-64.04724566439168,-29.72571438802614,33.94251327192075,0.0,0.6137184115523465,438,99,158,0,4,4,5,4,9,87,89,161,198,0,4,4,13,-23.830890000000014,1573.9202000000084,8,10,10,0,0,6,4,1,8,8,64,56,0,0,0,6,58,11,0,0,4,4,1,0,0,0,0,56,0,0,0,0,0,0,5,0,2,0,0,0,0,0,0,3,0,0,0,2,0,0,0,0,0,0,0,0,0,0,0,0,0,0,0,0,2,1,1,0,0,0,0,4,0,0,0,2,0,0,0,0,0,0,0,3,0,False
15.743871027969819,15.743871027969819,0.03477556208882082,-2.3450673719132675,0.007283328643892005,16.249433106575964,6343.418999999999,5920.05900000002,6338.900045800005,2432,0,0.3257277147252102,-0.5079666451556014,0.5079666451556014,0.3257277147252102,0.1836734693877551,0.3832199546485261,0.6598639455782312,32.170559019656004,9.949613183924916,2.6689102686324877,-2.322254664589492,2.472419844821706,-2.6297695761938304,7.988565450645223,-0.1442170553020019,1.6460637902161028,0.5831982478008197,18018.30471842552,328.8525095434151,249.51421559861535,256.3579106863259,208.3902146357764,143.88207001501561,151.9872795436198,108.85957560001115,114.2625633253056,72.64721944005115,76.68361513016912,47.024638754735534,49.92905854341511,-42.19000000000007,1.13815113947026e+175,372.1548257220687,188.92198790439855,125.81671862636469,2578.4053030976447,452.03118402070686,313.591065123966,17.878663706231507,354.43078376109054,0.0,29.846526439759245,323.07823059797147,9.77851570501903,97.56269638961643,0.0,282.41034588429704,398.7387484512573,203.24678304319622,113.22506697432263,378.029773097598,532.4274450929412,16.227850817374566,316.0926292056164,121.88092557239955,825.3615725873998,136.55559520574602,257.74379485179253,0.0,11.49902366656781,351.0106846114372,0.0,11.49902366656781,97.56269638961643,983.3697612683313,363.0114899480767,63.571099186665705,479.97937381542965,213.10570641506507,0.0,32.70877479624317,0.0,2493.680000000001,998.3050234778266,258.16634349580215,119.86342960179562,244.32054566371912,73.36767550058016,98.82239362609126,136.8002401717646,223.4993739342552,5.316788604006331,346.5912680011106,90.76552802048298,0.0,22.166054511588584,961.1407505689413,291.9163085876901,77.80370482734844,-91.73394243846475,-48.67653311465143,-18.290691149653547,27.729903762756784,0.0,0.5734767025089605,441,98,154,0,3,3,7,4,11,87,89,162,200,0,3,3,14,-21.673190000000183,1617.0059000000074,5,6,6,0,0,5,4,2,5,5,65,60,0,0,0,4,59,13,0,0,3,4,4,0,0,0,0,60,0,0,0,0,0,0,7,0,3,0,0,0,0,0,0,3,0,0,0,1,0,0,0,0,0,0,0,0,0,0,0,0,0,0,0,0,3,2,2,0,0,0,0,8,0,0,0,4,0,0,0,0,0,0,0,1,0,False
15.726767668109249,15.726767668109249,0.00932012840981189,-2.1456194444651784,0.00728332904071385,15.58,5757.791999999989,5373.744000000008,5753.590505212004,2202,0,0.3259665618223757,-0.5079666451556014,0.5079666451556014,0.3259665618223757,0.1925,0.3875,0.66,32.17054446328946,9.953549084321713,2.626077232214842,-2.314207531348238,2.427710004243538,-2.628017702941851,7.9883749910484365,-0.1444559801160523,1.6689522555386527,0.6618898764634673,15802.703878548815,297.93310696050594,226.19618751102666,233.03988259873725,189.29297630990487,130.36839983206286,138.47360936066704,98.65318990503204,104.05617763032649,64.42951414006544,68.46590983018338,41.651758445817514,44.56581566932185,-37.960000000000015,2.2468467494683415e+156,339.1223338155755,175.74787939428967,119.94987455461158,2347.2872999896435,393.5009206703371,300.6303964780779,11.91910913748767,307.17334592627833,0.0,29.846526439759245,279.3126495196053,9.77851570501903,97.56269638961643,0.0,305.6124504947503,400.49373862426006,145.27878634321468,82.25758490681258,344.780003019864,446.501677893142,10.818567211583044,269.65684089189267,104.67992314091299,710.6205907420959,136.6177207643464,310.9438378049634,0.0,28.747559166419524,307.2257391599191,0.0,28.747559166419524,97.56269638961643,866.94847321554,337.4968357213542,58.16181558087418,412.04475501665326,255.1788463848419,0.0,0.0,0.0,2164.679999999999,889.8292509071823,263.2728708906429,81.50713212922099,253.81250007196488,27.817257458484978,47.17106375986444,271.6493267842165,149.7798986281939,0.0,310.37217802224365,68.1552419832049,0.0,22.08473858047175,835.5076449203168,279.52241673546604,61.08893949749238,-79.89319352155741,-24.13895037734235,-13.004906478563989,21.555532865938783,0.0,0.5503875968992248,400,84,134,0,2,2,9,1,10,80,78,142,183,0,2,2,12,-15.93596000000044,1474.4862000000078,5,4,4,0,0,2,1,5,5,5,57,52,0,0,0,3,50,10,0,0,2,1,4,0,0,0,0,52,0,0,0,0,0,0,9,0,0,0,0,0,0,0,0,2,0,0,0,1,0,0,0,0,0,0,0,0,0,0,0,0,0,0,0,0,0,5,5,0,0,0,0,5,0,0,0,4,0,0,0,0,0,0,0,2,0,False
15.339454927490737,15.339454927490737,0.029562315712096998,-2.245080053480958,0.007284220839244729,15.234234234234235,3134.417999999995,2935.841999999996,3132.4597504840035,1212,0,0.32569547897097245,-0.5079666451556014,0.5079666451556014,0.32569547897097245,0.2972972972972973,0.5675675675675675,0.8873873873873874,32.116880779168596,9.965172960033925,2.4824126438323657,-2.3248371242732815,2.2664282339659128,-2.618145343114078,7.798701304434177,-0.14351473572264492,1.6577577870801268,0.963526869587623,8332.080782020268,164.6230432508155,122.31930143117445,123.21372862217436,105.129830535894,70.70299681070622,71.3354523427399,52.40433892449849,52.769487296168606,34.634241268358686,34.9993896400288,22.28654308779735,22.543652872882404,-24.949999999999957,8.899958596587459e+78,181.9017738774382,93.09630357468664,64.65239026884066,1274.2461390603787,245.94163926462917,156.79553256198287,11.91910913748767,183.12257160989665,0.0,17.90791586385555,169.0382942859533,24.730451267860655,12.628789148012991,0.0,93.06470084384658,158.8722025838148,127.22435658604894,79.99617994089093,188.54690123264558,225.57838575925282,10.818567211583044,183.00824160259265,63.25458081778325,391.254933443771,38.53876119491001,174.49185999845787,0.0,5.749511833283905,195.5731784757864,0.0,5.749511833283905,12.628789148012991,478.8805942366291,207.96001561892416,16.736473257744436,228.68738697992688,135.02579354397304,0.0,0.0,0.0,1420.1699999999994,510.3107106221026,140.60152939192733,47.94537184071822,124.3454406541337,17.678201109471466,32.59485852961298,117.68406246981722,31.189205473537065,0.0,190.73712101975514,68.15524198320489,0.0,4.375918731399333,505.9337094892683,128.78717752300548,57.666355920559795,-44.06820466841747,-26.02899052851504,-3.299615074737299,6.18920416299239,0.0,0.5111111111111111,222,57,86,0,1,1,3,4,7,45,48,87,101,0,1,1,8,-16.822960000000077,782.7084000000041,3,1,1,0,0,8,4,1,3,3,34,31,0,0,0,5,32,10,0,0,1,4,1,0,0,0,0,31,0,0,0,0,0,0,3,0,0,0,0,0,0,0,0,2,0,0,0,4,0,0,0,0,0,0,0,0,0,0,0,0,0,0,0,0,0,1,1,0,0,0,0,6,0,0,0,0,0,0,0,0,0,0,0,1,0,False
15.56480360013914,15.56480360013914,0.002294914485144961,-2.2344705461539833,0.007283351288805902,16.044642857142858,4747.539999999987,4414.899999999995,4744.408679900006,1848,0,0.32597749474700305,-0.5079666451760156,0.5079666451760156,0.32597749474700305,0.20535714285714285,0.4166666666666667,0.7113095238095238,32.11801542941518,9.951642683714336,2.578196411246813,-2.3135776744396828,2.381375365425941,-2.6345493627981664,7.800763710674223,-0.1438585539835432,1.669208912376076,0.7206843101989593,13015.715933318468,250.00132526586256,191.50584595146094,193.2947003334608,158.98436678832704,111.59893638817655,112.8638474522439,84.13388829146723,84.86418503480748,56.54232229552798,57.27261903886823,36.00097761684206,36.51519718701216,-33.649999999999935,6.051381837819498e+128,281.42932172417954,144.09430500733407,97.14868059739798,1952.874147634503,340.75355704860516,252.295669844894,17.878663706231507,242.19436890341163,0.0,23.877221151807397,227.18748691653494,9.77851570501903,25.257578296025983,0.0,280.69560562183904,361.8730363074275,127.47619228978168,55.76138771377046,277.0325020213207,309.2078320574766,16.227850817374566,227.12253205984211,98.7620170947516,662.4719244504988,70.40851486670674,275.0485509709584,0.0,28.747559166419524,264.69143032786855,0.0,28.747559166419524,25.257578296025983,683.3067245407092,273.5415678895663,57.65319314050431,406.98421910172095,224.84701104253392,0.0,0.0,0.0,1846.9899999999984,694.0610563416708,176.34722115581226,100.6852808655083,275.99470657143286,28.674627589713992,44.41850546015408,187.52666235067684,141.17640668721657,0.0,242.58029089416712,73.56452558899642,0.0,8.69818652393903,665.5522271385308,247.94250525749837,60.64166475913246,-61.594215070228444,-15.888237131607365,-14.671373359346221,27.097019659859015,0.0,0.5520361990950227,336,75,113,0,2,2,8,1,9,63,67,115,150,0,2,2,11,-11.708390000000279,1226.999700000007,4,3,3,0,0,2,1,5,4,4,45,41,0,0,0,3,43,10,0,0,2,1,2,0,0,0,0,41,0,0,0,0,0,0,8,0,0,0,0,0,0,0,0,3,0,0,0,1,0,0,0,0,0,0,0,0,0,0,0,0,0,0,0,0,0,5,5,0,0,0,0,3,0,0,0,0,0,0,0,0,0,0,0,3,0,False
14.003191633049532,14.003191633049532,0.028102629493032216,-2.0469857977257133,0.019858083484190627,16.152,1879.2190000000005,1755.2349999999992,1877.7449972959987,710,0,0.3281222474576913,-0.48122926245045566,0.48122926245045566,0.3281222474576913,0.36,0.696,1.112,32.16775449427686,9.972182938963975,2.405160609403183,-2.290067619452496,2.1352177012260984,-2.6359856296470645,7.983179512308966,-0.1432987683412783,0.855268231925888,6.429431430520025,3481.797846459115,95.82587577223958,70.43773898913996,74.75401372399516,58.575386685045,39.24990249761948,43.93496279395521,28.71424960862417,31.780891842941475,18.410316294437383,20.793662511166467,10.796869869623198,12.511008266460404,-9.66,1.1246009610361558e+33,115.34,60.86925731930901,43.401338764152506,744.6554393522067,149.0657679406413,96.66945326636734,0.0,112.23641485767865,0.0,11.938610575903699,95.89074368143648,4.794537184071822,61.41013734282121,0.0,20.268296022307258,116.04434539152554,30.100204066092388,50.53308195025728,136.43097262939327,185.58516277640348,0.0,90.38540626810764,28.852575954810135,240.11839150878075,67.57908314160774,0.0,0.0,0.0,113.3200761767564,0.0,0.0,61.41013734282121,348.52299359783535,100.6852808655083,5.917906046161393,119.09519825002047,0.0,0.0,0.0,0.0,808.6700000000001,307.3956707624607,136.43097262939327,0.0,63.664182996067446,5.752853606746789,20.771211599071872,37.371244298163475,26.359012766404057,0.0,128.27177371214663,22.93466990864874,0.0,14.965416817615488,277.7185542219553,109.37886568421045,22.006554462969838,-25.57847013388895,-28.15736377497915,-4.287051222125397,5.78682727757573,0.0,0.704225352112676,125,32,49,0,0,0,0,0,0,33,31,54,63,0,0,0,0,-13.08549999999991,459.10110000000077,2,5,5,0,0,0,0,0,2,2,21,19,0,0,0,0,17,4,0,0,0,0,3,0,0,0,0,19,0,0,0,0,0,0,0,0,0,0,0,0,0,0,0,0,0,0,0,0,0,0,0,0,0,0,0,0,0,0,0,0,0,0,0,0,0,0,0,0,0,0,0,2,0,0,0,2,0,0,0,0,0,0,0,1,0,False
14.886120956005808,14.886120956005808,0.016046281283325747,-2.219383363286295,0.012452600332397852,16.387096774193548,2246.6089999999995,2105.4889999999987,2244.9213218399987,850,0,0.32591584784621846,-0.48116230828665907,0.48116230828665907,0.32591584784621846,0.38064516129032255,0.6967741935483871,1.0838709677419356,32.16645905919652,10.014088718154454,2.4438862152703016,-2.2962059097846557,2.265334142635923,-2.6398251106543533,7.981144256316654,-0.14911861094853368,1.647638069919834,0.9767204100288748,5727.841368766464,114.89621462624612,85.87401390892325,89.37379206285073,73.4716375485606,49.77635648108412,53.06756992730251,37.24947385187186,39.330517526535694,25.099155858324156,26.866795849036702,16.63892646336524,17.790373246493917,-14.260000000000005,1.0081560379394448e+49,127.6327113010583,62.93251606841508,38.99649494509609,909.5671525936106,169.54475331665486,102.7112940955153,0.0,118.14359458703017,0.0,11.938610575903699,100.6852808655083,4.794537184071822,49.64825239343009,0.0,54.59730361615449,152.3936718873464,94.36508760601336,56.26492765483178,136.11898241862437,212.43923235260706,0.0,110.23725156179975,28.668337385810926,264.1000108179997,55.44620923414885,108.07729001146957,0.0,0.0,119.05374365391859,0.0,0.0,49.64825239343009,369.18842453547563,124.74228291835817,0.0,128.35889994865622,91.38693553637857,0.0,32.70877479624317,0.0,882.1400000000001,300.56413412677455,136.11898241862437,0.0,82.50654941463938,64.17949083095714,45.52161093053417,22.858638251854668,79.31312701135367,12.13273413692322,143.22370927498824,28.668337385810926,0.0,13.884248066050521,315.13677164413275,106.09399500965557,31.954910516138465,-27.03665778032608,-10.00832422010925,-3.5633346610070165,4.538391425465041,0.0,0.5257731958762887,155,36,54,0,1,1,3,3,6,33,34,58,66,0,1,1,7,-8.996599999999917,572.8968000000017,2,4,4,0,0,3,3,0,2,2,22,20,0,0,0,1,20,5,0,0,1,3,3,0,0,0,0,20,0,0,0,0,0,0,3,0,3,0,0,0,0,0,0,0,0,0,0,0,0,0,0,0,0,0,0,0,0,0,0,0,0,0,0,0,3,0,0,0,0,0,0,2,0,0,0,1,0,0,0,0,0,0,0,2,0,False
15.795241996663448,15.795241996663448,0.015978727249101876,-2.315963744924753,0.007283418727369196,15.543859649122806,4052.738999999986,3774.530999999994,4049.9967569720066,1568,0,0.32596656305401495,-0.5079666451556014,0.5079666451556014,0.32596656305401495,0.26666666666666666,0.543859649122807,0.8947368421052632,32.1664393876295,9.958796468070071,2.53714357078867,-2.327956431599476,2.3400295392765926,-2.628867322967622,7.981236748473935,-0.14378421418331871,1.6741427933056412,0.9029060433745729,10998.771436658424,212.50026499153796,162.10988298510134,164.7152339480289,134.7201997844581,93.70525477918007,96.36401269336476,70.85265722005323,72.56855252304699,47.48664158439256,48.86088887859218,30.122994392596446,31.10861848355759,-28.799999999999933,1.5657152226325593e+106,239.04234410538206,121.63657814149968,81.8096402661282,1658.9342098535917,288.59849697057325,187.00473670772266,17.878663706231507,218.56564998600564,0.0,23.877221151807397,208.00933818024762,9.77851570501903,37.0194632454171,0.0,252.07851054198903,221.21541484137416,135.8685080224793,69.36067621296445,227.2151889159891,319.14684795362393,16.227850817374566,205.60663635085444,104.67992314091299,529.41249966556,69.32762484513978,191.88911174909262,0.0,5.749511833283905,238.10748730783695,0.0,5.749511833283905,37.0194632454171,578.5251799642034,235.10095428450094,63.571099186665705,330.9977232900022,158.3779262957592,0.0,21.805849864162113,0.0,1625.5199999999988,628.8970968735707,140.9135196026962,86.30166931329282,164.1345789691166,50.480477453876105,23.58553187993222,140.97141907174486,134.44207160257577,0.0,225.96430491602996,73.56452558899642,0.0,9.966495063754099,605.0608366017261,172.30885405718138,59.87384299653398,-58.51402308831763,-21.16158094068904,-8.384324214150942,23.62767730173993,0.0,0.5573770491803278,285,66,99,0,1,1,5,3,8,52,58,102,130,0,1,1,9,-11.38939000000019,1044.9548000000057,4,1,1,0,0,4,3,1,4,4,41,37,0,0,0,2,40,10,0,0,1,3,2,0,0,0,0,37,0,0,0,0,0,0,5,0,2,0,0,0,0,0,0,3,0,0,0,1,0,0,0,0,0,0,0,0,0,0,0,0,0,0,0,0,2,1,1,0,0,0,0,5,0,0,0,1,0,0,0,0,0,0,0,1,0,False
15.44139592216603,15.44139592216603,0.011393872180281095,-2.0637554749296143,0.007283393558829001,15.07394366197183,4064.763999999986,3786.5559999999928,4061.9412758320072,1568,0,0.3256954686228821,-0.5079666451556014,0.5079666451556014,0.3256954686228821,0.24647887323943662,0.4964788732394366,0.8204225352112676,32.168918078772045,9.962189362904574,2.5229597907175423,-2.3003046644240386,2.3127552615281917,-2.6293102845140224,7.985531935225602,-0.14295407344846253,1.6697464472129668,0.9523684430290863,10613.169409257984,211.72639782071218,161.43712233125476,164.78103926503783,134.42000062946732,92.77461110346347,97.58860718584923,70.29801157240279,73.61995562303338,44.842578194793944,47.139578219042214,28.95799313164486,30.629316479103018,-27.029999999999944,3.358639262742152e+105,241.63031305619447,126.30652112201786,87.32417788482111,1657.1014836669133,292.65736186476124,199.08841836601857,5.959554568743835,218.56564998600564,0.0,17.90791586385555,192.39623378459274,14.76249422596624,47.91444399618634,0.0,210.83300938844573,266.98517693517795,112.42010351176577,88.10619725368684,242.84676131128006,301.2504893468725,5.409283605791522,205.6907051409512,81.37677609426584,520.9731556249712,94.323149900623,209.97672688716725,0.0,5.749511833283905,226.6401523535126,0.0,5.749511833283905,47.91444399618634,624.3922425683515,236.72723872335513,40.91671988275988,303.5817120166915,170.77161343898538,0.0,10.902924932081056,0.0,1599.279999999999,630.9875206704805,180.51777791834633,62.32898339293368,155.90597369654608,39.57755252179504,37.371244298163475,114.75083785105976,176.5585516838291,0.0,218.31949428896417,51.27862342308901,0.0,7.8727791351465255,591.4361229794125,197.67471175314967,48.436228288245175,-52.87475881168515,-21.11908109405844,-5.925122593060957,16.388009231739545,0.0,0.5659340659340659,284,64,98,0,0,0,5,3,8,57,57,102,135,0,0,0,8,-13.671030000000162,1040.1438000000055,3,6,6,0,0,5,3,1,3,3,40,37,0,0,0,2,38,8,0,0,0,3,1,0,0,0,0,37,0,0,0,0,0,0,5,0,1,0,0,0,0,0,0,1,0,0,0,2,0,0,0,0,0,0,0,0,0,0,0,0,0,0,0,0,1,1,1,0,0,0,0,4,0,0,0,3,0,0,0,0,0,0,0,2,0,False
15.662192669418387,15.662192669418387,0.060773896258807136,-2.048177492043897,0.007459071538027308,15.596059113300493,2908.4609999999943,2715.932999999997,2906.327722952002,1110,0,0.3260484995649581,-0.5079666451556014,0.5079666451556014,0.3260484995649581,0.3645320197044335,0.7044334975369458,1.1083743842364533,32.16770853447684,9.966697781169776,2.4735447424294135,-2.3122169308399405,2.2900328971088295,-2.618866020382954,7.983282140661884,-0.14375162566548425,1.3324338241702745,0.8803197589850237,7732.307518689572,149.9496811433781,114.90856113147427,118.33040867532958,96.3639270901667,66.63931272459543,70.69191748889747,50.61476383896898,53.31625770161615,33.602746412139325,35.620944257198325,22.066269706354163,23.523298318106324,-19.73999999999998,1.1516166168102835e+68,166.4186946662096,83.83539002024473,54.627603897554394,1190.244861950181,196.00614746279297,144.4195219078229,5.959554568743835,141.77231350443617,0.0,17.90791586385555,130.06725039165897,14.76249422596624,48.78134819480822,0.0,128.89521152799313,203.78296842312557,116.13419553641522,49.346801837152,154.98514094414278,236.22698199600578,5.409283605791522,151.773130144673,52.339961570456495,362.29943001753355,55.157222011747685,168.14554948785207,0.0,11.49902366656781,145.6376866739502,0.0,11.49902366656781,48.78134819480822,420.09576284992386,167.97743370749535,29.080907790437095,218.4538231660594,134.50388753136718,0.0,21.805849864162113,0.0,1072.8300000000002,378.97235215931323,111.83430628749637,43.150834656646396,168.93367728398505,44.05965583095009,4.899909730850478,111.9383547729921,127.83821302108636,0.0,172.13079870984848,34.077620991602444,0.0,11.193471287862,409.2810643282364,116.34927242040898,32.28152752170726,-33.56018063224333,-11.965252294549634,5.041016804279858,15.656858342076223,0.0,0.5303030303030303,203,42,67,0,1,1,4,4,8,38,39,71,89,0,1,1,9,-4.0811299999999076,754.7749000000036,3,0,0,0,0,6,4,2,3,3,27,24,0,0,0,3,27,5,0,0,1,4,2,0,0,0,0,24,0,0,0,0,0,0,4,0,2,0,0,0,0,0,0,1,0,0,0,2,0,0,0,0,0,0,0,0,0,0,0,0,0,0,0,0,2,2,2,0,0,0,0,2,0,0,0,2,0,0,0,0,0,0,0,1,0,False
14.655873054198032,14.655873054198032,0.010456720318718915,-2.091388451522329,0.027369973207570356,15.977941176470589,1938.24,1801.1519999999991,1936.9716834719984,756,0,0.32597749476046906,-0.5079666451556014,0.5079666451556014,0.32597749476046906,0.4338235294117647,0.8529411764705882,1.3308823529411764,32.16637182468177,9.962687413629999,2.4331547793615425,-2.310618610653419,2.2337615399122943,-2.6181530472136343,7.981071641202143,-0.14417873294729908,1.7786842112487107,1.8422095776780731,4276.197202668856,102.3361011728605,77.93335734027951,78.74985392120725,64.1114642032545,44.86310460479751,46.25695145491487,33.8020260727508,34.78762463240428,22.414538575410425,23.058489126269805,14.03857009020949,14.509974611000521,-13.189999999999994,6.339897718781461e+39,116.97710023865712,60.22708394910028,41.74822762243546,790.75396659329,139.47985323328137,90.33528344135533,0.0,118.14359458703017,0.0,11.938610575903699,100.6852808655083,4.794537184071822,11.761884949391115,0.0,117.11693194553428,123.27203510746764,32.22804289761662,45.000700474264065,125.90592762894298,141.84409011232498,0.0,84.65173879094546,58.07362904761868,268.01312087033864,44.79453037842141,65.72420659954848,0.0,5.749511833283905,114.1538339230681,0.0,5.749511833283905,11.761884949391115,290.8303672887879,118.32146129543216,23.671624184645573,175.67076817066123,54.59730361615449,0.0,0.0,0.0,796.27,290.2640386296056,125.90592762894298,0.0,107.55964377312937,23.968546229246012,0.0,54.77473735346928,78.13002772396318,0.0,79.75182906009498,34.40200486297311,0.0,1.2608402837929082,299.8911152742297,76.55744368316962,34.5134960847463,-26.348461072819024,-10.05216433970431,-2.3534924364196947,10.364555856337814,0.0,0.6091954022988506,136,31,48,0,1,1,2,0,2,27,25,49,64,0,1,1,3,-7.06959999999993,490.964100000001,2,1,1,0,0,0,0,1,2,2,22,20,0,0,0,1,15,6,0,0,1,0,0,0,0,0,0,20,0,0,0,0,0,0,2,0,0,0,0,0,0,0,0,0,0,0,0,0,0,0,0,0,0,0,0,0,0,0,0,0,0,0,0,0,0,1,1,0,0,0,0,4,0,0,0,1,0,0,0,0,0,0,0,1,0,False
14.920468145096855,14.920468145096855,0.006753049981004677,-2.292506619362965,0.008445924549693213,16.804545454545455,3140.519999999991,2931.8639999999955,3138.4763716640027,1216,0,0.32571118522400155,-0.5079666451556014,0.5079666451556014,0.32571118522400155,0.32272727272727275,0.6409090909090909,1.059090909090909,32.1180001501346,9.954601854038,2.5027397525258843,-2.316868875452051,2.2916663471377707,-2.625665709398605,7.8004425781656295,-0.14421332137031884,1.665180999518135,0.9667663461270409,7805.499183453065,164.44716295333544,123.69646044084377,125.4853148228436,103.69928396311498,71.41931014888291,72.68422121295026,54.537637569286346,55.26793431262657,35.501083757496474,36.23138050083669,23.384901663314434,23.899121233484536,-22.279999999999966,2.9945449583610108e+78,184.36577283882443,92.30763986417041,62.448694915589265,1274.2827551763112,238.15841396030908,162.83737339113082,11.91910913748767,177.21539188054516,0.0,23.877221151807397,169.0382942859533,14.76249422596624,25.257578296025983,0.0,104.27528869968229,177.35935607054145,107.9897493696907,68.78846693691268,203.8664834171677,238.26930046586614,10.818567211583044,172.87214698050485,58.07362904761868,425.6806989900329,63.98800957799486,102.16038988200066,0.0,5.749511833283905,172.63850856713768,0.0,5.749511833283905,25.257578296025983,521.7212629576449,188.69755075014612,34.49019139622861,253.27850269667678,79.64563090890972,0.0,0.0,0.0,1325.8999999999999,507.8102805298476,203.8664834171677,0.0,146.17347419643386,17.54772460632,18.747384130231726,86.80856382706511,71.87425854045179,10.633577208012662,172.7964188759667,45.22057207455616,0.0,8.40772226973872,489.5942779483693,160.40583668164615,34.22269480831397,-44.01775300618743,-32.10040535603157,-4.961513542250575,13.393584640845784,0.0,0.6,220,50,83,0,3,3,2,2,4,45,46,85,96,0,3,3,7,-15.023260000000068,782.5178000000038,4,3,3,0,0,4,2,1,4,4,34,30,0,0,0,5,30,6,0,0,3,2,2,0,0,0,0,30,0,0,0,0,0,0,2,0,0,0,0,0,0,0,0,2,0,0,0,2,0,0,0,0,0,0,0,0,0,0,0,0,0,0,0,0,0,1,1,0,0,0,0,3,0,0,0,0,0,0,0,0,0,0,0,0,0,False
15.539017017256342,15.539017017256342,0.007755901260853459,-2.225622347565616,0.007437809400433909,16.870550161812297,4428.106999999989,4128.7309999999925,4425.125221984008,1710,0,0.3259775064440061,-0.5079666451556014,0.5079666451556014,0.3259775064440061,0.23948220064724918,0.4919093851132686,0.8511326860841424,32.120262390582724,9.981583164926274,2.5754413997872247,-2.3269303582746703,2.3701494861239136,-2.6252038403609776,7.804280702695513,-0.14494368238789057,1.6577756907081795,0.7643898998417755,11546.531612049479,230.35327166373693,173.62279032133014,177.20049908532982,145.96846513998034,101.32510196758639,103.85492409572109,76.88358962002206,78.34418310670253,50.910112203385324,52.37070569006578,34.1998401416995,35.20900441239019,-30.419999999999913,2.5256586953512296e+117,259.54275970530847,131.66961485939498,88.31046929509696,1799.3641280691536,336.1552644073679,211.17210002431452,23.83821827497534,254.00872836211462,0.0,23.877221151807397,242.18584489047012,9.77851570501903,50.515156592051966,0.0,136.32186430444835,290.46144343319554,156.57740713891562,75.58857738369932,261.08893941526077,363.1422493130307,21.63713442316609,230.85587396132178,104.12720743391537,589.2733596007074,114.63800410976322,119.9680615779311,0.0,5.749511833283905,265.9420669473361,0.0,5.749511833283905,50.515156592051966,715.2317096753152,251.02653414307989,51.226664653973046,362.3019937832671,97.58377910799165,0.0,10.902924932081056,0.0,1871.3099999999984,719.6273542956994,203.5544932063988,57.53444620886186,249.51975235801802,22.029827915475046,38.347023053633635,91.45263588967148,75.36851521522635,0.0,256.87148189912136,96.1748116262745,0.0,17.323605273712754,685.6441848907696,192.87708670374113,76.22293001638387,-63.679713837054756,-40.430022241976076,-14.82585938644732,12.423344136426271,0.0,0.6105263157894737,309,75,115,0,5,5,3,2,5,62,66,119,138,0,5,5,10,-20.879020000000413,1117.8802000000062,4,2,2,0,0,3,2,1,4,4,47,43,0,0,0,6,42,13,0,0,5,2,4,0,0,0,0,43,0,0,0,0,0,0,3,0,1,0,0,0,0,0,0,4,0,0,0,1,0,0,0,0,0,0,0,0,0,0,0,0,0,0,0,0,1,1,1,0,0,0,0,6,0,0,0,0,0,0,0,0,0,0,0,2,0,False
15.897178534426425,15.897178534426425,0.03160549209584307,-2.3442191014951206,0.0072833289356293955,15.97305389221557,4739.333999999985,4430.885999999995,4736.201223372007,1828,0,0.32610998196937147,-0.5079666451556014,0.5079666451556014,0.32610998196937147,0.23353293413173654,0.4820359281437126,0.8173652694610778,32.16644340396391,9.96670808767888,2.5780016627117326,-2.3097212032168732,2.371567984175052,-2.6310418602164454,7.981279713732748,-0.14254402458234838,1.6740350975568874,0.6336404430775907,13269.900730381118,247.4155388282356,186.56377975815192,189.1691307210795,158.12226615876958,108.05879911253652,110.71755702672122,81.93393189908063,83.64982720207438,53.73649300525398,55.1107402994536,35.42025320610537,36.39623986224174,-34.92999999999996,6.600980444087577e+127,274.5953176682899,138.96888865042484,93.73699103058563,1932.1583961763902,354.87173486513507,240.50431718246213,17.878663706231507,254.00872836211462,0.0,23.877221151807397,236.7765612846786,24.730451267860655,37.0194632454171,0.0,184.85280085214134,286.16593618213534,159.03230103345948,124.36316994479958,286.62157638946434,332.7840764655708,16.227850817374566,261.9263129163758,81.19253752526662,582.7835523085769,95.56877602739044,263.9786192950881,0.0,22.99804733313562,258.9577628507064,0.0,22.99804733313562,37.0194632454171,749.0432851874813,289.5514638806359,45.817381048181524,332.8717471671728,207.8221983655123,0.0,0.0,0.0,1944.3899999999983,714.1149792781671,214.7035186283869,71.91805776107734,242.44669469427555,23.111176098016994,60.792970221851704,188.98828079758405,87.69065146719937,0.0,272.48416201985043,67.83085811183423,0.0,9.70586141052734,709.3587025879665,246.3241216849269,53.37218228111132,-65.24323244325721,-29.962009008954404,-9.04301528140934,13.931833213533055,0.0,0.5333333333333333,334,76,121,0,3,3,6,4,10,67,69,124,145,0,3,3,13,-19.29759000000038,1197.4044000000063,4,4,4,0,0,8,4,4,4,4,47,43,0,0,0,7,46,9,0,0,3,4,2,0,0,0,0,43,0,0,0,0,0,0,6,0,0,0,0,0,0,0,0,3,0,0,0,4,0,0,0,0,0,0,0,0,0,0,0,0,0,0,0,0,0,4,4,0,0,0,0,4,0,0,0,1,0,0,0,0,0,0,0,1,0,False
14.931749471915499,14.931749471915499,0.00018911616337025094,-2.138858797640565,0.009578037476433569,14.843537414965986,2060.269000000001,1925.1969999999994,2059.0136397879987,802,0,0.32596656305876076,-0.5079666451760156,0.5079666451760156,0.32596656305876076,0.3945578231292517,0.7959183673469388,1.272108843537415,16.372741213333327,9.958314080328577,2.412323923082154,-2.2924561973700426,2.2184622201455477,-2.6163989427335776,6.026777025826712,-0.1436746960284932,1.6705681654636153,1.1493242871625078,5349.792801812804,109.17259998711448,82.74118504680746,82.74118504680746,69.4857456789155,47.303026748466486,47.303026748466486,35.88017468529217,35.88017468529217,23.511627070229515,23.511627070229515,14.738461780715085,14.738461780715085,-16.52999999999999,2.4567721302440737e+45,119.16883584953933,58.90056119004132,39.60557437564473,842.5293681977147,158.99888844391432,96.37712427050329,5.959554568743835,112.23641485767865,0.0,11.938610575903699,101.300027287228,19.746472746913447,0.0,0.0,98.56337618568506,92.52838926450967,74.33916373907597,74.64362306017706,121.11139044487115,141.03750493440722,5.409283605791522,130.59004451874443,46.60629409329431,249.3775063613118,26.241151182250643,120.5089580263782,0.0,5.749511833283905,118.63686478076274,0.0,5.749511833283905,0.0,308.35914367693755,132.78938898013837,29.080907790437095,148.81263194825374,92.30027105843881,0.0,10.902924932081056,0.0,885.69,308.69698196723334,121.11139044487115,0.0,67.90098196129792,28.450649538401056,6.923737199690624,63.55269947543732,91.06120638021709,0.0,130.59004451874443,28.343953514440262,0.0,0.0,313.76584435529605,92.23329252574271,24.798924188811483,-26.361427793379633,-13.064251061174833,4.511797562053244,12.282486889317655,0.0,0.5108695652173914,147,35,55,0,0,0,2,4,6,28,31,55,63,0,0,0,6,-8.212429999999928,521.9429000000009,2,1,1,0,0,7,4,1,2,2,21,19,0,0,0,3,23,4,0,0,0,4,0,0,0,0,0,19,0,0,0,0,0,0,2,0,1,0,0,0,0,0,0,1,0,0,0,3,0,0,0,0,0,0,0,0,0,0,0,0,0,0,0,0,1,1,1,0,0,0,0,2,0,0,0,0,0,0,0,0,0,0,0,0,0,False
15.483038266845547,15.483038266845547,0.009400391669491581,-2.163584357037654,0.014173248984608708,16.277397260273972,4188.879999999987,3890.511999999993,4186.112574572006,1632,0,0.32604706437066666,-0.5079666451554685,0.5079666451554685,0.32604706437066666,0.2534246575342466,0.523972602739726,0.8561643835616438,32.16884078935376,9.968636808814008,2.5496556408199726,-2.3131892015058564,2.3387853820519795,-2.6212730516323277,7.985492047378702,-0.14623392402744959,1.6686986909988992,1.165685074588774,10142.796548207158,219.04423506590797,167.07059567177714,169.52008541456033,137.84529610434484,96.79888537750263,100.9804259278547,73.04428291579521,76.0010785947557,47.262705434961646,49.19455708753981,31.075169592773985,32.48938315514711,-27.12999999999994,9.350139550559286e+108,253.2232553162303,133.28272172501798,93.59243194344639,1699.566716596211,314.5901364469048,211.17210002431452,11.91910913748767,230.38000944470863,0.0,35.81583172771109,221.7782033107434,9.77851570501903,35.285654848173344,0.0,124.54358472198952,354.63612370086963,96.70802020751005,63.1880404902257,266.81944723163923,313.40060515808085,10.818567211583044,205.438498770661,92.659872479591,616.2793324811184,114.68719635892617,83.94229824077459,0.0,5.749511833283905,243.84115478499913,0.0,5.749511833283905,35.285654848173344,686.1035022596141,235.01663815201022,40.40809744239001,396.2693031826553,67.12146726253211,0.0,0.0,0.0,1751.7899999999988,667.0270071191745,223.66861257499275,43.150834656646396,228.73894922297163,49.77576750393662,35.40917881047332,85.98452314892866,111.41277769005787,0.0,190.73876957810958,73.88890946036707,0.0,3.5808430632438712,647.641281571415,201.60623617864726,63.849680463387486,-58.10937856756589,-46.99278708797698,-8.27610545182501,16.366896497340903,0.0,0.6593406593406593,292,69,107,0,3,3,2,1,3,60,58,110,143,0,3,3,6,-16.543860000000297,1055.5903000000058,6,3,3,0,0,2,1,1,6,6,45,39,0,0,0,4,37,11,0,0,3,1,0,0,0,0,0,39,0,0,0,0,0,0,2,0,0,0,0,0,0,0,0,2,0,0,0,1,0,0,0,0,0,0,0,0,0,0,0,0,0,0,0,0,0,1,1,0,0,0,0,4,0,0,0,3,0,0,0,0,0,0,0,4,0,False
15.630192191331956,15.630192191331956,0.018705287250984304,-2.248914109464245,0.012694398604383716,15.646090534979423,3534.1769999999897,3298.304999999995,3531.546368008004,1348,0,0.3254033842835248,-0.5079666451556014,0.5079666451556014,0.3254033842835248,0.25925925925925924,0.51440329218107,0.8353909465020576,32.16907657192764,9.96371168815864,2.493058592416202,-2.297686854989639,2.284880305008658,-2.627070746111757,7.985543729307148,-0.14193101505580155,1.6677432332425786,1.1963425650017498,8643.339753735949,181.78581547870257,137.16575223776337,142.2985235535463,114.98506208814403,79.0096063870207,85.08851353347379,58.83628654469067,62.88852733866149,38.72086472648248,41.748161494071,24.47753929866641,26.663082216294672,-21.769999999999975,3.4736553319641885e+87,209.6508299056525,109.9787706534324,75.2926000134993,1430.6693799902946,250.58205553483864,186.71240771185862,0.0,194.93693106859965,0.0,23.877221151807397,177.39787581065755,0.0,73.17202229221232,0.0,120.7596496426091,282.2348130763618,92.14572393026859,38.201214391774116,223.3566223642239,302.88909944470043,0.0,164.4876366411371,57.889390478619475,455.64203356979954,92.67721874369109,131.5788897022485,0.0,11.49902366656781,199.63933046032514,0.0,11.49902366656781,73.17202229221232,549.7932873007995,203.0811623023616,17.75371813848418,264.8533617826966,109.3250837354605,0.0,10.902924932081056,0.0,1372.4899999999996,557.1325323371613,185.00032489164929,38.356297472574575,130.81576255630523,53.58990279691245,25.60935934877236,119.79397321623195,87.21208556606994,0.0,202.37400408517595,40.135672340135294,0.0,16.290871197453697,524.9643904191918,166.84871980999702,41.537505529150856,-48.58669959926904,-27.245511986481063,-5.477766711563553,12.168491341520333,0.0,0.5882352941176471,243,54,84,0,1,1,4,1,5,52,50,90,117,0,1,1,6,-12.159400000000046,896.7877000000045,4,3,3,0,0,1,1,2,4,4,37,33,0,0,0,0,31,7,0,0,0,1,3,0,0,0,0,33,0,0,0,0,0,0,4,0,1,0,0,0,0,0,0,0,0,0,0,0,0,0,0,0,0,0,0,0,0,0,0,0,0,0,0,0,1,2,2,0,0,0,0,4,0,0,0,3,0,0,0,0,0,0,0,3,0,False
15.504735909720353,15.504735909720353,0.012425638837236797,-2.1846734266764187,0.008445940194054868,15.132780082987551,3461.0149999999903,3220.102999999994,3458.6785021680043,1342,0,0.3257123814092987,-0.5079666451556014,0.5079666451556014,0.3257123814092987,0.2697095435684647,0.5228215767634855,0.8298755186721992,32.1676585006547,9.955733215471538,2.491479133125492,-2.304449432416428,2.2695718708225963,-2.625189000191167,7.9832941719187644,-0.14364200775147593,1.801429777432814,1.7137792677840966,8284.014225661916,181.21690137795022,136.9790121688326,139.506432521688,113.747256440674,78.77369179513671,82.19384102740509,58.66383620108428,61.00018169206136,38.32264151640622,39.97569098979511,23.884167824598777,25.102318284556098,-23.05999999999996,5.775422094817427e+83,210.12006131278633,111.69815423010166,80.4585797556482,1404.6682197481427,256.1054618028352,168.87921422027878,11.91910913748767,177.21539188054516,0.0,35.81583172771109,178.62736865409695,9.77851570501903,36.15255904679522,0.0,161.29624168722356,237.78328409306425,95.66824784237113,43.80164083846111,223.66861257499275,261.1028917925391,10.818567211583044,164.15482655807799,75.45887004810444,483.0891128025889,69.1628887399393,119.83758507477965,0.0,5.749511833283905,200.056209333481,0.0,5.749511833283905,36.15255904679522,530.4219620798764,198.28662511828978,40.40809744239001,304.5145991769332,97.45330260484019,0.0,0.0,0.0,1450.229999999999,564.859694905648,165.82217615536197,52.73990902479004,150.31163080904903,24.157948344295804,25.60935934877236,114.3594083416054,56.50144599366231,20.103243582892652,176.78361570609098,61.79443442372123,0.0,6.76906251111385,515.839364766584,188.32858853849808,47.14538066184334,-50.44060595796486,-29.7403014312845,-10.825518707160528,14.812918507259484,0.0,0.609271523178808,241,58,87,0,0,0,3,1,4,49,51,90,121,0,0,0,4,-11.935960000000081,875.2996000000041,6,3,3,0,0,2,1,1,6,6,36,30,0,0,0,1,32,8,0,0,0,1,1,0,0,0,0,30,0,0,0,0,0,0,3,0,0,0,0,0,0,0,0,2,0,0,0,1,0,0,0,0,0,0,0,0,0,0,0,0,0,0,0,0,0,1,1,0,0,0,0,3,0,0,0,2,0,0,0,0,0,0,0,2,0,False
14.851021986932357,14.851021986932357,0.018246664032556037,-2.0629602212942597,0.016357814320515668,14.291338582677165,1840.173000000001,1709.1329999999994,1838.935589799999,714,0,0.3259665631457975,-0.5079666451556014,0.5079666451556014,0.3259665631457975,0.36220472440944884,0.6614173228346457,0.9921259842519685,32.167588112738386,9.999161265574205,2.394412093337726,-2.288491532794166,2.16674900363604,-2.613014829463366,7.983079161192037,-0.14341593352695806,0.8552835171966747,3.917247565562221,3687.9653139962015,96.16489277653622,71.96601907528323,73.59901223713868,59.78143440290946,40.82863976569173,43.61633346592644,30.11018539998985,32.081382519296824,18.89071255522787,20.178613656946627,12.011240805268294,12.954049846850353,-12.330000000000002,9.53884532821043e+34,112.67872067672452,61.106057738313154,46.996907754865724,742.0439695228026,156.05371558244644,84.29344261220737,23.83821827497534,82.7005162109211,0.0,17.90791586385555,98.34972936831528,4.794537184071822,23.52376989878223,0.0,39.827682935685715,149.9855024283361,39.020668869502316,25.4903660395129,107.03976910342455,147.97042024853423,21.63713442316609,90.38540626810764,51.971484432458084,227.85550961950216,63.34790957459217,29.828919765543436,0.0,5.749511833283905,130.52107860824296,0.0,5.749511833283905,23.52376989878223,297.91296850661917,87.927953752147,33.47294651548887,142.41236788020174,24.26546827384644,0.0,0.0,0.0,873.39,253.15840250636313,107.03976910342455,0.0,139.87050379730454,5.563451491696996,0.0,75.48418697139117,12.511538367022808,0.0,90.38540626810764,61.77280676330139,0.0,2.3964055105044793,233.86747338198518,123.13493487624301,39.17039167716857,-22.656409861890257,-17.448562659628234,-1.403431829288081,4.772532238238636,0.0,0.64,127,40,50,0,0,0,1,0,1,27,33,52,65,0,0,0,1,-9.143519999999917,467.72350000000085,3,1,1,0,0,0,0,1,3,3,17,14,0,0,0,0,21,7,0,0,0,0,0,0,0,0,0,14,0,0,0,0,0,0,1,0,0,0,0,0,0,0,0,4,0,0,0,0,0,0,0,0,0,0,0,0,0,0,0,0,0,0,0,0,0,1,1,0,0,0,0,1,0,0,0,2,0,0,0,0,0,0,0,1,0,False
14.822492957258461,14.822492957258461,0.038151892216546246,-1.9274481248135629,0.00987401337100688,14.904761904761905,2098.4409999999993,1957.3209999999985,2096.9812025999986,808,0,0.3260484995649581,-0.48122926245046976,0.48122926245046976,0.3260484995649581,0.4013605442176871,0.7959183673469388,1.251700680272109,32.16759089435782,9.983893423165755,2.4098168463753367,-2.2868540014833676,2.2328702462830745,-2.617908404238539,7.983115809626809,-0.1435208752601235,1.6984591387561865,1.3336173739733965,5195.820758673423,109.59524971792489,83.49168156148141,85.12467472333688,69.48494434111608,47.793642175780974,50.58133587601566,36.16275878630452,38.13395590561148,23.601616262628205,24.889517364346954,15.11183527055411,16.05464431213617,-14.540000000000008,8.739317177864796e+44,122.93095987485663,62.332322699407726,42.2128319075071,855.9699396093589,148.8206701928543,90.62761243721938,5.959554568743835,106.32923512832714,0.0,17.90791586385555,101.300027287228,4.794537184071822,23.52376989878223,0.0,114.69328257414749,135.8080997138041,79.26922315085689,31.718267210247767,126.21791783971186,175.52632532387082,5.409283605791522,100.35336331000205,40.68838804713292,260.89646321845686,43.713640356854455,107.9468135083181,0.0,0.0,113.3200761767564,0.0,0.0,23.52376989878223,312.18435958799466,119.94774573428634,23.163001744275704,155.55093317065416,91.2564590332271,0.0,21.805849864162113,0.0,823.64,302.9033270382725,126.21791783971186,0.0,75.33494264897563,44.91702596217911,6.923737199690624,44.294981497854096,131.4629461990124,0.0,100.35336331000205,28.343953514440265,0.0,2.4767508545864785,295.8733007757966,102.25336272484125,25.385003210785236,-25.01873198154843,-4.4481718093753155,-0.9489313890495481,10.09408428063034,0.0,0.5368421052631579,147,33,50,0,0,0,3,2,5,27,29,52,67,0,0,0,5,-4.741629999999948,541.0496000000015,3,2,2,0,0,2,2,0,3,3,21,18,0,0,0,0,20,4,0,0,0,2,0,0,0,0,0,18,0,0,0,0,0,0,3,0,2,0,0,0,0,0,0,1,0,0,0,0,0,0,0,0,0,0,0,0,0,0,0,0,0,0,0,0,2,0,0,0,0,0,0,2,0,0,0,2,0,0,0,0,0,0,0,0,0,False
15.442199494173956,15.442199494173956,0.02503302265815721,-2.1141784101883587,0.007313847835950654,15.97907949790795,3386.9529999999872,3152.0889999999945,3384.6675264960027,1314,0,0.3224707043064145,-0.5079666451556014,0.5079666451556014,0.3224707043064145,0.3054393305439331,0.6317991631799164,1.0460251046025104,32.16640685498439,9.959202400410131,2.509510480214373,-2.3271282774044253,2.321373147810431,-2.626785893849086,7.9811760580323226,-0.14472866291959344,1.6946853027884523,0.8423003409921435,9037.950808456711,177.68943916152523,136.8738140915802,138.58473786350783,113.0081457134048,79.52203878214377,81.54834116429478,61.118746561082816,62.469493492406414,40.30498849360533,41.314087416134846,26.337880296850987,27.066394602727076,-23.429999999999957,1.2757271797283537e+86,198.5634319404385,99.53606887717007,65.55746349117851,1390.5571386173488,232.84162535630273,169.08980080117936,5.959554568743835,171.30821215119366,0.0,29.846526439759245,168.4235478642336,0.0,24.39067409740411,0.0,200.7694700684449,247.31955816066517,104.53241119235484,44.49778489749944,203.8664834171677,253.31081712126286,5.409283605791522,163.32106881176628,70.09367970894067,453.75462858257345,70.11952764430558,167.60465303940495,0.0,11.49902366656781,172.2216296939818,0.0,11.49902366656781,24.39067409740411,501.0456444119192,195.11837237307213,46.83462592892127,286.2759499808333,139.78739558092002,0.0,21.805849864162113,0.0,1259.0399999999997,482.5672531901534,160.71564876052128,43.150834656646396,177.69977406958336,56.233331060622895,18.747384130231726,99.8114172263876,159.82586301395412,5.316788604006331,160.833249894072,34.07762099160245,0.0,5.693485477273147,492.76984855767284,158.54472150537663,32.15963305133085,-44.5325830202497,-10.187051845800415,-4.17120804499659,21.278709874948785,0.0,0.5632911392405063,239,48,79,0,2,2,5,2,7,43,44,81,104,0,2,2,9,-5.61183000000001,875.2314000000043,5,1,1,0,0,2,2,2,5,5,34,29,0,0,0,2,30,5,0,0,2,2,1,0,0,0,0,29,0,0,0,0,0,0,5,0,2,0,0,0,0,0,0,1,0,0,0,0,0,0,0,0,0,0,0,0,0,0,0,0,0,0,0,0,2,2,2,0,0,0,0,1,0,0,0,1,0,0,0,0,0,0,0,2,0,False
15.407535555253911,15.407535555253911,0.007007374265049604,-1.8306499531529183,0.018544319451684357,14.233128834355828,2321.852999999998,2171.660999999998,2320.013037407999,876,0,0.32604706419408747,-0.5079666451556014,0.5079666451556014,0.32604706419408747,0.294478527607362,0.5460122699386503,0.8588957055214724,32.16889028893262,9.995625691677546,2.4058410142773683,-2.280476315710272,2.2597135948162976,-2.612440204722657,7.9852419849722365,-0.14203190894131593,1.6957536973886218,0.7911749924789204,6448.599931882988,117.98002602877521,91.37097292433079,94.7148898581139,78.44594376370156,53.778026022550556,58.59202210493629,39.670774156589566,42.992718207220136,27.175603474366493,29.472603498614728,17.963519828986247,19.63484317644442,-15.38000000000002,1.1360353755351243e+53,129.37107653848508,67.4986190216452,41.26050153322452,961.5086815257513,142.96445384179862,96.37712427050329,0.0,100.42205539897563,0.0,5.969305287951849,81.50713212922099,4.794537184071822,47.914443996186336,0.0,171.5730181793831,182.09667761928227,101.99791047831125,32.34511756999895,106.72777889265566,187.01457947935694,0.0,105.33734183094927,23.11890847764795,213.25007363256478,81.1715115301975,245.59207027902806,0.0,5.749511833283905,107.58640869959422,0.0,5.749511833283905,47.914443996186336,319.6103706256969,131.2474206737749,5.917906046161393,110.57902944759432,206.64790983714911,0.0,32.70877479624317,0.0,718.1199999999999,235.11694430089253,82.75509297229652,23.97268592035911,125.48617260954896,80.01247517481912,10.902924932081056,59.55112312201979,178.5990211024485,36.39820241076966,117.96613097896225,17.201002431486554,0.0,8.35674137214508,269.69762580983803,88.9647979823389,24.012779996993032,-17.056113579084112,29.56383720722851,10.083524383287342,0.09902904947546265,0.0,0.42105263157894735,163,30,45,0,0,0,7,3,10,28,28,49,70,0,0,0,10,0.838799999999996,626.5184000000029,1,2,2,0,0,3,3,1,1,1,18,17,0,0,0,0,20,3,0,0,0,3,1,0,0,0,0,17,0,0,0,0,0,0,7,0,3,0,0,0,0,0,0,0,0,0,0,0,0,0,0,0,0,0,0,0,0,0,0,0,0,0,0,0,3,1,1,0,0,0,0,0,0,0,0,3,0,0,0,0,0,0,0,2,0,False
15.35873063837061,15.35873063837061,0.021621790296619148,-2.076747814442445,0.007437832216020867,16.261194029850746,3849.599999999985,3576.431999999994,3846.9194181920047,1490,0,0.32569669405648866,-0.5079666451556014,0.5079666451556014,0.32569669405648866,0.2835820895522388,0.5634328358208955,0.9552238805970149,32.16646839077092,9.960053988660405,2.529451647967943,-2.320122347232537,2.3170845067649575,-2.6347001551211267,7.981237032672991,-0.14445345815887828,1.6643126090317946,0.9933681954950604,9570.80879809911,200.99847575935425,154.72638305575367,158.22616120968115,126.19470043675331,88.88746249129613,92.17867593751451,68.91570965090986,70.9967533255737,43.65728469444874,45.396680360318484,28.250566580859328,29.49330045690552,-24.719999999999946,8.264975680302058e+98,229.80880537282425,116.95011890769412,80.77454847183948,1572.3074106717984,270.47602445750283,192.75424854100658,11.91910913748767,206.75129052730264,0.0,17.90791586385555,188.2164430222406,14.76249422596624,49.64825239343009,0.0,192.0662164564377,256.0400943719914,100.7770249475989,80.87214859520863,223.04463215345498,286.226567922076,10.818567211583044,205.1897574776986,87.66315927842564,544.1350103248798,81.62523485779917,131.9893096475441,0.0,11.49902366656781,209.8560287951819,0.0,11.49902366656781,49.64825239343009,594.4004679574927,214.29652110935945,64.07972162703558,334.5001478082058,103.91109918275619,0.0,0.0,0.0,1475.1499999999994,565.9124711712502,175.0992603127367,47.94537184071822,213.13876590385826,17.54772460632,23.647293861082204,133.80730918767364,126.59618812179757,0.0,233.27630546003658,45.22057207455616,0.0,14.195844766005255,558.0499774595872,182.4181238624621,35.500057208150864,-49.61216649167879,-31.793484708692354,-5.119318641883579,30.527633212716136,0.0,0.6257309941520468,268,57,93,0,2,2,3,2,5,53,54,97,121,0,2,2,7,-11.540460000000138,985.6087000000053,3,3,3,0,0,4,2,2,3,3,38,35,0,0,0,4,37,6,0,0,2,2,3,0,0,0,0,35,0,0,0,0,0,0,3,0,0,0,0,0,0,0,0,2,0,0,0,2,0,0,0,0,0,0,0,0,0,0,0,0,0,0,0,0,0,2,2,0,0,0,0,2,0,0,0,1,0,0,0,0,0,0,0,1,0,False
15.509158367203767,15.509158367203767,0.0014691457094677673,-2.076416225735098,0.009576757278800028,16.99585062240664,3405.8429999999908,3174.0029999999942,3403.654712880003,1326,0,0.32540338564511984,-0.5079666451556014,0.5079666451556014,0.32540338564511984,0.3070539419087137,0.6224066390041494,1.008298755186722,32.16637943559677,9.968022263931271,2.5193118540667605,-2.3232185806546557,2.322910844169868,-2.6185207691475783,7.981156765966237,-0.14684037560419724,1.6658506505438033,0.7857541292250544,8860.163139379642,178.02845616582184,135.9623400111479,136.7788365920756,114.5307373057116,80.21195022836538,81.60579707848274,60.37101167333505,61.356610232988544,40.815015471457336,41.45896602231672,27.259723646296994,27.73112816708803,-23.77999999999995,3.6374239984533415e+87,198.4401466356695,101.43631613952358,65.83549154196893,1391.9873857691123,247.32744979451314,174.92105504942674,5.959554568743835,165.40103242184216,0.0,41.78513701566294,173.21808504830543,4.9839785209472085,11.761884949391115,0.0,138.95875084799394,277.68602589678767,107.2630323052916,50.72537803815173,223.98060278576165,235.81053388772105,5.409283605791522,173.20495706356397,40.68838804713292,475.09741889076867,84.18731993109753,155.8633484119361,0.0,5.749511833283905,166.48796221681965,0.0,5.749511833283905,11.761884949391115,558.3698940812786,199.91290955714396,23.163001744275704,295.7276606924844,127.91561445029973,0.0,10.902924932081056,0.0,1326.9099999999996,516.2862418587096,171.24069376097157,52.73990902479004,196.52820517230225,53.40050068186264,16.72355666139158,111.60868724468767,94.61438866689,0.0,158.50522787101252,28.343953514440265,0.0,1.266508751982628,511.93685316365617,188.75001390237298,24.967707303042957,-44.19617333215499,-21.556381127328542,-3.5371186042673486,9.201923276029499,0.0,0.5833333333333334,241,49,84,0,4,4,4,2,6,46,45,85,107,0,4,4,10,-9.363730000000034,862.4084000000042,7,3,3,0,0,3,2,1,7,7,35,28,0,0,0,4,30,4,0,0,3,2,0,0,0,0,0,28,0,0,0,0,0,0,4,0,1,0,0,0,0,0,0,1,0,0,0,1,0,0,0,0,0,0,0,0,0,0,0,0,0,0,0,0,1,1,1,0,0,0,0,0,0,0,0,1,0,0,0,0,0,0,0,3,0,False
15.4526932651929,15.4526932651929,0.0063843535020431386,-2.2894749362208966,0.012430723554282522,15.708053691275168,4211.581999999983,3948.493999999992,4208.830915932006,1622,0,0.32591584795281386,-0.5079666451556014,0.5079666451556014,0.32591584795281386,0.24496644295302014,0.5100671140939598,0.8758389261744967,32.11801053528206,9.962384890293398,2.545555070105073,-2.3115288871170088,2.349472130200689,-2.627738493086139,7.800569945881221,-0.14957132601645612,1.6701885512974373,0.6559443499693969,12106.86775930899,221.07725078179803,165.1629860208418,166.95184040284164,140.8148279507313,95.5383862087627,96.80329727283005,72.51785192958323,73.24814867292345,48.001573042672504,48.73186978601273,31.150133179176354,31.66435274934645,-32.33999999999992,3.0547117674595598e+112,243.11403947384085,120.55324698850715,81.07719335012673,1715.8263752190733,306.72630742981573,228.1283065283022,0.0,236.28718917406013,0.0,35.81583172771109,215.75417328323218,14.76249422596624,25.257578296025983,0.0,177.42614807568606,253.9799458820061,143.98017839320315,87.9888062470904,286.9335666002332,308.26352412987836,0.0,210.1737359986458,63.80729652478087,519.8430733542414,50.836371207569364,257.50183228133085,0.0,28.747559166419524,215.5896962723441,0.0,28.747559166419524,25.257578296025983,635.5705148874865,278.3361050736381,23.671624184645573,300.86114060070423,207.16981584975494,0.0,10.902924932081056,0.0,1706.9699999999987,673.3405557364745,262.96088067987404,23.97268592035911,165.4941714386803,27.593279407172048,55.95482247215122,175.65488122005652,75.36851521522635,0.0,225.6314948329708,40.135672340135294,0.0,8.441181482774837,667.5966005944933,213.5294668085202,42.01656860650509,-63.94518759403303,-21.68311278803284,-12.872644071092378,13.694904738642492,0.0,0.49473684210526314,298,63,106,0,2,2,7,3,10,59,58,108,127,0,2,2,12,-14.782100000000183,1055.4214000000052,6,2,2,0,0,5,3,5,6,6,46,40,0,0,0,4,36,7,0,0,2,3,2,0,0,0,0,40,0,0,0,0,0,0,7,0,1,0,0,0,0,0,0,0,0,0,0,2,0,0,0,0,0,0,0,0,0,0,0,0,0,0,0,0,1,5,5,0,0,0,0,5,0,0,0,0,0,0,0,0,0,0,0,1,0,False
15.350927062874261,15.350927062874261,0.007236792434877737,-2.223594762772035,0.0072864372758289974,15.76595744680851,3374.9809999999898,3156.2449999999953,3372.4911765040033,1284,0,0.3260470745680099,-0.5079666451556014,0.5079666451556014,0.3260470745680099,0.2936170212765957,0.5702127659574469,0.9276595744680851,32.17015492417609,9.965499441912282,2.495760120816424,-2.314188096973957,2.3102633008926357,-2.6244407579136877,7.98753475704243,-0.14358180865111644,1.672152618294879,0.8067602002418124,9016.105842101812,173.29640535825297,131.37977936348946,135.5401928782003,111.72267689322116,76.20451881803373,82.41236175053682,56.53988106273299,60.847423673017076,38.40458198186013,41.345532556967804,25.493605329050204,27.6363331972994,-23.18999999999995,1.754537782836949e+84,193.05959964512712,99.22936456675599,65.42917678748401,1375.989170706985,238.5752928334649,156.50320356611883,23.83821827497534,153.58667296313916,0.0,23.877221151807397,160.67871276124905,4.794537184071822,59.67632894557745,0.0,141.59563739153947,260.0773093798859,117.74585878716658,44.05699487933517,184.6883346808804,282.7842911996615,21.63713442316609,163.32106881176628,40.31991090913451,377.65564494457703,99.60063960916757,203.49993987340997,0.0,11.49902366656781,177.955297171144,0.0,11.49902366656781,59.67632894557745,524.7767011656067,182.36104525971083,27.55504046932748,209.25747065300743,170.11923092322803,0.0,21.805849864162113,0.0,1288.3299999999997,446.97979818219864,131.94842565609034,52.73990902479004,200.48066872509267,33.15673089886904,55.19790642993516,81.85452590817607,136.19337723511555,24.26546827384644,166.1500384980783,56.0391392861392,0.0,9.200378103046875,442.62894612378346,184.58541048038646,38.60212676458988,-38.682212102209384,-1.8420851835244496,-2.484774460326454,5.04776582980919,0.0,0.5099337748344371,235,53,79,0,2,2,6,2,8,44,48,84,103,0,2,2,10,-7.4954199999999815,874.614900000004,4,2,2,0,0,2,2,2,4,4,30,26,0,0,0,2,33,6,0,0,2,2,1,0,0,0,0,26,0,0,0,0,0,0,6,0,2,0,0,0,0,0,0,4,0,0,0,0,0,0,0,0,0,0,0,0,0,0,0,0,0,0,0,0,2,2,2,0,0,0,0,1,0,0,0,4,0,0,0,0,0,0,0,0,0,False
15.273386721113607,15.273386721113607,0.008251928077942505,-1.9879408543775179,0.012454771864691964,15.46368715083799,2542.9769999999976,2369.600999999998,2541.229706104,982,0,0.32596656181712225,-0.5079666451556014,0.5079666451556014,0.32596656181712225,0.3743016759776536,0.7597765363128491,1.2458100558659218,32.11799449839042,9.96300687163259,2.4451096687226586,-2.298220873861984,2.2641251064633847,-2.6204955434858928,7.800386919485017,-0.14340275135398284,1.6037599777661877,1.0125743127412132,6548.790427531611,132.84559761562247,101.5412105652616,103.33006494726143,84.81788189685903,59.030835104175296,60.295746168242644,44.87322184899262,45.60351859233284,29.435347814785935,30.165644558126157,19.098831215520512,19.603413350865853,-17.519999999999996,9.949410205648302e+58,148.26364322017798,74.8745112275642,49.11127675690085,1043.8912793157313,181.34854189921373,120.54448758709512,0.0,147.67949323378767,0.0,5.969305287951849,119.86342960179562,4.794537184071822,25.257578296025983,0.0,140.67349111045198,167.75692348867256,90.77493036435047,45.310695598837526,145.08407636523026,200.71222668192755,0.0,126.52042745687787,58.07362904761868,312.1319249740599,63.925884019394516,137.77573327386153,0.0,5.749511833283905,146.05456554710608,0.0,5.749511833283905,25.257578296025983,373.76760103480143,150.3412532775715,23.671624184645573,187.80350230758444,115.52192730707357,0.0,21.805849864162113,0.0,968.3100000000001,368.862234157485,125.90592762894298,19.178148736287287,108.18649413288055,56.90129907680212,0.0,69.98090757476311,119.67830146006713,0.0,146.8780960220533,34.40200486297311,0.0,8.799749705218197,369.8060724246121,93.7297955381645,37.27619532263189,-29.962979896693263,-2.0401971591814827,-1.0946191581963494,11.263761001222111,0.0,0.5384615384615384,179,39,60,0,1,1,4,2,6,34,35,62,78,0,1,1,7,-7.944099999999883,658.380700000003,1,2,2,0,0,2,2,1,1,1,26,25,0,0,0,1,23,6,0,0,1,2,2,0,0,0,0,25,0,0,0,0,0,0,4,0,2,0,0,0,0,0,0,0,0,0,0,0,0,0,0,0,0,0,0,0,0,0,0,0,0,0,0,0,2,1,1,0,0,0,0,3,0,0,0,0,0,0,0,0,0,0,0,2,0,False
15.77070938910895,15.77070938910895,0.018625489065953627,-2.1566639317778025,0.007283330815386203,15.362857142857143,5010.929999999987,4673.249999999999,5007.328992300007,1922,0,0.32631252519930576,-0.5079666451556014,0.5079666451556014,0.32631252519930576,0.22857142857142856,0.4657142857142857,0.7914285714285715,32.17029778017156,9.953575693765735,2.576192852823124,-2.3099617541117135,2.374037266098995,-2.6217341567706556,7.988015700729551,-0.14714486673056348,1.6679413628666513,0.7026408091262998,13707.049427620044,259.7376834956578,198.33538854172528,203.390229247436,166.23003369329675,114.76015904711136,121.60045751164812,85.1821776216322,89.85486860358644,56.90417818308223,60.21027712986001,36.32936802260463,38.72920567593887,-33.62999999999994,6.178120015577438e+134,295.40346677512866,155.72876990313674,105.33375317057781,2049.3992028877965,336.36188207135814,241.38130417005428,5.959554568743835,277.6374472795207,0.0,23.877221151807397,245.13614280938285,9.77851570501903,72.30511809359045,0.0,307.24350588476653,335.84176545136353,118.52086995281203,89.11919654790287,285.3736155463888,390.68226602574373,5.409283605791522,243.15696666195782,86.92620500242882,621.308165711919,125.11201355085281,299.44449574795624,0.0,5.749511833283905,280.6417961398875,0.0,5.749511833283905,72.30511809359045,741.0679005570095,302.3087909939972,34.99881383659849,365.9447114803419,249.2429558195318,0.0,10.902924932081056,0.0,1869.4299999999982,731.9282391116197,223.044632153455,62.32898339293368,239.6834499724557,49.84708537396003,25.67112132992235,167.97464089831502,236.42377784911443,0.0,263.5146352271333,62.74595837741337,0.0,13.458651409665038,743.1199626974307,196.5016497326169,62.1121599015035,-64.70070784520995,-8.819822087997624,-3.8244948038880144,15.93037877365737,0.0,0.5394736842105263,350,73,116,0,1,1,8,2,10,67,65,122,164,0,1,1,11,-13.576230000000375,1292.7819000000075,4,3,3,0,0,3,2,1,4,4,51,47,0,0,0,2,45,10,0,0,1,2,2,0,0,0,0,47,0,0,0,0,0,0,8,0,1,0,0,0,0,0,0,1,0,0,0,1,0,0,0,0,0,0,0,0,0,0,0,0,0,0,0,0,1,1,1,0,0,0,0,5,0,0,0,4,0,0,0,0,0,0,0,3,0,False
14.69063402233386,14.69063402233386,0.02017418099417112,-2.345984846531712,0.01079776081385221,15.863157894736842,2712.8539999999953,2541.4939999999974,2711.1881711000005,1052,0,0.32604849812917824,-0.5079666451556014,0.5079666451556014,0.32604849812917824,0.3526315789473684,0.7,1.1421052631578947,32.11687874959294,9.96473314596922,2.4730699786539883,-2.3205555384697907,2.255382520005576,-2.630040804836037,7.798678791860152,-0.1436809712628225,1.6690419654792088,1.4778915925379792,6679.835483827671,143.68622517608742,104.91140193687683,105.80582912787675,88.95776922244764,59.50291099619544,60.13536652822911,45.176228602432126,45.541376974102235,29.037145984838773,29.402294356508882,18.542819347073916,18.79992913215896,-20.329999999999966,6.128131488064606e+64,161.90004582781353,79.8627842697628,55.89422395876376,1088.37659229101,229.10463990964774,132.62816924539104,5.959554568743835,171.30821215119366,0.0,23.877221151807397,158.83447349608994,4.794537184071822,12.628789148012991,0.0,78.29508016337782,119.21750690974298,74.46706465982213,82.7611248478739,209.2850010227773,224.6767019518389,5.409283605791522,132.17002614394335,63.62305795578166,341.96246466023587,45.145643159422924,65.85468310269995,0.0,5.749511833283905,168.15547770944306,0.0,5.749511833283905,12.628789148012991,458.47219063587306,171.06137032022227,23.163001744275704,189.01532699327785,54.727780119305955,0.0,10.902924932081056,0.0,1293.3399999999997,492.07873648329144,209.2850010227773,0.0,62.92740587436211,16.46637642377805,25.67112132992235,72.00473504360325,24.26546827384644,26.583943020031654,113.31496254107418,51.27862342308901,0.0,4.16113746851926,450.27432579767793,162.4705847467087,44.75503587820438,-48.266333852580715,-30.486918308990425,-16.900635305319845,6.048359131336319,0.0,0.5714285714285714,190,51,77,0,1,1,2,1,3,42,44,78,86,0,1,1,4,-19.094930000000065,658.2367000000027,4,5,5,0,0,1,1,1,4,4,33,29,0,0,0,1,25,8,0,0,1,1,1,0,0,0,0,29,0,0,0,0,0,0,2,0,1,0,0,0,0,0,0,1,0,0,0,0,0,0,0,0,0,0,0,0,0,0,0,0,0,0,0,0,1,1,1,0,0,0,0,6,0,0,0,0,0,0,0,0,0,0,0,0,0,False
15.880869892406984,15.880869892406984,0.001949304069873925,-2.383700426548578,0.009560309656918217,16.01186943620178,4756.366999999985,4440.862999999997,4753.241005456006,1842,0,0.3260470642576342,-0.5079666451556014,0.5079666451556014,0.3260470642576342,0.228486646884273,0.47477744807121663,0.8100890207715133,32.16761853190179,9.955377603037654,2.585758857628109,-2.3244827935083325,2.4022706440026127,-2.623792381118601,7.9834375835218445,-0.1455229126667946,1.6541850798575921,0.6216556174488485,13809.184112059971,249.27734614780152,189.70334562962688,191.33633879148232,159.69827576369119,110.87049322979422,113.65818693002893,84.38223755302556,86.35343467233261,56.451928021598015,57.739829123316795,37.65794107773548,38.61898175260774,-34.759999999999955,2.3557508712102477e+130,275.99078438453904,138.84610432011957,91.74213191146339,1945.7122444831364,333.6045804491098,229.00529351589435,5.959554568743835,248.10154863276313,0.0,47.75444230361479,240.34160562531102,9.77851570501903,23.52376989878223,0.0,241.87375383968254,328.39093956295164,173.5666774273099,75.84362339449082,301.0051879416798,358.04809020014744,5.409283605791522,225.70722293750887,87.11044357142802,634.7838357623403,76.43742238641734,257.74379485179253,0.0,11.49902366656781,237.69060843468108,0.0,11.49902366656781,23.52376989878223,708.8029954931383,291.0934321869994,40.91671988275988,398.4032741494362,213.10570641506507,0.0,32.70877479624317,0.0,1861.1099999999983,740.6472377918893,195.52536989209958,105.47981804958013,221.02014401433084,66.27888586147493,28.547203591932682,136.07334654368708,196.15251453347065,5.316788604006331,205.69070514095117,57.012290900251195,0.0,2.5467634771240175,741.5733336077126,219.86776006046395,55.88640342073061,-68.67365943594292,-22.260849417040436,-13.800122259585308,17.360370546537556,0.0,0.5363636363636364,337,70,115,0,3,3,7,4,11,61,61,117,150,0,3,3,14,-10.256730000000253,1213.4112000000068,8,2,2,0,0,5,4,2,8,8,50,42,0,0,0,4,40,9,0,0,3,4,0,0,0,0,0,42,0,0,0,0,0,0,7,0,3,0,0,0,0,0,0,1,0,0,0,1,0,0,0,0,0,0,0,0,0,0,0,0,0,0,0,0,3,2,2,0,0,0,0,5,0,0,0,2,0,0,0,0,0,0,0,2,0,False
15.538551484939259,15.538551484939259,0.00576130656146856,-2.3384614660758354,0.007283328681225682,17.07915567282322,5387.072999999986,5037.297000000003,5383.430022124006,2074,0,0.3256954700563172,-0.5079666451760156,0.5079666451760156,0.3256954700563172,0.21372031662269128,0.46174142480211083,0.8469656992084432,32.166477802185064,9.961763807185081,2.6300380807713757,-2.328314703083831,2.441003647132152,-2.6250135964716765,7.981348457483679,-0.1447664905093064,1.6650683215272035,0.4741235613167709,15606.288099663712,279.991795660637,212.26032863238638,215.76010678631386,179.65711097712045,124.32083927248165,127.61205271870003,94.4124039620794,96.49344763674323,64.09888664981108,65.83828231568083,42.75744543090005,44.00017930694621,-38.05000000000002,2.1386941074623902e+148,309.2473688324263,153.78409560355718,98.77661374921603,2196.911371734474,384.0572884958969,276.75536215734996,5.959554568743835,289.45180673822375,0.0,41.78513701566294,269.10882872974196,14.76249422596624,49.64825239343009,0.0,203.76081116645489,375.62092559945717,186.71493928735492,113.28625183441216,345.0919932306329,408.6506005802229,5.409283605791522,277.2916622750455,69.72520257094226,697.0902879121064,120.95589885187495,263.69867585294395,0.0,22.99804733313562,258.12400510439466,0.0,22.99804733313562,49.64825239343009,872.1646924245099,326.28147691435635,34.99881383659849,411.5238549207399,213.36665942136804,0.0,21.805849864162113,0.0,2066.969999999998,816.9371626140434,273.1739354695555,71.91805776107734,295.5149244998117,50.480477453876105,76.15087852047921,172.9728746451403,122.43981396880397,0.0,285.7785713339816,45.54495594592682,0.0,14.245576995099535,831.1232461163039,265.7102175506189,44.05595343642338,-74.10714215547075,-33.9002984239351,-11.903645909241755,16.109425723535598,0.0,0.551440329218107,379,75,132,0,6,6,7,4,11,74,71,136,159,0,6,6,17,-16.799130000000403,1360.9070000000079,7,4,4,0,0,6,4,4,7,7,56,49,0,0,0,8,46,7,0,0,6,4,3,0,0,0,0,49,0,0,0,0,0,0,7,0,2,0,0,0,0,0,0,1,0,0,0,2,0,0,0,0,0,0,0,0,0,0,0,0,0,0,0,0,2,4,4,0,0,0,0,3,0,0,0,1,0,0,0,0,0,0,0,2,0,False
15.138336961262809,15.138336961262809,0.008340572522924417,-2.1822121891607598,0.007295652010754643,14.75,3736.299999999987,3486.315999999993,3733.703730936005,1438,0,0.3259665631457975,-0.5079666451556014,0.5079666451556014,0.3259665631457975,0.23846153846153847,0.49230769230769234,0.823076923076923,32.167717733271466,9.989379892166369,2.498998171595204,-2.2949184633287354,2.2947906041245836,-2.6251250488290863,7.98337405790489,-0.14348497173437205,1.6681028829172955,1.1948140502639764,9513.655932556012,194.78545099977308,146.48531573886493,149.90716328272023,122.71729202906012,84.00066609236528,88.05327085666734,63.24842827323481,65.94992213588203,40.087726189419676,42.10592403447868,25.89193676404771,27.34896537579989,-25.23999999999993,5.625771790499471e+94,223.15726914101296,116.4637974598615,82.72221714740232,1516.3153170010767,277.16235500969486,192.46191954514254,5.959554568743835,200.84411079795115,0.0,29.846526439759245,187.6016966005209,4.794537184071822,48.78134819480822,0.0,140.3190365559876,287.29552555497264,92.93762672943438,57.711548826525274,243.15875152204893,296.3344649333435,5.409283605791522,175.12121384914974,69.54096400194305,469.5516335277811,87.94312959991089,161.4078094677919,0.0,17.248535499851716,216.00657514549997,0.0,17.248535499851716,48.78134819480822,573.1704180913482,219.09105829343127,29.080907790437095,277.8434660508488,133.59055200930695,0.0,10.902924932081056,0.0,1521.019999999999,588.726052751213,204.80245404947433,38.356297472574575,167.43303157921216,22.029827915475046,44.2949814978541,125.74466852852878,82.67105664501659,0.0,200.3787921451757,51.278623423089,0.0,10.893433775836241,553.2570585221866,199.6091047530673,47.316967780424605,-53.261719098978034,-23.089143412508882,-12.835990259018754,13.221399050101976,0.0,0.5609756097560976,260,61,92,0,0,0,5,1,6,54,55,96,124,0,0,0,6,-13.567730000000132,947.1468000000045,5,3,3,0,0,1,1,3,5,5,39,34,0,0,0,0,34,8,0,0,0,1,2,0,0,0,0,34,0,0,0,0,0,0,5,0,1,0,0,0,0,0,0,1,0,0,0,0,0,0,0,0,0,0,0,0,0,0,0,0,0,0,0,0,1,3,3,0,0,0,0,3,0,0,0,2,0,0,0,0,0,0,0,3,0,False
14.887403854507482,14.887403854507482,0.019317027352901084,-2.144312374387474,0.014414966717797144,15.92079207920792,2936.369999999992,2739.8099999999963,2934.302021280002,1128,0,0.3224707176028442,-0.5079666451556014,0.5079666451556014,0.3224707176028442,0.3217821782178218,0.6237623762376238,1.004950495049505,32.16646302162965,9.982040991065002,2.4694244793737674,-2.2960696218022987,2.2431251495985696,-2.6318727498105714,7.981178937637476,-0.1420347047869543,1.734761779126567,1.509427826435426,6890.841113015996,152.49777996395903,114.19316081470741,117.69293896863489,95.0620067971246,64.82743889956558,68.11865234578396,49.04890277149549,51.129946446159316,31.352439872374017,33.09183553824372,19.417950729200054,20.660684605246242,-17.949999999999978,5.634824645717542e+68,176.2624746544875,89.70928257403652,60.12135688666847,1182.1698466174719,232.41745939279608,163.34028896789545,0.0,159.49385269249066,0.0,17.90791586385555,143.83611552215476,4.9839785209472085,49.64825239343009,0.0,92.14255456275905,177.4255817799856,66.23845938725161,81.74812555365786,205.1144442602432,237.9529458818573,0.0,153.1884392670062,46.60629409329431,381.1691938713251,75.32898068628796,84.07277474392603,0.0,5.749511833283905,161.17117361281333,0.0,5.749511833283905,49.64825239343009,510.46474065240506,163.0985803909328,23.671624184645573,197.2238328719494,67.25194376568358,0.0,10.902924932081056,0.0,1216.1899999999998,471.83581024835763,200.0079168654025,0.0,80.29209352211875,35.72884129255608,41.54242319814374,82.44330923999074,58.21618625612034,5.316788604006331,185.7580181070388,28.041197303489447,0.0,13.608144847317565,426.10919328529076,185.7430114874251,24.22930957819246,-41.78368328333381,-34.89604079055809,-5.667294164547965,12.990692373547324,0.0,0.6178861788617886,202,48,75,0,0,0,2,2,4,47,47,79,94,0,0,0,4,-15.775599999999981,731.2968000000031,3,8,8,0,0,3,2,1,3,3,30,27,0,0,0,1,28,4,0,0,0,2,3,0,0,0,0,27,0,0,0,0,0,0,2,0,1,0,0,0,0,0,0,0,0,0,0,1,0,0,0,0,0,0,0,0,0,0,0,0,0,0,0,0,1,1,1,0,0,0,0,1,0,0,0,1,0,0,0,0,0,0,0,2,0,False
15.840015199241591,15.840015199241591,0.005938247352992532,-2.2413497627582313,0.007286502372644925,15.046439628482972,4569.288999999983,4262.856999999995,4566.1864082080065,1764,0,0.32604706302040376,-0.5079666451556014,0.5079666451556014,0.32604706302040376,0.24458204334365324,0.4984520123839009,0.8235294117647058,32.167670768425054,9.953235440371056,2.5508954908978314,-2.3078599809538414,2.3781230775726603,-2.6233037922146085,7.9834532370371205,-0.14365697154377585,1.6873618422440737,0.6685110679984276,13215.540940226265,238.6585439942845,182.26094596106796,184.78836631392332,153.22984285090385,106.14673789549362,109.56688712776197,80.09536044600011,82.43170593697724,53.06564695456687,54.71869642795579,34.77831460287009,35.97823342953721,-33.29999999999993,6.655789478298984e+122,265.27201886250816,135.65898683885817,91.70197611298033,1874.5128579339316,323.5981433234185,222.37879469501829,17.878663706231507,218.56564998600564,0.0,35.81583172771109,217.59841254839128,9.77851570501903,36.15255904679522,0.0,215.53909074891365,359.7286060587887,185.74035265698274,43.67738972126042,262.3369002583363,341.1214792629869,16.227850817374566,226.54098068382064,75.45887004810444,578.1333835373403,82.12815043456378,281.5063475488743,0.0,22.99804733313562,242.5905181655316,0.0,22.99804733313562,36.15255904679522,651.9064541121259,263.9524935214226,45.81738104818153,359.02097428065133,231.30480762044994,0.0,32.70877479624317,0.0,1760.6499999999985,660.6350291066268,161.6516193928279,100.6852808655083,237.41465115641643,60.52603225472814,30.50926907962284,175.28403203252432,163.379045300627,0.0,234.2698601009831,62.09719063467205,0.0,6.684059846710976,642.7091680126701,233.32892080704258,50.46072400226069,-57.02001644390637,-9.911366980639912,-6.82469676692624,18.128763078343383,0.0,0.5141509433962265,323,71,108,0,1,1,8,4,12,58,64,111,145,0,1,1,13,-7.461390000000184,1184.9008000000065,6,1,1,0,0,5,4,4,6,6,43,37,0,0,0,2,44,8,0,0,1,4,1,0,0,0,0,37,0,0,0,0,0,0,8,0,3,0,0,0,0,0,0,3,0,0,0,1,0,0,0,0,0,0,0,0,0,0,0,0,0,0,0,0,3,4,4,0,0,0,0,2,0,0,0,2,0,0,0,0,0,0,0,2,0,False
14.355362063978525,14.355362063978525,0.010287263664179092,-2.0237712955171547,0.023360557666355093,14.653465346534654,1460.619,1370.9069999999992,1459.5972682479994,556,0,0.32572771604785605,-0.4811623082866603,0.4811623082866603,0.32572771604785605,0.5346534653465347,1.00990099009901,1.5247524752475248,32.166396544087874,10.002528689150942,2.378549407970132,-2.2788937238128946,2.2015960383621227,-2.6094657184205943,7.981061993490579,-0.14305164652314054,1.7401398864383855,1.8976190866241776,3297.672238454892,75.79286005634951,55.624895653388116,57.33581942531576,47.52610912768692,31.479513324474087,33.50581570662511,23.704038413076272,25.05478534439987,14.931754619883215,15.940853542412702,9.641508605450207,10.370022911326284,-10.420000000000005,9.610047347156768e+24,84.80473075780951,42.5143523103541,30.30305082322057,586.8449854365565,112.44055125629713,60.418408291479594,0.0,88.6076959402726,0.0,11.938610575903699,76.71259494514916,9.77851570501903,24.39067409740411,0.0,32.046575604766076,68.58419271089886,61.15357379668405,43.55345493827386,96.82671431374312,135.83990554566148,0.0,73.43661020691128,34.58624343197232,170.38528658255987,24.306232802917556,54.24385497838259,0.0,0.0,87.15301202988059,0.0,0.0,24.39067409740411,227.68827257483335,94.34877537507302,5.917906046161393,96.23680731487742,42.98647549183713,0.0,10.902924932081056,0.0,657.7799999999999,230.51893583710816,96.82671431374312,0.0,43.5508897162253,22.21923003052484,6.923737199690624,24.286048595768733,50.56555542835217,0.0,86.06539935492427,28.668337385810926,0.0,5.354357184130351,234.17464087488358,56.426096457461874,28.420685707806268,-19.95201652320167,-11.630388860003812,-1.7691759231655744,3.3646899709778855,0.0,0.5333333333333333,101,26,39,0,0,0,1,2,3,22,22,41,47,0,0,0,3,-7.69129999999998,361.5595000000005,2,1,1,0,0,3,2,0,2,2,17,15,0,0,0,1,13,5,0,0,0,2,1,0,0,0,0,15,0,0,0,0,0,0,1,0,1,0,0,0,0,0,0,0,0,0,0,1,0,0,0,0,0,0,0,0,0,0,0,0,0,0,0,0,1,0,0,0,0,0,0,4,0,0,0,1,0,0,0,0,0,0,0,0,0,False
15.338030234080312,15.338030234080312,0.027336789950877627,-2.1414418297732674,0.007296885273716848,15.353535353535353,2808.2739999999926,2627.8419999999965,2806.2606889480003,1072,0,0.3284175061922612,-0.5079666451556014,0.5079666451556014,0.3284175061922612,0.3686868686868687,0.7323232323232324,1.1464646464646464,32.166432448025546,9.961990757435231,2.468190473965705,-2.3320098970882217,2.292881924581454,-2.6203298048737804,7.981163581026168,-0.14503643486637227,1.6616868317679185,0.7895336827645507,7904.150680361157,145.6652240930019,110.79434654490203,113.39969750782959,94.07270343008184,64.39953204168829,67.05828995587297,48.89782533232883,50.61372063532254,32.66058964213739,34.03483693633704,21.612083638706125,22.59770772966725,-20.369999999999983,3.9343458996331462e+68,159.1044554689824,78.99019832710133,50.2023754721221,1154.4161379888913,191.64930902416722,120.54448758709512,12.001395397891795,153.58667296313916,0.0,5.969305287951849,130.06725039165897,4.794537184071822,37.0194632454171,0.0,175.35695325876355,158.68893260402174,127.2610985198092,44.683845239086345,149.8786135493021,235.24377086149502,5.409283605791522,136.8211945818314,52.15572300145729,310.3681322329747,56.30023759191498,209.69678344502304,0.0,5.749511833283905,151.37135415111237,0.0,5.749511833283905,37.0194632454171,395.0763490846604,167.97743370749535,23.163001744275704,172.2412876457452,176.3160744948411,0.0,32.70877479624317,0.0,1037.05,374.76941388683633,116.31685326079932,33.561760288502754,119.27205194861999,66.08948374642515,6.923737199690624,78.31331199923818,169.38648675719028,0.0,157.17886314700687,39.81128846876464,0.0,9.98903587925955,393.9371413994726,106.47531225520449,37.903441402861304,-31.651010429854523,7.603480190470659,-0.6906076163161639,9.377651363346649,0.0,0.46564885496183206,198,42,64,0,1,1,6,3,9,35,38,67,82,0,1,1,10,-6.2624299999999,733.683800000004,1,2,2,0,0,3,3,1,1,1,27,26,0,0,0,1,26,6,0,0,1,3,2,0,0,0,0,26,0,0,0,0,0,0,6,0,3,0,0,0,0,0,0,1,0,0,0,0,0,0,0,0,0,0,0,0,0,0,0,0,0,0,0,0,3,1,1,0,0,0,0,4,0,0,0,1,0,0,0,0,0,0,0,0,0,False
15.6545713705474,15.6545713705474,0.009955731395225431,-2.136592011656367,0.009577322170188215,16.07037037037037,3844.481999999986,3570.305999999993,3841.9535377040047,1500,0,0.3256954686223816,-0.5079666451556014,0.5079666451556014,0.3256954686223816,0.2814814814814815,0.5592592592592592,0.9333333333333333,32.167608772239696,9.965147295421742,2.534266279033645,-2.317734822663934,2.3405163859230944,-2.624292429587453,7.983311737629777,-0.14408002715956816,1.6729665453416438,0.9603852172933678,9904.542408137231,201.82690288410043,155.56787095657833,157.2008641184338,127.46617958903455,90.06459295466897,92.85228665490365,69.62433407259147,71.59553119189849,44.8120594577595,46.09996055947829,29.633696665155743,30.57650570673781,-25.429999999999954,5.24442416925841e+99,229.2625276604025,116.61340466397472,78.15937468113032,1568.7282721777797,279.518867872638,187.00473670772266,11.91910913748767,183.12257160989665,0.0,41.78513701566294,188.2164430222406,9.77851570501903,23.52376989878223,0.0,185.99984938797624,285.9263700837203,111.52115756313371,69.79492245473861,243.47074173281783,282.1564375259916,10.818567211583044,194.55618026968597,81.92949180126345,549.6807956878672,89.65118631544317,120.09853808108258,0.0,5.749511833283905,193.4887841100071,0.0,5.749511833283905,23.52376989878223,610.8930984534044,207.87569948643343,64.07972162703558,352.98075957476743,97.71425561114312,0.0,21.805849864162113,0.0,1508.889999999999,588.4130127746926,185.93629552395592,57.53444620886186,201.1096443199508,45.77439609340813,16.72355666139158,128.09698655975743,130.27984691162192,0.0,184.756360807985,39.48690459739397,0.0,2.420454140627295,560.3393728637782,219.2827907397607,30.731846207304216,-53.12008793797492,-35.66548618037433,-3.8054365366825715,24.316546703561475,0.0,0.6264367816091954,270,58,94,0,2,2,3,3,6,51,53,96,125,0,2,2,8,-8.65546000000013,981.9188000000053,7,4,4,0,0,4,3,1,7,7,38,31,0,0,0,3,36,5,0,0,2,3,0,0,0,0,0,31,0,0,0,0,0,0,3,0,2,0,0,0,0,0,0,2,0,0,0,1,0,0,0,0,0,0,0,0,0,0,0,0,0,0,0,0,2,1,1,0,0,0,0,0,0,0,0,2,0,0,0,0,0,0,0,2,0,False
15.345198922334413,15.345198922334413,0.04089043629104827,-2.020733219219794,0.0072854563046996215,16.07881773399015,2877.404999999994,2677.820999999997,2875.452663556001,1114,0,0.32569546985812764,-0.5079666451556014,0.5079666451556014,0.32569546985812764,0.35467980295566504,0.6896551724137931,1.1083743842364533,32.166404103447746,9.95856238949698,2.4649669803344367,-2.2977306448546355,2.259969320279518,-2.627459363236529,7.981143750589846,-0.142655032522393,1.6753901235828184,0.9513859720272075,7422.577803637574,150.20919416737198,115.72258138592892,117.43350515785657,96.45244214984434,67.23546113414463,69.26176351629566,50.10207018367297,51.45281711499657,34.144306970104005,35.15340589263348,21.500769049643257,22.229283355519335,-20.09999999999998,3.34313269368263e+70,167.81438053508387,86.12488610157851,56.46234816846901,1182.7691885009078,207.38941362702056,138.670010074539,11.91910913748767,147.67949323378767,0.0,5.969305287951849,130.68199681337867,14.76249422596624,24.39067409740411,0.0,172.06869011615322,181.12583198692434,86.86075180304827,68.28555136014808,150.19060376007099,200.86150668871227,10.818567211583044,163.1563963089006,52.339961570456495,375.5131939465593,57.09214039108077,174.0814400531622,0.0,5.749511833283905,166.9048410899755,0.0,5.749511833283905,24.39067409740411,424.28284947514777,163.18289652342352,34.49019139622861,219.45965431958865,140.43977809667734,0.0,10.902924932081056,0.0,1108.6999999999998,384.9975821586491,121.42338065564003,28.76722310443093,131.5586232372005,66.24214392771468,13.847474399381248,74.92315491537403,152.77164931111204,0.0,175.78518545691358,39.48690459739397,0.0,5.623472351284496,391.179458660014,136.00171585682537,30.924247677471822,-32.12316100783017,-8.52986231644697,3.433778728708201,16.379238938862027,0.0,0.5454545454545454,203,46,69,0,1,1,4,3,7,38,42,71,90,0,1,1,8,-8.238559999999914,748.1317000000042,1,3,3,0,0,5,3,1,1,1,26,25,0,0,0,2,31,5,0,0,0,3,1,0,0,0,0,25,0,0,0,0,0,0,4,0,1,0,0,0,0,0,0,2,0,0,0,2,0,0,0,0,0,0,0,0,0,0,0,0,0,0,0,0,1,1,1,0,0,0,0,2,0,0,0,1,0,0,0,0,0,0,0,1,0,False
15.70343430725719,15.70343430725719,0.0029236492828608185,-2.162070577035654,0.012433470703352299,15.327433628318584,3236.6899999999905,3032.065999999995,3234.3707695360035,1234,0,0.32247070083846446,-0.5079666451556014,0.5079666451556014,0.32247070083846446,0.29646017699115046,0.5973451327433629,0.9823008849557522,32.1689049636305,9.962237975672625,2.4856850206136487,-2.31729396933031,2.3021416934405736,-2.6162247931512304,7.98540294422691,-0.1431645457664287,1.658441089477718,0.8675032397940392,8846.944352928256,167.51823076520097,126.27341035165375,129.61732728543686,107.0820489007279,72.80833998337992,77.62233606576567,54.64903875147789,57.97098280210848,36.4480345265235,38.74503455077178,23.876770934979096,25.54809428243726,-22.749999999999964,5.255028853582644e+80,186.30056825741397,93.96811084479708,61.83939428407228,1315.3881530665858,222.91925702070827,163.34028896789545,0.0,177.21539188054516,0.0,29.846526439759245,167.8088014425139,0.0,47.914443996186336,0.0,131.1776435170743,230.14198118952967,114.96348850714983,38.33200928536492,203.55449320639883,287.68513711273386,0.0,152.77156039385036,46.2378169552959,385.8399429743742,68.019873159772,173.80149661101802,0.0,5.749511833283905,167.32171996313136,0.0,5.749511833283905,47.914443996186336,487.767190095501,199.91290955714396,11.835812092322787,224.4652307603823,145.9842391525331,0.0,32.70877479624317,0.0,1246.5399999999997,478.3607650456849,150.50259397083985,47.94537184071822,125.98908818631357,49.623107322647094,29.650309062312783,92.71602186431781,136.73086874814334,17.449522740929552,155.18365120700656,39.50853225781381,0.0,7.67667261602626,500.41478604769657,132.05741734539063,39.08066101651232,-44.101559791441794,-11.127646906546174,-2.680833483550221,8.569392044801338,0.0,0.5103448275862069,226,47,77,0,1,1,5,3,8,43,42,81,101,0,1,1,9,-8.053299999999961,824.8296000000036,5,1,1,0,0,3,3,1,5,5,35,30,0,0,0,1,28,6,0,0,1,3,1,0,0,0,0,30,0,0,0,0,0,0,5,0,3,0,0,0,0,0,0,0,0,0,0,0,0,0,0,0,0,0,0,0,0,0,0,0,0,0,0,0,3,1,1,0,0,0,0,4,0,0,0,3,0,0,0,0,0,0,0,1,0,False
14.72217704875012,14.72217704875012,0.14820371651967545,-2.2221310154120015,0.014174224097765142,14.491379310344827,1638.6800000000007,1538.8879999999992,1637.7294790479991,636,0,0.32624156863243997,-0.5079666451556014,0.5079666451556014,0.32624156863243997,0.4224137931034483,0.7758620689655172,1.1724137931034482,16.37278158319404,10.014107176369789,2.393623483364904,-2.283451645965168,2.1491802880016175,-2.624556532950335,6.016824909283861,-0.1437979011577047,0.9639216903790001,2.0210337412175985,3806.08827750298,87.05200860141383,62.47498829108848,62.47498829108848,54.60149652815628,35.44305082785052,35.44305082785052,26.11413903063948,26.11413903063948,16.595791543066674,16.595791543066674,10.652590772729505,10.652590772729505,-13.710000000000004,3.0023599381603935e+30,96.48970662914225,48.93384780976695,35.754967373259774,659.0721976443047,150.1938556862154,78.25160178305941,11.91910913748767,94.51487566962412,0.0,11.938610575903699,92.32569934080405,9.77851570501903,0.0,0.0,42.46456947923127,62.28748243463788,44.96964287514227,63.064105707239136,116.94083368233709,118.37259538301551,10.818567211583044,84.40299749798307,40.135672340135294,175.04231546440056,26.303276740850986,83.94229824077458,0.0,5.749511833283905,114.57071279622396,0.0,5.749511833283905,0.0,269.93089070147687,105.56413418207086,10.818567211583044,87.95278440719318,67.12146726253211,0.0,0.0,0.0,855.5800000000002,280.44247270797314,116.94083368233709,0.0,43.664941005584076,11.257379486545457,6.923737199690624,61.0551001940705,6.06636706846161,10.633577208012662,73.7694202899704,50.954239551718345,0.0,0.0,247.8839238388995,107.63518603018062,39.10879641405481,-25.025726264075598,-12.227263191966975,-6.817046171226512,-1.8912039891992098,0.0,0.47761194029850745,116,37,49,0,0,0,2,1,3,26,30,49,53,0,0,0,3,-13.368959999999925,399.2975000000004,2,3,3,0,0,2,1,1,2,2,18,16,0,0,0,1,17,7,0,0,0,1,0,0,0,0,0,16,0,0,0,0,0,0,2,0,0,0,0,0,0,0,0,2,0,0,0,1,0,0,0,0,0,0,0,0,0,0,0,0,0,0,0,0,0,1,1,0,0,0,0,4,0,0,0,0,0,0,0,0,0,0,0,0,0,False
15.37785808809657,15.37785808809657,0.0037708940077025854,-2.039307042461906,0.0074379244180758355,16.649425287356323,2462.6499999999983,2309.4339999999984,2461.0869409439997,950,0,0.32597749474700305,-0.5079666451556014,0.5079666451556014,0.32597749474700305,0.40804597701149425,0.8333333333333334,1.293103448275862,32.11687762211554,9.981096706661127,2.454565602053056,-2.298052269779127,2.2583101255387166,-2.6130089857601977,7.798666952819078,-0.14373815122357245,1.5225082036934334,0.9065681565405798,6373.744841161386,128.56114056524626,95.91702891066295,96.81145610166286,82.40013837463582,56.07194993840254,56.704405470436214,42.24842930139559,42.6135776730657,28.584995362930137,28.95014373460025,19.033595808647487,19.29070559373254,-19.05999999999998,1.9070109736462601e+56,140.0097390594519,69.30308477016405,45.70494846963323,999.0885107639641,184.66136138236212,114.50264675794716,5.959554568743835,135.86513377508467,0.0,29.846526439759245,134.8617875757308,14.76249422596624,12.628789148012991,0.0,64.44760576399655,138.10099098474294,112.6679730777389,56.01549302605113,164.88620552305534,195.20292886368173,5.409283605791522,141.05548414656363,34.770482000971526,309.93420232541456,45.02139204222224,102.29086638515213,0.0,5.749511833283905,129.2704419887754,0.0,5.749511833283905,12.628789148012991,396.84645901510265,159.93032764571515,17.24509569811431,191.97069905299028,79.7761074120612,0.0,10.902924932081056,0.0,1047.5000000000002,413.4566933921841,150.50259397083985,14.383611552215466,87.28083989289763,42.27359769846866,9.799819461700956,76.28185073728662,38.11294267322769,0.0,143.88445383287566,28.343953514440262,0.0,4.225514247301457,403.56459841199245,116.46388259132037,23.23255378286419,-35.34325940049267,-19.58521058309973,-2.7549313526928647,5.9190745250290755,0.0,0.5420560747663551,174,38,66,0,3,3,2,3,5,34,35,67,74,0,3,3,8,-10.211329999999883,609.939200000002,5,0,0,0,0,5,3,1,5,5,28,23,0,0,0,4,24,4,0,0,2,3,1,0,0,0,0,23,0,0,0,0,0,0,2,0,1,0,0,0,0,0,0,1,0,0,0,2,0,0,0,0,0,0,0,0,0,0,0,0,0,0,0,0,1,1,1,0,0,0,0,3,0,0,0,0,0,0,0,0,0,0,0,0,0,False
15.897569607006263,15.897569607006263,0.035500174322079525,-2.21841471458813,0.007309406001193619,15.729613733905579,3330.9429999999884,3108.174999999995,3328.544257632004,1276,0,0.326047061779644,-0.5079666451554685,0.5079666451554685,0.326047061779644,0.3261802575107296,0.630901287553648,1.0300429184549356,32.167713274983576,9.964709758171551,2.4948896172727464,-2.315918705493346,2.3101042542787726,-2.63017287849981,7.983328745765679,-0.14413594770050814,1.6654415391638557,0.8102138236328881,9078.590210666245,172.37160191632947,132.13809917894548,135.55994672280073,110.4758957508452,76.50334670237376,80.55595146667582,58.37159170779542,61.07308557044261,38.22943835684222,40.24763620190124,25.341123555691652,26.816383800734023,-22.42999999999997,1.369845715234645e+83,191.8265518029896,96.37066379430658,62.672139994213474,1363.1430489939307,232.17600519018447,162.83737339113085,11.91910913748767,153.58667296313916,0.0,23.877221151807397,149.860145549666,9.77851570501903,48.78134819480822,0.0,158.87259231583676,236.8929076912849,127.16105525148282,56.140368507548516,184.6883346808804,270.8731262434855,10.818567211583044,173.37309464375738,46.60629409329431,419.4459377086939,68.30886038217318,192.0195882522441,0.0,5.749511833283905,166.48796221681962,0.0,5.749511833283905,48.78134819480822,503.7015202914118,182.36104525971083,34.49019139622862,239.09455826197987,158.50840279891065,0.0,32.70877479624317,0.0,1229.8199999999997,445.53269709189885,146.3320372083058,38.356297472574575,139.18472782565502,85.54135073025296,20.771211599071872,104.57505386376788,157.85016974519314,6.255769183511404,193.73076320893287,33.75323712023179,0.0,11.27831682233397,450.92581174071154,169.42097471022095,27.116274551951758,-38.81011338618042,-11.621347357032338,1.2152312013974953,17.58596282770809,0.0,0.5328947368421053,233,49,77,0,1,1,5,4,9,43,47,81,101,0,1,1,10,-5.718459999999947,865.8291000000044,4,3,3,0,0,5,4,1,4,4,30,26,0,0,0,2,33,4,0,0,1,4,2,0,0,0,0,26,0,0,0,0,0,0,5,0,3,0,0,0,0,0,0,2,0,0,0,1,0,0,0,0,0,0,0,0,0,0,0,0,0,0,0,0,3,1,1,0,0,0,0,0,0,0,0,2,0,0,0,0,0,0,0,1,0,False
15.983769890742405,15.983769890742405,0.001576161866384762,-2.3492909260478108,0.007283498014359581,15.640750670241287,5230.838999999988,4897.191000000001,5227.362577132007,2016,0,0.3265586060568593,-0.5079666451556014,0.5079666451556014,0.3265586060568593,0.21447721179624665,0.4343163538873995,0.7265415549597856,32.16641708777043,9.96775219149288,2.606179045301829,-2.312791455385246,2.432983096787411,-2.6227278279332484,7.98130127231289,-0.1436859449748598,1.6697742741075818,0.4858358844743835,16297.011041081249,273.92503527099785,207.5971494549284,209.30807322685604,177.1566072351207,121.60067599525922,123.62697837741025,93.10782958301132,94.45857651433492,62.081038274972045,63.09013719750155,41.7362274883027,42.455104359354024,-40.03000000000005,7.14147141058645e+145,297.89471036572803,147.83092099592713,95.88561319607129,2150.312882999736,364.2473883633294,270.1288633364739,5.959554568743835,265.82308782081765,0.0,35.81583172771109,245.13614280938285,9.77851570501903,24.39067409740411,0.0,307.8948824838313,353.57873068156397,205.0028175257608,76.21574407766462,326.2258347051145,364.69792301092,5.409283605791522,241.65758874952786,81.37677609426584,620.3023345583897,76.85066072601917,412.95476074797114,0.0,34.49707099970343,247.90730676953788,0.0,34.49707099970343,24.39067409740411,753.5507945116979,327.99207748570126,40.91671988275988,361.5093998018966,340.4994148527588,0.0,32.70877479624317,0.0,1969.1699999999983,802.7847712960348,215.9514794714624,110.27435523365196,231.47184402295076,38.4962043392531,50.615596348478775,266.25895773752626,132.98828434642064,24.26546827384644,239.58664870498944,51.27862342308901,0.0,5.066619496338857,766.9090496987657,273.63846078168564,52.21050595588382,-72.0417707308377,-0.2972373480746917,-15.809868701263722,12.879796403057558,0.0,0.46586345381526106,373,75,122,0,3,3,12,4,16,67,68,124,155,0,3,3,19,-9.87373000000021,1344.6821000000073,6,4,4,0,0,5,4,6,6,6,51,45,0,0,0,4,43,8,0,0,3,4,1,0,0,0,0,45,0,0,0,0,0,0,12,0,3,0,0,0,0,0,0,1,0,0,0,1,0,0,0,0,0,0,0,0,0,0,0,0,0,0,0,0,3,6,6,0,0,0,0,5,0,0,0,1,0,0,0,0,0,0,0,1,0,False
15.55184671920871,15.55184671920871,0.020964388054015792,-2.3152700781429454,0.012430724373941254,16.15,4807.499999999988,4478.891999999997,4804.345804872006,1868,0,0.326047064275643,-0.5079666451556014,0.5079666451556014,0.326047064275643,0.22647058823529412,0.4676470588235294,0.8,32.16641460431449,9.953804972367111,2.5840076758329067,-2.319444674148585,2.3962933762670415,-2.6248361651025673,7.98126338556705,-0.14293972353152884,1.6645019507936967,0.6061390364582051,13404.02159269863,251.8213162221715,192.4661257529844,194.17704952491204,161.35382493338446,112.65429242464032,114.68059480679135,85.21052071385608,86.56126764517973,57.212481690039745,58.22158061256922,37.27610374384662,38.004618049722716,-33.63999999999994,2.0713556507874302e+131,281.8508589426958,143.90446887395507,94.17543713824196,1969.2230768391437,349.46723392585665,252.29566984489404,0.0,259.9159080914661,0.0,23.877221151807397,225.34324765137583,14.76249422596624,24.39067409740411,0.0,231.81021451968172,359.6552039045264,138.35125956944296,101.5125653006897,301.62916836321756,319.0867282727589,0.0,236.34080014552157,93.02834961758941,635.4106861220916,109.63656831418243,257.50183228133085,0.0,28.747559166419524,248.32418564269375,0.0,28.747559166419524,24.39067409740411,740.2346207778844,287.9251794417817,41.42534232312975,392.261390051962,207.169815849755,0.0,10.902924932081056,0.0,1864.7399999999982,728.804744933744,234.5056477862119,67.12352057700551,261.988721452802,52.41919576764706,18.747384130231726,208.75290264314572,109.3192331975003,13.847474399381248,234.2698601009831,51.603007294459665,0.0,5.469655765415942,713.5062892416274,238.6525671437519,55.32866483925073,-63.565349345529796,-25.867933607217644,-5.507040007185312,16.53870152544176,0.0,0.5585585585585585,340,72,116,0,3,3,7,3,10,67,64,118,152,0,3,3,13,-14.169600000000326,1226.4868000000065,4,5,5,0,0,5,3,5,4,4,48,44,0,0,0,5,40,9,0,0,3,3,1,0,0,0,0,44,0,0,0,0,0,0,7,0,1,0,0,0,0,0,0,0,0,0,0,2,0,0,0,0,0,0,0,0,0,0,0,0,0,0,0,0,1,5,5,0,0,0,0,4,0,0,0,1,0,0,0,0,0,0,0,4,0,False
15.234782388513699,15.234782388513699,0.014576086966123558,-1.878190387563549,0.009604531539639811,16.014084507042252,1995.3060000000016,1863.2579999999991,1993.973355211999,770,0,0.3259158461091134,-0.5079666451556014,0.5079666451556014,0.3259158461091134,0.4859154929577465,0.9366197183098591,1.4647887323943662,32.16637220161175,10.016170486302741,2.434279402772907,-2.309642142487677,2.2514274571476203,-2.6221472992574375,7.981077694422649,-0.1492041051656371,1.6620505731574067,0.947148585568196,5108.325920752844,103.48667296502877,78.94931530684717,79.7658118877749,67.92941991090275,46.71504455017046,48.10889140028782,34.513268649396494,35.49886720904999,23.65617197576204,24.300122526621415,16.099480087717822,16.570884608508855,-14.849999999999998,2.6949529241158584e+43,112.43707010596253,57.637021529499734,36.41684714636749,822.2077226258018,148.6140525288641,84.29344261220737,11.91910913748767,94.51487566962412,0.0,5.969305287951849,87.53116215673222,9.77851570501903,11.761884949391115,0.0,90.99550602692418,149.40070466607236,88.00056743651359,43.863450062847335,101.93324170858384,135.06809997653582,10.818567211583044,104.50358408463757,28.668337385810926,219.60908603110457,64.42879959615914,155.86334841193616,0.0,5.749511833283905,108.42016644590592,0.0,5.749511833283905,11.761884949391115,312.6996922909479,113.61124024385107,10.818567211583044,124.76297388229123,127.91561445029973,0.0,10.902924932081056,0.0,780.3099999999998,216.82986829847755,87.54963015636835,14.383611552215466,165.03359762292808,45.998374144721055,4.899909730850478,60.37516380015627,97.38175171358705,0.0,94.70376462293662,39.48690459739397,0.0,1.301593412854991,252.8993035257567,96.63275392737961,31.12281690835066,-16.49016976813909,8.851877505586613,4.22085148699241,-1.2056936654485932,0.0,0.4838709677419355,142,33,48,0,2,2,4,2,6,26,28,49,59,0,2,2,8,-5.883759999999954,520.1365000000008,1,2,2,0,0,3,2,1,1,1,17,16,0,0,0,3,19,5,0,0,2,2,0,0,0,0,0,16,0,0,0,0,0,0,4,0,1,0,0,0,0,0,0,2,0,0,0,1,0,0,0,0,0,0,0,0,0,0,0,0,0,0,0,0,1,1,1,0,0,0,0,1,0,0,0,1,0,0,0,0,0,0,0,1,0,False
15.462307831611575,15.462307831611575,0.002874908529845177,-2.162244512050413,0.007283335468144161,16.58273381294964,3975.5819999999853,3712.4939999999924,3972.8208263520064,1528,0,0.32604849812873166,-0.48122926245045566,0.48122926245045566,0.32604849812873166,0.2841726618705036,0.5863309352517986,0.9748201438848921,32.16891686945838,9.962663848127818,2.5463612885535842,-2.3265094346318054,2.349952924250978,-2.621805472043609,7.985526752390883,-0.14429898643253594,1.6540486230912421,0.6237817924268511,10879.952838315474,205.63002150353478,156.90603305046025,160.24994998424336,131.9550976765301,91.07898949939265,95.89298558177839,69.3933716530394,72.71531570367004,46.23571382059136,48.53271384483957,30.863822292603235,32.53514564006137,-26.439999999999937,1.0073255482537536e+104,229.0909532801487,114.8802298443649,72.06116994367355,1616.9566735834696,289.2802072505422,193.33890653273468,5.959554568743835,206.75129052730264,0.0,23.877221151807397,187.6016966005209,14.76249422596624,47.91444399618634,0.0,160.58733257829476,255.37988461433306,140.57062324518773,101.13390084112577,243.15875152204893,317.2112850402834,5.409283605791522,214.408025563378,58.25786761661789,494.2219124211377,114.08167023556143,180.40876012792674,0.0,0.0,193.48878411000712,0.0,0.0,47.91444399618634,668.0177968032248,225.5118799163573,34.99881383659849,277.7499645026873,146.76709817144183,0.0,32.70877479624317,0.0,1529.5899999999992,574.9677850114373,204.80245404947433,38.356297472574575,195.7045373441818,50.480477453876105,53.23584094224499,74.24321852145981,176.81950469013194,17.449522740929552,207.02029691483324,34.077620991602444,0.0,7.856961379526914,583.6582218285611,201.7044298678747,33.528192423095845,-50.175024452786104,-27.598281856765283,2.172428364949942,11.075294667765087,0.0,0.5706214689265536,278,58,97,0,3,3,4,5,9,55,54,101,121,0,3,3,12,-13.377230000000141,1010.5807000000046,4,7,7,0,0,7,5,0,4,4,39,35,0,0,0,5,37,5,0,0,3,5,1,0,0,0,0,35,0,0,0,0,0,0,4,0,3,0,0,0,0,0,0,1,0,0,0,2,0,0,0,0,0,0,0,0,0,0,0,0,0,0,0,0,3,0,0,0,0,0,0,2,0,0,0,3,0,0,0,0,0,0,0,1,0,False
15.527223147239583,15.527223147239583,0.0010532290983815695,-2.5599740760192145,0.007283328623499659,15.449561403508772,6572.45599999999,6158.168000000019,6567.758997092005,2504,0,0.32604706302873215,-0.5079666451556014,0.5079666451556014,0.32604706302873215,0.17763157894736842,0.37280701754385964,0.6535087719298246,32.17068781096939,9.96671592891683,2.6699130619191123,-2.3078303934640783,2.4634681285284867,-2.6303864272165254,7.988725068166845,-0.14508065352543897,1.6711529177581914,0.5593512585686804,18872.05646381901,339.62224796802997,253.5759820788106,261.31410435752116,215.6450361689992,145.60734762173087,154.3450126823688,109.19780660563967,114.96594270260421,71.37776212799025,75.77930618977837,46.4623579123268,49.63352492091617,-45.560000000000144,5.585769928562145e+181,383.74829071073293,197.26154484700598,134.7175732418069,2658.528034914918,471.6235358537577,331.7165876114099,17.878663706231507,348.523604031739,0.0,65.66235816747033,347.0509165183306,14.76249422596624,110.19148553762943,0.0,257.64920567368057,387.0268711419209,191.5519553119494,132.80376271398168,422.42856859731995,564.0619613072325,16.227850817374566,337.4438524117384,86.92620500242882,777.2119510905288,148.91533077700572,311.72669682387215,0.0,11.49902366656781,355.0768365959759,0.0,11.49902366656781,110.19148553762943,1045.9619505316095,399.82581911428787,45.81738104818153,430.4318652350534,255.83122890059923,0.0,21.805849864162113,0.0,2639.6600000000026,1034.4246688955925,336.12689928402705,86.30166931329282,250.2073941107587,49.62310732264709,86.99874669555015,226.4076592958266,141.99879129727427,21.267154416025324,369.5208242740771,73.56452558899642,0.0,26.097983650415134,1024.4089101973868,334.75619869911395,60.87164913616008,-104.15367662114473,-48.35181717579427,-18.420806494254226,15.902669719227836,0.0,0.5371024734982333,456,100,164,0,2,2,8,4,12,93,95,173,209,0,2,2,14,-24.991390000000045,1652.4537000000078,11,4,4,0,0,6,4,2,11,11,70,59,0,0,0,4,63,10,0,0,2,4,5,0,0,0,0,59,0,0,0,0,0,0,8,0,2,0,0,0,0,0,0,3,0,0,0,2,0,0,0,0,0,0,0,0,0,0,0,0,0,0,0,0,2,2,2,0,0,0,0,4,0,0,0,4,0,0,0,0,0,0,0,2,0,False
15.15264578461846,15.15264578461846,0.010007247022866483,-2.1571680160220277,0.008445925328528503,15.38265306122449,2819.167999999996,2637.7279999999973,2817.2533717000015,1082,0,0.32624155824510703,-0.48122926245045566,0.48122926245045566,0.32624155824510703,0.3826530612244898,0.7602040816326531,1.1938775510204083,32.166432437575295,9.975495374696486,2.463036688683227,-2.295396910981759,2.2543370594011543,-2.626208280511769,7.981158656764263,-0.1435320664232926,1.6677678298089769,1.3554484018847008,6948.3580134487265,147.01680601194676,109.1826453254993,111.78799628842685,92.28136130754457,62.37757341431489,65.03633132849959,46.96936050125165,48.68525580424536,30.268490178208367,31.642737472407966,19.686255008255074,20.671879099216216,-20.25999999999997,2.5301926162202945e+67,166.09853811513585,84.56988713002455,59.67706960910237,1138.3380202528408,213.87277006039773,126.87865741210713,11.91910913748767,165.40103242184216,0.0,23.877221151807397,159.44921991780964,9.77851570501903,37.0194632454171,0.0,96.49418136876263,137.85294485509132,99.38233986702058,62.939854590038436,178.95782686450195,249.11975088863534,10.818567211583044,147.45477178984405,63.62305795578166,348.51408117675265,56.23811203331464,90.13914181238765,0.0,0.0,173.47226631344938,0.0,0.0,37.0194632454171,441.8444216413513,172.68765475907645,28.572285350067226,207.04798265721374,73.31831083414518,0.0,10.902924932081056,0.0,1239.6799999999996,479.38600542459875,154.9851409441428,23.97268592035911,93.92898134059945,16.46637642377805,25.01294222384628,69.25401394668556,43.51134172551008,13.847474399381248,167.81244035501953,56.687907028880524,0.0,9.520996822801745,452.2756297532827,123.2343293345188,45.62963252565239,-43.06769106595401,-24.664564887173366,-8.6175070915655,9.63361905288179,0.0,0.5677966101694916,196,49,75,0,1,1,2,2,4,40,43,78,91,0,1,1,5,-14.100159999999988,703.8128000000033,4,1,1,0,0,3,2,0,4,4,32,28,0,0,0,2,28,8,0,0,1,2,2,0,0,0,0,28,0,0,0,0,0,0,2,0,1,0,0,0,0,0,0,2,0,0,0,1,0,0,0,0,0,0,0,0,0,0,0,0,0,0,0,0,1,0,0,0,0,0,0,5,0,0,0,1,0,0,0,0,0,0,0,0,0,False
15.653268843060664,15.653268843060664,0.007288614669388238,-2.2629043424779294,0.007283328624220586,15.763855421686747,5952.068999999986,5545.8450000000075,5947.853962436007,2288,0,0.32569547897097245,-0.5079666451556014,0.5079666451556014,0.32569547897097245,0.19759036144578312,0.41204819277108434,0.7156626506024096,32.17160296852097,9.959343589129814,2.6385535844920267,-2.342869510639073,2.443647667913943,-2.6276663762374217,7.99054032254057,-0.1484761199450437,1.642131535483999,0.5360423639533654,16462.87509842846,306.6192126586071,235.1231446640634,240.99448195070187,197.60821510454812,136.95174498551137,145.18589030016565,102.10191418480024,107.7602037264079,68.04989503133677,71.99994452897386,44.376525768632135,47.24776794275741,-38.86000000000003,2.3231279550147586e+166,347.772557480112,183.36938536318155,120.95426357367542,2427.402135520111,430.1020529837386,295.173213640658,11.91910913748767,313.08052565562986,0.0,17.90791586385555,274.5181123355335,29.714429788807863,84.06700304298155,0.0,211.1874639429102,456.1643354946297,169.36333507992808,150.54188753836732,324.66588365127006,437.877478632036,10.818567211583044,330.0461345192807,104.31144600291458,734.2300893681413,196.14769511152485,288.39355450792726,0.0,17.248535499851716,329.32665132225605,0.0,17.248535499851716,84.06700304298155,954.8210253924192,339.1231201602083,46.3260034885514,435.3809150826756,226.54320558350304,0.0,10.902924932081056,0.0,2296.7699999999995,822.489235707804,190.41884249725885,134.2470411540111,389.6086155128253,51.56182563641805,33.38535134163317,230.9309232488263,170.870988845467,0.0,340.6039836227553,79.62257693752927,0.0,14.978857925629015,861.0029924827145,256.46647770325166,72.87593709747283,-69.84473580618864,-40.983241592397675,9.94166574790114,13.506490886061636,0.0,0.5795454545454546,415,92,144,0,3,3,6,6,12,85,82,151,194,0,3,3,15,-20.046760000000187,1527.303500000008,3,5,5,0,0,11,6,3,3,3,56,53,0,0,0,8,57,12,0,0,3,6,2,0,0,0,0,53,0,0,0,0,0,0,6,0,1,0,0,0,0,0,0,2,0,0,0,5,0,0,0,0,0,0,0,0,0,0,0,0,0,0,0,0,1,3,3,0,0,0,0,3,0,0,0,5,0,0,0,0,0,0,0,6,0,False
15.712703224823166,15.712703224823166,0.0075917857306671,-2.2805046344557454,0.00728332862351307,14.906458797327394,6400.354999999996,5969.939000000019,6396.026425884005,2472,0,0.3260470733847201,-0.5079666451556014,0.5079666451556014,0.3260470733847201,0.15812917594654788,0.32516703786191536,0.5523385300668151,32.16904031415935,9.957592177514487,2.656413279317234,-2.302420140910871,2.453284338552281,-2.6272125048076007,7.9860717599082465,-0.14247114969774524,1.6660216604667053,0.6818586055079372,18235.376708593107,335.19152654771176,253.7625740849394,258.00091820972244,212.12386811894405,145.88598383140803,151.33243544582749,110.72020806112553,114.40730048342631,71.06772056061585,73.72986895653425,45.587629422351505,47.516062554894724,-45.050000000000125,1.6151319961640112e+177,380.92405150647335,197.62737660625882,138.8844991552985,2608.2757581739197,459.8492458636482,319.34057695724994,5.959554568743835,372.1523229491451,0.0,29.846526439759245,326.6432749386039,19.746472746913447,60.543233144199334,0.0,333.66185384797706,389.52395325808146,194.99883854231174,112.90696301055154,392.4133846498135,479.40456203392887,5.409283605791522,316.6776456589657,150.9177400962089,832.7329599158589,106.62075991328238,323.7479448934851,0.0,17.248535499851716,373.5284756469301,0.0,17.248535499851716,60.543233144199334,936.1936847125326,396.6575663690702,64.58834406740544,503.3515029197496,262.1585489753638,0.0,10.902924932081056,0.0,2603.340000000003,1063.0447238254992,258.16634349580215,134.2470411540111,198.048776501424,57.125277128115044,75.40967585907094,256.52366166320235,143.5241294446825,0.0,341.93522395499167,97.14796324038649,0.0,12.08006850288908,1005.6590168900085,274.30243954984314,93.96396793255873,-97.16166534047865,-42.64265561194311,-19.523042310797123,26.932981499029875,0.0,0.5524475524475524,449,103,158,0,0,0,8,4,12,89,89,163,214,0,0,0,12,-23.224929999999986,1626.4944000000073,5,5,5,0,0,7,4,3,5,5,68,63,0,0,0,3,58,16,0,0,0,4,2,0,0,0,0,63,0,0,0,0,0,0,8,0,1,0,0,0,0,0,0,1,0,0,0,3,0,0,0,0,0,0,0,0,0,0,0,0,0,0,0,0,1,3,3,0,0,0,0,11,0,0,0,3,0,0,0,0,0,0,0,3,0,False
15.429232345830643,15.429232345830643,0.0016368597318485723,-2.248621259844395,0.007283391986319252,15.618055555555555,4116.8039999999855,3838.595999999993,4113.958657212006,1586,0,0.32569547215355127,-0.5079666451556014,0.5079666451556014,0.32569547215355127,0.2673611111111111,0.5451388888888888,0.9340277777777778,32.16772209235669,9.95688525548284,2.5357617547122913,-2.3212316391863737,2.3417455831944483,-2.616812763857759,7.983427755605672,-0.14333512789063252,1.6770927596716247,0.73866105674712,11021.425541133398,213.70952548383767,162.4527169801391,165.87456452399437,136.69147978174854,94.43841591106867,98.49102067537073,70.68749337187752,73.38898723452482,46.992750515340205,49.0109483603992,30.562868466874587,32.01989707862676,-27.91999999999993,2.6780649427934172e+107,241.10815248182044,124.64358608328547,81.99906050449952,1678.7362669463537,304.3386015734266,204.8379301993025,5.959554568743835,236.28718917406013,0.0,11.938610575903699,201.9853081527364,9.77851570501903,48.78134819480822,0.0,159.22704687030114,300.11264256151094,129.32375161656674,76.78046887881548,237.11625349490163,324.77255237767804,5.409283605791522,210.50654608170493,86.74196643342961,506.6914349838157,120.79116274667449,185.822744680631,0.0,11.49902366656781,243.84115478499913,0.0,11.49902366656781,48.78134819480822,639.8386897366402,239.89549146857277,29.080907790437095,302.29694333771056,152.3115592272976,0.0,21.805849864162113,0.0,1644.3799999999987,593.7425004516251,198.759956022327,38.356297472574575,213.45278847409614,76.28769872856671,23.050876736156123,119.79397321623196,131.46294619901244,5.316788604006331,220.64751631202364,68.47962585457556,0.0,10.943452942155929,612.6555522336807,166.06060582515877,66.02607116621074,-52.15017639785678,-22.31012929678868,0.8367361695653994,9.04899846898481,0.0,0.5628415300546448,288,67,101,0,2,2,5,3,8,58,58,105,132,0,2,2,10,-15.956230000000245,1053.9816000000058,2,3,3,0,0,4,3,2,2,2,42,40,0,0,0,3,38,11,0,0,2,3,2,0,0,0,0,40,0,0,0,0,0,0,5,0,2,0,0,0,0,0,0,1,0,0,0,1,0,0,0,0,0,0,0,0,0,0,0,0,0,0,0,0,2,2,2,0,0,0,0,5,0,0,0,2,0,0,0,0,0,0,0,4,0,False
15.709736957614934,15.709736957614934,0.004528674926657317,-2.2315900011659586,0.007283328662770272,14.490099009900991,5765.755999999994,5381.708000000014,5761.736230252006,2214,0,0.32569546738400373,-0.5079666451556014,0.5079666451556014,0.32569546738400373,0.16584158415841585,0.3465346534653465,0.5915841584158416,32.170315043924234,9.950488998644134,2.602805264961088,-2.3074574896372044,2.422746228298015,-2.62386673740434,7.988230621872137,-0.14243282142700295,1.6715826165891863,0.6055986294439997,16689.51151745398,298.77427767591576,226.86555862933955,231.9203993350503,191.97030402505987,131.36455340133082,138.20485186586774,97.1876268358696,101.8603178178238,64.60013439562866,67.93447766724918,41.61898574150838,43.9275363019251,-41.360000000000056,3.2137782052735984e+159,336.112731630836,176.90131034851737,121.48732843287888,2353.2743119961233,426.66304108152116,264.67168049905405,35.757327412463006,283.5446270088722,0.0,29.846526439759245,281.7716352064841,19.746472746913447,72.30511809359045,0.0,221.95991237183966,415.470978960157,216.9764062187808,100.19579832407618,305.1757447042139,454.1623737509285,32.45570163474913,316.0120254928475,104.12720743391537,664.8691051250938,151.16678805730243,317.94253083132645,0.0,22.99804733313562,345.69389600743085,0.0,22.99804733313562,72.30511809359045,850.0557899381439,324.73950860799283,62.04523186555609,402.0100228082135,256.3531349132051,0.0,32.70877479624317,0.0,2335.3099999999995,831.5546276841765,170.9287035502027,134.2470411540111,297.67961029871435,67.80422400888317,18.685622149081738,237.70360362344312,162.04310926826855,0.0,341.26960378887344,106.99337883785756,0.0,13.328125577073353,807.059425234546,282.29606386247366,79.10584559390249,-72.44904577314315,-22.975148849480043,-1.6480668350096925,12.560578967415232,0.0,0.5234375,404,99,142,0,0,0,8,6,14,77,88,148,190,0,0,0,14,-16.72848000000026,1491.466300000008,5,1,1,0,0,9,6,4,5,5,53,48,0,0,0,3,63,13,0,0,0,6,2,0,0,0,0,48,0,0,0,0,0,0,8,0,3,0,0,0,0,0,0,6,0,0,0,3,0,0,0,0,0,0,0,0,0,0,0,0,0,0,0,0,3,4,4,0,0,0,0,3,0,0,0,4,0,0,0,0,0,0,0,3,0,False
14.590858501833214,14.590858501833214,0.019076547002533806,-1.7619759893897557,0.02601375213933691,14.891089108910892,1474.8829999999996,1367.0269999999994,1473.7182353439996,564,0,0.32572771595606675,-0.5079666451556014,0.5079666451556014,0.32572771595606675,0.45544554455445546,0.8613861386138614,1.3267326732673268,32.16642485775907,9.982298525975246,2.3833730234771457,-2.296897901694042,2.1637102262831593,-2.619985418582376,7.98107698295633,-0.14237529259134718,0.8524927188444897,2.3731631525595467,2956.833350698092,76.37864649397638,59.34812470088199,61.95347566380954,47.473996194871226,33.58500383985162,36.24376175403633,26.362144493125253,28.078039796118958,15.886802241467036,17.28929386050947,10.067036843314389,10.961373841357986,-8.21,1.1275269852602475e+24,88.87484221697423,45.61494080963742,32.119220069712824,605.4613521688827,91.21552046924396,72.20976095391146,0.0,76.79333648156958,0.0,5.969305287951849,62.32898339293368,4.794537184071822,37.0194632454171,0.0,111.70194147613748,103.50665466192498,24.3473504593456,19.007418857986547,77.33657536668693,119.78210501493855,0.0,63.80146324807598,46.790532662293515,193.1060349300899,36.603842815576925,65.72420659954848,0.0,5.749511833283905,81.00246567956255,0.0,5.749511833283905,37.0194632454171,202.08162932455525,79.96516382285753,29.589530230806965,118.88920471785627,54.59730361615449,0.0,0.0,0.0,501.85999999999973,197.65478753952786,77.33657536668693,0.0,56.06913600673471,29.7213998359928,0.0,36.027353223237554,105.82497652272566,0.0,89.05904154410197,17.201002431486554,0.0,9.77482098802371,191.2716779397387,50.6511968076485,18.388433859226343,-15.343778536343802,-1.6569162121244934,1.7661000372104714,15.926242894398344,0.0,0.6119402985074627,101,20,31,0,0,0,2,0,2,20,19,34,46,0,0,0,2,-1.6745000000000172,388.04420000000084,1,0,0,0,0,0,0,1,1,1,14,13,0,0,0,0,12,3,0,0,0,0,2,0,0,0,0,13,0,0,0,0,0,0,2,0,0,0,0,0,0,0,0,0,0,0,0,0,0,0,0,0,0,0,0,0,0,0,0,0,0,0,0,0,0,1,1,0,0,0,0,1,0,0,0,1,0,0,0,0,0,0,0,1,0,False
15.975108891950988,15.975108891950988,0.002245576581336506,-2.1753951116698627,0.007283328643795599,16.452115812917594,6442.590999999986,6002.095000000014,6438.115155864007,2482,0,0.3263125238666473,-0.5079666451556014,0.5079666451556014,0.3263125238666473,0.18262806236080179,0.3830734966592428,0.6503340757238307,32.1704436262356,9.954863884170553,2.6750846259671,-2.312688473528535,2.478186165849248,-2.6294031415377157,7.988489841668652,-0.14719666681371268,1.6669379524388759,0.5414129363658227,17991.055444109657,332.84838079720413,254.28801305673068,260.2372809534413,213.09143902303725,148.0696895085783,155.54244350514884,111.45652654256051,116.49436589618486,74.36530113971304,78.03654845816094,49.061299710133724,51.718247148553026,-42.55000000000008,5.265169630220173e+178,376.17473270586015,194.1655862174478,127.50156353727533,2621.3798972065388,482.84941660547054,331.4242586155459,29.797772843719173,336.70924457303596,0.0,23.877221151807397,314.7186490732672,24.730451267860655,84.93390724160344,0.0,182.57036886306014,489.9833604353964,212.19813924240623,124.99033663876487,358.85162436131066,497.1239956743284,27.04641802895761,361.86279735322194,115.96301952623816,836.3841576441703,189.89192592801345,234.41065253584762,0.0,17.248535499851716,366.96105042345613,0.0,17.248535499851716,84.93390724160344,1048.5259414827171,350.25416283471543,68.47176035208736,496.76423575537456,183.81768309796882,0.0,21.805849864162113,0.0,2582.680000000002,943.5503231709353,215.01550883915573,143.83611552215476,400.852911559041,46.755701007623706,77.14567769571117,207.8730939718186,122.02017367957286,0.0,380.1495258738589,101.58409523206603,0.0,17.460578794928004,934.6080241351192,319.50371987279266,77.55850302359205,-81.50991736076139,-64.63106429521756,-0.16188302862265624,20.005372191502985,0.0,0.6014234875444839,449,105,161,0,5,5,5,6,11,91,95,168,205,0,5,5,16,-24.38735000000001,1645.1178000000086,4,6,6,0,0,10,6,3,4,4,61,57,0,0,0,8,66,13,0,0,4,6,3,0,0,0,0,57,0,0,0,0,0,0,5,0,2,0,0,0,0,0,0,5,0,0,0,4,0,0,0,0,0,0,0,0,0,0,0,0,0,0,0,0,2,3,3,0,0,0,0,4,0,0,0,4,0,0,0,0,0,0,0,4,0,False
14.789184725158146,14.789184725158146,0.030220808677111632,-2.0654713953872923,0.012461342324146018,15.62566844919786,2713.116999999996,2525.6289999999967,2711.2717071320008,1050,0,0.32812224889593977,-0.4811762161978392,0.4811762161978392,0.32812224889593977,0.3582887700534759,0.7005347593582888,1.1229946524064172,32.167650459458315,9.962961268111552,2.463698859212051,-2.308324153844402,2.2403053103352737,-2.6115345882750023,7.983209692913736,-0.14628521391302424,1.6798665849920036,2.416742826462034,5884.987082847706,141.5945207600659,106.33948389222846,108.86690424508384,87.96192138674998,60.615549267867216,64.0356985001356,45.41484467218169,47.75119016315879,28.77743479649045,30.43048426987932,18.37793860563406,19.57785743230119,-17.129999999999992,5.887590793755113e+62,165.9166822168336,87.75494490240416,63.61894470578,1091.9179412975996,207.75706024870107,126.87865741210713,5.959554568743835,147.67949323378767,0.0,35.81583172771109,149.24539912794629,4.794537184071822,36.152559046795226,0.0,92.14255456275906,189.4672108407941,25.263188041497948,76.91188813670296,189.48287186495222,225.60743857703778,5.409283605791522,132.50283622700246,58.07362904761868,362.3615555761339,88.7350323990767,35.89528683400505,0.0,0.0,162.004931359125,0.0,0.0,36.152559046795226,462.9665054478992,155.0514743291526,29.080907790437095,222.47972081590157,30.33183534230805,0.0,0.0,0.0,1162.94,422.66990287044536,189.48287186495222,0.0,159.80427845572464,5.563451491696996,18.747384130231726,58.14245589723535,63.61458530840273,5.316788604006331,134.91492704015863,39.81128846876463,0.0,6.75622916310318,423.3561122442687,142.9478274941663,34.35915814205333,-41.11931964538544,-29.47042059373485,-5.200832147268084,10.26013423168573,0.0,0.6637168141592921,187,45,71,0,1,1,1,0,1,41,40,74,93,0,1,1,2,-13.191029999999978,673.9553000000028,6,2,2,0,0,0,0,0,6,6,31,25,0,0,0,1,25,6,0,0,1,0,1,0,0,0,0,25,0,0,0,0,0,0,1,0,0,0,0,0,0,0,0,1,0,0,0,0,0,0,0,0,0,0,0,0,0,0,0,0,0,0,0,0,0,0,0,0,0,0,0,1,0,0,0,2,0,0,0,0,0,0,0,3,0,False
15.429834911462041,15.429834911462041,0.004752778230241006,-2.239063653497258,0.009561341272493827,15.486381322957198,3671.1749999999897,3428.246999999995,3668.718744232005,1416,0,0.32812224823821967,-0.48122926245045566,0.48122926245045566,0.32812224823821967,0.2918287937743191,0.5953307392996109,0.9688715953307393,32.1688330408525,9.956882413360699,2.5088896987082716,-2.3037404749619514,2.2969513460331545,-2.6205232286423796,7.985409949918961,-0.1455725629473689,1.6893831988427037,0.969213312091319,9551.338143410418,191.16628436732665,144.38340160498575,146.83289134776894,121.74885911627281,83.04612175853269,87.22766230888475,61.78298671325103,64.7397823922115,40.72014384977082,42.65199550234895,26.277715163406285,27.691928725779395,-25.959999999999948,9.939496548397476e+92,215.77146514605744,112.14306520861861,77.0450609012877,1489.08719685849,276.37782951485855,169.17154321614285,11.91910913748767,200.84411079795115,0.0,23.877221151807397,188.2164430222406,19.746472746913447,35.285654848173344,0.0,133.24683833399672,219.92998084722865,119.53278466553121,99.8792594231126,223.044632153455,282.8290208675006,10.818567211583044,204.6082061016771,63.62305795578166,462.1249807513259,88.50817073527588,162.47061192884485,0.0,0.0,210.68978654149365,0.0,0.0,35.285654848173344,593.2099071795169,220.71734273228546,28.572285350067226,269.95087265261884,128.6984734692085,0.0,10.902924932081056,0.0,1544.3599999999992,577.2727203771115,165.51018594459308,57.53444620886186,156.83169477232624,27.59327940717204,42.27115402901396,107.49163653274597,107.12592703391283,0.0,199.70829637082662,56.687907028880524,0.0,3.473434346700246,565.6434145720915,173.8284871363634,47.07820930479164,-49.243448290771795,-29.314068823920383,-3.029993302469728,9.397298390548508,0.0,0.5660377358490566,257,61,95,0,1,1,3,4,7,52,53,98,121,0,1,1,8,-15.856660000000142,925.586500000005,4,4,4,0,0,7,4,0,4,4,38,34,0,0,0,4,37,8,0,0,1,4,0,0,0,0,0,34,0,0,0,0,0,0,3,0,1,0,0,0,0,0,0,2,0,0,0,3,0,0,0,0,0,0,0,0,0,0,0,0,0,0,0,0,1,0,0,0,0,0,0,4,0,0,0,3,0,0,0,0,0,0,0,1,0,False
15.515863285488672,15.515863285488672,0.008959828196799968,-2.298969255802848,0.0072842208028622785,15.602240896358543,5133.706999999981,4803.0830000000005,5130.246320756007,1974,0,0.3260470644262829,-0.5079666451556014,0.5079666451556014,0.3260470644262829,0.21288515406162464,0.4341736694677871,0.7282913165266106,32.16779302554232,9.953528794425004,2.5915017148250388,-2.3104840848183095,2.3725613732340847,-2.6232340760436683,7.983591623165667,-0.14485483278342676,1.6734014924376244,0.8227021559737357,13585.648184698583,266.8378240801167,198.59448948432546,202.9107642191807,168.73151790644317,114.25593094002859,118.94099123636433,85.49317111057324,88.55981334489061,55.460441426532014,57.84378764326114,35.826082339507565,37.530583301520025,-35.639999999999965,2.4856027389981063e+138,304.03716950440804,158.27019682944984,110.79060911958344,2070.2601427281934,391.37075913041036,259.2144976616341,11.91910913748767,277.6374472795207,0.0,53.723747591566635,274.5181123355335,19.746472746913447,61.41013734282121,0.0,167.00815420122075,288.08649341307904,139.077976633842,139.40316020359367,355.30504802031436,404.6904413513965,10.818567211583044,273.64238916366253,75.45887004810444,632.3860162166858,133.21302387653452,186.10268812277516,0.0,11.49902366656781,279.80803839357577,0.0,11.49902366656781,61.41013734282121,862.869265396749,313.4398336685043,40.40809744239001,366.91457359557353,146.76709817144183,0.0,0.0,0.0,2177.529999999999,876.1444739138768,292.6640744166117,57.53444620886186,205.0754405819289,5.563451491696996,66.22753509647829,156.26294576481948,60.12032863362816,0.0,301.72893714600053,61.794434423721235,0.0,14.836454549258988,812.166520206209,294.2274120961758,46.26379109950552,-80.13209272129461,-53.888337740947925,-13.302281407976992,7.828533919069828,0.0,0.5806451612903226,357,82,135,0,2,2,4,3,7,77,77,140,169,0,2,2,9,-25.017460000000373,1270.1401000000067,9,6,6,0,0,6,3,2,9,9,56,47,0,0,0,5,49,8,0,0,2,3,3,0,0,0,0,47,0,0,0,0,0,0,4,0,0,0,0,0,0,0,0,2,0,0,0,3,0,0,0,0,0,0,0,0,0,0,0,0,0,0,0,0,0,2,2,0,0,0,0,3,0,0,0,2,0,0,0,0,0,0,0,2,0,False
15.251895709852462,15.251895709852462,0.005984240019520692,-2.2682132797708254,0.007283391909653392,15.756457564575646,3828.204999999985,3578.2209999999936,3825.7957911760063,1486,0,0.3261099715991705,-0.48122926245045566,0.48122926245045566,0.3261099715991705,0.25830258302583026,0.5202952029520295,0.8671586715867159,32.11688406220942,9.951357115485006,2.530233675292582,-2.3088566673373627,2.3140954011176973,-2.6310513978254364,7.7987394300697055,-0.14312428360345525,1.6545031509077865,0.8320860462736949,10477.604874022232,202.11135993447664,151.95704590553987,152.85147309653976,127.966980926834,87.3824343314912,88.01488986352487,66.26465242753014,66.62980079920025,43.94160994761451,44.306758319284626,27.860543800195572,28.117653585280625,-28.829999999999934,9.095604998909453e+100,225.05903450198784,112.8043855682385,75.60233359648782,1558.513914615741,286.1740054313841,181.25522487443877,5.959554568743835,218.56564998600564,0.0,29.846526439759245,201.9853081527364,19.746472746913447,12.628789148012991,0.0,231.81021451968178,134.95956274116867,125.16170348929143,119.32778463347753,252.43583567942372,277.9034450746028,5.409283605791522,209.92499470568342,81.56101466326504,490.0677991160616,51.75252512393584,198.36589876284987,0.0,0.0,210.27290766833778,0.0,0.0,12.628789148012991,596.4822879234164,246.31631309149878,46.83462592892127,284.95263922782965,159.03030881151656,0.0,10.902924932081056,0.0,1615.259999999999,649.5398733215014,223.66861257499275,28.76722310443093,93.52214289440163,34.014101030098054,26.502114548910335,159.71880320197658,88.48909598653009,0.0,217.65387412284593,45.544955945926816,0.0,4.2722688174786585,615.5109413289222,189.86746932851142,41.35653275697283,-61.33988839235258,-27.953217794559187,-8.768530124001327,16.276646301250373,0.0,0.5411764705882353,271,61,100,0,1,1,4,4,8,53,55,101,121,0,1,1,9,-17.049430000000218,958.1647000000047,5,5,5,0,0,7,4,0,5,5,42,37,0,0,0,4,37,7,0,0,1,4,1,0,0,0,0,37,0,0,0,0,0,0,4,0,1,0,0,0,0,0,0,1,0,0,0,3,0,0,0,0,0,0,0,0,0,0,0,0,0,0,0,0,1,0,0,0,0,0,0,5,0,0,0,0,0,0,0,0,0,0,0,0,0,False
14.436699792793174,14.436699792793174,0.009466296752802306,-1.779006808785837,0.012679836385728494,15.017543859649123,1659.9820000000007,1549.101999999999,1658.736738919999,632,0,0.3260470664060058,-0.48122926245046976,0.48122926245046976,0.3260470664060058,0.35964912280701755,0.6754385964912281,1.0701754385964912,32.11909823710833,10.002977542550218,2.385794897655293,-2.291153800899946,2.134715438463082,-2.6183936271729853,7.802051002515454,-0.1419344277315018,0.8480872737008709,2.3408876889071175,3534.789090147896,86.38671818348422,64.75213397534237,67.43541554834212,53.43889914780839,36.45414373357951,38.351510329680536,27.827673618369044,28.923118733379383,17.278993077510496,18.374438192520827,10.50882043460496,11.280149789860102,-10.820000000000011,4.821297906776593e+29,99.25642162521183,50.32052993706081,35.90112298460553,675.2739939117826,112.89955375842516,84.58577160807143,5.959554568743835,94.51487566962412,0.0,11.938610575903699,86.91641573501252,4.794537184071822,37.886367444038974,0.0,102.20609388275987,75.33511921265408,49.48660371785698,12.462662452073971,96.51472410297424,150.29940825831062,5.409283605791522,79.75182906009498,40.68838804713292,210.72864184076911,23.80331722615294,71.7905736680101,0.0,0.0,102.68649896874373,0.0,0.0,37.886367444038974,237.05702526732532,99.14331255914485,23.163001744275704,118.38628914109167,60.6636706846161,0.0,0.0,0.0,656.0999999999999,246.31260544226458,96.51472410297424,0.0,56.0724777801976,11.126902983393991,0.0,48.46616039783436,74.51114508399735,0.0,117.63819650413394,28.343953514440265,0.0,12.718015466482704,241.03269233876807,63.378292503477724,23.366066163113164,-21.8641275876282,-5.654340055098046,-3.2184255278522746,12.908493365403503,0.0,0.5633802816901409,114,26,40,0,0,0,2,0,2,23,25,43,51,0,0,0,2,-6.243029999999984,424.28840000000093,2,0,0,0,0,0,0,0,2,2,18,16,0,0,0,0,16,4,0,0,0,0,3,0,0,0,0,16,0,0,0,0,0,0,2,0,0,0,0,0,0,0,0,1,0,0,0,0,0,0,0,0,0,0,0,0,0,0,0,0,0,0,0,0,0,0,0,0,0,0,0,2,0,0,0,0,0,0,0,0,0,0,0,0,0,False
15.465723684803594,15.465723684803594,0.007969584448144218,-2.132048614452316,0.00956029291382263,15.678294573643411,3615.1219999999876,3364.1299999999947,3612.8630062480042,1414,0,0.32569669393889006,-0.5079666451556014,0.5079666451556014,0.32569669393889006,0.26744186046511625,0.5387596899224806,0.8875968992248062,16.37640285525414,9.954616504396816,2.5178181314432146,-2.3302480080014565,2.337265742810042,-2.6231225326034906,6.099383301440342,-0.14365615526783174,1.6631474660168373,0.7758531863366965,10340.584708337765,192.170048634608,147.46188692930858,147.46188692930858,121.70943077156038,85.34534163120762,85.34534163120762,66.01974795614387,66.01974795614387,43.70395985628795,43.70395985628795,28.180327241506916,28.180327241506916,-27.00999999999994,8.439842436993036e+94,212.1410889776387,103.7190909316849,67.15905157947316,1485.718002866246,266.99853247148883,174.92105504942677,5.959554568743835,212.65847025665414,0.0,11.938610575903699,182.80715941644908,4.794537184071822,0.0,0.0,214.9713990222906,222.3453573415684,145.69680305586178,51.1667924206127,212.8315773637736,274.16833512962586,5.409283605791522,179.02269333082288,104.67992314091299,499.07218429201515,39.392789552676135,173.9319731141695,0.0,5.749511833283905,211.52354428780535,0.0,5.749511833283905,0.0,506.7417635707012,214.29652110935945,52.75253197508266,313.467983202831,146.11471565568453,0.0,43.611699728324226,0.0,1469.3599999999992,575.7493459366432,169.68074270712717,43.150834656646396,120.37746820950062,65.8655056951122,20.771211599071872,89.2983319176799,172.4960886639051,0.0,174.1227835999724,62.74595837741337,0.0,0.0,555.5746485942717,144.47031174421602,60.89826028778917,-50.56483016967658,-18.493361450039163,-7.339362764777195,24.45433375821603,0.0,0.5443786982248521,258,60,89,0,1,1,5,4,9,45,50,89,112,0,1,1,10,-10.40173000000013,933.752600000005,2,3,3,0,0,4,4,1,2,2,38,36,0,0,0,1,34,10,0,0,1,4,0,0,0,0,0,36,0,0,0,0,0,0,5,0,4,0,0,0,0,0,0,1,0,0,0,0,0,0,0,0,0,0,0,0,0,0,0,0,0,0,0,0,4,1,1,0,0,0,0,7,0,0,0,0,0,0,0,0,0,0,0,1,0,False
15.554926823774117,15.554926823774117,0.004506196939939144,-2.4289933934575823,0.007283328933835338,15.82686567164179,4820.3969999999845,4521.020999999994,4817.052210324007,1838,0,0.3257111874069444,-0.5079666451556014,0.5079666451556014,0.3257111874069444,0.2208955223880597,0.44477611940298506,0.7402985074626866,32.16653972191542,9.99453281699257,2.5840914984128043,-2.326100684873289,2.36627164560523,-2.632344515224061,7.981347658017387,-0.14503501547199585,1.659386453859254,0.6775553959288506,13434.559329719967,249.3609788743152,185.24626512831603,190.53489766424335,158.12437257636807,106.21602261034744,110.77214712063316,80.95903963789668,83.77038005590077,52.32094876812197,54.79064117733193,34.303479083087744,36.060432529304016,-34.52999999999996,4.855961424667592e+128,277.7635898737844,138.7633976065236,93.81713360801346,1945.9779346054693,366.1780408617692,247.1308160033382,11.91910913748767,277.6374472795207,0.0,23.877221151807397,250.54542641517438,34.698408309755074,74.90583068945608,0.0,111.70194147613752,219.04843760404293,205.536447934647,135.19221848921387,295.5866703360702,399.2425331903532,10.818567211583044,281.94629579026133,92.659872479591,588.0674315501687,73.55879841215534,204.99215271559984,0.0,11.49902366656781,270.4250978050307,0.0,11.49902366656781,74.90583068945608,772.6349224925566,302.3087909939972,40.40809744239001,321.1484270588527,154.1382302714181,0.0,10.902924932081056,0.0,2070.309999999998,817.49168577932,214.0795382068491,81.50713212922099,146.32270811419687,10.902924932081056,80.61172025545206,153.9075925494992,44.36871185673909,15.950365812018994,319.3400562566064,73.88890946036707,0.0,22.69362039660408,775.0374949483416,215.13607385771797,62.56742657169046,-73.34472698499671,-59.373574488964174,-8.966823303121245,16.694953447172313,0.0,0.5472636815920398,335,80,128,0,2,2,3,7,10,72,74,134,149,0,2,2,12,-24.745460000000534,1198.0180000000062,4,4,4,0,0,13,7,2,4,4,51,47,0,0,0,8,48,11,0,0,2,7,5,0,0,0,0,47,0,0,0,0,0,0,3,0,1,0,0,0,0,0,0,2,0,0,0,6,0,0,0,0,0,0,0,0,0,0,0,0,0,0,0,0,1,2,2,0,0,0,0,8,0,0,0,1,0,0,0,0,0,0,0,0,0,False
14.916157111672742,14.916157111672742,0.026009874961018475,-1.988941034433749,0.02159695953899831,16.335051546391753,2824.417999999994,2619.793999999997,2822.3951338160014,1092,0,0.32624155824504997,-0.48122926245045566,0.48122926245045566,0.32624155824504997,0.3556701030927835,0.6855670103092784,1.1082474226804124,32.16770730334631,9.967470905598299,2.474798066097349,-2.3192767623676964,2.263035534597411,-2.629450705750045,7.983257953822686,-0.1435255283399974,1.669489061655781,1.8354185521307909,6268.382013289534,146.937302031644,112.69704676584581,116.11889430970112,91.19750215416897,64.25337482195711,68.30597958625916,49.25244850741173,51.953942370058925,31.37155310339327,33.38975094845225,19.80457151232523,21.261600124077415,-16.06,4.112171007066002e+66,172.05614964241167,88.38240757964891,59.454262837301314,1144.058035693443,208.26165145712906,151.04602072869898,0.0,165.40103242184216,0.0,11.938610575903699,139.04157833808293,4.794537184071822,48.78134819480822,0.0,107.70476922459832,214.79604277803375,47.99187536895231,51.22891797921305,174.475279891199,237.02391612463506,0.0,137.48681474794964,75.64310861710365,408.87100278069175,81.46049875259867,36.02576333715651,0.0,0.0,167.73859883628722,0.0,0.0,48.78134819480822,462.57714787538254,150.25693714508077,35.507436276968356,244.75967914526726,30.462311845459514,0.0,10.902924932081056,0.0,1123.37,439.9722840187369,174.475279891199,0.0,120.6524983584174,35.72884129255608,13.847474399381248,83.08668359908015,85.24316703870362,0.0,157.84448331312512,40.135672340135294,0.0,10.937204097806562,420.89485573054884,121.14363237976522,40.30602714125429,-37.524954229823514,-33.72447308140037,-1.3324566344342081,20.91127570739432,0.0,0.6859504132231405,194,45,69,0,1,1,1,1,2,42,40,73,93,0,1,1,3,-11.874099999999961,717.6321000000036,2,4,4,0,0,1,1,0,2,2,30,28,0,0,0,1,25,7,0,0,1,1,2,0,0,0,0,28,0,0,0,0,0,0,1,0,1,0,0,0,0,0,0,0,0,0,0,0,0,0,0,0,0,0,0,0,0,0,0,0,0,0,0,0,1,0,0,0,0,0,0,3,0,0,0,2,0,0,0,0,0,0,0,3,0,False
14.609710873535377,14.609710873535377,0.028956091281741925,-2.019821579415111,0.010798646019309638,15.725,1787.176000000001,1671.2559999999994,1785.724142699999,670,0,0.3265586060516472,-0.4796946612716816,0.4796946612716816,0.3265586060516472,0.48333333333333334,0.8916666666666667,1.35,32.167753516951855,10.021223382439858,2.398689099903711,-2.2900232776565876,2.2042464599880294,-2.631758499547635,7.983174098155635,-0.14143842311747717,1.6704663805324793,1.8918222411435248,3742.11111956593,90.04357243297657,67.05157823689264,71.36785297174785,56.78638790501121,38.08033596501832,42.76539626135404,27.855199319288904,30.921841553606217,18.274198475791746,20.657544692520837,11.35313028268856,13.057631244701012,-9.729999999999999,1.9956393730181332e+33,104.45562102270205,54.525907419085996,35.90697909826551,716.2644464881203,138.18709298484168,90.62761243721938,5.959554568743835,88.6076959402726,0.0,5.969305287951849,77.32734136686886,9.77851570501903,61.41013734282121,0.0,18.19910120538483,121.25334232875815,66.36239417023818,36.94002919737082,102.24523191935272,172.84961807187057,5.409283605791522,94.70376462293662,22.93466990864874,207.26349825141293,60.97220117709482,54.243854978382586,0.0,0.0,102.68649896874373,0.0,0.0,61.41013734282121,310.93284111157254,89.55423819100119,5.409283605791522,96.73972289164206,42.98647549183713,0.0,10.902924932081056,0.0,727.12,246.85112144421706,102.24523191935272,0.0,74.56693136447004,29.30801966963007,13.847474399381248,49.8954079445411,42.97385021248232,0.0,132.5901320669756,28.343953514440265,0.0,14.969319935096202,230.07245562056463,96.62951992822025,23.7636590120389,-18.311588523126435,-16.918658504290637,1.2046521806493071,3.923973684181174,0.0,0.6056338028169014,120,31,44,0,0,0,1,2,3,29,30,49,57,0,0,0,3,-9.01672999999996,452.7792000000006,1,4,4,0,0,3,2,0,1,1,16,15,0,0,0,1,18,4,0,0,0,2,3,0,0,0,0,15,0,0,0,0,0,0,1,0,1,0,0,0,0,0,0,1,0,0,0,1,0,0,0,0,0,0,0,0,0,0,0,0,0,0,0,0,1,0,0,0,0,0,0,1,0,0,0,2,0,0,0,0,0,0,0,1,0,False
